target,moment
0.0168692,0.018319237900692047
