target,moment
1.0,1.0
0.8725795027488233,0.9049915232559657
0.854808293224731,0.920336452077827
0.621549138483011,0.8057316462224187
0.597797984767889,0.5900382168262688
0.293805456329383,0.2998819474167046
0.97595829268538,0.9382976915069322
0.7580583490804771,0.8999570534275063
0.386667563757739,0.394301554817587
0.525456673586441,0.5197561778111806
0.569474829535268,0.4303953209710824
