target,moment
0.5708550973212214,0.696871338821814
