target,moment
91.24474308782067,92.03893611405249
