target,moment
0.22917583058361105,0.21717106551987667
0.27075076637761153,0.2670219678341618
0.09372640688271189,0.1017231980996017
0.0516752163552025,0.07600512333909455
0.037245591969565665,0.049564562937319104
0.04152731211420391,0.04046858249573048
0.2758988757170934,0.24804549977421578
