target,moment
0.2165556656512729,0.19288178307018788
0.233729031160127,0.20935295920448754
0.0672049461385212,0.06272755440734099
0.1094507590702438,0.17462175857225182
0.0339758263448995,0.03182695680965641
0.0562960172915832,0.05755784392497286
0.2827877543433519,0.27103114401110256
