target,moment
0.22529215066109548,0.24250294345500842
0.25332850318466504,0.25538831283014757
0.0877376499358178,0.08854502462015494
0.07002313444740653,0.09136949710967406
0.03803283582904722,0.03606241910140561
0.04632912906950083,0.043949172090731466
0.27925659687246707,0.2421826307928782
