target,moment
0.5041542523556912,0.941212486827114
