target,moment
1.0,1.0
1.08968319541132,1.0823325428225665
1.17541345258769,1.1671756341219652
0.346940370796428,0.35727557996356796
0.43593184990191,0.430744345697864
0.242070633833219,0.24112265575030695
0.611167762289279,0.6109190572001534
