target,moment
0.000729426174,0.0006798911272722112
