target,moment
90.663631358,91.06136965385657
