target,moment
1.0,1.0
1.08968319541132,1.0817078545929717
1.17541345258769,1.166616927883834
0.346940370796428,0.35775938868707047
0.43593184990191,0.4310940573015093
0.242070633833219,0.24115543317952462
0.611167762289279,0.6114992549244138
