,beta,alpha
0,0.6202853335881292,0.6556673362654782
1,0.37971466641187074,0.4290711187197711
