target,moment
0.09277,0.09319248732917526
