target,moment
0.0168692,0.01819272882609034
