target,moment
0.0168692,0.016840467640076025
