target,moment
0.4750989714792567,0.4733164630059404
