target,moment
0.0251697,0.03877600738150256
0.0170519152063842,0.01727882089337006
0.0318099,0.03271456512503895
0.0130792,0.001129432640430517
0.0100246,0.0008409688880026736
0.0082411,0.002695440243990802
0.0142723639866622,0.005041813942905905
