target,moment
0.5729129177716102,0.5284367320949871
