target,moment
52.059453405938,51.143670060069134
