target,moment
133.80077245805202,134.00017272080234
