target,moment
0.0251697,0.029381624585860674
