target,moment
0.0168692,0.01716216311497443
