target,moment
1.0,1.0
1.08968319541132,1.0742978943758053
1.17541345258769,1.1655530058405719
0.346940370796428,0.3647763668677756
0.43593184990191,0.4325738949223603
0.242070633833219,0.2424775204743659
0.611167762289279,0.6067026779912333
