target,moment
90.663631358,91.31833858073219
