target,moment
0.027820599079132,0.02755539039306006
0.0201410956216747,0.020393360647554218
0.0324071002006531,0.03243949884651961
0.0205700993537903,0.003600472474467583
0.0137092995643615,0.0007783111248802479
0.0069309997558593,0.0020361095123557853
0.0169324004650116,0.01665593689733693
0.0397819995880127,0.03881156048156544
0.0110084998607635,0.0012171860232000134
0.0042943000793457,0.0007412231050671812
0.0133872343614895,0.005920220621528828
