target,moment
0.0168692,0.017988168154998197
