target,moment
0.5418056800884126,0.8853112179898586
