target,moment
0.0251697,0.038684928394042736
0.0170519152063842,0.019354484024010254
0.0318099,0.032867218987904324
0.0130792,0.0015404056745326486
0.0100246,0.0009368064837775874
0.0082411,0.0031069060237313866
0.0142723639866622,0.00718067179442082
