target,moment
133.80077245805202,133.78829875910856
