target,moment
0.2165556656512729,0.21588584334633237
0.233729031160127,0.21761256935544046
0.0672049461385212,0.06301805336428394
0.1094507590702438,0.14141372818771017
0.0339758263448995,0.030435003633769848
0.0562960172915832,0.05414767960377329
0.2827877543433519,0.2774871225086898
