target,moment
0.4750989714792567,0.45161282070497
