target,moment
0.000729426174,0.0007367724751173498
