target,moment
0.000729426174,0.0006993684378320748
