target,moment
0.0251697,0.026691737795744436
