target,moment
0.0251696991920471,0.051267857644260506
0.0170474822517444,0.01782982424910419
0.0313091993331909,0.03201937211664328
0.0130791997909546,0.0018558798820169213
0.0100246000289917,0.0008042899524249257
0.0082410997152328,0.002664660379677165
0.0141547485772109,0.008135824339099415
