target,moment
0.2153279271644333,0.2151301184780954
0.2325584706340076,0.23747041158031934
0.0678793701232972,0.0681782478051619
0.1088618213684275,0.13702471875335978
0.0337930161350242,0.03498860501285933
0.0559930982359334,0.056851390731513594
0.2855862963388765,0.25035650763869055
