target,moment
0.0251697,0.06818181595803499
0.0170519152063842,0.017180138664050753
0.0318099,0.033479703722036076
0.0130792,0.012545642252033381
0.0100246,0.009025869012021627
0.0082411,0.008144461342584126
0.0142723639866622,0.014584754234942815
