target,moment
0.0015611059454019,0.0015356754969417558
