target,moment
0.5332440948838922,0.678018759652244
