target,moment
0.0043881435079132,0.004295958138784981
