target,moment
82.198645766003,81.56609433728649
