target,moment
0.000729426174,0.0007173517766406848
