target,moment
0.000729426174,0.0006811990903024227
