target,moment
1.0,1.0
1.08968319541132,1.081663394746227
1.17541345258769,1.1664086551461867
0.346940370796428,0.357744024617089
0.43593184990191,0.4310984995819711
0.242070633833219,0.24114557804554504
0.611167762289279,0.611497914613068
