target,moment
1.0,1.0
0.8725795027488233,0.9747299958186081
0.854808293224731,0.916065216800023
0.621549138483011,0.8036755994570047
0.597797984767889,0.588529403535911
0.293805456329383,0.29909436959977664
0.97595829268538,0.9339927086632868
0.7580583490804771,0.8985098224206001
0.386667563757739,0.3466325338508889
0.525456673586441,0.5187467193836457
0.569474829535268,0.42928893609898316
