target,moment
0.0047164777212821,0.004328918744863741
