target,moment
0.09277,0.09635389011775743
