target,moment
0.0251697,0.047551592091719046
0.0170519152063842,0.016682775626680035
0.0318099,0.03386433778166928
0.0130792,0.0009884423672828129
0.0100246,0.000818426210488697
0.0082411,0.002560419103861672
0.0142723639866622,0.005049933028184313
