target,moment
1.0,1.0
1.08968319541132,1.074218813934949
1.17541345258769,1.1655674311953923
0.346940370796428,0.3648116154632654
0.43593184990191,0.4326395124790834
0.242070633833219,0.24252959336807897
0.611167762289279,0.606708264743356
