target,moment
1.0,1.0
1.08968319541132,1.0987736496880691
1.17541345258769,1.18137074129121
0.346940370796428,0.3650292926546916
0.43593184990191,0.43394420494632835
0.242070633833219,0.24166400288371556
0.611167762289279,0.6154271167698667
