target,moment
90.663631358,90.35629804446717
