target,moment
1.0,1.0
1.08968319541132,1.0879332007070026
1.17541345258769,1.1731656329039268
0.346940370796428,0.3593376112649302
0.43593184990191,0.43374368600056534
0.242070633833219,0.24121906902561982
0.611167762289279,0.6139269575790566
