target,moment
0.2165556656512729,0.21457480628386486
0.233729031160127,0.21560430241613182
0.0672049461385212,0.062297904584193195
0.1094507590702438,0.1428670148596318
0.0339758263448995,0.030546756745690105
0.0562960172915832,0.0543107496631056
0.2827877543433519,0.2797984654473825
