target,moment
0.22828075106690357,0.2182620127386712
0.26605441124393786,0.27345461884995276
0.09274120190385908,0.09908204591721867
0.05185842165528926,0.07508568103298308
0.03822033317460409,0.04637168483890664
0.04123750145724869,0.03945730586267022
0.28160737949815734,0.2482866507595973
