target,moment
1.0,1.0
1.0901923526701716,1.0848181553438345
1.17541345258769,1.1825277823114944
0.346771653959122,0.3609725776651825
0.435719747133782,0.43852427091354235
0.241952910075955,0.24231356499101217
0.6107967519438201,0.589226840483178
