target,moment
0.2165556656512729,0.2179422374198419
0.233729031160127,0.2150691606383691
0.0672049461385212,0.06237404349558707
0.1094507590702438,0.14207080386751086
0.0339758263448995,0.030405885393963696
0.0562960172915832,0.05377992552746392
0.2827877543433519,0.2783579436572634
