target,moment
90.663631358,90.97356642861624
