target,moment
1.0,1.0
1.08968319541132,1.063969096618065
1.17541345258769,1.1624139108263658
0.346940370796428,0.3750040592489801
0.43593184990191,0.43253695689573934
0.242070633833219,0.24212149083038698
0.611167762289279,0.59862085018667
