target,moment
0.2165556656512729,0.21989952336518825
0.233729031160127,0.21382004279769626
0.0672049461385212,0.06246290956692639
0.1094507590702438,0.14199967059600227
0.0339758263448995,0.03043824692515823
0.0562960172915832,0.05382141534506648
0.2827877543433519,0.27755819140396215
