target,moment
0.0168692,0.017948819687549012
