target,moment
90.663631358,90.74740510820233
