target,moment
0.0168692,0.01864430568701837
