target,moment
0.0251697,0.05621088798816684
0.0170519152063842,0.019078306720002526
0.0318099,0.03623056659387352
0.0130792,0.012632437512211554
0.0100246,0.009319605165691006
0.0082411,0.008338900833425492
0.0142723639866622,0.015683899610727168
