target,moment
0.5319924347316454,0.646550236808787
