target,moment
0.0168692,0.018401179510323693
