target,moment
0.09277,0.09019981832598468
