target,moment
0.21532792716443333,0.21135229597291882
0.23255847063400767,0.23900505209219342
0.06787937012329721,0.06859590850687683
0.10886182136842755,0.13775554487441866
0.03379301613502426,0.03515399320886341
0.0559930982359334,0.05697540052604546
0.2855862963388765,0.25116180481868344
