target,moment
90.663631358,90.64226654507007
