target,moment
1.0,1.0
1.08968319541132,1.082400743153359
1.17541345258769,1.1665367482249123
0.346940370796428,0.35723853629195057
0.43593184990191,0.43053235780996685
0.242070633833219,0.24140494847655386
0.611167762289279,0.611314016995458
