target,moment
0.2165556656512729,0.21429351432801036
0.233729031160127,0.21719380029348664
0.0672049461385212,0.06283374013283938
0.1094507590702438,0.14089079297238383
0.0339758263448995,0.03034058411574888
0.0562960172915832,0.053670559190101864
0.2827877543433519,0.2807770089674291
