target,moment
1.0,1.0
1.08968319541132,1.0742178538509761
1.17541345258769,1.1656650000723734
0.346940370796428,0.3647649003811959
0.43593184990191,0.4325647638337933
0.242070633833219,0.2424897993047007
0.611167762289279,0.6066854755046636
