target,moment
0.2165556656512729,0.19392716564237572
0.233729031160127,0.20913887205480938
0.0672049461385212,0.0626709370188294
0.1094507590702438,0.1743283640495787
0.0339758263448995,0.031769804937107564
0.0562960172915832,0.05744949441821668
0.2827877543433519,0.27071536187908257
