target,moment
1.0,1.0
1.08968319541132,1.0742859667121174
1.17541345258769,1.1651325043033431
0.346940370796428,0.3648587619838256
0.43593184990191,0.43268246118218656
0.242070633833219,0.24255522972750812
0.611167762289279,0.6068600845759136
