target,moment
0.5418056800884126,0.607952414047677
