target,moment
90.663631358,91.00333365827042
