target,moment
0.4750989714792567,0.3853364013933255
