target,moment
0.0251697,0.059686494933033435
0.0170519152063842,0.018170412135198936
0.0318099,0.03394707913955393
0.0130792,0.01187912562459173
0.0100246,0.00846921408048849
0.0082411,0.007894010010997463
0.0142723639866622,0.014957490716824949
