target,moment
1.0,1.0
1.08968319541132,1.0813512704227775
1.17541345258769,1.1665164422313599
0.346940370796428,0.3575567245054896
0.43593184990191,0.4307720740349469
0.242070633833219,0.2409968441700831
0.611167762289279,0.6114813050787667
