target,moment
110.14703362121367,110.29325172172025
