target,moment
0.4000000000000001,0.3935739845578054
