target,moment
0.0251696991920471,0.0467906730944189
0.0170474822517444,0.01675697862909021
0.0313091993331909,0.03392701134624867
0.0130791997909546,0.001541601041298808
0.0100246000289917,0.0006839844226378312
0.0082410997152328,0.0022097044497095364
0.0141547485772109,0.006391787779763128
