target,moment
0.21532792716443333,0.2151221386500308
0.23255847063400767,0.23753374996192797
0.06787937012329721,0.0684292564138667
0.10886182136842755,0.13697971228405242
0.03379301613502426,0.03497895555040011
0.0559930982359334,0.056829915858281246
0.2855862963388765,0.25012627128144055
