target,moment
0.015629,0.015113501093421156
