target,moment
0.47436225365925183,0.4657846284137582
