target,moment
90.663631358,70.01640659092176
