target,moment
0.0021299718,0.0021370539229607108
