target,moment
1.0,1.0
0.8725795027488233,1.102935379051276
0.854808293224731,0.8974301010058019
0.621549138483011,0.7952850595121738
0.597797984767889,0.5968480270485628
0.293805456329383,0.30129516247568194
0.97595829268538,0.9318085359381971
0.7580583490804771,0.9096728849639225
0.386667563757739,0.32402258535293543
0.525456673586441,0.5266900071739139
0.569474829535268,0.4248573662298622
