target,moment
0.014603,0.014673194651398009
