target,moment
1.0,1.0
1.08968319541132,1.0810127160041985
1.17541345258769,1.1665446594913655
0.346940370796428,0.35752914090382504
0.43593184990191,0.43083375480112795
0.242070633833219,0.24098889820423053
0.611167762289279,0.6111917061735265
