target,moment
0.4750989714792567,0.43675799998178727
