target,moment
90.663631358,92.050425836019
