target,moment
1.0,1.0
1.08968319541132,1.083164596514861
1.17541345258769,1.1681844996171653
0.346940370796428,0.35760197667332755
0.43593184990191,0.4312320016054508
0.242070633833219,0.241353652725407
0.611167762289279,0.6113421886665371
