target,moment
0.0168692,0.016794275592882404
