target,moment
0.1723413565516609,0.1636255462655141
0.2001451715125225,0.20437273402643674
0.0492233011970225,0.05147759137924913
0.168467104972989,0.21969323155349169
0.0285381933738058,0.028318499927255415
0.0677758953123543,0.06955057543008533
0.0150971440961255,0.013382020395000365
0.0183036890385174,0.022075232878286444
0.0333799623505598,0.034613443938542834
0.0211113551470954,0.02117136798302493
0.0071838887952674,0.0073386706165878115
0.2184329376520792,0.16438108560652495
