target,moment
0.017496806,0.017698032431963214
