target,moment
0.0087725,0.008477615904504306
