target,moment
1.0,1.0
1.0930777059511088,1.0653994039106247
1.17541345258769,1.1830325705222278
0.346771653959122,0.4315681364439622
0.435719747133782,0.45901786426128904
0.241952910075955,0.24782210986669237
1.00152170325136,0.9880816593804491
0.770342027427148,0.8570924213305633
0.450288180056851,0.44750348190208955
1.04371974139227,1.0816466878217659
0.653966544013067,0.6530220127244718
0.4017735881616045,0.2863612388065843
