target,moment
0.0168692,0.01709767056913039
