target,moment
90.663631358,90.83630945912782
