target,moment
0.0251696991920471,0.049370275172727435
0.0169424664104217,0.019945024271201352
0.0313091993331909,0.029004734631826797
0.0130791997909546,0.002045084893632195
0.0100246000289917,0.0010212266536020265
0.0082410997152328,0.003508670726137531
0.0197126996517181,0.0145517796153049
0.0252290010452271,0.022739575047769904
0.0106797003746033,0.0013765265324603676
0.0184949994087218,0.010310150315262718
0.0039844000339508,0.0005556320746638848
0.0127844897880634,0.007362745603652311
