target,moment
1.0,1.0
1.08968319541132,1.0831102888431767
1.17541345258769,1.169966414763577
0.346940370796428,0.3575285712980195
0.43593184990191,0.43071849655030486
0.242070633833219,0.24095909010396738
0.611167762289279,0.6113136104165431
