target,moment
0.0251697,0.047109320740146704
0.0170519152063842,0.01819667706561924
0.0318099,0.03295352746771876
0.0130792,0.0009535557164066663
0.0100246,0.000983933118274837
0.0082411,0.0033675005370048965
0.0142723639866622,0.0070892090816017765
