target,moment
90.663631358,90.83971255812324
