target,moment
0.0047164777212821,0.0045865178291693365
