target,moment
0.09277,0.09610460302406451
