target,moment
0.017496806,0.01755734622315102
