target,moment
0.1700458205853966,0.1659298845599245
0.200154742214292,0.20600154094410253
0.04973594275360163,0.052081753475317884
0.16287485968855844,0.2094251048665228
0.031268305343185185,0.03104841419817241
0.06518532496488985,0.06915306796919646
0.015562044795201934,0.014633767137672506
0.01748799360911456,0.020992117618502715
0.036823624884359744,0.033893397381066344
0.020987540426355127,0.020876792136242894
0.2298738007350448,0.17596415971327908
