target,moment
0.0168692,0.022105971734645957
