target,moment
90.663631358,91.07021088519933
