target,moment
1.0,1.0
1.08968319541132,1.081423766661393
1.17541345258769,1.1672528153778616
0.346940370796428,0.357731554726128
0.43593184990191,0.4311256594587408
0.242070633833219,0.24116752339992362
0.611167762289279,0.611257049133267
