target,moment
0.027820599079132,0.027529710703333276
0.0201410956216747,0.02038231773280048
0.0324071002006531,0.03238139305668988
0.0205700993537903,0.003573104536263591
0.0137092995643615,0.0007918380583128407
0.0069309997558593,0.0020580772413008406
0.0169324004650116,0.016667740396572168
0.0397819995880127,0.03884295170867509
0.0110084998607635,0.001236944299399563
0.0042943000793457,0.0007478430743557871
0.0133872343614895,0.005922747239549238
