target,moment
0.000729426174,0.0006669452836675932
