target,moment
1.0,1.0
1.08968319541132,1.0814209184630579
1.17541345258769,1.1663435910747628
0.346940370796428,0.3575487245593493
0.43593184990191,0.43076887246441814
0.242070633833219,0.24099958554347597
0.611167762289279,0.6113973656511245
