target,moment
0.0251697,0.06771593888029374
0.0170519152063842,0.017230253512542947
0.0318099,0.033586622911358034
0.0130792,0.012568289463593807
0.0100246,0.009059974664654077
0.0082411,0.00816017375195781
0.0142723639866622,0.014589481387833229
