target,moment
0.2040428289529481,0.21591398862675162
0.2255852454372509,0.23641448828286235
0.0643218875038216,0.06650982204415695
0.1031564938626009,0.16525022046949595
0.0320219615813117,0.03597577592572699
0.0530585619633796,0.056897215219148374
0.018329400868127,0.017715720154949693
0.0189912032396071,0.02327358656655709
0.0265511265560509,0.026606627743381434
0.0104250119775051,0.01101532861398107
0.0209966612555152,0.021189468027921526
0.2225196168018815,0.12323775832506695
