target,moment
1.0,1.0
1.08968319541132,1.086287237262949
1.17541345258769,1.1715199766449853
0.346940370796428,0.357442700597771
0.43593184990191,0.43217490437354167
0.242070633833219,0.24118045757958984
0.611167762289279,0.6156135714138855
