target,moment
0.2165556656512729,0.21545194716574248
0.233729031160127,0.2176985935126023
0.0672049461385212,0.06306042817549563
0.1094507590702438,0.14147295972257423
0.0339758263448995,0.03036703962938024
0.0562960172915832,0.053968758531259556
0.2827877543433519,0.2779802732629456
