target,moment
0.3499061550503732,0.5735559620863152
0.1200626194103338,0.05334351632863053
0.1211887588058545,0.05841420209425148
0.0035804162844133,0.009597960289421364
0.0004965786572176,0.007998563230860827
0.002462693476303,0.002515883317677735
0.0600304680464258,0.02636575582803567
