target,moment
90.663631358,90.6503398231754
