target,moment
0.4750989714792567,0.47150802192760655
