target,moment
90.663631358,91.21763838735315
