target,moment
82.198645766003,82.13394389106382
