target,moment
0.0271948329607645,0.04959842292503382
0.0195295711124128,0.019526919123131266
0.0321934668223062,0.031182601288057187
0.0189677997430165,0.0024886333495281808
0.0115405666828155,0.0005185595894408869
0.0073514334360758,0.0018169468525574683
0.0141441079148772,0.00599133387763418
