target,moment
0.17408998455240898,0.17647522435594817
0.20326261408662652,0.19557423699523735
0.05147901092100285,0.053236256783144836
0.16176055362893121,0.20520103458039782
0.0325129418648851,0.03208353578768855
0.06504081352104561,0.06937436861396182
0.31185408142509974,0.2680553428836215
