target,moment
0.0251696991920471,0.04392940667333263
0.0170474822517444,0.01726071329292603
0.0313091993331909,0.03204706945645235
0.0130791997909546,0.0016760239222075514
0.0100246000289917,0.0007284952742598287
0.0082410997152328,0.0023856553618043933
0.0141547485772109,0.008579219004906451
