target,moment
0.21532792716443333,0.21458111884467831
0.23255847063400767,0.23640313755712347
0.06787937012329721,0.06841458015762177
0.10886182136842755,0.13730235715617922
0.03379301613502426,0.03505319714084976
0.0559930982359334,0.056948209758356357
0.2855862963388765,0.2512973993851911
