target,moment
0.6464672105053918,0.6973085500706332
