target,moment
0.0245001006126403,0.044508369012098134
0.0168852385953396,0.017795879397343763
0.026430299282074,0.026122611192867032
0.0056323999166488,0.0004081738954625516
0.0104751002788543,0.00033129114471173847
0.0063905000686645,0.00022086955610652577
0.0143356109433176,0.0043166358344712595
