target,moment
0.09277,0.0950750779953368
