target,moment
1.0,1.0
1.11043237851765,1.0660692220227332
1.4972143972134937,1.5926075250667568
0.284826148650757,0.4211769892396973
0.3207191387708363,0.4180342465756588
0.2370063656795177,0.2363970179218746
1.0124883458685825,0.8896192934386457
0.803144451153576,0.9951698467691399
0.450763503237386,0.3333149307139092
0.5907308071628941,0.5065265533467876
0.5042291460730525,0.4007137925822169
