target,moment
82.198645766003,82.15085622335249
