target,moment
53.56057907977234,53.613167496949906
