target,moment
0.2165556656512729,0.21429218953201085
0.233729031160127,0.2171943866762932
0.0672049461385212,0.06283394487975588
0.1094507590702438,0.14089131630122542
0.0339758263448995,0.030340697897044768
0.0562960172915832,0.053670756571952624
0.2827877543433519,0.2807767081417173
