target,moment
0.0087725,0.012315000180028606
