target,moment
1.0,1.0
1.0,1.0
1.0,1.0
1.0,1.0
1.0,1.0
1.0,1.0
0.3839041310068457,0.39966580221206804
0.5258771564297025,2.2277585519677263
0.5209214856605547,3.5784799104821725
0.8983050847457628,3.456290164775642
0.6500341763499659,4.420656573323821
0.6534967191969042,3.172119155705981
0.1145492069448253,0.040382340640985136
0.324304241149667,0.3709339199672
0.1866478608368594,0.6498844951344872
0.2,0.3096151172260528
0.1052631578947368,0.28623898829158734
0.324294767539678,0.44473473802551844
0.0869450177276816,0.02573024555737688
0.2860708026638626,0.36008195671581134
0.4302580770619774,0.6868974114493244
0.2067796610169491,0.27046726742884236
0.1353383458646616,0.3066339327142668
0.2860748135270035,0.48292342078162087
0.0296006581131204,0.009749012428274377
0.06931650893796,0.08461101243844336
0.0103480845626024,0.032603427784203956
0.0916784203102961,0.05634538414712225
0.050580997949419,0.08990351517164584
0.0693174807918793,0.06195009097758781
0.0387170642766769,0.012282539010339101
0.0913985278654048,0.12915998952814697
0.0215990221407339,0.06854281528060195
0.1053126469205453,0.09806019763901233
0.1864406779661017,0.13981353458446383
0.0913857887947955,0.12147366181793577
0.1919640924244829,0.08489183012535402
0.485664213109008,0.5490213516141084
0.2629385782148512,0.67595256968762
0.2604607428302773,0.46592148126928534
0.4508474576271186,0.5131938474646534
0.3246753246753247,0.5951814024470273
