target,moment
0.0168692,0.018813175403873336
