target,moment
0.000729426174,0.0007182473246544027
