target,moment
0.0251697,0.06371864602358453
0.0170519152063842,0.016899365710190014
0.0318099,0.032457878902524745
0.0130792,0.0002602672070421873
0.0100246,6.345260059772119e-06
0.0082411,0.0008609703568579127
0.0142723639866622,0.014761349832881035
