target,moment
0.2165556656512729,0.21214721250146978
0.233729031160127,0.21653207720354337
0.0672049461385212,0.06258205923422688
0.1094507590702438,0.14330076190993052
0.0339758263448995,0.030689355962954794
0.0562960172915832,0.054247205548111396
0.2827877543433519,0.28050132763976326
