target,moment
90.663631358,90.17209264876638
