target,moment
1.0,1.0
1.08968319541132,1.081579849420817
1.17541345258769,1.1662311788465423
0.346940370796428,0.3576144481017793
0.43593184990191,0.4307714150022918
0.242070633833219,0.24098610734428197
0.611167762289279,0.6113476891956013
