target,moment
1.0,1.0
1.11043237851765,1.0657758681699032
1.4972143972134937,1.5917876856347322
0.284826148650757,0.42130299483296
0.3207191387708363,0.4181454860784709
0.2370063656795177,0.23647061496770297
1.0124883458685825,0.8894069561431938
0.803144451153576,0.9948180152348959
0.450763503237386,0.3333682452466882
0.5907308071628941,0.5066450706133844
0.5042291460730525,0.40090156109229397
