target,moment
0.2214072451001777,0.21627767271611856
0.2636500635920867,0.26969043476768606
0.09043198451352495,0.09840485463130251
0.04993493810867341,0.07518442298249595
0.03671665831664045,0.048420255354078394
0.04005118359925667,0.04034328979580915
0.019922137222697395,0.017573419994352628
0.015222884599582773,0.018940598848260513
0.03553290159457308,0.026443338870531706
0.022580518157466315,0.01945549583932085
0.20454948519532062,0.16926621620004362
