target,moment
0.0015244091830588,0.0014921371861031456
