target,moment
0.0251697,0.04451764667063082
0.0170519152063842,0.014119423264034696
0.0318099,0.029896917549657512
0.0130792,0.01201668973172717
0.0100246,0.009257636356404746
0.0082411,0.008128746137944516
0.0142723639866622,0.011327388095874287
