target,moment
1.0,1.0
0.8386289903624251,0.8458454711626183
0.943267859353054,0.9721944789287914
0.639237911047753,0.6626322857377986
0.609337424421194,0.6043462768426207
0.29960601084973,0.29929257341783627
0.5964118283763082,0.5751964045415092
