target,moment
1.0,1.0
0.8725795027488233,0.8781767860440615
0.854808293224731,0.8869089279223383
0.621549138483011,0.8025071629829206
0.597797984767889,0.5892301499603613
0.293805456329383,0.2996553081195953
0.97595829268538,0.916572497520575
0.7580583490804771,0.8934138164971309
0.386667563757739,0.36859370381125695
0.525456673586441,0.5194886863941665
0.569474829535268,0.4298101155692745
