target,moment
0.0251697,0.046735981639726316
0.0170519152063842,0.016982241451805637
0.0318099,0.03418243163713632
0.0130792,0.001004511313998291
0.0100246,0.0008318359391338864
0.0082411,0.0026031877792794477
0.0142723639866622,0.005260854515848923
