target,moment
1.0,1.0
1.08968319541132,1.0742783278130341
1.17541345258769,1.1656984785274682
0.346940370796428,0.3648179466618238
0.43593184990191,0.43265102256581295
0.242070633833219,0.24253644773073324
0.611167762289279,0.6067334320093066
