target,moment
0.003549953,0.0035090319934836206
