target,moment
0.09277,0.0931978714059427
