target,moment
1.0,1.0
1.1357368757400972,1.0004395685137326
1.3826285674980998,1.4614865199370706
0.3063054571943543,0.4416557011017454
0.3434478836737026,0.4178469331882204
0.265594582981267,0.2449826778482565
0.6296247397130948,0.49147248303685476
