target,moment
90.663631358,91.00442760872525
