target,moment
0.5332440948838922,0.6328771800908832
