target,moment
0.2040428289529481,0.21593235164901697
0.2255852454372509,0.2364641336019968
0.0643218875038216,0.0665967473288637
0.1031564938626009,0.16507349712824632
0.0320219615813117,0.03593426208010808
0.0530585619633796,0.05683262594881016
0.018329400868127,0.017820908127463043
0.0189912032396071,0.023361516795716485
0.0265511265560509,0.026575584293697243
0.0104250119775051,0.011133177103824601
0.0209966612555152,0.02116463830070099
0.2225196168018815,0.12311055764155561
