target,moment
0.027820599079132,0.027447893925878816
0.0201410956216747,0.020555259323612896
0.0324071002006531,0.032389643739112836
0.0205700993537903,0.0033293288239942096
0.0137092995643615,0.0007455522059934996
0.0069309997558593,0.0018992635618532254
0.0169324004650116,0.016651770294304813
0.0397819995880127,0.03874352279574464
0.0110084998607635,0.0011444507138415679
0.0042943000793457,0.0006897218232017495
0.0133872343614895,0.005426834730783241
