target,moment
0.1723744735734453,0.16247349829276037
0.2001836313003392,0.20475350315939927
0.0492327599199353,0.05143453512548812
0.1684994775206873,0.22134024940355448
0.0285436772575964,0.028409017866959704
0.0677889190917095,0.06951839818044327
0.0151000451551628,0.014265631164565848
0.0183072062654951,0.02127884889111843
0.0333863766260561,0.031925111752448415
0.0211154118936726,0.020887149465017726
0.2254680213959001,0.1737140566982444
