target,moment
0.027820599079132,0.027827284949346057
0.0201410956216747,0.02035617705070505
0.0324071002006531,0.03275066153143054
0.0205700993537903,0.004012232694333225
0.0137092995643615,0.0009026062396816015
0.0069309997558593,0.0024140284048237734
0.0169324004650116,0.016617952487522774
0.0397819995880127,0.03892087093989176
0.0110084998607635,0.0014229057985992717
0.0042943000793457,0.0008468924919647293
0.0133872343614895,0.007062335505161209
