target,moment
1.0,1.0
0.8725795027488233,0.878007328263063
0.854808293224731,0.8874625198403524
0.621549138483011,0.8039822429547746
0.597797984767889,0.5897687458195444
0.293805456329383,0.29978324055498956
0.97595829268538,0.9192222145197886
0.7580583490804771,0.8959063342368785
0.386667563757739,0.36880201743808133
0.525456673586441,0.5199045340898754
0.569474829535268,0.4301238364262062
