target,moment
0.1723744735734453,0.162523647659083
0.2001836313003392,0.20488554885644047
0.0492327599199353,0.051329044075078524
0.1684994775206873,0.22201200402141177
0.0285436772575964,0.028225200774721147
0.0677889190917095,0.06956926183688811
0.0151000451551628,0.014229748271679077
0.0183072062654951,0.0216113785981693
0.0333863766260561,0.03192578127588949
0.0211154118936726,0.020928168799124326
0.2254680213959001,0.17276021583151477
