target,moment
0.6552063296244464,0.6578466141515678
