target,moment
52.059453405938,51.90870153266307
