target,moment
0.22229385118866596,0.21695045112060032
0.26540854425118116,0.26775886310218444
0.09091187273534361,0.09966287257855863
0.05012344811995622,0.07515877006916673
0.03612713460067847,0.0492004973838548
0.0402802778804035,0.04012410210819245
0.019883484121561504,0.01759104623392946
0.015190454856803903,0.01885753066170619
0.034751314712792754,0.026271943249635894
0.02133889131791143,0.019189454555842544
0.20369072621470147,0.16923446893632854
