target,moment
0.0010892108654425,0.0010719521112509246
