target,moment
0.09277,0.09316593538192404
