target,moment
90.663631358,91.3220234590049
