target,moment
1.0,1.0
1.08968319541132,1.08016223753741
1.17541345258769,1.1668501052691915
0.346940370796428,0.3574194398445907
0.43593184990191,0.43071329048130585
0.242070633833219,0.24094694978629677
0.611167762289279,0.6108623486129697
