target,moment
0.2165556656512729,0.21219612349093725
0.233729031160127,0.21653698274144662
0.0672049461385212,0.0625453162841701
0.1094507590702438,0.14328519214894025
0.0339758263448995,0.030687569588902
0.0562960172915832,0.054243118111865135
0.2827877543433519,0.2805056976337387
