target,moment
0.071287577,0.07144381531908668
