target,moment
0.5319924347316454,0.8167073718657688
