target,moment
0.09277,0.09303028186382846
