target,moment
0.000729426174,0.0006548963101531603
