target,moment
0.09277,0.09384807865917368
