target,moment
82.198645766003,82.10607854754697
