target,moment
133.80077245805202,133.66111694539947
