target,moment
0.0251697,0.04958472478165473
0.0170519152063842,0.017138900141325963
0.0318099,0.03240463985968477
0.0130792,0.00013664615977678184
0.0100246,1.88522039635374e-06
0.0082411,0.00046315017358567015
0.0142723639866622,0.009603945033968074
