target,moment
0.0251697,0.04964049176028876
0.0170519152063842,0.017424738574507135
0.0318099,0.03295989022287983
0.0130792,0.012693637007670192
0.0100246,0.009176112609667206
0.0082411,0.00820592440355289
0.0142723639866622,0.014622536832513832
