target,moment
0.0251697,0.05003386793684543
0.0170519152063842,0.01737279409604392
0.0318099,0.03289869859690299
0.0130792,0.012763566178603193
0.0100246,0.009249191107962256
0.0082411,0.0082050321022138
0.0142723639866622,0.014614262309457695
