target,moment
0.5418056800884126,0.567779439033127
