target,moment
0.4750989714792567,0.47655079248546495
