target,moment
0.0168692,0.01634971855795151
