target,moment
90.663631358,91.50652268796253
