target,moment
1.0,1.0
0.849409665031667,0.8326069934755076
1.14663448655374,1.1453494986277397
0.325164705624566,0.368925512508204
0.296996312841276,0.3049312489242315
0.206045475999345,0.207186575965863
0.783363920219206,0.7890608363471909
0.615280907049053,0.6602722149269346
0.295805550239234,0.2990206968039529
0.699293637505232,0.7334663149713506
0.678717584921292,0.677846666647594
0.173568311685267,0.18404075408556136
0.3600386165203971,0.2745682708555454
