target,moment
0.0168692,0.01677598338138372
