target,moment
0.0168692,0.017863471558603718
