target,moment
0.0251697,0.04988095432734623
0.0170519152063842,0.017368034880636235
0.0318099,0.03292210584453845
0.0130792,0.012764199613919494
0.0100246,0.009256344875036118
0.0082411,0.008206162187899008
0.0142723639866622,0.014606890369168322
