target,moment
0.2165556656512729,0.21327473271045766
0.233729031160127,0.21619521375447628
0.0672049461385212,0.06251076215110946
0.1094507590702438,0.14309839285679277
0.0339758263448995,0.03063505924160571
0.0562960172915832,0.05416717788483529
0.2827877543433519,0.2801186614007227
