target,moment
1.0,1.0
1.08968319541132,1.0741210506154364
1.17541345258769,1.167036550806125
0.346940370796428,0.364668570974961
0.43593184990191,0.4324962732693147
0.242070633833219,0.24244180613772348
0.611167762289279,0.6063890814868839
