target,moment
0.2165556656512729,0.1942327914599733
0.233729031160127,0.20919887237305085
0.0672049461385212,0.06337599389197399
0.1094507590702438,0.17410911372339774
0.0339758263448995,0.03173103459932116
0.0562960172915832,0.057373027710793154
0.2827877543433519,0.2699791662414897
