target,moment
0.003549953,0.0034732458228112426
