target,moment
0.6584010854090097,0.655443173540862
