target,moment
0.0245001006126403,0.024787441031910332
0.0166621484278283,0.016979627526687958
0.026430299282074,0.026374727050909194
0.0056323999166488,0.0003516826909619442
0.0104751002788543,0.0004508885753875718
0.0063905000686645,0.00024424110864121513
0.0161208999156951,0.016073627582128207
0.0221616005897522,0.021121713737231387
0.0096591997146606,0.0019492612456742582
0.0025066998600959,0.0006419141004965599
0.0183203919550882,0.004215952808001455
