target,moment
1.0,1.0
1.1263139563950455,1.0670670337787014
1.341030611104335,1.5024027040030168
0.314270668928071,0.47817958810676714
0.3603196874360089,0.4429477964146416
0.276424886167712,0.2601436883234836
1.072136745588405,0.9074988296739998
0.7985801347091195,1.0391149996887974
0.4396404028576365,0.30091016472372306
0.5052791456303775,0.49162259814295434
0.5025550981080098,0.3949284906867582
