target,moment
0.0168692,0.018083148556958955
