target,moment
1.0,1.0
1.08968319541132,1.1306112598640161
1.17541345258769,1.1728617074875363
0.346940370796428,0.3587226773936804
0.43593184990191,0.4321392724079639
0.242070633833219,0.2421887379514056
0.611167762289279,0.6150376259139558
