target,moment
0.0168692,0.0168310127149753
