target,moment
0.014603,0.014675476736533716
