target,moment
0.0251696991920471,0.04979800584297254
0.0169424664104217,0.019988982850761693
0.0313091993331909,0.029465484521060733
0.0130791997909546,0.0020461625330672993
0.0100246000289917,0.0010216112251598636
0.0082410997152328,0.0035097454669517714
0.0197126996517181,0.014585240232185142
0.0252290010452271,0.022764183419021505
0.0106797003746033,0.0013768487891816703
0.0184949994087218,0.01030789636545277
0.0039844000339508,0.0005552940226606787
0.0127844897880634,0.007366135403365324
