target,moment
1.0,1.0
1.0930777059511088,1.0912569561357575
1.17541345258769,1.1800985129921955
0.346771653959122,0.3522816156634571
0.435719747133782,0.4374567971420699
0.241952910075955,0.24236146940605247
1.00152170325136,1.0077510637409735
0.770342027427148,0.778322876202897
0.450288180056851,0.4501018705269875
1.04371974139227,1.053797719562672
0.653966544013067,0.6538971940394478
0.4017735881616045,0.3914968738840137
