target,moment
0.0168692,0.016844147050654797
