target,moment
0.071287577,0.07156156281217961
