target,moment
1.0,1.0
1.08968319541132,1.0743076625802228
1.17541345258769,1.16568437756255
0.346940370796428,0.36482250597235455
0.43593184990191,0.4326611715991832
0.242070633833219,0.24253387700958856
0.611167762289279,0.6067204330898437
