target,moment
1.0,1.0
1.08968319541132,1.0824069955383213
1.17541345258769,1.166509266531618
0.346940370796428,0.3572406997351976
0.43593184990191,0.4305352054742334
0.242070633833219,0.24140647993256953
0.611167762289279,0.611316615862418
