target,moment
0.0251697,0.06789831228604551
0.0170519152063842,0.017155562605033165
0.0318099,0.03349228079349493
0.0130792,0.012550403549592333
0.0100246,0.009036813649607353
0.0082411,0.008129524114574778
0.0142723639866622,0.014558063809014973
