target,moment
1.0,1.0
1.08968319541132,1.0819543345287714
1.17541345258769,1.1695581909128285
0.346940370796428,0.357519876455398
0.43593184990191,0.43071065181839546
0.242070633833219,0.24099586172387544
0.611167762289279,0.6112951362366243
