target,moment
98.044315922636,98.20350054929652
