target,moment
151.91034289697,148.36000786869047
