target,moment
1.0,1.0
0.8447215474686148,0.9073585700422251
0.943267859353054,0.9805823477672098
0.639237911047753,0.7184339269122799
0.609337424421194,0.6063662052579972
0.29960601084973,0.30989280213785786
0.931107550210113,0.9334183545309519
0.776802723307587,0.8935083765169793
0.391633127540168,0.48393530027190834
1.13975893341601,1.1585255774446739
0.482031718482875,0.4911010046173906
0.334426411096879,0.3547364465585811
0.4960332169227836,0.3946839201681164
