target,moment
0.2165556656512729,0.19287405653356238
0.233729031160127,0.2093591729025307
0.0672049461385212,0.06269353470427709
0.1094507590702438,0.17463704069876249
0.0339758263448995,0.0318291010056672
0.0562960172915832,0.05755832944646678
0.2827877543433519,0.27104876470873335
