target,moment
1.0,1.0
0.8297398417909928,0.8580271652041067
0.9500664565076188,1.022146464544227
0.6195254773194899,0.76808372591641
0.6346272259194297,0.6279703029743284
0.3055426457144353,0.31090272715759937
0.9252289179422248,0.9003131731154078
0.7629412148864011,0.9026532561001264
0.3886340204679943,0.38895456767651226
0.4685055676808397,0.4740612030631736
0.5419776190649567,0.41459064162872256
