target,moment
82.198645766003,82.198791791559
