target,moment
0.5679426726969605,0.812391314485522
