target,moment
0.015629,0.01574751523899975
