target,moment
90.663631358,90.73562908829064
