target,moment
0.027820599079132,0.02754676234745873
0.0201410956216747,0.020369268921859605
0.0324071002006531,0.032536335362695595
0.0205700993537903,0.0035805710541648764
0.0137092995643615,0.0008945008742423682
0.0069309997558593,0.002230888367696961
0.0169324004650116,0.01667118574994143
0.0397819995880127,0.03883319995591565
0.0110084998607635,0.00134531624267465
0.0042943000793457,0.0007939785059664903
0.0073146998882293,0.0025720192351387366
0.0135465587074145,0.0037610895733081796
