target,moment
1.0,1.0
0.8725795027488233,0.8738125539813705
0.854808293224731,0.8571655544269007
0.621549138483011,0.7840871315251544
0.597797984767889,0.5775160920620463
0.293805456329383,0.2982154187749943
0.97595829268538,0.8980041588114821
0.7580583490804771,0.863152753631568
0.386667563757739,0.3666595168022115
0.525456673586441,0.5109171879204017
0.456857731012344,0.46217429566084733
0.5726777336793948,0.5574798976439074
