target,moment
0.24000000000000002,0.2272558824996515
