target,moment
1.0,1.0
0.8725795027488233,0.8849329018962242
0.854808293224731,0.8893879280842703
0.621549138483011,0.813607370247859
0.597797984767889,0.5980470480939408
0.293805456329383,0.3063197538343755
0.97595829268538,0.9908947482289083
0.7580583490804771,0.893204234633023
0.386667563757739,0.345476208552124
0.525456673586441,0.5274573244413037
0.456857731012344,0.472549126917818
0.5726777336793948,0.4377347674781798
