target,moment
0.0087725,0.008444060898552635
