target,moment
0.09277,0.0928155256368629
