target,moment
1.0,1.0
1.08968319541132,1.094292053258717
1.17541345258769,1.178444939120113
0.346940370796428,0.36113850980923623
0.43593184990191,0.43388309493850136
0.242070633833219,0.2428731287232387
0.611167762289279,0.6195062411553071
