target,moment
0.000729426174,0.0006924692099524881
