target,moment
0.0168692,0.018706669331650043
