target,moment
0.0251697,0.03472148538057282
0.0170519152063842,0.015977335879011467
0.0318099,0.03527076162117262
0.0130792,0.0006719172692342371
0.0100246,0.0005783590345121328
0.0082411,0.0017845517360496252
0.0142723639866622,0.0033365583069884697
