target,moment
0.017496806,0.017596683754658674
