target,moment
0.2165556656512729,0.21665048744326174
0.233729031160127,0.2153828508667921
0.0672049461385212,0.062409427116686865
0.1094507590702438,0.142336179976437
0.0339758263448995,0.030472618777733915
0.0562960172915832,0.05389676649471719
0.2827877543433519,0.27885166932437117
