target,moment
0.4000000000000001,0.4004091395625473
