target,moment
0.027820599079132,0.027599574422118064
0.0201410956216747,0.020385198521841928
0.0324071002006531,0.032391400119193565
0.0205700993537903,0.0035531289395034533
0.0137092995643615,0.0007922428755772547
0.0069309997558593,0.002056221174783903
0.0169324004650116,0.016667997617793542
0.0397819995880127,0.038861205882972934
0.0110084998607635,0.0012368094655407082
0.0042943000793457,0.0007479333233428165
0.0133872343614895,0.005905684198948767
