target,moment
1.0,1.0
0.8725795027488233,0.876194100987537
0.854808293224731,0.8865462052877178
0.621549138483011,0.8018245850592003
0.597797984767889,0.5887144644496243
0.293805456329383,0.29937064126601387
0.97595829268538,0.9160817379485179
0.7580583490804771,0.8936053870701127
0.386667563757739,0.3682056603797381
0.525456673586441,0.5190194634269968
0.569474829535268,0.42930280986907826
