target,moment
0.0006929548653,0.0006821910504120092
