target,moment
0.09277,0.09543002635659092
