target,moment
133.80077245805202,133.5475432044273
