target,moment
0.0251697,0.02940300858805302
