target,moment
1.0,1.0
1.08968319541132,1.0947240850615825
1.17541345258769,1.1768437411762238
0.346940370796428,0.36110882700622343
0.43593184990191,0.43384573029203716
0.242070633833219,0.24287350106543115
0.611167762289279,0.6194479880645813
