target,moment
0.0087725,0.0087695836775445
