target,moment
0.003549953,0.0034053522835882075
