target,moment
0.6287736153001804,0.7474360159359064
