target,moment
0.015629,0.015170409476265448
