target,moment
90.663631358,90.73861490345757
