target,moment
0.22529215066109548,0.23596583292141574
0.25332850318466504,0.2566566501431522
0.0877376499358178,0.08891036068982662
0.07002313444740653,0.08664589597456762
0.03803283582904722,0.03654152697312975
0.04632912906950083,0.044581312996875025
0.27925659687246707,0.25069842030103306
