target,moment
0.0087725,0.00859997399284357
