target,moment
0.6400572304769904,0.682054666998942
