target,moment
0.09277,0.09567679183370376
