target,moment
1.0,1.0
0.8725795027488233,0.8762576347329785
0.854808293224731,0.8860542379718706
0.621549138483011,0.8018405260147511
0.597797984767889,0.5886200818220305
0.293805456329383,0.29928476990758607
0.97595829268538,0.915966495116861
0.7580583490804771,0.8932453548829958
0.386667563757739,0.3681856706172099
0.525456673586441,0.5189850544362788
0.569474829535268,0.4292613109992107
