target,moment
0.4750989714792567,0.4821918582693003
