target,moment
0.0168692,0.018153559584581765
