target,moment
0.2165556656512729,0.2053626165236952
0.233729031160127,0.212160570594517
0.0672049461385212,0.08143786896482526
0.1094507590702438,0.14098002388546102
0.0339758263448995,0.030142960001775788
0.0562960172915832,0.053349848019808604
0.2827877543433519,0.2765661120099171
