target,moment
1.0,1.0
1.08968319541132,1.0741462153281711
1.17541345258769,1.1659185112098343
0.346940370796428,0.3647341901551866
0.43593184990191,0.4325239037638492
0.242070633833219,0.24246845527063335
0.611167762289279,0.6065814512627747
