target,moment
1.0,1.0
0.8725795027488233,0.884915728838377
0.854808293224731,0.8772505759006843
0.621549138483011,0.7674357396849673
0.597797984767889,0.4253553018570981
0.293805456329383,0.29808448327328124
0.97595829268538,0.934983266335332
0.7580583490804771,0.8554512103331272
0.386667563757739,0.38044025965957895
1.22613445378151,1.2217119151329334
0.525456673586441,0.5300281424028696
0.3251320413337539,0.33536689220034704
0.5039548648608148,0.3860217829864089
