target,moment
1.0,1.0
1.1607204859497182,1.1467575709860722
1.0217911314738,1.0407830139378718
0.395072638556141,0.46277829481689914
0.58478932385616,0.5990344986147319
0.291344262565686,0.29515329994186335
1.12847872637557,1.097573521572513
0.828710762885586,0.9034596998546821
0.546679658181136,0.5452139916041392
1.11998115725838,1.1470629671502188
0.6744443732728171,0.6743400592514307
0.256964334379013,0.27005764437828705
0.4549144648245617,0.343030455018014
