target,moment
0.0251697,0.046655542425187206
0.0170519152063842,0.01700531490768619
0.0318099,0.03425145036123009
0.0130792,0.0009846873860233322
0.0100246,0.0007991746823848932
0.0082411,0.002501583642494913
0.0142723639866622,0.005139317085225171
