target,moment
0.000729426174,0.0006698077443522695
