target,moment
106.11640247648732,107.05966653884553
