target,moment
1.0,1.0
1.0930777059511088,1.0938409502819337
1.17541345258769,1.1809355543978657
0.346771653959122,0.3500665752888978
0.435719747133782,0.4367600383159004
0.241952910075955,0.24220136435581444
1.00152170325136,1.006280720350175
0.770342027427148,0.7775589493130921
0.450288180056851,0.45019815996217416
1.04371974139227,1.0534992304830044
0.653966544013067,0.6539453590636357
0.4017735881616045,0.39556856176644634
