target,moment
0.0168692,0.017888911923920236
