target,moment
0.000729426174,0.0007202363329485776
