target,moment
0.09277,0.09535602487569649
