target,moment
0.1723744735734453,0.16241121485170718
0.2001836313003392,0.20514964226087934
0.0492327599199353,0.05144313937345404
0.1684994775206873,0.2218314871234193
0.0285436772575964,0.028186187018124063
0.0677889190917095,0.0694457767013984
0.0151000451551628,0.014258454147708379
0.0183072062654951,0.02170335980668672
0.0333863766260561,0.03187811504836537
0.0211154118936726,0.020895456414208376
0.2254680213959001,0.17279716725404903
