target,moment
0.017496806,0.017601602569457274
