,beta,alpha
0,0.6237445993111638,0.5906680684769434
1,0.3762554006888361,0.3722358283019901
