target,moment
0.000729426174,0.0006632252215701321
