target,moment
1.0,1.0
1.08968319541132,1.083192192126483
1.17541345258769,1.1744978908144164
0.346940370796428,0.3575463706441207
0.43593184990191,0.43075376030354307
0.242070633833219,0.24096859489720435
0.611167762289279,0.61135291920499
