target,moment
0.0087725,0.009583664730208719
