target,moment
90.663631358,91.33742902419601
