,beta,alpha
0,0.6218223877636189,0.6463711079394173
1,0.378177612236381,0.4046053664778565
