target,moment
1.0,1.0
0.6774778883492533,0.7038891859078412
1.2638172087867556,1.340644719670735
0.5196406790704696,0.4965080548111507
0.3982804721550118,0.35253101911301393
0.32742146310842,0.3284397711086409
0.5670454549185012,0.5813776772933936
