target,moment
0.3499061550503732,0.59632920218518
0.1200626194103338,0.06277671761553538
0.1211887588058545,0.06422301814136512
0.0035804162844133,0.010605065347137272
0.0004965786572176,0.00858918882263287
0.002462693476303,0.002743954424473517
0.0600304680464258,0.031789464536690334
