target,moment
0.5041542523556912,0.5069190166482753
