target,moment
0.0087725,0.0087727478998692
