target,moment
90.663631358,91.15343835906569
