target,moment
1.0,1.0
1.08968319541132,1.0745153256106326
1.17541345258769,1.1654590201892405
0.346940370796428,0.3648129258605956
0.43593184990191,0.43263112565813705
0.242070633833219,0.2425186624098217
0.611167762289279,0.6067235553469265
