target,moment
0.003549953,0.0035875285633007433
