target,moment
0.0168692,0.016857972235677088
