target,moment
0.0251697,0.06266314534397738
0.0170519152063842,0.016885220817376326
0.0318099,0.0375910384894143
0.0130792,0.012364305198444111
0.0100246,0.009359978342664993
0.0082411,0.008347663736789435
0.0142723639866622,0.014310928912167818
