target,moment
0.3499061550503732,0.6005793497220682
0.1200626194103338,0.0633984726452331
0.1211887588058545,0.06535943849169515
0.0035804162844133,0.01052244620911452
0.0004965786572176,0.008675179545146003
0.002462693476303,0.0027178179662518164
0.0600304680464258,0.03148243379967579
