target,moment
0.2165556656512729,0.2168667656930732
0.233729031160127,0.21079959218497385
0.0672049461385212,0.06355059291429853
0.1094507590702438,0.14236393503089134
0.0339758263448995,0.030645558887399334
0.0562960172915832,0.054058509399935735
0.2827877543433519,0.2817150458894281
