target,moment
0.19957822387194368,0.1920628496986562
0.2263844063957413,0.23385258539077078
0.061801285172649205,0.06372185757200508
0.12391135444038974,0.15853802908366388
0.03294131781954655,0.033623284805834486
0.05758474730002863,0.05844893113687817
0.2977986649997008,0.25975246231219135
