target,moment
0.003549953,0.00339095865724934
