target,moment
1.0,1.0
1.08968319541132,1.0826494877821866
1.17541345258769,1.1669815969832669
0.346940370796428,0.3573578981641086
0.43593184990191,0.430664007876071
0.242070633833219,0.24145821412114934
0.611167762289279,0.6114993408420162
