target,moment
0.0168692,0.017430554994287497
