target,moment
0.0168692,0.015158235218085181
