target,moment
0.2602009367294988,0.10207689318648204
