target,moment
144.805237277966,141.09926360961174
