target,moment
0.08029173,0.09325912048398731
