target,moment
0.07421839,0.12779062743842412
