target,moment
0.1723744735734453,0.16251955371916282
0.2001836313003392,0.20516929352205776
0.0492327599199353,0.05143759723430073
0.1684994775206873,0.22196463812199707
0.0285436772575964,0.028196203295654244
0.0677889190917095,0.06950878468869891
0.0151000451551628,0.014271228972496736
0.0183072062654951,0.021726390921765128
0.0333863766260561,0.031888053276320716
0.0211154118936726,0.02090218933374541
0.2254680213959001,0.17241606691380057
