target,moment
0.0252567998568216,0.026169558151379023
0.0171522394130329,0.017031562136349165
0.0311327664057413,0.032908769672488375
0.0129714667797088,0.0016262854726489006
0.0098465333382288,0.0009684510541737657
0.0079524666070937,0.0029859674658587955
0.0197054998079934,0.01933366103522289
0.0256146009763081,0.02547256768260109
0.0109741334120432,0.0011594394029142557
0.0038527332743008,0.0006214488736936362
0.0137718320033812,0.006487558784582194
