target,moment
0.0168692,0.019267224888026388
