target,moment
1.0,1.0
1.08968319541132,1.0743467918439558
1.17541345258769,1.1657939873910963
0.346940370796428,0.3648120617104536
0.43593184990191,0.4326611433250939
0.242070633833219,0.2425353476459492
0.611167762289279,0.6065678514487931
