target,moment
82.198645766003,80.83349789176509
