target,moment
0.027820599079132,0.027148942300620836
0.0201410956216747,0.02048271997003085
0.0324071002006531,0.032098209887667754
0.0205700993537903,0.0038604402748091903
0.0137092995643615,0.0008862175574196702
0.0069309997558593,0.0022511280458316772
0.0169324004650116,0.016662278555854452
0.0397819995880127,0.038660549839595965
0.0110084998607635,0.0013776187804094664
0.0042943000793457,0.004123469721729405
0.0073146998882293,0.0024874652890366305
0.0135465587074145,0.006386479864651023
