target,moment
0.015629,0.015058117096344595
