target,moment
0.0047164777212821,0.004875860105412967
