target,moment
0.003549953,0.0035045795170803927
