target,moment
0.0168692,0.01817486154371451
