target,moment
1.0,1.0
0.6774778883492533,0.7070469193555737
1.2638172087867556,1.3541708188775365
0.5196406790704696,0.4969135317280634
0.3982804721550118,0.3525531704422057
0.32742146310842,0.3285401934801482
0.5670454549185012,0.5825162845174404
