target,moment
0.0251697,0.029313080873423845
