target,moment
1.0,1.0
1.08968319541132,1.0817466106665228
1.17541345258769,1.167139052813286
0.346940370796428,0.3577138007137473
0.43593184990191,0.43103846568039383
0.242070633833219,0.24111941192318834
0.611167762289279,0.6115535845997555
