target,moment
0.2165556656512729,0.21890779576494512
0.233729031160127,0.21444298187169686
0.0672049461385212,0.061772974386691805
0.1094507590702438,0.14219977340115417
0.0339758263448995,0.030450897240423984
0.0562960172915832,0.05385746078649754
0.2827877543433519,0.27836811654859056
