target,moment
0.5719771065902147,0.691621036713901
