target,moment
0.000736586155766248,0.0007363171830834287
