target,moment
0.0168692,0.01873669217889216
