target,moment
90.663631358,91.13550886440792
