target,moment
0.027820599079132,0.02751275732570608
0.0201410956216747,0.020362289154528118
0.0324071002006531,0.032186136174726696
0.0205700993537903,0.0034406332885311584
0.0137092995643615,0.0007806016222473864
0.0069309997558593,0.0020126065911277675
0.0169324004650116,0.016681554592695217
0.0397819995880127,0.03884445516203375
0.0110084998607635,0.0012150849040832728
0.0042943000793457,0.0007339371048098503
0.0133872343614895,0.005737333001658727
