target,moment
0.0271153998374939,0.02575942817861373
0.0194849410026819,0.020098528578834107
0.0327895998954773,0.02849507503333588
0.0199785995483398,0.0024591020449382986
0.0119567000865936,0.0006451826960881956
0.0070642000436782,0.0021171813615449993
0.0170539999008179,0.013860673288230587
0.0395124006271362,0.028729593224372775
0.0102732002735138,0.0009882361998294804
0.0217848992347717,0.021600587428490674
0.0042502999305725,0.00047612694561426945
0.010458633658869,0.005066932326984352
