target,moment
0.0087725,0.010237543836793345
