target,moment
0.5332440948838924,0.48441802837045994
