target,moment
0.2165556656512729,0.21674788398266834
0.233729031160127,0.2153671753261619
0.0672049461385212,0.06240662976631985
0.1094507590702438,0.1423261643442312
0.0339758263448995,0.03047031177874153
0.0562960172915832,0.05385050669219669
0.2827877543433519,0.2788313281096804
