target,moment
1.0,1.0
0.8725795027488233,0.8686277510857677
0.854808293224731,0.8553741792021887
0.621549138483011,0.7801977190183292
0.597797984767889,0.5742656610938723
0.293805456329383,0.29620628807704924
0.97595829268538,0.8953997397255483
0.7580583490804771,0.8612236192653208
0.386667563757739,0.36450645611789895
0.525456673586441,0.5082195463496318
0.456857731012344,0.4595267458570166
0.5726777336793948,0.5524225046023696
