target,moment
0.0251697,0.045543703577634036
0.0170519152063842,0.0173884687947037
0.0318099,0.03211774914552817
0.0130792,0.012653992612490948
0.0100246,0.00940780418615942
0.0082411,0.00814841310753316
0.0142723639866622,0.014521908545925093
