target,moment
0.0270490328470866,0.02683984061661734
0.0196413593707479,0.019810460242270386
0.0327351673444111,0.032320325471681226
0.019774766365687,0.0028404455470986923
0.0119740664958954,0.0007217591773641956
0.0071733333667118,0.0021908698353534195
0.0173063000043233,0.017085207414110206
0.0395983330408731,0.038502096477167576
0.0104246334234873,0.0010580347385939102
0.0042709666490554,0.0005750487991883031
0.0134372124734954,0.005496718623444889
