target,moment
0.0245001006126403,0.02525045266289077
0.0166066153242035,0.016339332629273354
0.026430299282074,0.02617731325925111
0.0056323999166488,0.0003458405464243432
0.0104751002788543,0.00027232164702926216
0.0063905000686645,0.00023780560269267707
0.0160602919329674,0.0039003037502637447
