target,moment
0.0251697,0.025389111035548147
0.0170519152063842,0.01706775729999838
0.0318099,0.034584522280638005
0.0130792,0.012334888099777347
0.0100246,0.009820008332284658
0.0082411,0.008362180442448543
0.0142723639866622,0.01432081519639948
