target,moment
0.0087725,0.008771025638323597
-0.0158656,-0.015862643195146124
-0.0098115999999999,-0.009811962757365827
