target,moment
0.07421839,0.07421032928953586
