target,moment
0.027820599079132,0.03210258229824215
0.0201410956216747,0.02057463806396685
0.0324071002006531,0.03275065785637106
0.0205700993537903,0.0036897228300764554
0.0137092995643615,0.0009139487446363291
0.0069309997558593,0.00229102179374363
0.0169324004650116,0.01707296301905994
0.0397819995880127,0.03911336582062524
0.0110084998607635,0.0013729929794881193
0.0042943000793457,0.0008248762986020293
0.0073146998882293,0.00261129405372073
0.0135465587074145,0.0038669112736181245
