target,moment
0.0251696991920471,0.04982816930354817
0.0169424664104217,0.019985269828536472
0.0313091993331909,0.02939615705875626
0.0130791997909546,0.002048011758875331
0.0100246000289917,0.0010230682266588488
0.0082410997152328,0.003515188091336571
0.0197126996517181,0.014584184647938973
0.0252290010452271,0.022775180963016946
0.0106797003746033,0.001378985785137096
0.0184949994087218,0.010319440890658714
0.0039844000339508,0.0005561682682869582
0.0127844897880634,0.007374057984015776
