target,moment
0.015629,0.01573722666251197
