target,moment
144.80523727796603,144.7175904339374
