target,moment
1.0,1.0
0.6227929514544264,0.6223085711171811
0.7971010756511133,0.7968000090507812
0.210568130854453,0.21038458182040515
0.24686362479193133,0.24669475262480492
0.09629264862076177,0.09242621207286027
0.7709395492793855,0.77017304690747
0.6048892477452018,0.6041652986709666
0.4115330590766019,0.4057585440434589
0.3318510407399341,0.3315228276521766
0.2395707249764414,0.239192566917498
0.14481524396483753,0.14473125541862716
