target,moment
0.24214524527614292,0.20851636071913499
0.24537853142261093,0.23223374941337852
0.059118839765541935,0.05735792524786597
0.14712179678175097,0.2211849987793398
0.023969962891836862,0.021464640895562118
0.027978315216816308,0.027487760309052887
0.02070200921108454,0.016929650352422186
0.01949520035769922,0.02444379227980094
0.018134685290903365,0.015630579480618568
0.01558617192933164,0.014158516170965817
0.004611338657939896,0.004535213876340114
0.17575790319834145,0.15605681247551803
