target,moment
0.0168692,0.018086252166177406
