target,moment
0.1723744735734453,0.16293668816119775
0.2001836313003392,0.20477888700307276
0.0492327599199353,0.05128362780825462
0.1684994775206873,0.22186500263261197
0.0285436772575964,0.02822689834212167
0.0677889190917095,0.0695609128268356
0.0151000451551628,0.014217073779351485
0.0183072062654951,0.021634099221078472
0.0333863766260561,0.03193370462782389
0.0211154118936726,0.020929333341506318
0.2254680213959001,0.1726337722561457
