target,moment
0.0251696991920471,0.05065057284484215
0.0169424664104217,0.016238130878036276
0.0313091993331909,0.024839748891938563
0.0130791997909546,0.0017373218841108733
0.0100246000289917,0.0008755333170437482
0.0082410997152328,0.003026390741078439
0.0197126996517181,0.008951939796755081
0.0252290010452271,0.017944589622253267
0.0106797003746033,0.001185742957459352
0.0184949994087218,0.006730412152792923
0.0039844000339508,0.0004764832760925422
0.0127844897880634,0.0062364851058664406
