target,moment
0.00419028406360902,0.003883000185246472
