target,moment
1.0,1.0
1.08968319541132,1.0819264751256306
1.17541345258769,1.1696810023857935
0.346940370796428,0.3575207371830399
0.43593184990191,0.43068672452803686
0.242070633833219,0.2410344051924937
0.611167762289279,0.6113816098882264
