target,moment
0.0168692,0.01906119778584011
