target,moment
0.0251697,0.04673439732872231
0.0170519152063842,0.016965874167267775
0.0318099,0.03419558009663804
0.0130792,0.001004790874204922
0.0100246,0.0008321269124230361
0.0082411,0.002603687026635183
0.0142723639866622,0.005260559507480863
