,beta,alpha
0,0.6151442833674885,0.7102310112236682
1,0.3848557166325114,0.28976898877633184
