target,moment
0.014603,0.015020328422694297
