target,moment
0.000729426174,0.0006503673693840503
