target,moment
0.000729426174,0.000702118635803462
