target,moment
1.0,1.0
1.08968319541132,1.094225245363976
1.17541345258769,1.1774265340401253
0.346940370796428,0.3611753576752906
0.43593184990191,0.4339052237339116
0.242070633833219,0.2428701889550851
0.611167762289279,0.6194490674380863
