target,moment
0.0168692,0.017695791409374783
