target,moment
0.0168692,0.016691599538520143
