target,moment
53.03615159799334,53.311531765000765
