,beta,alpha
0,0.6217467155447105,0.6573656921163651
1,0.3782532844552894,0.4020127883670377
