target,moment
1.0,1.0
1.0235999878561457,1.0140704123551565
1.39102799466737,1.3977817482407757
0.344877671809438,0.4200624926908319
0.616146390550964,0.5881180056772175
0.23666773179934,0.2298632541339668
0.6089998887133771,0.5272991680371942
