target,moment
0.0251696991920471,0.02292590240506249
0.0169424664104217,0.01739698670281798
0.0313091993331909,0.0281016134494017
0.0130791997909546,0.0017470681507346737
0.0100246000289917,0.0009024808450114898
0.0082410997152328,0.0030082882326943586
0.0197126996517181,0.0169191980278998
0.0252290010452271,0.023909188757982754
0.0106797003746033,0.001202993031092264
0.0184949994087218,0.012719611135443789
0.0039844000339508,0.0005272773135225812
0.0127844897880634,0.006487141625872911
