,beta,alpha
0,0.6272216275377838,0.719140971838934
1,0.37277837246221623,0.2808590281610661
