target,moment
0.0251697,0.052844248534503986
0.0170519152063842,0.016664807233250627
0.0318099,0.032475440849599864
0.0130792,0.001250075650293895
0.0100246,0.001172590638458811
0.0082411,0.004070059308409678
0.0142723639866622,0.0045112770137398775
