target,moment
0.027820599079132,0.027310006524462225
0.0201410956216747,0.020325698784914435
0.0324071002006531,0.032201141656639634
0.0205700993537903,0.003436917131635199
0.0137092995643615,0.0007756778756978618
0.0069309997558593,0.0019684570536399717
0.0169324004650116,0.016659565057141147
0.0397819995880127,0.03869171761309849
0.0110084998607635,0.0011895315513155917
0.0042943000793457,0.0007178652964583823
0.0133872343614895,0.0055701383746969875
