target,moment
1.0,1.0
0.8725795027488233,0.8672899981787913
0.854808293224731,0.854453428984695
0.621549138483011,0.7787260434546062
0.597797984767889,0.5729164444860584
0.293805456329383,0.29532581500364447
0.97595829268538,0.892601159495322
0.7580583490804771,0.8603859205173642
0.386667563757739,0.3637956316089027
0.525456673586441,0.507104762033962
0.456857731012344,0.4584135044228445
0.5726777336793948,0.5497481854958752
