target,moment
0.0251697,0.04578176747026283
0.0170519152063842,0.01739555842648029
0.0318099,0.03216047646158849
0.0130792,0.012655798842767242
0.0100246,0.009408006218829708
0.0082411,0.008149106385848561
0.0142723639866622,0.014520096090429584
