target,moment
0.2165556656512729,0.21207921863000137
0.233729031160127,0.21659625944033928
0.0672049461385212,0.06253747423492514
0.1094507590702438,0.14324746037681518
0.0339758263448995,0.03069518880730999
0.0562960172915832,0.05425970550735984
0.2827877543433519,0.28058469300324923
