target,moment
0.7564312723818978,0.6954781559433432
