target,moment
0.0047164777212821,0.0046990104556526744
