target,moment
0.0047203001064472,0.00478720163655684
