target,moment
0.2165556656512729,0.1929493826032284
0.233729031160127,0.2092245604601277
0.0672049461385212,0.0626471848337425
0.1094507590702438,0.17465742657581565
0.0339758263448995,0.031834673772598986
0.0562960172915832,0.0575688481735726
0.2827877543433519,0.2711179235809142
