target,moment
0.0245001006126403,0.02493695127666618
0.0166728529938655,0.017075615602955178
0.026430299282074,0.026176881888531817
0.0056323999166488,0.0004195357190535632
0.0104751002788543,0.0005433585588925311
0.0063905000686645,0.00018213932676694792
0.0161208999156951,0.0160929653219647
0.0221616005897522,0.021224466915691673
0.0096591997146606,0.0021737336559069557
0.0025066998600959,0.00046177601952875855
0.0175709563918923,0.00578279870913569
