target,moment
0.5861310057846925,0.6277647144317374
