target,moment
0.5818702095245357,0.7063983601975033
