target,moment
0.0168692,0.01665418275232049
