target,moment
1.0,1.0
0.8725795027488233,0.8801743263321722
0.854808293224731,0.8807550100211067
0.621549138483011,0.7521161834657156
0.597797984767889,0.5952049899132175
0.293805456329383,0.2996233366746711
0.97595829268538,0.9337715725007594
0.7580583490804771,0.8467254792338367
0.386667563757739,0.3759110203369959
1.22613445378151,1.2042649929993408
0.525456673586441,0.5241835489616387
0.3251320413337539,0.3344257115400103
0.5039548648608148,0.3911644315023113
