target,moment
0.09277,0.09319486379305551
