target,moment
90.663631358,90.65545602886525
