target,moment
0.09277,0.09639307045833352
