target,moment
0.400749027516048,0.5942084607784028
0.1099457351100976,0.046405943791398396
0.0711754468984532,0.06331719901073213
