target,moment
144.805237277966,140.60110411333227
