target,moment
0.0168692,0.01905429338739119
