target,moment
90.663631358,90.73632345641397
