target,moment
82.198645766003,81.76858001190865
