target,moment
0.0251697,0.0688842446678299
0.0170519152063842,0.017040063259271303
0.0318099,0.03325496524668759
0.0130792,0.012500929371516157
0.0100246,0.008963653824283596
0.0082411,0.008091795063887042
0.0142723639866622,0.0145426812069042
