target,moment
0.027820599079132,0.027131931072478202
0.0201410956216747,0.020484110414826576
0.0324071002006531,0.03209399455348154
0.0205700993537903,0.003888948496238383
0.0137092995643615,0.0008911441013380076
0.0069309997558593,0.002263400081792765
0.020318880558013917,0.019966252829952364
0.0397819995880127,0.03864217725490505
0.0110084998607635,0.0013849854344424868
0.0042943000793457,0.004123192021318208
0.0073146998882293,0.0024879823804156796
0.0135465587074145,0.006415551337467642
