target,moment
0.5332440948838922,0.5798256873871666
