target,moment
0.0251697,0.06772487189271997
0.0170519152063842,0.017264082596747627
0.0318099,0.03362464079924326
0.0130792,0.01257401689691088
0.0100246,0.00906575119473543
0.0082411,0.008177394421473196
0.0142723639866622,0.01461112938267044
