target,moment
0.0087725,0.0195350387304567
