target,moment
0.09277,0.019907003485201035
