target,moment
0.5966899215627174,0.5211986505027965
