target,moment
0.0245001006126403,0.04166742770673743
0.0166728529938655,0.016809009547465153
0.026430299282074,0.02558983252918986
0.0056323999166488,0.00040996550508475325
0.0104751002788543,0.000345584285034545
0.0063905000686645,0.00017199304581847207
0.0158664130379464,0.003931232483635142
