target,moment
1.0,1.0
1.1653886874577344,1.0111203862522216
1.46582448028563,1.5015392855067902
0.290375033726921,0.40696594724703655
0.30970427614909,0.3982244580531318
0.243933976608377,0.23091742153508896
0.6319552448743309,0.4938656858056117
