target,moment
0.22917583058361105,0.21707428790341987
0.27075076637761153,0.27128997899469165
0.09372640688271189,0.10130625408563207
0.0516752163552025,0.0753797694062577
0.037245591969565665,0.04915290779518409
0.04152731211420391,0.040158324334509804
0.2758988757170934,0.24563847748030482
