target,moment
1.0,1.0
0.8725795027488233,0.8801225714172258
0.854808293224731,0.8898346639922429
0.621549138483011,0.8059657135207209
0.597797984767889,0.5915290237019836
0.293805456329383,0.3006011736641454
0.97595829268538,0.9158993304085384
0.7580583490804771,0.8836099618943608
0.386667563757739,0.369905275026592
0.525456673586441,0.5214501353380153
0.569474829535268,0.43081872151592265
