target,moment
0.0168692,0.00869927083893429
