target,moment
0.0168692,0.03499114384192352
