target,moment
0.0251696991920471,0.05249860239687053
0.0169424664104217,0.020429082451909778
0.0313091993331909,0.028973336401735363
0.0130791997909546,0.0021344669037924716
0.0100246000289917,0.0010638284486374837
0.0082410997152328,0.003655717411783991
0.0197126996517181,0.014674417571423725
0.0252290010452271,0.023293445716033687
0.0106797003746033,0.0014352278021562963
0.0184949994087218,0.010655552832036409
0.0039844000339508,0.0005795958670155481
0.0127844897880634,0.007683149789132257
