target,moment
0.0168692,0.01795003448237492
