target,moment
1.0,1.0
1.08968319541132,1.0941687712930837
1.17541345258769,1.1763683642018619
0.346940370796428,0.36110287880068986
0.43593184990191,0.43384018273416747
0.242070633833219,0.2428451832865701
0.611167762289279,0.6194394866754049
