target,moment
1.0,1.0
1.0793023145213338,1.0494589568463797
0.3103356632873494,0.30617566994825807
0.5054162805719256,0.6941772643736951
0.1568918838614548,0.14887358676749837
0.2599609533293794,0.2632405343859559
1.3058432504773845,1.3557451343330449
