target,moment
0.17406145381699206,0.17670117642690628
0.2012095836364616,0.20034320492799007
0.050528548208280746,0.048630253239153404
0.16573436481114334,0.20658534407211981
0.03153378130143612,0.031269049598235996
0.06617992584853012,0.06996805510915823
0.31075234237715604,0.2665029166264362
