target,moment
0.0251697,0.049703687716233645
0.0170519152063842,0.017185525021926606
0.0318099,0.032408255882218344
0.0130792,0.0001377967455395658
0.0100246,1.817072948875391e-06
0.0082411,0.00048098159228510774
0.0142723639866622,0.01263996572418875
