target,moment
0.2165556656512729,0.21429421634636997
0.233729031160127,0.21719349172206678
0.0672049461385212,0.06283363201089212
0.1094507590702438,0.1408905166560533
0.0339758263448995,0.03034052403814155
0.0562960172915832,0.053670454987224586
0.2827877543433519,0.2807771642392518
