target,moment
0.0087725,0.00878001603211515
