target,moment
133.80077245805202,131.06978821996805
