moment,value
GPDIFF,0.0087725
KM,0.09277
SRDUS,0.65
GROWTH,0.0168692
JUPCOST,0.0003646782792510605
UUPCOST,0.00322329543354545
TP,1.47942
SINNOVPATEU,0.3475
SINNOVPATUS,0.4
NUR,0.1
TE,5.0
sales_mark_up_US,1.8
ERDUS,0.15
TO,0.015629
