target,moment
0.2165556656512729,0.20945360979731867
0.233729031160127,0.2172825091805047
0.0672049461385212,0.06274294426114332
0.1094507590702438,0.14378014559757218
0.0339758263448995,0.03079138895132248
0.0562960172915832,0.05443484053013973
0.2827877543433519,0.281514561681999
