target,moment
0.000729426174,0.0007232231586369686
