target,moment
0.000729426174,0.0006809048079065682
