target,moment
90.663631358,91.06360575549664
