target,moment
0.20148744,1.0380476461074306
