target,moment
0.4361486759670805,0.5245297369531632
0.1457215335577039,0.09752375220628635
