target,moment
0.0087725,0.008747390631517
-0.0128385999999999,-0.012659747438136163
