target,moment
0.09277,0.08724900975192816
