target,moment
0.09277,0.0870717796813883
