target,moment
0.1768123821908934,0.1798079011755153
