target,moment
0.1768123821908934,0.17980811169207464
