target,moment
144.805237277966,153.59982856934712
