target,moment
0.188316744348129,0.17042625942137174
0.1208054369835447,0.12140045360327623
0.1661803577326286,0.14189824401253515
0.0499610115268362,0.05979470421491987
0.0790051321704316,0.07863773808817054
