target,moment
1.0,1.0
0.8725795027488233,0.8734491956199107
0.854808293224731,0.7668832614536415
0.621549138483011,0.7182169174093702
0.597797984767889,0.5982438598685484
0.293805456329383,0.32745659723520265
0.97595829268538,1.0896284508379313
0.7580583490804771,0.7847969429328526
0.386667563757739,0.37537252747607064
0.525456673586441,0.5169022635721751
0.456857731012344,0.45576612280665396
0.5726777336793948,0.5305190764913333
