target,moment
1.0,1.0
0.8725795027488233,0.8597060642003964
0.854808293224731,0.8052829588651229
0.621549138483011,0.6712241130080886
0.597797984767889,0.5703204621726028
0.293805456329383,0.2910402623708293
0.97595829268538,1.0301202058311092
0.7580583490804771,0.7754044358101061
0.386667563757739,0.37268141523246034
0.525456673586441,0.5152776537222797
0.456857731012344,0.44571520135448234
0.5726777336793948,0.5540338237275438
