target,moment
0.1723413565516609,0.14784800941495668
0.2001451715125225,0.19116555712702918
0.0492233011970225,0.05374668705946167
0.168467104972989,0.22024422930364135
0.0285381933738058,0.026156479672694632
0.0677758953123543,0.06056024301340289
0.0150971440961255,0.01098562175306176
0.0183036890385174,0.0218152840521686
0.0333799623505598,0.02968659606529502
0.0211113551470954,0.019611147159254192
0.0071838887952674,0.0071428851237355165
0.2184329376520792,0.21103726025529862
