target,moment
0.070641617,0.06523136021838243
