target,moment
0.0168692,0.01906759399576344
