target,moment
0.1200626194103338,0.20913030609636332
0.1211887588058545,0.22296042571150193
0.0035804162844133,0.025242389475164415
0.0004965786572176,0.02115463845621905
0.002462693476303,0.006533336914670546
0.0600304680464258,0.06451427521180404
0.1343304183885601,0.04744600105304959
0.0637303998720678,0.04998179351809486
0.0018651157701598,0.008655336036463101
0.0004460791327548,0.00720339271431545
0.0016008349254711,0.002413089516598423
0.0392297139201939,0.02117064827900726
0.0400814725661333,0.01565107357625278
0.0389368166783096,0.03230868451699259
0.0006682770403912,0.005200456367773513
9.931573144352892e-05,0.0033328842501365065
0.0002592308922424,0.0009890362314347654
0.0194675666804137,0.01164512306178006
0.0304225968538796,0.008773171687094647
0.03434640990464,0.027837361962904462
0.0521424423253347,0.04031594169741175
0.0001026823664077,0.002623168445050531
0.0003332968614545,0.0008488110499283064
0.01717320495232,0.009862933279978971
0.0103574524673225,0.0048949659559273636
0.0083223216314713,0.006813630118486597
0.0012540715241598,0.0027160939035464227
0.0003282469090082,0.0007133377601254564
0.0001245654936749,0.00021760904125840434
0.0041611608157356,0.001885805272989274
0.0135473390958901,0.004295618196024176
0.0109735466657688,0.006509921027068566
0.0026175586846557,0.004288536845117068
0.0003770631159889,0.0007071302634241723
9.258246151515408e-05,0.000666842652388829
0.0054859316741434,0.0019453451041205802
0.0671694174879853,0.056048586682333826
0.0583101175797261,0.02576675119011156
0.0318651999360339,0.030577571737544065
0.0009325578850799,0.002874777432053266
0.0002238812251184,0.0024791760866709274
0.0007995758039945,0.0008040216208185699
