target,moment
133.80077245805202,133.83717697578686
