target,moment
1.0,1.0
0.8725795027488233,0.8763440640562924
0.854808293224731,0.8861012355667527
0.621549138483011,0.8016958192455059
0.6276878840062835,0.5886122780198686
0.293805456329383,0.2992647205333866
0.97595829268538,0.9161917642424469
0.7580583490804771,0.8935701291314417
0.386667563757739,0.36816698999471487
0.525456673586441,0.5189574641863899
0.569474829535268,0.42921508017352494
