target,moment
0.0047164777212821,0.004587718286611155
