target,moment
0.02024304,0.021257165862108594
