target,moment
0.0251697,0.04612705175300704
0.0170519152063842,0.01740134581018363
0.0318099,0.0322564317145865
0.0130792,0.012661335764463011
0.0100246,0.009416997279264799
0.0082411,0.008152337426927813
0.0142723639866622,0.014501566957424194
