target,moment
0.0015611059454019,0.001503004627018403
