target,moment
0.5719771065902162,0.7262653253903878
