target,moment
90.663631358,90.6425662158923
