target,moment
52.059453405938,52.094583783027765
