target,moment
90.663631358,91.2281028357359
