target,moment
0.0251697,0.056680503585444984
0.0170519152063842,0.017749560395165346
0.0318099,0.03365088367798432
0.0130792,0.01236745026840942
0.0100246,0.00889973085517442
0.0082411,0.008017607818604843
0.0142723639866622,0.014666282043566483
