target,moment
0.2165556656512729,0.21642696973055947
0.233729031160127,0.2154672375691573
0.0672049461385212,0.06250105708391733
0.1094507590702438,0.1423518952537795
0.0339758263448995,0.030468577497674013
0.0562960172915832,0.05388495550187369
0.2827877543433519,0.2788993073630387
