target,moment
0.2165556656512729,0.2164269702638159
0.233729031160127,0.21546723796164033
0.0672049461385212,0.06250105715429649
0.1094507590702438,0.14235189494709516
0.0339758263448995,0.03046857731085371
0.0562960172915832,0.053884955627492306
0.2827877543433519,0.2788993067348061
