target,moment
1.0,1.0
0.8725795027488233,0.6587852701119921
0.854808293224731,0.6702828322482464
0.621549138483011,0.757058635622081
0.597797984767889,0.4482561457548275
0.293805456329383,0.23816804688454216
0.97595829268538,0.6309996136414686
0.7580583490804771,0.72837149061748
0.386667563757739,0.27029868448021044
0.525456673586441,0.40871857829899505
0.456857731012344,0.3779638210378969
0.5726777336793948,0.4006065700970873
