target,moment
0.400749027516048,0.5762605570382827
0.1099457351100976,0.061680879624951855
0.0711754468984532,0.07411088773670498
