target,moment
0.027820599079132,0.02582135338653156
0.0201410956216747,0.017228389848184863
0.0324071002006531,0.030401812111081943
0.0205700993537903,0.00284497539564531
0.0137092995643615,0.0007336772817172013
0.0069309997558593,0.0012677525370590505
0.0169324004650116,0.010677620847574863
0.0397819995880127,0.022727603707458285
0.0110084998607635,0.0011179675260597657
0.0042943000793457,0.0005700404185566027
0.0073146998882293,0.0020002910658569978
0.0135465587074145,0.003455361731258213
