target,moment
0.1723413565516609,0.1674276003807047
0.2001451715125225,0.2003274050176861
0.0492233011970225,0.04939953888326708
0.168467104972989,0.17229311058298558
0.0285381933738058,0.0285764792441432
0.0677758953123543,0.06780722005717695
0.0150971440961255,0.015039751834343884
0.0183036890385174,0.018531754755774305
0.0333799623505598,0.03327919680663532
0.0211113551470954,0.021138264206343342
0.0071838887952674,0.007289498521785721
0.2184329376520792,0.21889017970915398
