target,moment
0.5918411356544496,0.7116441177053939
