target,moment
0.5742568253885177,0.5244579827594748
