target,moment
90.663631358,90.71886506419712
