target,moment
0.0168692,0.018015837759509195
