target,moment
1.0,1.0
0.8725795027488233,0.8762988450463626
0.854808293224731,0.8871533867396917
0.621549138483011,0.8009228612058673
0.597797984767889,0.587951522229518
0.293805456329383,0.29894207262170813
0.97595829268538,0.9172360931359242
0.7580583490804771,0.8969505346207746
0.386667563757739,0.3676564839958319
0.525456673586441,0.5183210985662199
0.569474829535268,0.4284660628780687
