target,moment
0.6552063296244461,0.6485000083360772
