target,moment
1.0,1.0
0.8725795027488233,0.8763388235433196
0.854808293224731,0.886076701470794
0.621549138483011,0.8016884242229173
0.597797984767889,0.5886054395974
0.293805456329383,0.2992609574058039
0.97595829268538,0.9161881164826154
0.7580583490804771,0.8935661625618816
0.386667563757739,0.3681625031360098
0.525456673586441,0.5189569935357099
0.569474829535268,0.42920826528275985
