target,moment
0.017496806,0.01758286182282015
