target,moment
1.0,1.0
1.08968319541132,1.0813565702947001
1.17541345258769,1.1664165692974076
0.346940370796428,0.35757560655224496
0.43593184990191,0.4307643628266215
0.242070633833219,0.24101699835977278
0.611167762289279,0.6116534241218627
