target,moment
0.0168692,0.019433621828894868
