target,moment
0.5332440948838924,0.5089240468513364
