target,moment
0.5823549874673715,0.68775993858571
