target,moment
0.13262948,0.1352102923018252
