target,moment
0.8492276806040204,0.7822411159341861
