target,moment
144.80523727796603,144.42558030751925
