target,moment
0.027820599079132,0.02790823351962226
0.0201410956216747,0.020328870300175324
0.0324071002006531,0.0323279101260576
0.0205700993537903,0.030542149473868418
0.0137092995643615,0.001258450868261125
0.0069309997558593,0.0031991396181127087
0.0169324004650116,0.016724087701352294
0.0397819995880127,0.03866383216721989
0.0110084998607635,0.0019108120408243912
0.0042943000793457,0.0011194261501959934
0.0073146998882293,0.003496261626723601
0.0135465587074145,0.00471948734437641
