target,moment
1.0,1.0
0.8725795027488233,0.8717918303373136
0.854808293224731,0.856508899056233
0.621549138483011,0.7847710774010256
0.597797984767889,0.5749319223794023
0.293805456329383,0.29676899752814484
0.97595829268538,0.898163441170867
0.7580583490804771,0.863019062883921
0.386667563757739,0.4069533916910865
0.525456673586441,0.5176069408980084
0.456857731012344,0.6062117763786641
0.5726777336793948,0.5540461125262419
