target,moment
1.0,1.0
1.08968319541132,1.0815477329126932
1.17541345258769,1.1669695641295024
0.346940370796428,0.35770707092504656
0.43593184990191,0.43102109730335675
0.242070633833219,0.24111160698504064
0.611167762289279,0.6114558721655613
