target,moment
0.09277,0.09313184247114527
