target,moment
90.663631358,90.73472663665339
