target,moment
0.0168692,0.019575942143989035
