target,moment
0.0168692,0.01683272942678525
