target,moment
0.0087725,0.00877243862006127
