target,moment
0.0168692,0.0131829854850343
