target,moment
0.0047203001064472,0.006285249614669966
