target,moment
106.11640247648732,106.22009550276205
