target,moment
1.0,1.0
1.1453250843644345,1.1206156665318758
1.1278790611447331,1.1478820794704134
0.437979971591424,0.5267860570993461
0.6318779683611937,0.6277477672818023
0.282102886410926,0.2934205442285143
1.1123659439685367,1.0703654416230504
0.730144327891238,0.852841089437779
0.5217779738185033,0.5137329951434926
0.6319003174734994,0.6292201817767245
0.5374131093685289,0.3904774933653181
