target,moment
1.0,1.0
1.0793023145213338,1.0496708907376076
0.3103356632873494,0.30612725335938323
0.5054162805719256,0.6943317486689198
0.1568918838614548,0.1489141839926944
0.2599609533293794,0.26332569860637844
1.3058432504773845,1.3561721772737116
