target,moment
0.0168692,0.01684864701298024
