target,moment
0.09277,0.09138938753510324
