target,moment
0.2165556656512729,0.21664684134062687
0.233729031160127,0.21538687439077359
0.0672049461385212,0.062410629831966206
0.1094507590702438,0.14233958539330702
0.0339758263448995,0.03047316282947869
0.0562960172915832,0.05388521086731413
0.2827877543433519,0.27885769534653343
