target,moment
0.3499061550503732,0.43073858977504953
0.1200626194103338,0.04972569192249936
0.1211887588058545,0.04849889838192138
0.0035804162844133,0.008092661212369323
0.0004965786572176,0.0064323987576998904
0.002462693476303,0.002108378859267084
0.0600304680464258,0.02420212179247769
