target,moment
90.663631358,90.69626451392486
