target,moment
0.003549953,0.003529564592481685
