target,moment
0.1723744735734453,0.1647878445893837
0.2001836313003392,0.2014540702956335
0.0492327599199353,0.05023431230729185
0.1684994775206873,0.2235195143331205
0.0285436772575964,0.028475652585288225
0.0677889190917095,0.07018318178617942
0.0151000451551628,0.014116658181260261
0.0183072062654951,0.02188004841501478
0.0333863766260561,0.030144042855927228
0.0211154118936726,0.021128370693202194
0.2254680213959001,0.1740763039576985
