target,moment
0.000729426174,0.0006659793161077533
