target,moment
1.0,1.0
1.08968319541132,1.0813574969342696
1.17541345258769,1.1662259466714462
0.346940370796428,0.3575525021177702
0.43593184990191,0.430803414078082
0.242070633833219,0.24099037076166624
0.611167762289279,0.6113353561124905
