target,moment
0.09277,0.0908717904670095
