target,moment
144.80523727796603,144.13517004997914
