target,moment
0.2165556656512729,0.21687493094821406
0.233729031160127,0.21027815259325433
0.0672049461385212,0.06334105466889568
0.1094507590702438,0.14251647514539006
0.0339758263448995,0.03065070925758799
0.0562960172915832,0.05397394376047576
0.2827877543433519,0.28236473362618214
