target,moment
0.0168692,0.0168443765314146
