target,moment
0.400749027516048,0.5414947614831964
0.1099457351100976,0.05834485173491525
0.0711754468984532,0.08450578726645643
