target,moment
0.09277,0.07829789576846433
