target,moment
0.1723413565516609,0.15624044914041813
0.2001451715125225,0.19877888456868048
0.0492233011970225,0.04969074717267641
0.168467104972989,0.21060161468705782
0.0285381933738058,0.027634953940338478
0.0677758953123543,0.06855220814594634
0.0150971440961255,0.013667505250757451
0.0183036890385174,0.017428768019766616
0.0333799623505598,0.03153936504078682
0.0211113551470954,0.020451861922581648
0.0071838887952674,0.007211344234696941
0.2184329376520792,0.19820229787629282
