target,moment
0.071287577,0.06986476493758444
