target,moment
90.663631358,90.71725195428189
