target,moment
0.5418056800884126,0.576938500664387
