target,moment
0.4750989714792567,0.4504012594490171
