target,moment
1.0,1.0
1.1546430942052794,1.224853833551736
1.0217911314738,1.0786409101615968
0.395072638556141,0.4507909240665091
0.58478932385616,0.5922508242805354
0.291344262565686,0.2943355360201627
0.656273137230364,0.6466274137038973
