target,moment
0.0251697,0.052783120430045724
0.0170519152063842,0.017856324784798365
0.0318099,0.03350409870199537
0.0130792,0.0011733387355830438
0.0100246,0.0008902613635010587
0.0082411,0.002781692976781962
0.0142723639866622,0.006373706051356315
