target,moment
1.0,1.0
0.8725795027488233,0.8789041433093796
0.854808293224731,0.8894112491624582
0.621549138483011,0.802981146077182
0.597797984767889,0.5897409850505091
0.293805456329383,0.29957683899848336
0.97595829268538,0.9221851449916683
0.7580583490804771,0.8988811708162205
0.386667563757739,0.3685203385582362
0.525456673586441,0.5191390604432526
0.569474829535268,0.42947667351127505
