target,moment
90.663631358,91.05646895169983
