target,moment
0.0251697,0.06744981870116859
0.0170519152063842,0.017159961855033126
0.0318099,0.03352359051175649
0.0130792,0.012550426566483136
0.0100246,0.009053576619868876
0.0082411,0.008154812034399748
0.0142723639866622,0.014540239779407075
