target,moment
0.027820599079132,0.02351204413049835
0.0201410956216747,0.01759312769289144
0.0324071002006531,0.032359137757794545
0.0205700993537903,0.0027395658719415756
0.0137092995643615,0.0009017441571703263
0.0069309997558593,0.0015964574102052271
0.0169324004650116,0.011147763324733426
0.0397819995880127,0.026776172611237988
0.0110084998607635,0.0014524222330727107
0.0042943000793457,0.0006873782066773131
0.0073146998882293,0.002861312495136431
0.0135465587074145,0.003190295376220222
