target,moment
0.0272743662198384,0.02723603670232832
0.019231853147537,0.018854231234101307
0.0316134333610534,0.03108134005859189
0.0180206664403279,0.0020275794249676165
0.0114213999112446,0.0005017173094242497
0.0076250000794728,0.002044414285527558
0.0147032206517496,0.0054272132180432035
