target,moment
133.80077245805202,133.89955995241033
