target,moment
0.1723744735734453,0.16254966260242923
0.2001836313003392,0.20521524566684565
0.0492327599199353,0.051438442929987796
0.1684994775206873,0.22194189918978582
0.0285436772575964,0.02819532228713654
0.0677889190917095,0.06946033053305016
0.0151000451551628,0.01426994903302955
0.0183072062654951,0.021722916903069663
0.0333863766260561,0.03188733602904016
0.0211154118936726,0.020902019599281514
0.2254680213959001,0.17241687522634397
