target,moment
0.017496806,0.017573054262206848
