target,moment
144.805237277966,142.89490648410492
