target,moment
0.2040428289529481,0.21503294536768003
0.2255852454372509,0.23696871756218418
0.0643218875038216,0.06654819324573698
0.1031564938626009,0.16652661196269924
0.0320219615813117,0.03602720168379564
0.0530585619633796,0.05694522007441569
0.018329400868127,0.01784281791341613
0.0189912032396071,0.023488553367869414
0.0265511265560509,0.02658683780886726
0.0104250119775051,0.011080633734570926
0.0209966612555152,0.021174404151318153
0.2225196168018815,0.12177786312744633
