target,moment
90.663631358,4.446314733218926
