target,moment
0.0251697,0.049159471415253286
0.0170519152063842,0.008026065517244446
0.0318099,0.01423314963027074
0.0130792,0.004775284984390897
0.0100246,0.0026987760476201634
0.0082411,0.0024438679775191717
0.0142723639866622,0.006490006248426535
