target,moment
0.027820599079132,0.027517935914966457
0.0201410956216747,0.020276176912373163
0.0324071002006531,0.0320462156651769
0.0205700993537903,0.0033656576683001468
0.0137092995643615,0.0008543155058170145
0.0069309997558593,0.0021441600123134554
0.0169324004650116,0.01672431342079098
0.0397819995880127,0.038930006097440045
0.0110084998607635,0.0013277310287403503
0.0042943000793457,0.0007839034255829882
0.0133872343614895,0.005767809332787938
