target,moment
133.80077245805202,131.96289906543888
