target,moment
0.027820599079132,0.027285652764216534
0.0201410956216747,0.020558086542943804
0.0324071002006531,0.03244198805635215
0.0205700993537903,0.003941739276904261
0.0137092995643615,0.0009071399671349371
0.0069309997558593,0.0023093314171850677
0.0169324004650116,0.016678717476376195
0.0397819995880127,0.038823562850239024
0.0110084998607635,0.0014114182694514989
0.0042943000793457,0.004126405682739512
0.0073146998882293,0.0025786296170045376
0.0135465587074145,0.0066354509180628525
