target,moment
1.0,1.0
0.8725795027488233,0.8860256393138711
0.854808293224731,0.8917679615529124
0.621549138483011,0.8116267361787961
0.597797984767889,0.5967192607556826
0.293805456329383,0.3028553829542166
0.97595829268538,0.991065177049735
0.7580583490804771,0.9010898273563739
0.386667563757739,0.3685634442734788
0.525456673586441,0.5262784090842805
0.456857731012344,0.4713266008340651
0.5726777336793948,0.4311981257522711
