target,moment
90.663631358,91.13549824261644
