target,moment
0.2165556656512729,0.21933613741779956
0.233729031160127,0.21443426923530146
0.0672049461385212,0.06207892698040648
0.1094507590702438,0.14199611224894523
0.0339758263448995,0.03040554727987399
0.0562960172915832,0.053777578465332314
0.2827877543433519,0.277971428372341
