target,moment
0.1803412264681666,0.1722237371708871
0.21180013049985022,0.21925869035151033
0.054230736016422934,0.05617853187661961
0.14835931994948848,0.18393081810622497
0.03354127927691279,0.03361560762949387
0.06267327194194668,0.06595245721812475
0.30905403584721225,0.2688401576471393
