target,moment
0.1723744735734453,0.16232589011720022
0.2001836313003392,0.20460346623520137
0.0492327599199353,0.05138168287272804
0.1684994775206873,0.22148352623972214
0.0285436772575964,0.02841506773918424
0.0677889190917095,0.06955294155774877
0.0151000451551628,0.014266772058434128
0.0183072062654951,0.021270042489985232
0.0333863766260561,0.03193348376458339
0.0211154118936726,0.02089194168943738
0.2254680213959001,0.17387518523577533
