target,moment
0.0008753114088,0.0007944438031142741
