target,moment
0.09277,0.09116916224466352
