target,moment
0.1723413565516609,0.15125561483206773
0.2001451715125225,0.1939951969633748
0.0492233011970225,0.05538185670544553
0.168467104972989,0.20589897671173726
0.0285381933738058,0.027121871115797322
0.0677758953123543,0.06770207174910774
0.0150971440961255,0.013733703315956473
0.0183036890385174,0.020597361148981252
0.0333799623505598,0.031114802920620698
0.0211113551470954,0.020215310017710913
0.0071838887952674,0.007161703745324964
0.2184329376520792,0.20582153077387524
