target,moment
0.0168692,0.019055522413574586
