target,moment
0.09277,0.09304653522073889
