target,moment
0.000729426174,0.0007304544912210906
