target,moment
0.0168692,0.018174758089302818
