target,moment
1.0,1.0
1.08968319541132,1.081345843268116
1.17541345258769,1.1663119279027157
0.346940370796428,0.3575439119146999
0.43593184990191,0.4307559685518588
0.242070633833219,0.2409753525542915
0.611167762289279,0.6114915162493634
