target,moment
1.0,1.0
1.08968319541132,1.0816778061890928
1.17541345258769,1.1665042396289131
0.346940370796428,0.3577432914142093
0.43593184990191,0.4310963697275104
0.242070633833219,0.24114338742589753
0.611167762289279,0.6114921848569631
