target,moment
0.2165556656512729,0.2121629100514601
0.233729031160127,0.21654107445046702
0.0672049461385212,0.06257093205518038
0.1094507590702438,0.1432886224588462
0.0339758263448995,0.03068746245865471
0.0562960172915832,0.054244958683793865
0.2827877543433519,0.28050403984159766
