target,moment
0.014603,0.014716853102186055
