target,moment
0.0251697,0.03361204039301244
0.0170519152063842,0.020251856798103176
0.0318099,0.033983023662754616
0.0130792,0.00137424814624736
0.0100246,0.0008480152461367125
0.0082411,0.0028096970083478826
0.0142723639866622,0.006040706929451766
