target,moment
0.2165556656512729,0.2142930500729138
0.233729031160127,0.21719400510519812
0.0672049461385212,0.0628338117629711
0.1094507590702438,0.14089097605175205
0.0339758263448995,0.030340623921044325
0.0562960172915832,0.053670628236943664
0.2827877543433519,0.2807769048491771
