target,moment
0.0272150993347168,0.025675532388035015
0.0197144148400484,0.02094406303506016
0.0336788010597229,0.030169333375339863
0.0202242994308472,0.003248974298890459
0.0126970994472504,0.0007934934318400004
0.0070159000158309,0.0020549242238601904
0.0171416997909546,0.013215007188878853
0.0407785987854004,0.02826827953906012
0.0107240998744965,0.001219472151217092
0.0217848992347717,0.020911950701667476
0.0043529999256134,0.0007056941826294814
0.0139050482490145,0.005608590559259352
