target,moment
1.0,1.0
1.0157334741255255,1.0341226272289465
0.972696106350949,1.0334787830128414
0.611851720421537,0.7793402795907746
0.770591189898789,0.7688263402245454
0.300710932885399,0.31595101151873384
1.11370101260246,1.0799325921090268
0.8280252275298379,0.9880812588221609
0.54715632833223,0.5121481849042566
1.33341503717984,1.3964339413354512
0.605252435583976,0.6024868433964302
0.5213967596040635,0.3747620905607307
