target,moment
0.2165556656512729,0.21779192328733704
0.233729031160127,0.21477847548943638
0.0672049461385212,0.06253013791667376
0.1094507590702438,0.14219639945637622
0.0339758263448995,0.030437189760040267
0.0562960172915832,0.05387907406371343
0.2827877543433519,0.27838680002642296
