target,moment
1.0,1.0
1.0930777059511088,1.0889219960276937
1.17541345258769,1.1823081327501563
0.346771653959122,0.3588018060635762
0.435719747133782,0.4396743492960612
0.241952910075955,0.24284242314653826
1.00152170325136,1.0041249416210938
0.770342027427148,0.7858142692705461
0.450288180056851,0.449808016455514
1.04371974139227,1.0613390331244874
0.653966544013067,0.6540699324576901
0.4017735881616045,0.38010749402258154
