target,moment
1.0,1.0
0.8725795027488233,0.8852205444194886
0.854808293224731,0.9150639419735906
0.621549138483011,0.8075997507733366
0.597797984767889,0.5914079381837958
0.293805456329383,0.30052565537240256
0.97595829268538,0.9218495123537607
0.7580583490804771,0.9105108903473323
0.386667563757739,0.3704148016924856
0.525456673586441,0.5212183762467598
0.569474829535268,0.4312584472725153
