target,moment
0.1723744735734453,0.16366735337090127
0.2001836313003392,0.2047107586548074
0.0492327599199353,0.05020741369176398
0.1684994775206873,0.22190916207105293
0.0285436772575964,0.02827610987303836
0.0677889190917095,0.06969759734285026
0.0151000451551628,0.014286178060311816
0.0183072062654951,0.021469691761257795
0.0333863766260561,0.031935971782521146
0.0211154118936726,0.02096965590775371
0.2254680213959001,0.17287010748374138
