target,moment
0.0047164777212821,0.00477191676200899
