target,moment
1.0,1.0
1.08968319541132,1.0817546260099182
1.17541345258769,1.1674389954152609
0.346940370796428,0.35770780181429174
0.43593184990191,0.4310199090288706
0.242070633833219,0.24111846137012424
0.611167762289279,0.6115111578525005
