target,moment
0.2165556656512729,0.21326597572916625
0.233729031160127,0.21618943135578894
0.0672049461385212,0.06253612245497767
0.1094507590702438,0.14310468999352025
0.0339758263448995,0.030634259751434197
0.0562960172915832,0.054165624591139896
0.2827877543433519,0.2801038961239728
