target,moment
90.663631358,90.82685578407305
