target,moment
0.0251697,0.029355894978165906
