target,moment
1.0,1.0
1.08968319541132,1.0816935402674557
1.17541345258769,1.1699232919115967
0.346940370796428,0.3574952517182834
0.43593184990191,0.43075918953992814
0.242070633833219,0.24098182887538128
0.611167762289279,0.6112211360996583
