target,moment
0.2165556656512729,0.2143198449192923
0.233729031160127,0.217259962673783
0.0672049461385212,0.0628445221708824
0.1094507590702438,0.14092848328092994
0.0339758263448995,0.030349020960028967
0.0562960172915832,0.05368559688526968
0.2827877543433519,0.28061256910981375
