target,moment
0.2165556656512729,0.21857479523678344
0.233729031160127,0.2147631775122841
0.0672049461385212,0.06220114884537664
0.1094507590702438,0.14204424969882204
0.0339758263448995,0.030409317877609247
0.0562960172915832,0.053784769137943715
0.2827877543433519,0.27822254169118094
