target,moment
0.0168692,0.0198994501648619
