target,moment
0.000729426174,0.0007187121472748699
