target,moment
0.0168692,0.018338332570378302
