target,moment
0.0251697,0.05269677262445307
0.0170519152063842,0.01674799628624375
0.0318099,0.0322561428637056
0.0130792,0.0013258142786123544
0.0100246,0.0012061346501994622
0.0082411,0.004161905277274097
0.0142723639866622,0.004847505647971737
