target,moment
1.0,1.0
0.8725795027488233,0.8750814134041525
0.854808293224731,0.8883332221519488
0.621549138483011,0.7995078668699425
0.597797984767889,0.5891126819460184
0.293805456329383,0.2995566743521628
0.97595829268538,0.9270058629553107
0.7580583490804771,0.8971627011827861
0.386667563757739,0.3702504831532896
0.525456673586441,0.5235320913810076
0.569474829535268,0.4305406181228639
