target,moment
0.017496806,0.017610494741609528
