target,moment
133.80077245805202,1.5911394079518502
