target,moment
0.1723744735734453,0.15987302842292286
0.2001836313003392,0.20121481749331177
0.0492327599199353,0.05006389688341037
0.1684994775206873,0.22652560901513186
0.0285436772575964,0.028976280855160796
0.0677889190917095,0.07221957372144888
0.0151000451551628,0.014144215217002822
0.0183072062654951,0.02045381394995311
0.0333863766260561,0.031147203743205912
0.0211154118936726,0.02157978782997097
0.2254680213959001,0.17380177286848084
