target,moment
0.017496806,0.021184511445973477
