target,moment
0.0107047158879999,0.00817973075280211
