target,moment
1.0,1.0
1.08968319541132,1.1177355430867846
1.17541345258769,1.1645249231695558
0.346940370796428,0.3720649484647275
0.43593184990191,0.43748589999272813
0.242070633833219,0.24428400983769502
0.611167762289279,0.6086101308284607
