target,moment
0.5418056800884126,0.5807308357201382
