target,moment
0.2165556656512729,0.22057086644058127
0.233729031160127,0.21470650853090414
0.0672049461385212,0.062039783263360924
0.1094507590702438,0.14118581714388118
0.0339758263448995,0.030359877858892624
0.0562960172915832,0.05105379452613521
0.2827877543433519,0.28008335223624453
