target,moment
0.0168692,0.018503223928322706
