target,moment
90.663631358,90.74071156282548
