target,moment
90.663631358,62.888269359972
