target,moment
0.0168692,0.01780723131099676
