target,moment
0.2165556656512729,0.2174872241110664
0.233729031160127,0.21485181126038516
0.0672049461385212,0.0625785892068563
0.1094507590702438,0.14224443161374403
0.0339758263448995,0.030475039972289147
0.0562960172915832,0.053889518707335625
0.2827877543433519,0.2784733851283233
