target,moment
0.1723413565516609,0.15242110443356593
0.2001451715125225,0.1956963224864276
0.0492233011970225,0.04907305805587987
0.168467104972989,0.20744796495056866
0.0285381933738058,0.027342826046047274
0.0677758953123543,0.0677982734341007
0.0150971440961255,0.01383951512187533
0.0183036890385174,0.020772278213286217
0.0333799623505598,0.03136967177698356
0.0211113551470954,0.020380302105904823
0.0071838887952674,0.007219688067304091
0.2184329376520792,0.20663899530805588
