target,moment
0.09277,0.09466818761716979
