target,moment
90.663631358,90.69482887239778
