target,moment
1.0,1.0
1.08968319541132,1.0847203677098975
1.17541345258769,1.1690029429616635
0.346940370796428,0.35862447580702933
0.43593184990191,0.43201921247126424
0.242070633833219,0.24010380988401375
0.611167762289279,0.6130349858413414
