target,moment
0.49265401552567434,0.5010429639352453
