target,moment
0.2165556656512729,0.19339566242684839
0.233729031160127,0.20761161381801535
0.0672049461385212,0.06268270811834456
0.1094507590702438,0.17509925476480312
0.0339758263448995,0.031906889145932926
0.0562960172915832,0.05775337561844524
0.2827877543433519,0.2715504961076105
