target,moment
0.003549953,0.00355927716115091
