target,moment
0.09277,0.09442450339210856
