target,moment
0.0168692,0.01682306362752225
