target,moment
0.0168692,0.01739819082709502
