target,moment
1.0,1.0
1.08968319541132,1.0671722259261274
1.17541345258769,1.1547325354736602
0.346940370796428,0.3565560207082784
0.43593184990191,0.4271288979687734
0.242070633833219,0.24840932002094293
0.611167762289279,0.609405049042761
