target,moment
0.027820599079132,0.029775740242359034
0.0201067607047929,0.031090347603444275
0.0324071002006531,0.035343551242493325
0.0205700993537903,0.01411464157419245
0.0137092995643615,0.006887048029367091
0.0069309997558593,0.0054655334326100796
0.0169324004650116,0.01603914074947695
0.0397819995880127,0.03720357690837193
0.0110084998607635,0.006525612988778098
0.019208300113678,0.015164881202707415
0.0042943000793457,0.0028743278604044724
0.0127500267224018,0.011869374516205539
