target,moment
0.0168692,0.016319010839046015
