target,moment
1.0,1.0
1.0930777059511088,1.093752541218309
1.17541345258769,1.1836043890502705
0.346771653959122,0.3522960155493831
0.435719747133782,0.4374598220412977
0.241952910075955,0.24237156591769152
1.00152170325136,1.0073430724138364
0.770342027427148,0.7810503719033587
0.450288180056851,0.4500948436635806
1.04371974139227,1.0575882660126799
0.653966544013067,0.6539402021729199
0.4017735881616045,0.3915131767850905
