target,moment
0.09277,0.08937006699055529
