target,moment
0.017496806,0.017592574058036995
