target,moment
0.017496806,0.01764273584538688
