target,moment
0.00377318216,0.0038703573089701993
