target,moment
0.0251696991920471,0.05382955089765435
0.0169424664104217,0.02063500077659448
0.0313091993331909,0.028846983821523158
0.0130791997909546,0.0021759395344857738
0.0100246000289917,0.0010835712660678364
0.0082410997152328,0.003724215749734605
0.0197126996517181,0.014727335233241252
0.0252290010452271,0.023544942567565567
0.0106797003746033,0.001462586478467828
0.0184949994087218,0.01082155076863512
0.0039844000339508,0.0005909856391372577
0.0127844897880634,0.007831620528798882
