target,moment
90.663631358,91.06004113166792
