target,moment
0.2165556656512729,0.21883460089188356
0.233729031160127,0.2143378881796485
0.0672049461385212,0.061797283961361145
0.1094507590702438,0.14223051064231673
0.0339758263448995,0.030495252789427045
0.0562960172915832,0.0538901113361092
0.2827877543433519,0.2784143521992537
