target,moment
0.09277,0.09173336416423855
