target,moment
0.0259070324897766,0.025616293045072056
0.0174165341085615,0.017613328490683585
0.0296060673395792,0.029648252228878725
0.0103952002525329,0.001188056231114194
0.0102368334929148,0.0011424858398490668
0.0072695666551589,0.0036583047291931063
0.0198689663410186,0.019721140631981868
0.02254536708196,0.02239821353871552
0.0123649668693542,0.0019021084461420296
0.0035720666249592,0.0004360359824263514
0.0148929719607564,0.007217059226182404
