target,moment
0.017496806,0.01752689478869973
