target,moment
0.5377376773961742,0.5168330076350267
