target,moment
0.218252028249859,0.21577405128694202
0.2398874116564248,0.24640807625517216
0.07036682391127155,0.07066143974539926
0.10250365551968493,0.12741327506977598
0.034345207930271515,0.035899052486154645
0.05441850674988202,0.05573344123234495
0.28022636598260614,0.248110663924211
