target,moment
144.80523727796603,145.7911743402745
