target,moment
0.0168692,0.017749990500984084
