target,moment
0.0251697,0.04842888149700992
0.0170519152063842,0.01713097807997122
0.0318099,0.03497628694425754
0.0130792,0.0008615369127855441
0.0100246,0.0006981243354344265
0.0082411,0.002079989110995035
0.0142723639866622,0.004680556483792194
