target,moment
0.0087725,0.008777317548208692
