target,moment
0.400749027516048,0.33056438091118545
0.1099457351100976,0.035616964941279264
0.0711754468984532,0.2853844194802255
