target,moment
0.0268926689027311,0.09030401152760072
0.041115980022573,0.0996180979754482
0.0596663170296645,0.1566360642621844
0.0221120641897875,0.06723702097256312
0.0525740584495689,0.13749006165232502
