target,moment
0.1723413565516609,0.13008825936563417
0.2001451715125225,0.21604445254645138
0.0492233011970225,0.052288406809467405
0.168467104972989,0.1768873087173149
0.0285381933738058,0.028975472001955414
0.0677758953123543,0.06847211281765257
0.0150971440961255,0.016268365169094412
0.0183036890385174,0.019771667954175218
0.0333799623505598,0.03584629398783368
0.0211113551470954,0.021066068391763212
0.0071838887952674,0.0073089444724760855
0.2184329376520792,0.22698264776618163
