,beta,alpha
0,0.6272216275377839,0.6456457421539026
1,0.3727783724622163,0.4242667181286262
