target,moment
0.5679426726969605,0.796217746234842
