target,moment
1.0,1.0
1.0930777059511088,1.0918752232209592
1.17541345258769,1.1789660568087643
0.346771653959122,0.3598147871253854
0.435719747133782,0.43628320042549
0.241952910075955,0.24249866687933283
1.00152170325136,0.9909891032964895
0.770342027427148,0.7795270659257758
0.450288180056851,0.4518900967700346
1.04371974139227,1.0509893380806463
0.653966544013067,0.6539431439543877
0.4017735881616045,0.39167916829001487
