target,moment
0.09277,0.0943126322832647
