target,moment
0.0271948329607645,0.026964618938017826
0.0194037205188345,0.019587738113790172
0.0321934668223062,0.03179809229710025
0.0189677997430165,0.0025456540494073372
0.0115405666828155,0.0007598903743116504
0.0073514334360758,0.002564397127974794
0.0175495334466298,0.017361996642615857
0.0379787667592365,0.0369639910885485
0.0102347668011983,0.0010288253725096843
0.0043909333149591,0.0005484098896909366
0.0129048001523139,0.005580206845789742
