target,moment
0.6374316702539873,0.695364223924973
