target,moment
0.22808762395631618,0.22173104083977777
0.2685205467212008,0.2735167085627545
0.0924792936968351,0.10527197720121267
0.04261354076593496,0.0650568093943407
0.038148844364823034,0.044441410650930255
0.04009452981621397,0.03539909512842779
0.29005562067867585,0.25458295822255633
