target,moment
0.027820599079132,0.02716896236448644
0.0201410956216747,0.020488643775015955
0.0324071002006531,0.03205836442594216
0.0205700993537903,0.0038623540028166216
0.0137092995643615,0.0008863855791168535
0.0069309997558593,0.0022519249848867197
0.0169324004650116,0.01665878174137845
0.0397819995880127,0.03867232386751593
0.0110084998607635,0.0013779049326629162
0.0042943000793457,0.0041232535831603285
0.0073146998882293,0.0024877483599255045
0.0162558704488974,0.006395783889803776
