target,moment
0.0251697,0.052360455058974145
0.0170519152063842,0.016835529570691066
0.0318099,0.03235846791661547
0.0130792,0.0013851194027379328
0.0100246,0.0011904912693393751
0.0082411,0.004042240514725659
0.0142723639866622,0.005227083849402816
