target,moment
0.09277,0.09322395336670246
