target,moment
1.0,1.0
1.1408024232485316,1.0771987812489896
1.3826285674980998,1.511679433081445
0.3063054571943543,0.45967673225579403
0.3434478836737026,0.434142654662794
0.265594582981267,0.25360728279742023
1.05332929836061,0.9022622514603108
0.7983591196743517,1.0104923481526809
0.4436147923616083,0.31241605707521436
0.5302543814687506,0.49947890750130264
0.5057453132824672,0.397885404869696
