target,moment
0.0010191103645212,0.000998010416338393
