target,moment
0.5418056800884126,0.576532482267872
