target,moment
0.0168692,0.021733060447767523
