target,moment
1.0,1.0
1.08968319541132,1.1915756371241577
1.17541345258769,1.2831118737875695
0.346940370796428,0.3587808263891024
0.43593184990191,0.4329270608205097
0.242070633833219,0.24180788775480172
0.611167762289279,0.6134824587960728
