target,moment
0.0168692,0.016831540943410987
