target,moment
0.09277,0.09276651557657727
