target,moment
0.1744871301503526,0.17727764907600482
0.20212774212417153,0.20403611692973636
0.051524062363732095,0.053387661133408634
0.16236260447403406,0.19592814993765056
0.03218940324668636,0.03169626593406734
0.06605440288052762,0.07021315525753992
0.3112546547604957,0.26746100173159243
