target,moment
0.2165556656512729,0.21284841492458645
0.233729031160127,0.21595040704751348
0.0672049461385212,0.06258305277932398
0.1094507590702438,0.14326678197149492
0.0339758263448995,0.03067028740715172
0.0562960172915832,0.054217975473701406
0.2827877543433519,0.2804630803962281
