target,moment
0.0251697,0.02998506242900026
0.0170519152063842,0.017681036483405178
0.0318099,0.035434026861190106
0.0130792,0.0009516073311768874
0.0100246,0.0011090857785030247
0.0082411,0.004241862006006954
0.0142723639866622,0.0027850691421570286
