target,moment
0.2165556656512729,0.20819756998
0.233729031160127,0.22016350125279088
0.0672049461385212,0.0640450618994879
0.1094507590702438,0.1427766544339354
0.0339758263448995,0.0307466389091523
0.0562960172915832,0.054705308063523916
0.2827877543433519,0.2793652654611096
