target,moment
1.0,1.0
1.0793023145213338,1.0490623637069805
0.3103356632873494,0.3060215236065209
0.5054162805719256,0.6939736122004552
0.1568918838614548,0.14881344074635455
0.2599609533293794,0.26313976851671705
1.3058432504773845,1.3553448777408563
