target,moment
0.6202637312297399,0.6411221177520544
