target,moment
0.09277,0.09333018253650299
