,beta,alpha
0,0.6209481510936999,0.5950846158063536
1,0.37905184890629995,0.3612136220308555
