target,moment
0.09277,0.09319731513364392
