target,moment
0.2040428289529481,0.21596379267830515
0.2255852454372509,0.23640722033714648
0.0643218875038216,0.06649346382674469
0.1031564938626009,0.16513914549579428
0.0320219615813117,0.03594424693826283
0.0530585619633796,0.056859460226705266
0.018329400868127,0.017813589394841747
0.0189912032396071,0.02332950003059663
0.0265511265560509,0.026582204786818588
0.0104250119775051,0.01112823197883851
0.0209966612555152,0.021170335556780346
0.2225196168018815,0.12316880874916548
