target,moment
0.0168692,0.01673325268970576
