target,moment
1.0,1.0
1.0930777059511088,1.074482327625598
1.17541345258769,1.185311739927829
0.346771653959122,0.4322784290982294
0.435719747133782,0.4597458233320893
0.241952910075955,0.24887273959762576
1.00152170325136,0.9902855389077694
0.770342027427148,0.8591680872067576
0.450288180056851,0.44968115973396927
1.04371974139227,1.0833152418292584
0.653966544013067,0.6644215157359665
0.4017735881616045,0.2868545155138392
