target,moment
0.09277,0.09334941808466364
