target,moment
0.015629,0.015739469616094254
