target,moment
90.663631358,91.10708418975494
