target,moment
0.0251697,0.045696683308336504
0.0170519152063842,0.01727685522543661
0.0318099,0.032047496163049596
0.0130792,0.012744985673581826
0.0100246,0.009578386444031192
0.0082411,0.008182973453846946
0.0142723639866622,0.014442799766449663
