target,moment
1.0,1.0
1.08968319541132,1.0816603887762948
1.17541345258769,1.166503928974439
0.346940370796428,0.3577579145943126
0.43593184990191,0.43112519194545795
0.242070633833219,0.24115194396773318
0.611167762289279,0.6114943934423189
