target,moment
0.1200626194103338,0.21584076986780346
0.1211887588058545,0.23131976383469915
0.0035804162844133,0.02971643522476615
0.0004965786572176,0.03345548441005519
0.002462693476303,0.007410323603927672
0.0600304680464258,0.08474393997296385
0.1343304183885601,0.045887279966405785
0.0637303998720678,0.04081224277699033
0.0018651157701598,0.007377062695672632
0.0004460791327548,0.008105263151567356
0.0016008349254711,0.0023602918239919632
0.0392297139201939,0.01818642755487576
0.0400814725661333,0.015874949869644807
0.0389368166783096,0.022204455589858587
0.0006682770403912,0.005868074060152858
9.931573144352892e-05,0.0028480693068084575
0.0002592308922424,0.0005871419959181998
0.0194675666804137,0.010729448740217274
0.0304225968538796,0.009167262799707324
0.03434640990464,0.022799865470663257
0.0521424423253347,0.04832942969748195
0.0001026823664077,0.0025704452769541863
0.0003332968614545,0.0006627450070520363
0.01717320495232,0.012771234397598771
0.0103574524673225,0.005420927996385752
0.0083223216314713,0.006778100413990252
0.0012540715241598,0.0026653720093993524
0.0003282469090082,0.0005847258532462742
0.0001245654936749,0.00024962402937947666
0.0041611608157356,0.0018474252913386836
0.0135473390958901,0.003850471152162651
0.0109735466657688,0.006068719386880747
0.0026175586846557,0.0032360119350196693
0.0003770631159889,0.0006060438203829202
9.258246151515408e-05,0.001026480945154434
0.0054859316741434,0.002225674001703348
0.0671694174879853,0.030732919440222856
0.0583101175797261,0.022140868593909856
0.0318651999360339,0.026489417142011553
0.0009325578850799,0.002499116323978237
0.0002238812251184,0.00313120669972917
0.0007995758039945,0.0008184878693276873
