target,moment
0.09277,0.09316402843460744
