target,moment
0.003549953,0.003406895796721279
