target,moment
0.09277,0.09307397123235163
