target,moment
90.663631358,90.75329516683533
