target,moment
1.0,1.0
1.0793023145213338,1.049510579588337
0.3103356632873494,0.30606832827490205
0.5054162805719256,0.6941390169498799
0.1568918838614548,0.14885562072820563
0.2599609533293794,0.2631994942790373
1.3058432504773845,1.3558888898244168
