target,moment
0.2165556656512729,0.20756956685703623
