target,moment
0.6203307660392896,0.7750107612256497
