target,moment
0.0017486355718894,0.0019174380477801872
