target,moment
90.663631358,91.14166646240757
