target,moment
0.2165556656512729,0.2167283315695198
0.233729031160127,0.21538208339332862
0.0672049461385212,0.062375958515148204
0.1094507590702438,0.14231446942991693
0.0339758263448995,0.030467608162352992
0.0562960172915832,0.05388944578127424
0.2827877543433519,0.27884210314845925
