target,moment
90.663631358,90.64176344131258
