target,moment
1.0,1.0
1.08968319541132,1.082391203419378
1.17541345258769,1.1665248889516069
0.346940370796428,0.3572352511300426
0.43593184990191,0.4305284958009701
0.242070633833219,0.24140293649438604
0.611167762289279,0.6113087782482116
