target,moment
1.0,1.0
1.08968319541132,1.082078181728306
1.17541345258769,1.1671673276213157
0.346940370796428,0.3579570219721914
0.43593184990191,0.43136853054486357
0.242070633833219,0.24130252072501748
0.611167762289279,0.6117005114828206
