target,moment
133.80077245805202,131.1286900642414
