target,moment
0.0251697,0.0476705036633097
0.0170519152063842,0.016781927267345308
0.0318099,0.03306453145192422
0.0130792,0.0008928701453509806
0.0100246,0.000861471670273777
0.0082411,0.002849382814857837
0.0142723639866622,0.003941788896338065
