target,moment
0.071287577,0.07161628749317488
