target,moment
0.5332440948838922,0.6848118487534939
