target,moment
1.0,1.0
1.0930777059511088,1.0944549133353603
1.17541345258769,1.1833891847766553
0.346771653959122,0.352312278014351
0.435719747133782,0.4374755203703268
0.241952910075955,0.24238141341855046
1.00152170325136,1.0015424127884536
0.770342027427148,0.7772731544418353
0.450288180056851,0.45011610842964167
1.04371974139227,1.048445339812299
0.653966544013067,0.653965997605745
0.4017735881616045,0.3915108975384248
