target,moment
90.663631358,90.75960734535293
