target,moment
0.09277,0.09303759965332425
