target,moment
1.0,1.0
1.08968319541132,1.0746741852760555
1.17541345258769,1.1657929205706148
0.346940370796428,0.3650191353743587
0.43593184990191,0.4329649857399309
0.242070633833219,0.24270934756249557
0.611167762289279,0.6069043244935376
