target,moment
0.003549953,0.0034505646968021196
