target,moment
1.0,1.0
1.08968319541132,1.0815470740672761
1.17541345258769,1.1664510203249299
0.346940370796428,0.35769931744994526
0.43593184990191,0.4310057869007019
0.242070633833219,0.2412959436101515
0.611167762289279,0.6114497348958702
