target,moment
0.003549953,0.0035044161241229253
