target,moment
0.017496806,0.017572511123207624
