target,moment
0.0047164777212821,0.004591256158945828
