target,moment
0.014603,0.016010004030252316
