target,moment
0.0087725,0.013155884852456876
