target,moment
52.059453405938,51.2181191896964
