target,moment
0.22178317400328035,0.21668092530392807
0.2581900145740639,0.2671879258663134
0.0886065532378244,0.09300739398272737
0.05536578694963068,0.0833364547873693
0.03710387132153015,0.046390752264008024
0.04106562741052663,0.04116134920112879
0.019806707346259708,0.018055560799245286
0.01588834278958841,0.01913086493021126
0.030274459907655822,0.024257271199470843
0.02371204842099355,0.01932632330914644
0.2082034140386463,0.17146517835645123
