target,moment
0.0034876934537568,0.003495462785181598
