target,moment
0.0168692,0.016833889467894905
