target,moment
1.0,1.0
0.8725795027488233,0.8790905078066108
0.854808293224731,0.8905258081649731
0.621549138483011,0.8035056477782114
0.597797984767889,0.589681582249605
0.293805456329383,0.2996185139439992
0.97595829268538,0.9198776081485962
0.7580583490804771,0.896681685174253
0.386667563757739,0.36883011408548394
0.525456673586441,0.5198256951167589
0.569474829535268,0.42976488193505413
