target,moment
0.0168692,0.01800015495505032
