target,moment
82.198645766003,82.15368649843909
