target,moment
1.0,1.0
1.08968319541132,1.0823643160551037
1.17541345258769,1.1664941523076964
0.346940370796428,0.35723182411780585
0.43593184990191,0.43052332389893705
0.242070633833219,0.24140003868791843
0.611167762289279,0.6113040455280052
