target,moment
0.0251697,0.04637952021871735
0.0170519152063842,0.016577608994356587
0.0318099,0.030773398189833885
0.0130792,0.012530125485175198
0.0100246,0.00883029238803413
0.0082411,0.008196463169426911
0.0142723639866622,0.01505637325934607
