,beta,alpha
0,0.615412214307242,0.6633811096643886
1,0.3845877856927579,0.4316185993583926
