target,moment
0.09277,0.09814988072554971
