target,moment
0.017496806,0.017591245908009073
