target,moment
0.09277,0.09286646229246856
