target,moment
0.2040428289529481,0.20343660484718998
0.2255852454372509,0.2400056852380666
0.0643218875038216,0.06627549447581572
0.1031564938626009,0.13448368785060535
0.0320219615813117,0.03416296417071865
0.0530585619633796,0.055421866811244204
0.018329400868127,0.01822578513165395
0.0189912032396071,0.021323913451994615
0.0265511265560509,0.026652239614914593
0.0104250119775051,0.010858864620972424
0.0209966612555152,0.021135714038480115
0.2225196168018815,0.16801717974834374
