target,moment
0.0247983002662659,0.025410620183633686
0.0166963659356562,0.019334101669222357
0.0272177004814147,0.02862336994829518
0.0063872998952865,0.0005099881163195919
0.0104751002788543,0.0006555152621020841
0.006866899728775,0.0007447300053743937
0.0161386001110077,0.014318190285887192
0.0224830007553101,0.01810591016794573
0.0104374003410339,0.0014516442946942065
0.0166322994232178,0.013665188213985432
0.002761999964714,0.0004514856253839869
0.0172265116041589,0.003791121998820473
