target,moment
0.1723744735734453,0.16262908783001168
0.2001836313003392,0.20474626386906866
0.0492327599199353,0.05125017881049014
0.1684994775206873,0.22197107203725328
0.0285436772575964,0.028228277855421962
0.0677889190917095,0.06960684238944143
0.0151000451551628,0.01422131502523589
0.0183072062654951,0.021641518159691966
0.0333863766260561,0.031934473792434755
0.0211154118936726,0.020924864822287257
0.2254680213959001,0.17284610540866296
