target,moment
0.0047164777212821,0.004452589432191676
