target,moment
52.059453405938,52.04518950207651
