target,moment
0.000729426174,0.0007361569726208355
