target,moment
1.0,1.0
1.08968319541132,1.0821955774412295
1.17541345258769,1.1673563558262516
0.346940370796428,0.35800692510092613
0.43593184990191,0.4314442244354516
0.242070633833219,0.24133732430507282
0.611167762289279,0.6117554479188649
