target,moment
0.1723744735734453,0.16289190788449678
0.2001836313003392,0.20433991751504962
0.0492327599199353,0.05119465599856934
0.1684994775206873,0.22129974708992217
0.0285436772575964,0.028399234617305612
0.0677889190917095,0.07011931399134698
0.0151000451551628,0.014184418474276834
0.0183072062654951,0.021172987209354885
0.0333863766260561,0.03191418980117744
0.0211154118936726,0.021069671321073954
0.2254680213959001,0.17341395609742632
