target,moment
144.80523727796603,144.22624381839256
