target,moment
0.0277200333277384,0.047062750436413725
0.0186031988516825,0.01896792233198302
0.0319769660631816,0.030983245114008965
0.0160814666748046,0.002347618954934129
0.011358733177185,0.0006484120377001004
0.0082679667075474,0.0024623965761834516
0.014233819592762,0.0059633300405973495
