target,moment
0.0035021124256769,0.003306552373175105
