target,moment
130.5088409653432,119.15925641982639
