target,moment
0.0272307195663452,0.042993113529813
0.0194413160772131,0.020214865085576073
0.0322617402076721,0.030110456264360545
0.0188529796600341,0.0025498084510598225
0.0117835998535156,0.00047294290271835895
0.0073910200595855,0.0016456974882144678
0.014634824999025,0.005390925513284817
