target,moment
0.0042863841036781,0.0040815614741459855
