target,moment
0.014603,0.014743862189160524
