target,moment
1.0,1.0
1.08968319541132,1.0816880189666078
1.17541345258769,1.167468543077741
0.346940370796428,0.35774812283004787
0.43593184990191,0.4311020365762924
0.242070633833219,0.24114473449203797
0.611167762289279,0.6115063134358117
