target,moment
0.027820599079132,0.027382627468362734
0.0201410956216747,0.020336103979562016
0.0324071002006531,0.03210714747561719
0.0205700993537903,0.0034066000648850145
0.0137092995643615,0.0007750174524637541
0.0069309997558593,0.001994781493645482
0.0169324004650116,0.016680805895448375
0.0397819995880127,0.038785846618643476
0.0110084998607635,0.0012055165972230386
0.0042943000793457,0.0007286036794451475
0.0133872343614895,0.005654819699685053
