target,moment
0.5966899215627174,0.4933644517705911
