target,moment
1.0,1.0
1.1653886874577344,1.0093399138000105
1.46582448028563,1.502037720521538
0.290375033726921,0.4075319706378359
0.30970427614909,0.3987507420917248
0.243933976608377,0.2312809700144136
0.6319552448743309,0.49380289692040436
