target,moment
0.22917583058361105,0.2166100126598112
0.27075076637761153,0.27111028758225775
0.09372640688271189,0.10139785670843976
0.0516752163552025,0.07551499254036777
0.037245591969565665,0.049233702199250606
0.04152731211420391,0.040229517083395706
0.2758988757170934,0.24590363122647713
