target,moment
0.5802974826634877,0.4998668177831692
