target,moment
0.0013881067944041,0.0015651251543118516
