target,moment
0.027820599079132,0.027607808735467473
0.0201410956216747,0.02037119604814961
0.0324071002006531,0.03255333835890779
0.0205700993537903,0.003614162742362326
0.0137092995643615,0.0008864746026486995
0.0069309997558593,0.0022300556460768894
0.0169324004650116,0.01665688802294325
0.0397819995880127,0.038800506083042564
0.0110084998607635,0.0013363504766054934
0.0042943000793457,0.0007897589982859657
0.0073146998882293,0.0025248911902190497
0.0135465587074145,0.003773396114198257
