target,moment
1.0,1.0
1.08968319541132,1.0745350240246179
1.17541345258769,1.2414582534305616
0.346940370796428,0.35747375869399156
0.43593184990191,0.43026277514977235
0.242070633833219,0.24095334597075513
0.611167762289279,0.6114782789882109
