target,moment
0.623819464513346,0.6809113558408076
