target,moment
0.2040428289529481,0.2148435322010363
0.2255852454372509,0.23710963774716015
0.0643218875038216,0.06694238651802936
0.1031564938626009,0.1649810108250636
0.0320219615813117,0.03590355452329012
0.0530585619633796,0.056814534416624374
0.018329400868127,0.017867736982541266
0.0189912032396071,0.023481510911109
0.0265511265560509,0.02655440885605478
0.0104250119775051,0.011166080034177106
0.0209966612555152,0.021144134291956534
0.2225196168018815,0.12319147269295751
