target,moment
0.0168692,0.01781022967026325
