target,moment
133.80077245805202,133.6993709223428
