target,moment
0.027820599079132,0.027552561949774707
0.0201410956216747,0.020390773843410485
0.0324071002006531,0.032610397249916136
0.0205700993537903,0.003629661335805239
0.0137092995643615,0.0008116057491708026
0.0069309997558593,0.002106115273398118
0.0169324004650116,0.01666059656261749
0.0397819995880127,0.038862685987857346
0.0110084998607635,0.0012696787113149286
0.0042943000793457,0.0007686199483780224
0.0133872343614895,0.006037999963467038
