target,moment
1.0,1.0
0.8725795027488233,1.0202144370982043
0.854808293224731,0.8847965085471625
0.621549138483011,0.7917831476697819
0.597797984767889,0.5884770968353674
0.293805456329383,0.29855816829553455
0.97595829268538,0.9168918406826003
0.7580583490804771,0.8926202713272945
0.386667563757739,0.36329293764726334
0.525456673586441,0.5190671149018898
0.569474829535268,0.4253827279076221
