target,moment
0.0168692,0.016858218637610868
