target,moment
0.4000000000000001,0.39849700708287783
