target,moment
1.0,1.0
1.08968319541132,1.0828803822121253
1.17541345258769,1.1674382516251107
0.346940370796428,0.3573709458115224
0.43593184990191,0.43084380298282887
0.242070633833219,0.2411563172237772
0.611167762289279,0.611328999963326
