target,moment
0.6552063296244461,0.5520680200070535
