target,moment
0.2165556656512729,0.1875760918619752
0.233729031160127,0.21138142752142117
0.0672049461385212,0.06274180169603406
0.1094507590702438,0.17597003567853917
0.0339758263448995,0.03208389800592215
0.0562960172915832,0.05809748612942069
0.2827877543433519,0.27214925910668736
