target,moment
0.1614240754453979,0.02979633871057068
0.0796894569609718,0.023697360839676745
0.1065140407029641,0.033486403831966945
0.0278489473370487,0.017799090408695522
0.0264310737208627,0.02477313125866937
