target,moment
0.08029173,0.07954148893621205
