target,moment
0.2165556656512729,0.21915439985591734
0.233729031160127,0.21449638849127273
0.0672049461385212,0.06210651949737676
0.1094507590702438,0.14201756333342203
0.0339758263448995,0.030409968012303844
0.0562960172915832,0.05378596936752764
0.2827877543433519,0.27802919144217964
