target,moment
0.015629,0.01569236538830415
