target,moment
133.80077245805202,133.82526203724723
