target,moment
0.1751865756148681,0.17383218751051405
0.2001621027511576,0.1941376204761461
0.050035938846638414,0.047523070579423225
0.1712483632164148,0.2242122881651454
0.029009336304564325,0.02869497271522789
0.06889482157141995,0.07070728257855798
0.30546286169493675,0.26089257797498533
