target,moment
0.0168692,0.017391504296549017
