target,moment
0.2165556656512729,0.21238429257826294
0.233729031160127,0.2164694188167338
0.0672049461385212,0.0625094908283969
0.1094507590702438,0.14325943548367423
0.0339758263448995,0.030684314023964553
0.0562960172915832,0.054246542914462
0.2827877543433519,0.28044650535450555
