target,moment
0.0251697,0.048402293660885665
0.0170519152063842,0.017130901609994195
0.0318099,0.03324463399306987
0.0130792,0.013022542037763716
0.0100246,0.01039869647058852
0.0082411,0.008894258474643106
0.0142723639866622,0.014793041573717237
