target,moment
0.000729426174,0.0007306380459079428
