target,moment
1.0,1.0
1.08968319541132,1.0826489929736658
1.17541345258769,1.1669811258320828
0.346940370796428,0.35735702947339354
0.43593184990191,0.43066288102395145
0.242070633833219,0.24145752477699461
0.611167762289279,0.6114982639906114
