target,moment
1.0,1.0
1.1093060627438938,1.0992250208206138
1.0890928723937368,1.1075792922387995
0.367043480449875,0.45879671043900055
0.5085252505408143,0.5286814956014976
0.2607461688284123,0.2664607227951763
1.0641859095465398,1.0363774430124795
0.8026111746290906,0.900988728951622
0.4870096783191633,0.48153597183346947
0.661639975707156,0.6586215835075736
0.4925138914117966,0.36584921899014666
