target,moment
0.0245001006126403,0.024635648603994253
0.0166728529938655,0.016781421311876057
0.026430299282074,0.026366552597780975
0.0056323999166488,0.0004946558497824763
0.0104751002788543,0.0006709960004112063
0.0063905000686645,8.999609212968958e-05
0.0161208999156951,0.016121800950815585
0.0221616005897522,0.021900641092430992
0.0096591997146606,0.0021709902328207213
0.0025066998600959,0.0004039913969551158
0.0052693998813629,0.008013497956347896
0.0181915914210215,0.00468723201265679
