target,moment
0.000729426174,0.0006618741448330904
