target,moment
0.0251697,0.05911869341303774
0.0170519152063842,0.017864357725229502
0.0318099,0.033961453149403985
0.0130792,0.012388930936352153
0.0100246,0.008901530465229537
0.0082411,0.008021396447608195
0.0142723639866622,0.014743881352349865
