target,moment
0.0251697,0.029383372488146934
