target,moment
0.6000000000000001,0.6001172231767207
