target,moment
0.3499061550503732,0.5876144129985319
0.1200626194103338,0.0632737577321376
0.1211887588058545,0.06530912649712488
0.0035804162844133,0.010594040785934464
0.0004965786572176,0.008553208671555537
0.002462693476303,0.0027421738935045343
0.0600304680464258,0.031818434419523325
