target,moment
0.5675941117618736,0.5266997340746358
