target,moment
0.09277,0.09275119262784631
