target,moment
112.50740314449499,108.34338379211735
