target,moment
0.0087725,0.0086921037431574
-0.0158656,-0.015664278518486154
-0.0098115999999999,-0.009787828929267169
