target,moment
144.805237277966,144.85518566866136
