target,moment
0.071287577,0.07657125241671109
