target,moment
0.0010511297188773,0.0013348843993562262
