target,moment
0.0168692,0.019035494855503387
