target,moment
1.0,1.0
1.12486249880066,1.1079010663511912
1.7226948883444433,1.7220164513271388
0.319029058542619,0.400119684342195
0.5461525338715817,0.544772415542852
0.2371531459427943,0.22841608062663504
0.6203140257931349,0.5303317415230145
