target,moment
0.22639965217033775,0.2317923781922103
0.2555175999217536,0.26263085522789176
0.08838218925838605,0.08964307591430143
0.06672609787980903,0.084847483738006
0.03866210398499294,0.038808162104661655
0.044845980916151246,0.043500022142348285
0.27946637586856915,0.24877802268058044
