target,moment
0.0012964180850648,0.0015064793806507232
