target,moment
0.09277,0.09310587714944393
