target,moment
0.0251697,0.04551385210481039
0.0170519152063842,0.016668445562417398
0.0318099,0.03454178595559355
0.0130792,0.0009241988953885276
0.0100246,0.0007770328879138987
0.0082411,0.0024307423698716937
0.0142723639866622,0.00474162516265324
