target,moment
0.1723744735734453,0.16252480184263074
0.2001836313003392,0.2051713787862354
0.0492327599199353,0.05145947665912681
0.1684994775206873,0.2219650476468407
0.0285436772575964,0.028197736377102316
0.0677889190917095,0.06946450831594868
0.0151000451551628,0.014271494034462666
0.0183072062654951,0.021724961103675697
0.0333863766260561,0.031890328858175554
0.0211154118936726,0.020903251874706232
0.2254680213959001,0.17242701450109513
