target,moment
1.0,1.0
1.08968319541132,1.0753302327640901
1.17541345258769,1.1658598423865403
0.346940370796428,0.36498415076590873
0.43593184990191,0.4329144403270297
0.242070633833219,0.24271356596824484
0.611167762289279,0.606764059283824
