target,moment
0.5418056800884126,0.5911595873081489
