target,moment
0.0251697,0.02938282194194006
