target,moment
1.0,1.0
1.08968319541132,1.09424018242797
1.17541345258769,1.1771400075784775
0.346940370796428,0.36110681429782937
0.43593184990191,0.43384290324471064
0.242070633833219,0.24348141342317256
0.611167762289279,0.6194504166346672
