target,moment
0.3499061550503732,0.5876000004772833
0.1200626194103338,0.0632700802634202
0.1211887588058545,0.06530637151102685
0.0035804162844133,0.010593720353041706
0.0004965786572176,0.008552985387965801
0.002462693476303,0.0027420742197292445
0.0600304680464258,0.03181739162423456
