target,moment
0.0087725,0.008771638244036435
