target,moment
0.0168692,0.01696904880482475
