target,moment
151.91034289697,148.43841203526364
