target,moment
0.0300081992149352,0.04856175912949052
0.0207330098716365,0.01930639816691421
0.0322175002098083,0.03241124906657882
0.0214057993888854,0.003868456837914087
0.0116769003868103,0.0005589934776031879
0.0065573000907897,0.0011342043005793982
0.0163961779388818,0.005260292054556989
