target,moment
0.0049881042128566,0.00496804731844724
