target,moment
0.0251697,0.0496209741243439
0.0170519152063842,0.01787506655746901
0.0318099,0.032845532502114916
0.0130792,5.9604025468803004e-05
0.0100246,1.4402820265239793e-06
0.0082411,0.000404828012062512
0.0142723639866622,0.01051817574204836
