target,moment
0.2231018948431125,0.23139468902010246
0.2523624953516605,0.2614773176334988
0.08319870182227622,0.08518518026521134
0.07230853448477342,0.09082095783253841
0.036863738893027555,0.03585038833741816
0.045962281893144004,0.045265632889083814
0.019562476791566315,0.019356155604772454
0.018054121315865593,0.02003950170307966
0.02145579445768972,0.021799925239934095
0.023854669523338895,0.024510828312285602
0.20327529062354538,0.16429942316207524
