target,moment
0.0021722483579462,0.002170771278921446
