target,moment
0.1723744735734453,0.1632347503016795
0.2001836313003392,0.20503213679422042
0.0492327599199353,0.05149175000910483
0.1684994775206873,0.22197844356431198
0.0285436772575964,0.028148833999279987
0.0677889190917095,0.0694007965645015
0.0151000451551628,0.014299734137948111
0.0183072062654951,0.02181107975233332
0.0333863766260561,0.03180280594525333
0.0211154118936726,0.020867209167631417
0.2254680213959001,0.17193245976373558
