target,moment
1.0,1.0
1.08968319541132,1.0742726394387825
1.17541345258769,1.1655399971430231
0.346940370796428,0.3648246007426796
0.43593184990191,0.4326549285241185
0.242070633833219,0.2425377277597513
0.611167762289279,0.6067625955346369
