target,moment
0.003549953,0.0034949667874216465
