target,moment
1.0,1.0
1.08968319541132,1.0826530860127717
1.17541345258769,1.1692668450936206
0.346940370796428,0.35751255209204885
0.43593184990191,0.4307044598494339
0.242070633833219,0.24100191276686045
0.611167762289279,0.6112877991443507
