target,moment
0.0005835409391999,0.0005659102132200379
