target,moment
0.0251697,0.0293985106312343
