target,moment
0.3499061550503732,0.5776929076127875
0.1200626194103338,0.06313167857595937
0.1211887588058545,0.06523655488639196
0.0035804162844133,0.010642258934668278
0.0004965786572176,0.008457028880128397
0.002462693476303,0.002759023281118499
0.0600304680464258,0.032057171605559695
