target,moment
0.0271153998374939,0.050966865736871377
0.0196497251220701,0.019477184958169504
0.0327895998954773,0.03196025568167684
0.0199785995483398,0.0023819951525202742
0.0119567000865936,0.0004381589983951699
0.0070642000436782,0.0014700674146222602
0.0133879283598441,0.006063951065107661
