target,moment
0.000729426174,0.0006728716769842455
