target,moment
0.0251697,0.05496958290125156
0.0170519152063842,0.018713945769144407
0.0318099,0.034724564033796285
0.0130792,0.012510497976918685
0.0100246,0.008928829041875114
0.0082411,0.008060356103047119
0.0142723639866622,0.015494998385019894
