target,moment
1.0,1.0
1.08968319541132,1.0816006194901213
1.17541345258769,1.1665478269541267
0.346940370796428,0.3576028582772837
0.43593184990191,0.43086077946695106
0.242070633833219,0.2410317221660428
0.611167762289279,0.6114513881780831
