target,moment
0.2165556656512729,0.21466047449390738
0.233729031160127,0.2160092172693874
0.0672049461385212,0.06253936398690364
0.1094507590702438,0.14260774678078436
0.0339758263448995,0.03052877585836667
0.0562960172915832,0.05399863265161906
0.2827877543433519,0.27965578895903154
