,beta,alpha
0,0.6192137547614137,0.5932231109381432
1,0.3807862452385864,0.36771956012453394
