target,moment
90.663631358,90.6750980205077
