target,moment
1.0,1.0
1.08968319541132,1.0736119212940798
1.17541345258769,1.1692330287179749
0.346940370796428,0.3721047161429604
0.43593184990191,0.43494919092376055
0.242070633833219,0.2434387074260683
0.611167762289279,0.6066725365268465
