target,moment
0.2165556656512729,0.18619610952102833
0.233729031160127,0.2115491570336561
0.0672049461385212,0.06259649739966042
0.1094507590702438,0.17396517414009086
0.0339758263448995,0.03215446246172371
0.0562960172915832,0.05829179485482229
0.2827877543433519,0.2752468045890182
