target,moment
0.0168692,0.0176647679993954
