target,moment
90.663631358,91.48434569895713
