target,moment
1.0,1.0
1.08968319541132,1.0742725491862526
1.17541345258769,1.1653169241667354
0.346940370796428,0.36484085339702665
0.43593184990191,0.4326686754045254
0.242070633833219,0.2425446805810187
0.611167762289279,0.6068099682209881
