target,moment
0.2165556656512729,0.19281342351736622
0.233729031160127,0.20927896899156712
0.0672049461385212,0.06251430278060428
0.1094507590702438,0.17468936301795082
0.0339758263448995,0.03183777351005099
0.0562960172915832,0.05757562448463281
0.2827877543433519,0.2712905436978278
