target,moment
0.003549953,0.00350835852560307
