target,moment
0.5319924347316454,0.7732860527440968
