target,moment
0.2165556656512729,0.18307462050689452
0.233729031160127,0.2072658198955567
0.0672049461385212,0.0667710017282343
0.1094507590702438,0.17627965622242697
0.0339758263448995,0.0343038945391123
0.0562960172915832,0.057848356352395595
0.2827877543433519,0.2744566507553796
