target,moment
0.000729426174,0.0006841112799867981
