target,moment
0.0251697,0.05668341824987567
0.0170519152063842,0.018147949729277902
0.0318099,0.0342038433736509
0.0130792,0.012412372211443763
0.0100246,0.008862306868262379
0.0082411,0.008041163431237525
0.0142723639866622,0.014944593763262966
