target,moment
0.0087725,0.008630298124896083
-0.0128385999999999,-0.012625846994503444
