target,moment
0.000729426174,0.0006681654501827902
