target,moment
0.1723413565516609,0.15244787151319159
0.2001451715125225,0.19565600488253673
0.0492233011970225,0.049062663234772944
0.168467104972989,0.20741492451329013
0.0285381933738058,0.02734159981588989
0.0677758953123543,0.0678813640933994
0.0150971440961255,0.013837604055833785
0.0183036890385174,0.020767186562833072
0.0333799623505598,0.031366856991903336
0.0211113551470954,0.020377406063113897
0.0071838887952674,0.0072194553552904096
0.2184329376520792,0.20662706291794483
