target,moment
1.0,1.0
1.058411759295884,1.0530890987154111
1.74967104271885,1.7459645455235788
0.285176720921881,0.29423647076276105
0.426932142074112,0.43168503613001385
0.23712330215305,0.23595595732637142
0.6063010111159793,0.5918878384541131
