target,moment
0.09277,0.13499645977891792
