target,moment
0.0272150993347168,0.027366614534512737
0.0198612958213846,0.019229203889898117
0.0336788010597229,0.03304679552065516
0.0202242994308472,0.002385413483073449
0.0126970994472504,0.0004585802888797176
0.0070159000158309,0.0013346537177937052
0.0156765346800324,0.005649525713203089
