target,moment
0.0251697,0.047292896614481064
0.0170519152063842,0.017521222360531875
0.0318099,0.032403129664463785
0.0130792,0.012591748289877452
0.0100246,0.009270114525901665
0.0082411,0.00812489023034062
0.0142723639866622,0.014580071232008853
