target,moment
0.0251697,0.04847906072434659
0.0170519152063842,0.017203906437147417
0.0318099,0.03377571860109601
0.0130792,0.001040589701152727
0.0100246,0.0008389370327092452
0.0082411,0.002644019140992041
0.0142723639866622,0.005696009168514616
