target,moment
0.2165556656512729,0.19280624548567024
0.233729031160127,0.2092699849887507
0.0672049461385212,0.06249615161039967
0.1094507590702438,0.1746953490813986
0.0339758263448995,0.031838704664905244
0.0562960172915832,0.05757758607397529
0.2827877543433519,0.2713159780949002
