target,moment
0.5823549874673715,0.655541156301728
