target,moment
0.09277,0.09837446127509306
