target,moment
1.0,1.0
0.8725795027488233,0.8798493022729842
0.854808293224731,0.8890071740869844
0.621549138483011,0.8043650179573076
0.597797984767889,0.5994125037627702
0.293805456329383,0.3007262760608949
0.97595829268538,0.9202751450329678
0.7580583490804771,0.8970365539289475
0.386667563757739,0.368892649311072
0.525456673586441,0.5200169928845004
0.569474829535268,0.4300485148562381
