target,moment
0.2165556656512729,0.2083451014257616
