target,moment
0.0251697,0.02639296492874892
0.0170519152063842,0.016024014536616782
0.0318099,0.030914229338853298
0.0130792,0.0008777851505316466
0.0100246,0.0009383546111624333
0.0082411,0.003148852321171388
0.0142723639866622,0.005485254008299377
