target,moment
1.0,1.0
1.08968319541132,1.0748924288581534
1.17541345258769,1.166071019859016
0.346940370796428,0.36590755190915786
0.43593184990191,0.43312753854485325
0.242070633833219,0.24911022491851686
0.611167762289279,0.6071553593873212
