target,moment
0.003549953,0.0030534058171108555
