target,moment
0.09277,0.09175973817124757
