target,moment
0.1723413565516609,0.15270963505608023
0.2001451715125225,0.19582961207207
0.0492233011970225,0.048921987069356986
0.168467104972989,0.20724909106329756
0.0285381933738058,0.027305306189806776
0.0677758953123543,0.06786684984354897
0.0150971440961255,0.01384298023665705
0.0183036890385174,0.020799765815398132
0.0333799623505598,0.031343318368535975
0.0211113551470954,0.020376212228166466
0.0071838887952674,0.0072148685431803194
0.2184329376520792,0.20654037351390148
