target,moment
1.0,1.0
1.08968319541132,1.0936394265712295
1.17541345258769,1.177369289674929
0.346940370796428,0.36101717204330835
0.43593184990191,0.43379596417871075
0.242070633833219,0.24281991269959186
0.611167762289279,0.6190047183645339
