target,moment
0.0010892108654425,0.0010747956983409668
