target,moment
0.0168692,0.01686877098291882
