target,moment
0.002222990584914566,0.002140284685000618
