target,moment
0.0251697,0.029267185689166655
