target,moment
0.3499061550503732,0.5920447539418382
0.1200626194103338,0.0633262724798844
0.1211887588058545,0.06539018484723717
0.0035804162844133,0.010560051059693765
0.0004965786572176,0.008598362343896783
0.002462693476303,0.002731063874139529
0.0600304680464258,0.031664538555478974
