target,moment
0.0168692,0.016062102239611287
