target,moment
0.0251697,0.06247695660338966
0.0170519152063842,0.016847285730947303
0.0318099,0.03806860796128343
0.0130792,0.01233981759744609
0.0100246,0.009342015672256449
0.0082411,0.00834175836349547
0.0142723639866622,0.014278030048420444
