target,moment
0.015629,0.0157375614689129
