target,moment
0.09277,0.09386650252596243
