target,moment
133.80077245805202,133.88988302970827
