target,moment
52.059453405937994,52.10474499932316
