target,moment
90.663631358,91.21674841436783
