target,moment
1.0,1.0
1.08968319541132,1.0723747354537438
1.17541345258769,1.1532254360581635
0.346940370796428,0.3642338050452656
0.43593184990191,0.431861326629471
0.242070633833219,0.24186727048412218
0.611167762289279,0.6055596999159782
