target,moment
0.0168692,0.017092809066540926
