target,moment
1.0,1.0
1.08968319541132,1.0942118076726917
1.17541345258769,1.1761542331376431
0.346940370796428,0.36110100388458916
0.43593184990191,0.4338357546463435
0.242070633833219,0.24284706864426156
0.611167762289279,0.6194472726719505
