target,moment
0.4361486759670805,0.06078349269090591
0.1457215335577039,0.6764237902436441
