target,moment
0.0087725,-0.03114331369492268
-0.0128385999999999,-0.008517370042436946
