target,moment
0.07725506,0.08569755623825133
