target,moment
90.663631358,90.93128377526226
