target,moment
0.2165556656512729,0.18616628469421004
0.233729031160127,0.2102570202797367
0.0672049461385212,0.06241638454458615
0.1094507590702438,0.176389941409647
0.0339758263448995,0.03214754762736709
0.0562960172915832,0.05813112831795527
0.2827877543433519,0.2744916931264979
