target,moment
0.09277,0.09280533832671298
