target,moment
1.0,1.0
1.08968319541132,1.0742363490157356
1.17541345258769,1.1651034681151162
0.346940370796428,0.3648300313318373
0.43593184990191,0.432636988592788
0.242070633833219,0.2425410088371184
0.611167762289279,0.6068341141547522
