target,moment
0.0168692,0.017454654750421735
