target,moment
90.663631358,91.73356572934813
