target,moment
0.002222990584914566,0.0020571389825758814
