target,moment
90.663631358,92.81051257342523
