target,moment
0.0168692,0.017065483394504512
