target,moment
0.0168692,0.01723770187157029
