target,moment
0.0264829993247986,0.052112701616238585
0.0175671971169762,0.018099326698939
0.0292348003387451,0.031056590460689044
0.0094033002853393,0.0008188336146073207
0.0106198000907898,0.000790579597261836
0.007359099984169,0.0024572379877826826
0.0146912627251082,0.005389788702412471
