target,moment
0.0251697,0.04662226622276519
0.0170519152063842,0.016876875785397146
0.0318099,0.034201148526918725
0.0130792,0.0009655807495707918
0.0100246,0.0008020139488294336
0.0082411,0.0025135144084762464
0.0142723639866622,0.005063280175311573
