target,moment
0.09277,0.08897800440539466
