target,moment
144.80523727796603,143.65603613474408
