target,moment
0.1723413565516609,0.21401538730606925
0.2001451715125225,0.20279612761308402
0.0492233011970225,0.06017436471037363
0.168467104972989,0.17016209535585664
0.0285381933738058,0.02159246365798331
0.0677758953123543,0.05619796295777621
0.0150971440961255,0.015006469706148703
0.0183036890385174,0.026149486777836496
0.0333799623505598,0.027148819997578306
0.0211113551470954,0.018283271744002877
0.0071838887952674,0.006164422309828793
0.2184329376520792,0.18230912786346176
