target,moment
0.0251697,0.046133791768616136
0.0170519152063842,0.01719100150958292
0.0318099,0.031917074265005424
0.0130792,0.012603067602270175
0.0100246,0.00937615482272545
0.0082411,0.00813785910257698
0.0142723639866622,0.014308238249885922
