target,moment
52.059453405938,51.978584761791346
