target,moment
0.000729426174,0.0007305093106715268
