target,moment
0.0251697,0.05004546812133521
0.0170519152063842,0.017429942160152773
0.0318099,0.03259874286807477
0.0130792,5.876197353811699e-05
0.0100246,1.3969335244639845e-06
0.0082411,0.0003890921302596729
0.0142723639866622,0.010360778732977286
