target,moment
1.0,1.0
1.08968319541132,1.082651377550964
1.17541345258769,1.1669833798799405
0.346940370796428,0.35735830192283474
0.43593184990191,0.4306644458803173
0.242070633833219,0.24145841872460452
0.611167762289279,0.6115000616657149
