target,moment
0.1723744735734453,0.16292562784577572
0.2001836313003392,0.20496250253042286
0.0492327599199353,0.05131687931466521
0.1684994775206873,0.22186062185551148
0.0285436772575964,0.02821950210781832
0.0677889190917095,0.06957544930492834
0.0151000451551628,0.014227606994688342
0.0183072062654951,0.021656906575319036
0.0333863766260561,0.03192350828024841
0.0211154118936726,0.02058852680477206
0.2254680213959001,0.17274286838585037
