target,moment
0.6915901651511389,0.7941013535036014
