target,moment
0.0168692,0.019037453901120948
