target,moment
90.663631358,90.76495450808885
