target,moment
90.663631358,91.04068738927425
