target,moment
0.0251697,0.0525120706666657
0.0170519152063842,0.016844113362572632
0.0318099,0.03233827391365931
0.0130792,0.0014003892165966728
0.0100246,0.0012054146595401498
0.0082411,0.004084918546334476
0.0142723639866622,0.005299477997812514
