target,moment
1.0,1.0
1.08968319541132,1.0742733083649807
1.17541345258769,1.165635563490934
0.346940370796428,0.36481789211317417
0.43593184990191,0.4326519168210625
0.242070633833219,0.24253593809412408
0.611167762289279,0.6067353419627015
