target,moment
1.0,1.0
1.0930777059511088,1.0912267776329803
1.17541345258769,1.1769353696729214
0.346771653959122,0.3522423256052067
0.435719747133782,0.43743667001679126
0.241952910075955,0.242363342775412
1.00152170325136,1.00148192213901
0.770342027427148,0.7773635724363155
0.450288180056851,0.450077112749334
1.04371974139227,1.0478635693546905
0.653966544013067,0.653914293915715
0.4017735881616045,0.3915088526584061
