target,moment
0.2040428289529481,0.213100722327198
0.2255852454372509,0.2381667262171803
0.0643218875038216,0.06707320164523571
0.1031564938626009,0.16512953602394057
0.0320219615813117,0.035934433793330015
0.0530585619633796,0.05685940138883527
0.018329400868127,0.01799074127356004
0.0189912032396071,0.02353132073715582
0.0265511265560509,0.026575247607291456
0.0104250119775051,0.01119090172269588
0.0209966612555152,0.021161685528221553
0.2225196168018815,0.12328608173535532
