target,moment
1.0,1.0
0.6774778883492533,0.7054705149841421
1.2638172087867556,1.345064611527858
0.5196406790704696,0.4993179741128747
0.3982804721550118,0.3560156113754106
0.32742146310842,0.3293030694122974
0.5670454549185012,0.5835661355422936
