target,moment
1.0,1.0
1.08968319541132,1.0941705713911871
1.17541345258769,1.1761088972566784
0.346940370796428,0.3610996283256351
0.43593184990191,0.43383684394643673
0.242070633833219,0.24298461448247938
0.611167762289279,0.6194259079914014
