target,moment
0.1723744735734453,0.1631408703561043
0.2001836313003392,0.20552507250365945
0.0492327599199353,0.05150450870341054
0.1684994775206873,0.22234371074450673
0.0285436772575964,0.028270838821495146
0.0677889190917095,0.06927694913205316
0.0151000451551628,0.014271239654985578
0.0183072062654951,0.02172880091967188
0.0333863766260561,0.03198456052313165
0.0211154118936726,0.020960053647475125
0.2254680213959001,0.17099339499350655
