target,moment
0.2214072451001777,0.2139098249278736
0.2636500635920867,0.2691894529248327
0.09043198451352495,0.09781660596132653
0.04993493810867341,0.07548781471336628
0.03671665831664045,0.048503308347187274
0.04005118359925667,0.04145514722650098
0.019922137222697395,0.017600702166132676
0.015222884599582773,0.01893523704719351
0.03553290159457308,0.026445203438699945
0.022580518157466315,0.019608102039429257
0.20454948519532062,0.17104860120745716
