target,moment
1.0,1.0
1.08968319541132,1.1250161044982698
1.17541345258769,1.1731413070096415
0.346940370796428,0.3580356589580704
0.43593184990191,0.43115848177477994
0.242070633833219,0.241327562551111
0.611167762289279,0.6135989886256284
