target,moment
0.2165556656512729,0.2168369382804031
0.233729031160127,0.21136211072084338
0.0672049461385212,0.06320534152796572
0.1094507590702438,0.14218537685053761
0.0339758263448995,0.03064092280765615
0.0562960172915832,0.05430204356868833
0.2827877543433519,0.2814672662439057
