target,moment
1.0,1.0
1.0930777059511088,1.0914428738762236
1.17541345258769,1.1792400360367077
0.346771653959122,0.3523919994610057
0.435719747133782,0.4374681113050056
0.241952910075955,0.24238116926250527
1.00152170325136,1.0037079753285914
0.770342027427148,0.7788078893193235
0.450288180056851,0.45010735316053696
1.04371974139227,1.0518965938497218
0.653966544013067,0.6539517432186466
0.4017735881616045,0.39152258509614196
