target,moment
0.015629,0.015470585977211251
