target,moment
1.0,1.0
1.08968319541132,1.0810221602054675
1.17541345258769,1.166590827170703
0.346940370796428,0.3575088152103898
0.43593184990191,0.430781990080869
0.242070633833219,0.2409777546739855
0.611167762289279,0.6111975175850614
