target,moment
1.0,1.0
1.08968319541132,1.081589777040232
1.17541345258769,1.1667237304901787
0.346940370796428,0.35703879839090563
0.43593184990191,0.43050337088060975
0.242070633833219,0.24100286287007053
0.611167762289279,0.6106853273565236
