target,moment
0.0168692,0.01680166016047114
