target,moment
52.059453405938,51.257770793051215
