target,moment
0.01463,0.015987984441933552
