target,moment
90.663631358,91.23905018136458
