target,moment
0.0168692,0.024108987977291475
