target,moment
0.1723413565516609,0.16350388809712457
0.2001451715125225,0.20403649715632557
0.0492233011970225,0.05150190723554384
0.168467104972989,0.21977192332104423
0.0285381933738058,0.02833032240870737
0.0677758953123543,0.07026138627837945
0.0150971440961255,0.01335880701029702
0.0183036890385174,0.021900117916892035
0.0333799623505598,0.03215769585064868
0.0211113551470954,0.02115670014152147
0.0071838887952674,0.00734627712719877
0.2184329376520792,0.1666744774563169
