target,moment
0.5818702095245367,0.6812628960078073
