,beta,alpha
0,0.6199359541964331,0.5974165150613804
1,0.38006404580356684,0.36193765782410836
