target,moment
0.0005105983218,0.00048020572096995647
