target,moment
0.0251697,0.04702238861425526
0.0170519152063842,0.01752461042366618
0.0318099,0.03244547002195249
0.0130792,0.012594732430877817
0.0100246,0.009282883795621713
0.0082411,0.008125743563004315
0.0142723639866622,0.014572873502410112
