target,moment
0.09277,0.09598497513660895
