target,moment
0.027820599079132,0.027569707051835556
0.0201410956216747,0.020387141928861843
0.0324071002006531,0.03238795865397929
0.0205700993537903,0.0035732854909328593
0.0137092995643615,0.0007930063012003851
0.0069309997558593,0.002060036619669713
0.0169324004650116,0.016668252816737148
0.0397819995880127,0.03885046575498335
0.0110084998607635,0.001238059221824284
0.0042943000793457,0.0007483971395332311
0.0133872343614895,0.005927187730304193
