target,moment
0.1723744735734453,0.162503936227403
0.2001836313003392,0.20524980504344176
0.0492327599199353,0.051447657829737044
0.1684994775206873,0.22192319320016674
0.0285436772575964,0.028195641587706856
0.0677889190917095,0.0694670226722498
0.0151000451551628,0.014264978660458453
0.0183072062654951,0.021712076769834155
0.0333863766260561,0.03188922650705683
0.0211154118936726,0.02090311472581786
0.2254680213959001,0.1724433467761274
