target,moment
1.0,1.0
0.8725795027488233,0.8767234225252258
0.854808293224731,0.8844281642556511
0.621549138483011,0.8008143182651363
0.597797984767889,0.5916151089825387
0.293805456329383,0.30411393733722386
0.97595829268538,0.9223322212021515
0.7580583490804771,0.9198652690960241
0.386667563757739,0.3715804143216307
0.525456673586441,0.5272395530391178
0.569474829535268,0.4301034730294211
