target,moment
0.17185546850652328,0.16243878227980652
0.19958089519443048,0.20467778117646312
0.04908452421352653,0.05141387931198207
0.16799213974152544,0.22139866868459313
0.028457734641974913,0.02840745165738895
0.06758481234805774,0.06949392260954401
0.018065496224447447,0.014268333550754353
0.018252084804550192,0.02127910497464506
0.033285853049241775,0.03193109838433901
0.02105183516136547,0.020886799421903534
0.2247891561143566,0.17380417794858025
