target,moment
1.0,1.0
1.08968319541132,1.0669848569598306
1.17541345258769,1.1617113130225818
0.346940370796428,0.36235286887134
0.43593184990191,0.42957877881088063
0.242070633833219,0.24041701963489415
0.611167762289279,0.601766505878657
