target,moment
90.663631358,90.7116228151834
