target,moment
0.09277,0.09317402641756557
