target,moment
0.5742568253885177,0.47742899027545455
