target,moment
0.0168692,0.018016898954634493
