target,moment
0.0168692,0.017740981479314227
