target,moment
0.0251697,0.05208664152264389
0.0170519152063842,0.016834311141727752
0.0318099,0.03236241342558253
0.0130792,0.0013674925770976432
0.0100246,0.0011903464324333115
0.0082411,0.00403356490813838
0.0142723639866622,0.005158268929660152
