target,moment
0.027820599079132,0.027569848063608716
0.0201410956216747,0.020384596174480508
0.0324071002006531,0.03239323721296734
0.0205700993537903,0.0035714199600770007
0.0137092995643615,0.0007924019488891425
0.0069309997558593,0.002059313635994405
0.0169324004650116,0.016668669237220095
0.0397819995880127,0.038850957011444476
0.0110084998607635,0.0012998136955244253
0.0042943000793457,0.0007483021070001152
0.0133872343614895,0.005924900642685782
