target,moment
0.2165556656512729,0.21320770416809448
0.233729031160127,0.21617883028401585
0.0672049461385212,0.06250677624462432
0.1094507590702438,0.14312836102157164
0.0339758263448995,0.03064318715347964
0.0562960172915832,0.05418058459709482
0.2827877543433519,0.2801545565311193
