target,moment
0.0251696991920471,0.04943704556116046
0.0169424664104217,0.01937351101466788
0.0313091993331909,0.02923978579368564
0.0130791997909546,0.0020262334408312987
0.0100246000289917,0.0010147003306543844
0.0082410997152328,0.0034796762834571147
0.0197126996517181,0.015865389639069125
0.0252290010452271,0.023184625368493778
0.0106797003746033,0.0013696271858214689
0.0184949994087218,0.011252316835444308
0.0039844000339508,0.0005504083636217889
0.0127844897880634,0.007321473365174887
