target,moment
1.0,1.0
1.0930777059511088,1.0947494103777158
1.17541345258769,1.1797643994763207
0.346771653959122,0.35218861968965487
0.435719747133782,0.4375140026618142
0.241952910075955,0.24240318025495303
1.00152170325136,1.010824646043494
0.770342027427148,0.7798297852367099
0.450288180056851,0.4500671101790888
1.04371974139227,1.0521418446804491
0.653966544013067,0.6540885870082525
0.4017735881616045,0.3945088033462867
