target,moment
0.6464672105053918,0.5390925465702924
