target,moment
0.0168692,0.01683479139242927
