target,moment
0.0168692,0.019030230244177604
