target,moment
0.2165556656512729,0.19336044232102761
0.233729031160127,0.2086482270495464
0.0672049461385212,0.06265518382898021
0.1094507590702438,0.17455874553456918
0.0339758263448995,0.031815943237993284
0.0562960172915832,0.057595113769438225
0.2827877543433519,0.2713663442584451
