target,moment
0.5679426726969619,0.6501739884059031
