target,moment
82.198645766003,82.19794176554863
