target,moment
0.0087725,0.009246105988502989
