target,moment
90.663631358,89.77728955090534
