target,moment
0.0251697,0.053660122350946124
0.0170519152063842,0.0169515109671024
0.0318099,0.031630670328049906
0.0130792,3.4452960399571144e-05
0.0100246,1.3786175624106212e-06
0.0082411,0.0003732884038049291
0.0142723639866622,0.018023162568541494
