target,moment
0.0254016995429992,0.03423727542804377
0.0173011063094566,0.019675894704700023
0.0305963401794433,0.03014844219335428
0.0121393401622772,0.0011454206164714811
0.0099260600805282,0.000606461934555342
0.0076613999605178,0.0017540022954552273
0.0146046469553152,0.006141735883052293
