target,moment
0.0087725,0.008772567983279156
