target,moment
0.0251697,0.06683236003815654
0.0170519152063842,0.016778004929030994
0.0318099,0.03250570170098474
0.0130792,0.00017759734550688267
0.0100246,2.782643894358177e-06
0.0082411,0.0006538395770067016
0.0142723639866622,0.012053760556102333
