target,moment
115.59609403954832,115.55519407727617
