target,moment
0.000729426174,0.0006656686179284774
