target,moment
1.0,1.0
1.08968319541132,1.0742869836570639
1.17541345258769,1.1653711500363602
0.346940370796428,0.36483820268313305
0.43593184990191,0.4326659398281607
0.242070633833219,0.24254443927080463
0.611167762289279,0.6067927848390704
