target,moment
0.2165556656512729,0.21446954878274402
0.233729031160127,0.21563994286805332
0.0672049461385212,0.0625556686653526
0.1094507590702438,0.1432501884160008
0.0339758263448995,0.03067485483636056
0.0562960172915832,0.054204081612560996
0.2827877543433519,0.27920571481892775
