target,moment
0.2165556656512729,0.21337606140004975
0.233729031160127,0.21614035456048777
0.0672049461385212,0.06243601294822215
0.1094507590702438,0.1431024926411722
0.0339758263448995,0.03063563499585025
0.0562960172915832,0.05417265716044416
0.2827877543433519,0.28013678629377364
