target,moment
0.000729426174,0.0007278336962903909
