target,moment
1.0,1.0
1.08968319541132,1.082383602994642
1.17541345258769,1.1665521051991312
0.346940370796428,0.35723260984201655
0.43593184990191,0.43052493745513726
0.242070633833219,0.2414008811891473
0.611167762289279,0.6113055257696797
