target,moment
1.0,1.0
1.08968319541132,1.1280217179762255
1.17541345258769,1.1703554646981433
0.346940370796428,0.3575533817441445
0.43593184990191,0.4310768670119302
0.242070633833219,0.24228361735785575
0.611167762289279,0.6121067470267348
