target,moment
0.0251697,0.050104539837806675
0.0170519152063842,0.01748041584250287
0.0318099,0.03351567555001282
0.0130792,0.001101476784596089
0.0100246,0.0008708041795602292
0.0082411,0.002758540981995868
0.0142723639866622,0.006266713622887427
