target,moment
0.0251697,0.050349140929131626
0.0170519152063842,0.01712575316294323
0.0318099,0.03266773599421777
0.0130792,0.0015184765345109992
0.0100246,0.0010357727371485472
0.0082411,0.0033412817913134915
0.0142723639866622,0.006132279285835329
