target,moment
1.0,1.0
1.0930777059511088,1.0715412534321358
1.17541345258769,1.1846744746024545
0.346771653959122,0.4318066738008627
0.435719747133782,0.4594078620635124
0.241952910075955,0.24803202416259748
1.00152170325136,0.9880940579770701
0.770342027427148,0.8585250585907007
0.450288180056851,0.4478358402058297
1.04371974139227,1.0828687583316559
0.653966544013067,0.6535239853066953
0.4017735881616045,0.28664519433490415
