target,moment
0.2040428289529481,0.214484860863706
0.2255852454372509,0.23708593211062184
0.0643218875038216,0.06673894024932406
0.1031564938626009,0.16529804170172055
0.0320219615813117,0.0359814368454426
0.0530585619633796,0.05690817210441253
0.018329400868127,0.01785625453231621
0.0189912032396071,0.023407797282581525
0.0265511265560509,0.02660983650621494
0.0104250119775051,0.011152796098962216
0.0209966612555152,0.021191857269017247
0.2225196168018815,0.12328407443568025
