target,moment
0.0251697,0.04970162919768963
0.0170519152063842,0.017185387216124087
0.0318099,0.03240775032311041
0.0130792,0.00013780691350688095
0.0100246,1.8172202377222023e-06
0.0082411,0.0004810207537970074
0.0142723639866622,0.01263761193537601
