target,moment
0.2165556656512729,0.19281416348601585
0.233729031160127,0.20932976375859683
0.0672049461385212,0.06259784023431662
0.1094507590702438,0.17467465357371914
0.0339758263448995,0.03183535961163863
0.0562960172915832,0.05757162507889409
0.2827877543433519,0.27117659425681884
