target,moment
0.09277,0.09626523859148407
