target,moment
0.1723744735734453,0.16259710106700465
0.2001836313003392,0.20549895691526246
0.0492327599199353,0.05154221870863387
0.1684994775206873,0.22114418038527622
0.0285436772575964,0.02822111465628584
0.0677889190917095,0.06951769480800661
0.0151000451551628,0.014281974240233537
0.0183072062654951,0.021758324282432476
0.0333863766260561,0.031920103137227596
0.0211154118936726,0.020921223729739313
0.2254680213959001,0.1725971080698974
