target,moment
90.663631358,86.4232580731366
