target,moment
82.198645766003,82.0201927839595
