target,moment
0.0168692,0.01905036434238113
