target,moment
0.0251697,0.04673977037054755
0.0170519152063842,0.01694584850381247
0.0318099,0.03417390596986278
0.0130792,0.0010029914313611648
0.0100246,0.0008322042744040076
0.0082411,0.0026049724604535066
0.0142723639866622,0.005264035024958008
