target,moment
1.0,1.0
1.08968319541132,1.0743188521894484
1.17541345258769,1.1656308280103245
0.346940370796428,0.36481838798880656
0.43593184990191,0.4326640605939645
0.242070633833219,0.24253648250970414
0.611167762289279,0.6067342669182271
