target,moment
0.2165556656512729,0.1928592428045644
0.233729031160127,0.2093345287800675
0.0672049461385212,0.06267223692016785
0.1094507590702438,0.17463883425750173
0.0339758263448995,0.03182872282301836
0.0562960172915832,0.05756291217343806
0.2827877543433519,0.27110352224124223
