target,moment
0.0251697,0.0594428110526288
0.0170519152063842,0.017515974274975966
0.0318099,0.03271864483095237
0.0130792,0.012354256610399078
0.0100246,0.00896060358211568
0.0082411,0.008020179635255831
0.0142723639866622,0.014536259684421198
