target,moment
0.5679426726969605,0.8022014700013446
