target,moment
1.0,1.0
1.08968319541132,1.0747478667078094
1.17541345258769,1.1656836492081304
0.346940370796428,0.36488605117862005
0.43593184990191,0.4327595146553505
0.242070633833219,0.24255660377758306
0.611167762289279,0.6068816623581778
