target,moment
0.015629,0.015731764006433877
