target,moment
1.0,1.0
1.047095403298588,0.876365175549514
0.854808293224731,0.8862069325805473
0.621549138483011,0.8017345201738999
0.597797984767889,0.5886413179631058
0.293805456329383,0.2992820023110551
0.97595829268538,0.9162053247409976
0.7580583490804771,0.8935988802054495
0.386667563757739,0.36818525391951146
0.525456673586441,0.5189738598748724
0.569474829535268,0.42923820480208036
