target,moment
0.000729426174,0.000728130369415303
