target,moment
0.2165556656512729,0.21428847671195392
0.233729031160127,0.21719916074525547
0.0672049461385212,0.062832942352961
0.1094507590702438,0.14089464378949978
0.0339758263448995,0.030341443556264006
0.0562960172915832,0.0536720089696153
0.2827877543433519,0.28077132387445053
