target,moment
0.0251696991920471,0.05068236238683925
0.0169424664104217,0.016435095373986342
0.0313091993331909,0.02485452041958737
0.0130791997909546,0.0017530760997397645
0.0100246000289917,0.0008771950836871055
0.0082410997152328,0.0030302662556717227
0.0197126996517181,0.0089911332556674
0.0252290010452271,0.01807664431594798
0.0106797003746033,0.001187351195724159
0.0184949994087218,0.006756862735737168
0.0039844000339508,0.00047680987453872157
0.0127844897880634,0.006284957917286372
