target,moment
0.09277,0.09269247824134978
