target,moment
0.0251697,0.05954933505489352
0.0170519152063842,0.01757099745403254
0.0318099,0.032957889285228005
0.0130792,0.012354946756910033
0.0100246,0.008938872822934131
0.0082411,0.008013446560216438
0.0142723639866622,0.014570188147967109
