target,moment
0.0087725,0.008762319505138479
