target,moment
0.09277,0.0954622479182953
