target,moment
0.0168692,0.0168350301345433
