target,moment
0.0047164777212821,0.004628838228067428
