target,moment
1.0,1.0
0.8725795027488233,0.8750226428431093
0.854808293224731,0.8860011939882172
0.621549138483011,0.7984779840386756
0.597797984767889,0.5914609538552916
0.293805456329383,0.30110214562978543
0.97595829268538,0.923949443098653
0.7580583490804771,0.9039179682594567
0.386667563757739,0.3695058859012211
0.525456673586441,0.52209875076697
0.569474829535268,0.42997251788030966
