target,moment
0.017496806,0.01761780899370093
