target,moment
0.0087725,0.008608689858492311
