target,moment
0.2165556656512729,0.21408040783476845
0.233729031160127,0.21751959626061085
0.0672049461385212,0.06289615480056256
0.1094507590702438,0.14095073532582997
0.0339758263448995,0.030357276474847653
0.0562960172915832,0.053694658621880345
0.2827877543433519,0.28050117068150016
