target,moment
1.0,1.0
1.169779356955504,1.0821248131445123
1.46582448028563,1.569408260599274
0.290375033726921,0.424295797504772
0.30970427614909,0.4143567537714511
0.243933976608377,0.23938723228697564
1.01571440390502,0.893467127534602
0.797917089604816,0.994752163648265
0.451563571369552,0.3378232317865219
0.580204853145497,0.5173261016737064
0.5121257436313819,0.40317811228522443
