target,moment
0.22229385118866596,0.21743624333699532
0.26540854425118116,0.2669429917074033
0.09091187273534361,0.10045268580240305
0.05012344811995622,0.0749818271367847
0.03612713460067847,0.049084348193112054
0.0402802778804035,0.04002699514450649
0.019883484121561504,0.017587313597490484
0.015190454856803903,0.019051341604930792
0.034751314712792754,0.02621289680350155
0.02133889131791143,0.019140591994386762
0.20369072621470147,0.16908276467848557
