target,moment
90.663631358,90.8656977050617
