target,moment
0.027820599079132,0.02384925971786027
0.0201410956216747,0.01769410502650339
0.0324071002006531,0.03316357850527178
0.0205700993537903,0.00280830119373418
0.0137092995643615,0.000877544351344685
0.0069309997558593,0.001496397797338303
0.0169324004650116,0.011092750859094986
0.0397819995880127,0.02538465928107599
0.0110084998607635,0.0013199892186987962
0.0042943000793457,0.0006728564438688051
0.0073146998882293,0.002771934459643212
0.0135465587074145,0.0031227595052446826
