target,moment
0.188316744348129,0.16680823547822257
0.1208054369835447,0.12271225142023093
0.1661803577326286,0.1448906141336651
0.0499610115268362,0.057609279914806626
0.0790051321704316,0.07695536242042192
