target,moment
0.0087725,0.00841739581395029
