target,moment
0.000729426174,0.0006914572777487028
