target,moment
0.0251697,0.039164416703265474
0.0170519152063842,0.017694461807392932
0.0318099,0.031983785115630735
0.0130792,0.012465631397294277
0.0100246,0.008968799893475467
0.0082411,0.008122990742258567
0.0142723639866622,0.015894302614436296
