target,moment
0.2165556656512729,0.20941367731424196
0.233729031160127,0.21720140572078547
0.0672049461385212,0.06261718736967473
0.1094507590702438,0.14366834409668938
0.0339758263448995,0.030762260726949327
0.0562960172915832,0.05442068063144002
0.2827877543433519,0.2819164441402192
