target,moment
0.2165556656512729,0.21327495696540832
0.233729031160127,0.2161672080929891
0.0672049461385212,0.06243015852282417
0.1094507590702438,0.143130942770218
0.0339758263448995,0.030643577953103858
0.0562960172915832,0.054183733242853624
0.2827877543433519,0.28016942245260296
