target,moment
82.198645766003,82.30041063147875
