target,moment
0.2165556656512729,0.21742178140808885
0.233729031160127,0.21487762653540224
0.0672049461385212,0.06257171742664996
0.1094507590702438,0.1422549131180738
0.0339758263448995,0.030476428894457435
0.0562960172915832,0.05390248887631092
0.2827877543433519,0.2784950437410167
