target,moment
0.0168692,0.017975532831197457
