target,moment
0.32000000000000006,0.32021911048148144
