target,moment
0.0251697,0.06766990132107867
0.0170519152063842,0.01717778933857143
0.0318099,0.033546741729389616
0.0130792,0.012560936217318117
0.0100246,0.009053080289395027
0.0082411,0.008136600553742726
0.0142723639866622,0.014559395180626229
