target,moment
0.2165556656512729,0.21400548404433387
0.233729031160127,0.21602412398263138
0.0672049461385212,0.06235028074944378
0.1094507590702438,0.14295779039043172
0.0339758263448995,0.03060506903193223
0.0562960172915832,0.054137129047582784
0.2827877543433519,0.27992012275364425
