target,moment
0.5679426726969605,0.5817998078616289
