target,moment
0.0251697,0.06745252652007061
0.0170519152063842,0.017272264957270876
0.0318099,0.0336630416244033
0.0130792,0.012582278726761372
0.0100246,0.00908207431839601
0.0082411,0.008179965769312115
0.0142723639866622,0.01460013716745255
