,beta,alpha
0,0.6157243614710946,0.6502324085638801
1,0.38427563852890545,0.38495277740189165
