target,moment
0.5319924347316454,0.801633715565897
