target,moment
0.0251697,0.05662440236835959
0.0170519152063842,0.01642745189838535
0.0318099,0.034948147861392935
0.0130792,0.0008911820948335543
0.0100246,0.0007366422795518045
0.0082411,0.0022773442750136483
0.0142723639866622,0.004143227515361646
