target,moment
0.5418056800884126,0.5806993486585733
