target,moment
0.5418056800884126,0.5869594003939674
