target,moment
0.0087725,0.011973303417277193
