target,moment
0.09277,0.09854505397817426
