target,moment
0.2231018948431125,0.23282547312852359
0.2523624953516605,0.2611077319865206
0.08319870182227622,0.08533311037623127
0.07230853448477342,0.09059100461582494
0.036863738893027555,0.03576928045461247
0.045962281893144004,0.04516456691769072
0.019562476791566315,0.019324055857747918
0.018054121315865593,0.020017691942340276
0.02145579445768972,0.021754792474560455
0.023854669523338895,0.024457343381023223
0.20327529062354538,0.16365494886492454
