target,moment
0.014603,0.015124923145532796
