target,moment
0.0047164777,0.004488694850136572
