target,moment
0.0251697,0.04549270716425246
0.0170519152063842,0.014700267527933651
0.0318099,0.029320725140324404
0.0130792,0.011800647793080415
0.0100246,0.008501878433270913
0.0082411,0.007989150861690233
0.0142723639866622,0.01246896594916056
