target,moment
0.2165556656512729,0.21489261975259347
0.233729031160127,0.21598436871769136
0.0672049461385212,0.0626004956389992
0.1094507590702438,0.1428330357769229
0.0339758263448995,0.03051438972465219
0.0562960172915832,0.05399169426352225
0.2827877543433519,0.27918339612561865
