target,moment
0.22229385118866596,0.21813654990093914
0.26540854425118116,0.26640302079586947
0.09091187273534361,0.10037004052054938
0.05012344811995622,0.07504369195849785
0.03612713460067847,0.049067583595486026
0.0402802778804035,0.04006686102793546
0.019883484121561504,0.01757998924158959
0.015190454856803903,0.018815322868220505
0.034751314712792754,0.02623854004158438
0.02133889131791143,0.019161120752999517
0.20369072621470147,0.16911727929632867
