target,moment
0.6214815812603052,0.6838592979874197
