target,moment
0.09277,0.09229271139459418
