target,moment
0.0265238666534423,0.0262704547148236
0.0174801129498282,0.017726024843514664
0.0327082331975301,0.032865153360583224
0.013960500160853,0.0018818821351733023
0.0106616334120432,0.0010347782604641675
0.0082285332679748,0.0031510660428249386
0.0190079998970031,0.018895667056087986
0.0286026334762573,0.028205756702805545
0.0107779999574025,0.001038894913526478
0.0040380666653314,0.000712426218661664
0.0134696102416629,0.007043457511031502
