target,moment
0.0245001006126403,0.024913011743486174
0.0167215689711362,0.01710375015339384
0.026430299282074,0.02620656341137788
0.0056323999166487,0.00045981866492328274
0.0104751002788543,0.000525944114691134
0.0063905000686645,0.0003018199831889996
0.0161208999156951,0.016087430983936495
0.0221616005897522,0.02123995784871393
0.0096591997146606,0.0017246245045436097
0.0025066998600959,0.00037301715651696097
0.0052693998813629,0.0058998958137989515
0.0175742767524153,0.003988590197192358
