target,moment
0.5319924347316454,0.6470814645922797
