target,moment
0.0251697,0.0419449016376739
0.0170519152063842,0.020658381631655225
0.0318099,0.036430657912447255
0.0130792,0.0006361063200603245
0.0100246,0.0006329441708153043
0.0082411,0.0008930039047072683
0.0142723639866622,0.011199479615847741
