target,moment
1.0,1.0
1.08968319541132,1.0826312383329197
1.17541345258769,1.1723032226357653
0.346940370796428,0.35753155569397566
0.43593184990191,0.43071919935747355
0.242070633833219,0.24116796060943352
0.611167762289279,0.6113319955192378
