target,moment
0.000729426174,0.0006632819140637205
