target,moment
0.2165556656512729,0.21907298958844115
0.233729031160127,0.2145061724095625
0.0672049461385212,0.06142787883349066
0.1094507590702438,0.14223712562738833
0.0339758263448995,0.03046089482110011
0.0562960172915832,0.05385779421915585
0.2827877543433519,0.27843714450086143
