target,moment
0.4361486759670805,0.623515527196863
0.1457215335577039,0.10757170484774727
