target,moment
0.0035352995903461,0.0012918256495208496
0.0011811781309409,0.00022287157484232318
