target,moment
0.0245001006126403,0.03909287087098164
0.0167215689711362,0.013941812207919624
0.026430299282074,0.02451354942701794
0.0056323999166487,0.00038813572979994184
0.0104751002788543,0.00032123431942651106
0.0063905000686645,0.00024311309579400038
0.0154207719714104,0.0025492135152733676
