target,moment
0.5619652356268299,0.5501430046806216
