target,moment
0.16970101882802263,0.16350626696906898
0.20031041534616736,0.20098110328478858
0.044140755891959454,0.0461851101718319
0.17964749062312835,0.2232986372905797
0.026000583030316823,0.02540264651949295
0.07456157299532569,0.07645474130330832
0.3056381632850797,0.26417149446092963
