target,moment
0.5570857735767778,0.4630425136701369
