target,moment
0.09277,0.09452287675219842
