target,moment
0.6038503415534051,0.5609279384887694
