target,moment
0.000729426174,0.0007232365456167122
