target,moment
90.663631358,90.58014398417156
