target,moment
0.0005105983218,0.0004705334014137947
