target,moment
0.0168692,0.020547366857041616
