target,moment
0.2165556656512729,0.19820044833775533
0.233729031160127,0.2081503536010105
0.0672049461385212,0.06272641097927113
0.1094507590702438,0.17341817375921695
0.0339758263448995,0.03161094154666738
0.0562960172915832,0.05715379472698245
0.2827877543433519,0.26873987704909635
