target,moment
0.003549953,0.0035402937959617352
