target,moment
90.663631358,91.15231355043338
