target,moment
0.0251697,0.06861907933476302
0.0170519152063842,0.017037978207752963
0.0318099,0.03328890552917774
0.0130792,0.012509971330316607
0.0100246,0.008978571176392945
0.0082411,0.008087701235606346
0.0142723639866622,0.014529727752932231
