target,moment
90.663631358,90.85436058584258
