target,moment
1.0,1.0
0.6774778883492533,0.7065207083106783
1.2638172087867556,1.3562436834243738
0.5196406790704696,0.49676882639723585
0.3982804721550118,0.3526129442114595
0.32742146310842,0.32859315288343854
0.5670454549185012,0.5811884678838923
