target,moment
0.0251697,0.030674981458584778
