target,moment
0.0251697,0.030674984083187657
