target,moment
0.3499061550503732,0.5974564309616113
0.1200626194103338,0.06304234579499775
0.1211887588058545,0.06442057670703837
0.0035804162844133,0.010635606748444814
0.0004965786572176,0.008600060546926904
0.002462693476303,0.0027514168004393893
0.0600304680464258,0.0318805536803019
