target,moment
0.0087725,0.008774387274120589
