target,moment
1.0,1.0
0.8725795027488233,0.8760645836501566
0.854808293224731,0.8861915127082983
0.621549138483011,0.8016571670417106
0.597797984767889,0.5887723551897515
0.293805456329383,0.2993952157699218
0.97595829268538,0.9157962483348515
0.7580583490804771,0.8929515295866792
0.386667563757739,0.36849300773232435
0.525456673586441,0.5191330378812755
0.569474829535268,0.4294240742191987
