target,moment
0.014603,0.015423722120864684
