target,moment
0.0168692,0.017821631301643204
