target,moment
0.2165556656512729,0.215316574744093
0.233729031160127,0.2153348453866406
0.0672049461385212,0.06221413383941504
0.1094507590702438,0.14272851576771642
0.0339758263448995,0.030508795709749154
0.0562960172915832,0.05433306400351512
0.2827877543433519,0.2795640705488706
