target,moment
0.0251697,0.0634806154694262
0.0170519152063842,0.016882150906902735
0.0318099,0.03657604238592251
0.0130792,0.012369671322029627
0.0100246,0.00928046632386344
0.0082411,0.008308323844675657
0.0142723639866622,0.014340475722419851
