target,moment
0.0251697,0.05042967702710781
0.0170519152063842,0.017255006570453726
0.0318099,0.03251670683977344
0.0130792,0.0001296916622484792
0.0100246,1.7250619825505697e-06
0.0082411,0.0004546630560868745
0.0142723639866622,0.010118899152771133
