target,moment
0.0245001006126403,0.0401220398948459
0.0169849595630762,0.014581803969390664
0.026430299282074,0.024762860162899122
0.0056323999166487,0.00042043315533319146
0.0104751002788543,0.0003864391610072537
0.0063905000686645,0.00024021916630913819
0.0145830680348617,0.0029638814915227034
