target,moment
0.0012161117475787,0.001432526056674538
