target,moment
0.2165556656512729,0.2162023789143627
0.233729031160127,0.21378466557796144
0.0672049461385212,0.06295566733259933
0.1094507590702438,0.14202128168379424
0.0339758263448995,0.03057684056051555
0.0562960172915832,0.053906868003492335
0.2827877543433519,0.2805522979272744
