target,moment
1.0,1.0
0.8260390139731872,0.8328716044646575
0.9401438560512124,0.971019880431341
0.6291273880669419,0.7635616016170343
0.6464555361873374,0.6264453367678704
0.3099754113719855,0.31057601263177725
0.5953395439493264,0.5003215514099657
