target,moment
0.000729426174,0.0007108831881140182
