target,moment
1.0,1.0
1.08968319541132,1.0943036801116597
1.17541345258769,1.1767936019232448
0.346940370796428,0.36109940309099176
0.43593184990191,0.4338360590031666
0.242070633833219,0.24284475940514644
0.611167762289279,0.6194426371415596
