target,moment
0.2165556656512729,0.21609160061052374
0.233729031160127,0.21532835661333496
0.0672049461385212,0.062437006097588066
0.1094507590702438,0.14217846661850875
0.0339758263448995,0.03041732738084653
0.0562960172915832,0.0541580107043414
0.2827877543433519,0.2793892319748566
