target,moment
0.0168692,0.021297393273847744
