target,moment
90.663631358,90.76774992762034
