target,moment
0.071287577,0.07152138195303415
