target,moment
0.000729426174,0.0006977588706559019
