target,moment
1.0,1.0
1.08968319541132,1.0829066972491401
1.17541345258769,1.167446922236617
0.346940370796428,0.3578770810299163
0.43593184990191,0.43125666906704235
0.242070633833219,0.24126084667483852
0.611167762289279,0.6114624912772952
