target,moment
0.0168692,0.01760738493528336
