target,moment
1.0,1.0
1.08968319541132,1.0816684697044399
1.17541345258769,1.1664604588600629
0.346940370796428,0.357741548575256
0.43593184990191,0.4312275445169022
0.242070633833219,0.2411419106719719
0.611167762289279,0.6115119193480336
