target,moment
0.2165556656512729,0.2280472369193364
0.233729031160127,0.22177182791175648
0.0672049461385212,0.060072653588696685
0.1094507590702438,0.13806921564816457
0.0339758263448995,0.029680296453680338
0.0562960172915832,0.05233443040748011
0.2827877543433519,0.27002433907088547
