target,moment
1.0,1.0
0.8725795027488233,0.8764064710000687
0.854808293224731,0.8861953101358675
0.621549138483011,0.8017742991239352
0.597797984767889,0.5886727351980319
0.293805456329383,0.2992971893421657
0.97595829268538,0.9162389828249362
0.7580583490804771,0.8936351195392852
0.386667563757739,0.3682059040604737
0.525456673586441,0.5189956871858208
0.569474829535268,0.42925900017304813
