target,moment
0.1200626194103338,0.22551335169594583
0.1211887588058545,0.23787849653507398
0.0035804162844133,0.03239319752632216
0.0004965786572176,0.032827797220155004
0.002462693476303,0.008135685942862748
0.0600304680464258,0.0935585944892611
0.1343304183885601,0.05748556753524577
0.0637303998720678,0.03707641435393621
0.0018651157701598,0.0067616595179913145
0.0004460791327548,0.0067285252855936355
0.0016008349254711,0.0021544112424500277
0.0392297139201939,0.017012895678888754
0.0400814725661333,0.01588932359649159
0.0389368166783096,0.01383984708616466
0.0006682770403912,0.0036368421665372358
9.931573144352892e-05,0.0016859717823847166
0.0002592308922424,0.00038916324696660194
0.0194675666804137,0.006904147136831668
0.0304225968538796,0.013612591668605834
0.03434640990464,0.019056328266050023
0.0521424423253347,0.03863146601831672
0.0001026823664077,0.002057291742958566
0.0003332968614545,0.0005857674064085311
0.01717320495232,0.010971387683970879
0.0103574524673225,0.0067675368805269484
0.0083223216314713,0.006117436472858004
0.0012540715241598,0.0025784566402587273
0.0003282469090082,0.0005615804628844827
0.0001245654936749,0.0002348366492188311
0.0041611608157356,0.0017850624342941014
0.0135473390958901,0.0049947263484028375
0.0109735466657688,0.005613815692383202
0.0026175586846557,0.0031321734717300663
0.0003770631159889,0.0005917253858925773
9.258246151515408e-05,0.0008832558715895938
0.0054859316741434,0.002171022443243989
0.0671694174879853,0.028542703438038476
0.0583101175797261,0.020776926387460974
0.0318651999360339,0.02443949809246257
0.0009325578850799,0.002461578814563381
0.0002238812251184,0.0027598137777710076
0.0007995758039945,0.0008011259110066324
