target,moment
0.0168692,0.018245138407115072
