target,moment
0.0006200122479,0.0005668478194326904
