target,moment
0.0251697,0.06358529841572609
0.0170519152063842,0.017018990998183377
0.0318099,0.03686490200388963
0.0130792,0.012245899790759353
0.0100246,0.009118017266725278
0.0082411,0.008312455221044063
0.0142723639866622,0.014372187315578626
