target,moment
0.09277,0.13822921811266412
