target,moment
0.4000000000000001,0.376078222948616
