target,moment
0.22606664390099962,0.23718079659292307
0.2531041177370449,0.25701427432186674
0.08685609652366502,0.08800240843214432
0.07029345847887264,0.08700284399865926
0.038236610304948106,0.036834406955427314
0.04590738340343444,0.044617552982914956
0.27953568965103526,0.2493477167160643
