target,moment
90.663631358,90.8577103118817
