target,moment
137.14087851479232,137.4993492907837
