target,moment
1.0,1.0
1.08968319541132,1.0811878130613055
1.17541345258769,1.167640545514188
0.346940370796428,0.35748679287873897
0.43593184990191,0.4307402010524635
0.242070633833219,0.2409754104611472
0.611167762289279,0.611188715969672
