target,moment
0.0087725,0.006565430669481576
-0.0158656,-0.01378151978605189
-0.0098115999999999,-0.009580974530182147
