target,moment
0.0268926689027311,0.03325795204668184
0.041115980022573,0.045261602063160204
0.0596663170296645,0.053292164592059994
0.0221120641897875,0.022613823496598566
0.0525740584495689,0.045033038881348596
