target,moment
142.33129949098267,142.39884954064664
