target,moment
0.0048919811835296,0.0048031170930031295
