target,moment
0.0251697,0.0288460504286845
