target,moment
0.027820599079132,0.027555983382059744
0.0201410956216747,0.020388659721905667
0.0324071002006531,0.032392532547938335
0.0205700993537903,0.003574643756072872
0.0137092995643615,0.0007924317119114184
0.0069309997558593,0.0020592346316324404
0.0169324004650116,0.01667018352812901
0.0397819995880127,0.03885727549462673
0.0110084998607635,0.0012378329170812058
0.0042943000793457,0.0007483194149546085
0.014056596079563975,0.005924743350603009
