target,moment
0.2165556656512729,0.21429193724482357
0.233729031160127,0.21719449941439586
0.0672049461385212,0.06283398407553749
0.1094507590702438,0.14089141645373685
0.0339758263448995,0.030340719670991688
0.0562960172915832,0.05367079435311835
0.2827877543433519,0.28077664878739617
