target,moment
0.0168692,0.01811806828196672
