target,moment
0.4000000000000002,0.4000742650954507
