target,moment
90.663631358,91.07087839794373
