target,moment
0.000729426174,0.0007169174363903779
