target,moment
1.0,1.0
1.08968319541132,1.0822682796466603
1.17541345258769,1.1688669862534073
0.346940370796428,0.35796335877040153
0.43593184990191,0.43140544044267837
0.242070633833219,0.2413568817414352
0.611167762289279,0.6118089510809771
