target,moment
0.0168692,0.017088122324106954
