target,moment
0.09277,0.15785412049575423
