target,moment
0.0035352995903461,0.0021953489243909893
0.0011811781309409,0.0014841562525623444
