target,moment
0.0168692,0.017840657247159466
