target,moment
53.323381771899,53.323070003746295
