target,moment
0.22529215066109548,0.23151657383520585
0.25332850318466504,0.258201116289505
0.0877376499358178,0.08938617862581741
0.07002313444740653,0.08710294272363527
0.03803283582904722,0.03672123783043917
0.04632912906950083,0.04480266083851408
0.27925659687246707,0.2522692898568832
