target,moment
133.80077245805202,133.96431694408736
