target,moment
1.0,1.0
0.8725795027488233,0.8766198102071967
0.854808293224731,0.8848953963202184
0.621549138483011,0.8002981279754027
0.597797984767889,0.5908906715563848
0.293805456329383,0.303934577325482
0.97595829268538,0.923121095361679
0.7580583490804771,0.907716007383162
0.386667563757739,0.37132525454928744
0.525456673586441,0.525484909598478
0.569474829535268,0.4290155206201395
