target,moment
0.1723744735734453,0.16173055050175827
0.2001836313003392,0.2043313013562765
0.04923275991993533,0.05130381371503842
0.1684994775206873,0.22226177466271893
0.028543677257596444,0.028283122092512367
0.06778891909170957,0.0698607592624171
0.015100045155162806,0.01424860729596897
0.018307206265495115,0.022053252865138664
0.03338637662605613,0.03204915188403362
0.02111541189367264,0.02110047739364837
0.22546802139590016,0.1727771889704887
