target,moment
144.80523727796603,145.07450171840313
