target,moment
1.0,1.0
0.8725795027488233,0.9884790674680568
0.854808293224731,2.0188276689158315
0.621549138483011,0.4386195051727063
0.597797984767889,0.2829756526666039
0.293805456329383,0.17049578787375458
0.97595829268538,0.9353880728069054
0.7580583490804771,2.67915369740069
0.386667563757739,0.24525552522555338
0.525456673586441,0.34312826225214765
0.456857731012344,0.30480024198861383
0.5726777336793948,0.46447816586257934
