target,moment
1.0,1.0
1.004699342451023,0.9854192964757276
1.3615278352664666,1.356840180866306
0.3376011624990636,0.4172576583309464
0.53821018692013,0.5204211718620322
0.2267592378617186,0.2266444250122386
0.8224717023018396,0.8163890527952685
0.658887646957495,0.7373161853569539
0.3470100976874156,0.3524589588275483
0.5574288194925017,0.5709998528995038
0.4975024256593083,0.38174559640764316
