target,moment
0.0168692,0.017988211197280342
