target,moment
0.2165556656512729,0.21588320034024303
0.233729031160127,0.21328974656810767
0.0672049461385212,0.06319001204401718
0.1094507590702438,0.1418758037700485
0.0339758263448995,0.03056783336901836
0.0562960172915832,0.05404458861091399
0.2827877543433519,0.28114881529765134
