target,moment
0.2165556656512729,0.2119749187204089
0.233729031160127,0.21656690589907135
0.0672049461385212,0.06255637320873018
0.1094507590702438,0.14336162982880424
0.0339758263448995,0.030707391769946763
0.0562960172915832,0.05425201429206399
0.2827877543433519,0.28058076628097456
