target,moment
82.198645766003,82.45857996575823
