target,moment
0.0251696991920471,0.024338497820924947
0.0169424664104217,0.017874877924215722
0.0313091993331909,0.028799646256935353
0.0130791997909546,0.0018088486762985834
0.0100246000289917,0.000960628634273242
0.0082410997152328,0.003179775543213024
0.0197126996517181,0.017027138477244835
0.0252290010452271,0.024279054400798056
0.0106797003746033,0.0012902455337831433
0.0184949994087218,0.01269968798146187
0.0039844000339508,0.0005788595298178258
0.0127844897880634,0.006671876888581888
