target,moment
0.0168692,0.01661281382895743
