target,moment
0.0168692,0.018140435093244738
