target,moment
0.0251697,0.06286100168139724
0.0170519152063842,0.016815045150602705
0.0318099,0.03642986856170542
0.0130792,0.012356638178155452
0.0100246,0.009425533438833273
0.0082411,0.00832596584639745
0.0142723639866622,0.014290923937357758
