target,moment
0.0017119626023773,0.0017289126206508933
