target,moment
0.5418056800884126,0.5791680755304176
