target,moment
0.0168692,0.01762278316961703
