target,moment
128.854584399499,128.88162708606507
