target,moment
1.0,1.0
1.0805993793757864,1.0765039171138475
1.34642643248608,1.3638877195464008
0.545456582323037,0.5743177519352153
0.880688913469393,0.875201983068118
0.324479598985491,0.32659219980307896
0.7269225301748824,0.6963186807836131
