target,moment
0.0039297747397562,0.003978658897219548
