target,moment
0.0251697,0.04999355893369424
0.0170519152063842,0.017426387910663445
0.0318099,0.03262639333930895
0.0130792,5.859152459471162e-05
0.0100246,1.3903436542327052e-06
0.0082411,0.00038812475836444383
0.0142723639866622,0.01033479416886113
