target,moment
0.0006499999999999998,0.0005958897955376013
