target,moment
0.2165556656512729,0.2192466867009333
0.233729031160127,0.2144190047948818
0.0672049461385212,0.06196239708836082
0.1094507590702438,0.14205917312669117
0.0339758263448995,0.030419253862671563
0.0562960172915832,0.05380053852432819
0.2827877543433519,0.2780929459021332
