target,moment
0.0251697,0.04932271558216508
0.0170519152063842,0.01762352024295042
0.0318099,0.03267178315579615
0.0130792,6.153318289505845e-05
0.0100246,1.4437975085333338e-06
0.0082411,0.00041076723596310917
0.0142723639866622,0.011658390440628545
