target,moment
0.027820599079132,0.027551703943484985
0.0201410956216747,0.02038326909632352
0.038888520240783715,0.03812087153145932
0.0205700993537903,0.0035095235441990817
0.0137092995643615,0.0007868185291334073
0.0069309997558593,0.00200108343902704
0.0169324004650116,0.01666795450159929
0.0397819995880127,0.03877567130064495
0.0110084998607635,0.001205602363385879
0.0042943000793457,0.0007290139031573956
0.0133872343614895,0.005683826679463901
