target,moment
0.1723744735734453,0.162902004933394
0.2001836313003392,0.20420634994342415
0.0492327599199353,0.05165008809351423
0.1684994775206873,0.2212645986788789
0.0285436772575964,0.0283871876832722
0.0677889190917095,0.07003797539360643
0.0151000451551628,0.014059437992789275
0.0183072062654951,0.021109266927582682
0.0333863766260561,0.03204263173121375
0.0211154118936726,0.02107431840003194
0.2254680213959001,0.1732661402222924
