target,moment
0.017496806,0.01762610147427707
