target,moment
1.0,1.0
1.08968319541132,1.082037544733315
1.17541345258769,1.1671184488741702
0.346940370796428,0.35790953860070673
0.43593184990191,0.43135373068128985
0.242070633833219,0.2412828539165442
0.611167762289279,0.61170653272744
