target,moment
0.0168692,0.020654335831603716
