target,moment
0.09277,0.09598598783238851
