target,moment
0.0251697,0.05832041053511504
0.0170519152063842,0.017794814822369862
0.0318099,0.03380457520114756
0.0130792,0.01237153718706116
0.0100246,0.00889594970941747
0.0082411,0.008017348232509833
0.0142723639866622,0.014689944991261028
