target,moment
0.5680327908233765,0.7259404221364042
