target,moment
0.0006249999999999998,0.0006166989919904175
