target,moment
0.4361486759670805,0.5703810174819418
0.1457215335577039,0.08749580549995283
