target,moment
1.0,1.0
0.8725795027488233,0.8499153042548218
0.854808293224731,0.8235477231211246
0.621549138483011,0.6914927302643078
0.597797984767889,0.5865059148704422
0.293805456329383,0.2953797730683968
0.97595829268538,0.928386125487282
0.7580583490804771,0.7807273274440354
0.386667563757739,0.3768404555075598
0.525456673586441,0.5079059538112277
0.456857731012344,0.46081570529365534
0.5726777336793948,0.5715253448150964
