target,moment
0.0087725,0.0087723073152286
