target,moment
0.064939,0.06507806668748857
