target,moment
0.0255925989151001,0.04370059475507435
0.0172963817659247,0.018213613544122452
0.0296514010429382,0.029313173184229775
0.0105786001682281,0.0009698202032678903
0.010096800327301,0.0008079141766464128
0.0072566998004913,0.003113489246117065
0.0149342100130899,0.0062807756179551035
