target,moment
0.0245001006126403,0.024763256144600686
0.0167215689711362,0.017030569885484036
0.026430299282074,0.026325126362859472
0.0056323999166487,0.00046192000121294326
0.0104751002788543,0.000492363444714479
0.0063905000686645,0.00025134524961677884
0.0161208999156951,0.016053620826452113
0.0221616005897522,0.02125972376081238
0.0096591997146606,0.001959208519608883
0.0025066998600959,0.0003874684140325336
0.0169932518584857,0.005754425030956616
