target,moment
1.0,1.0
1.11043237851765,1.0655217690980687
1.4972143972134937,1.591680620447674
0.284826148650757,0.4211509646541718
0.3207191387708363,0.41820115049924983
0.2370063656795177,0.23651608136134702
1.0124883458685825,0.8891600375382606
0.803144451153576,0.9943974159681261
0.450763503237386,0.3333930441387644
0.5907308071628941,0.5067350342388899
0.5042291460730525,0.40092307530530197
