target,moment
0.2214072451001777,0.21624256696615576
0.2636500635920867,0.26970447787518426
0.09043198451352495,0.09841855731158496
0.04993493810867341,0.07521230807683327
0.03671665831664045,0.048413713594383456
0.04005118359925667,0.04033555568717731
0.019922137222697395,0.017577720342118585
0.015222884599582773,0.018948887792058007
0.03553290159457308,0.026440918790808888
0.022580518157466315,0.01945273033411209
0.20454948519532062,0.16925256322958337
