target,moment
0.0168692,0.01681853179597588
