target,moment
0.027820599079132,0.025092309748722178
0.0201410956216747,0.01727911614982813
0.0324071002006531,0.03137265517666672
0.0205700993537903,0.002719815355302662
0.0137092995643615,0.0009066705809511133
0.0069309997558593,0.0016427251533243207
0.0169324004650116,0.011411122774506219
0.0397819995880127,0.027743948920325428
0.0110084998607635,0.0015289234197008415
0.0042943000793457,0.0006978941780886901
0.0073146998882293,0.002883558083724984
0.0135465587074145,0.003196672505179417
