target,moment
52.059453405938,51.30989272519197
