target,moment
90.663631358,91.15260433778923
