target,moment
90.663631358,91.16771696076678
