target,moment
0.0251697,0.06803276599159816
0.0170519152063842,0.01708747050020593
0.0318099,0.033421203867405845
0.0130792,0.01253659618016109
0.0100246,0.00901948774426909
0.0082411,0.008102889762091304
0.0142723639866622,0.014529697789834654
