target,moment
1.0,1.0
1.08968319541132,1.0814700580478744
1.17541345258769,1.1675993531471602
0.346940370796428,0.35750751310059087
0.43593184990191,0.43070091696434265
0.242070633833219,0.24104538419440638
0.611167762289279,0.611302545691658
