target,moment
0.0168692,0.019231325193174297
