target,moment
0.003549953,0.003515898752757131
