target,moment
52.48076286125833,51.96099112020715
