target,moment
0.0247795001665751,0.024771722037477937
0.0166260149929052,0.016938326767006177
0.0273075000445047,0.027281995748232587
0.0061628665526707,0.000533405713504899
0.0104751002788543,0.0005746433675160796
0.0067650999625523,0.000916163263351901
0.0164548667271931,0.016343955310871214
0.0219157338142395,0.02154073298067504
0.0098783000310261,0.0016361450067072807
0.0027627665797868,0.00044009933923850415
0.0177388135501922,0.005142945708177812
