target,moment
144.805237277966,142.22742108008543
