target,moment
0.071287577,0.07634610820331791
