target,moment
0.0032483599077012,0.004295616070312889
0.0008911894812772,0.00033052131407647697
0.0005769283323049,0.0004286198889703186
