target,moment
0.5680327908233765,0.544792347707495
