target,moment
1.0,1.0
1.0893507354650147,1.0730036999564834
1.24223685451,1.2379242321879471
0.340777830339792,0.41568389217365337
0.348126818034471,0.3633946036460987
0.232797023831249,0.23719775053891512
0.5770401503078696,0.4895338310230861
