target,moment
0.0024838229458386,0.0025166338559363993
