target,moment
0.09277,0.09599752744602143
