target,moment
90.663631358,90.87829837817098
