target,moment
0.000729426174,0.0006921890976440218
