target,moment
0.0251697,0.04752454482526155
0.0170519152063842,0.017242534863756445
0.0318099,0.03231347247686856
0.0130792,0.012807238298291732
0.0100246,0.009616844559968163
0.0082411,0.00818923923077574
0.0142723639866622,0.014396449982372652
