target,moment
0.0168692,0.0168406939565972
