target,moment
1.0,1.0
0.8725795027488233,0.8762473175347495
0.854808293224731,0.8861874693818615
0.621549138483011,0.801682778395968
0.597797984767889,0.5886226512541698
0.293805456329383,0.2992789031394555
0.97595829268538,0.9160826712556247
0.7580583490804771,0.8934595935592758
0.386667563757739,0.36819370077588265
0.525456673586441,0.5189464711434498
0.569474829535268,0.42922232889327844
