target,moment
0.017496806,0.01755770506370418
