target,moment
137.301238224071,126.86382156152447
