target,moment
0.0071547632619999,0.0056835245141055556
