target,moment
0.2165556656512729,0.18598439597891192
0.233729031160127,0.2112295755921043
0.0672049461385212,0.06305833764442519
0.1094507590702438,0.17370108327215242
0.0339758263448995,0.032395571618123085
0.0562960172915832,0.05861790133659971
0.2827877543433519,0.27501313455768334
