target,moment
0.2165556656512729,0.21879309942305475
0.233729031160127,0.21460241600406046
0.0672049461385212,0.0621184066375034
0.1094507590702438,0.14207687046150133
0.0339758263448995,0.03042862344835889
0.0562960172915832,0.05380603317983811
0.2827877543433519,0.2781745508456831
