target,moment
0.000729426174,0.0006841766799733593
