target,moment
0.0168692,0.023588789690723557
