target,moment
0.5729654012640253,0.6832136234156102
