target,moment
1.0,1.0
1.1453250843644345,1.14778608009566
1.1278790611447331,1.1599239034522377
0.437979971591424,0.5403019448745914
0.6318779683611937,0.6526945949288373
0.282102886410926,0.29321906349836535
1.1123659439685367,1.0636758070157866
0.730144327891238,0.8451237197480376
0.5217779738185033,0.5129412277616292
0.6319003174734994,0.6452518588251086
0.5374131093685289,0.3938518875888781
