target,moment
90.663631358,90.74516988951078
