target,moment
0.2165556656512729,0.19285676256832304
0.233729031160127,0.20933494136081437
0.0672049461385212,0.06267213325691957
0.1094507590702438,0.17463708133519187
0.0339758263448995,0.03182933228899305
0.0562960172915832,0.057562378741723576
0.2827877543433519,0.2711073704480345
