target,moment
1.0,1.0
1.08968319541132,1.2992907056196832
1.17541345258769,1.3993144468607814
0.346940370796428,0.3835216398085894
0.43593184990191,0.4847193033726921
0.242070633833219,0.2557735997482239
0.611167762289279,0.6564109810728935
