target,moment
54.587308955053004,54.61530147261823
