target,moment
0.0245001006126403,0.025009295694599608
0.0167215689711362,0.017116310471713546
0.026430299282074,0.026152191030125244
0.0056323999166487,0.0004650960685876568
0.0104751002788543,0.0005120646739119233
0.0063905000686645,0.0003036842628187277
0.0161208999156951,0.01605938665867248
0.0221616005897522,0.021209458507429977
0.0096591997146606,0.0017236604933175078
0.0025066998600959,0.0003476149063874656
0.0052693998813629,0.005543456681116659
0.0175742767524153,0.004398491058402216
