target,moment
1.0,1.0
1.08968319541132,1.082651322071123
1.17541345258769,1.1669836163704215
0.346940370796428,0.3573585162959375
0.43593184990191,0.43066477213481025
0.242070633833219,0.2414586166451948
0.611167762289279,0.6115000929761794
