target,moment
128.854584399499,125.32099118851228
