target,moment
0.0039297747397562,0.0038710746994330175
