target,moment
0.000729426174,0.0006915163944985326
