target,moment
1.0,1.0
1.08968319541132,1.0941073369060956
1.17541345258769,1.1762247032689594
0.346940370796428,0.3610679106481643
0.43593184990191,0.4337948924788611
0.242070633833219,0.24283069956849987
0.611167762289279,0.619424623195509
