target,moment
1.0,1.0
1.08968319541132,1.094107338055711
1.17541345258769,1.1762247043985576
0.346940370796428,0.36106791140280026
0.43593184990191,0.4337948933746872
0.242070633833219,0.24283070002566848
0.611167762289279,0.6194246238513093
