target,moment
0.3499061550503732,0.6192952606852509
0.1200626194103338,0.06563435309429895
0.1211887588058545,0.059394211494720205
0.0035804162844133,0.01140328924647336
0.0004965786572176,0.006872520134359722
0.002462693476303,0.0026685069556790005
0.0600304680464258,0.03863836558226037
