target,moment
0.09277,0.09465028911086255
