target,moment
0.027820599079132,0.02749701268467861
0.0201410956216747,0.02038072387204985
0.0324071002006531,0.03241004591608366
0.0205700993537903,0.003526905590823726
0.0137092995643615,0.0007900382039045143
0.0069309997558593,0.0020130838785574405
0.0169324004650116,0.016665984901872082
0.0397819995880127,0.03879612336240725
0.0110084998607635,0.001212952725095086
0.0042943000793457,0.0007317431423937907
0.0133872343614895,0.005747720189680448
