target,moment
0.2165556656512729,0.21650567235368282
0.233729031160127,0.21456711362545022
0.0672049461385212,0.062366168678169034
0.1094507590702438,0.14144756170653616
0.0339758263448995,0.030625557659302843
0.0562960172915832,0.05407957657343067
0.2827877543433519,0.2804083494034282
