target,moment
0.09277,0.09302275742141038
