target,moment
0.015629,0.015918565519973584
