target,moment
90.663631358,91.11177369493673
