target,moment
0.6552063296244458,0.6520685664817112
