target,moment
0.000729426174,0.000669891518071965
