target,moment
0.2040428289529481,0.21586776907668712
0.2255852454372509,0.23679694876983762
0.0643218875038216,0.06650419525211676
0.1031564938626009,0.16497734140708073
0.0320219615813117,0.03590826095464533
0.0530585619633796,0.05682105923437333
0.018329400868127,0.017787591191415108
0.0189912032396071,0.02337883385394395
0.0265511265560509,0.026558309997925765
0.0104250119775051,0.011049854115961795
0.0209966612555152,0.021147393972724634
0.2225196168018815,0.12320244217328799
