target,moment
0.0168692,0.016754722181858563
