target,moment
0.000729426174,0.0007281054266097057
