target,moment
0.0168692,0.01697884065252641
