target,moment
1.0,1.0
1.08968319541132,1.08086422922252
1.17541345258769,1.1656769148241455
0.346940370796428,0.35754383140954893
0.43593184990191,0.4307947359116174
0.242070633833219,0.23739862161380568
0.611167762289279,0.6111340253338768
