target,moment
0.2165556656512729,0.21756777793371043
0.233729031160127,0.21482949533730755
0.0672049461385212,0.06259002168129574
0.1094507590702438,0.14222726826748483
0.0339758263448995,0.030472995894179913
0.0562960172915832,0.05389012531217954
0.2827877543433519,0.278422315573842
