target,moment
0.5041542523556912,0.49994353661840163
