target,moment
0.09277,0.11357538553864759
