target,moment
0.027820599079132,0.028088866133329768
0.0201410956216747,0.020901582744507905
0.0324071002006531,0.030383337954706012
0.0205700993537903,0.006735762412340683
0.0137092995643615,0.001686641681493681
0.0069309997558593,0.0037217831486361284
0.0169324004650116,0.0166808464342192
0.0397819995880127,0.037500219007768766
0.0110084998607635,0.0021666432301598202
0.0042943000793457,0.0011356113547516247
0.0073146998882293,0.004179857971930069
0.0135465587074145,0.0051484924819407895
