target,moment
0.0008753114088,0.0008132282053091716
