target,moment
0.0251697,0.046107198665027285
0.0170519152063842,0.017355986447554126
0.0318099,0.03217782347340303
0.0130792,0.012696529219094232
0.0100246,0.00947964155631105
0.0082411,0.008164608432284375
0.0142723639866622,0.014484788722662999
