target,moment
0.2165556656512729,0.21210945330162048
0.233729031160127,0.21654743859732078
0.0672049461385212,0.06255669917907421
0.1094507590702438,0.14331771909780597
0.0339758263448995,0.03068037398429955
0.0562960172915832,0.054254423725133415
0.2827877543433519,0.2805338921147455
