target,moment
1.0,1.0
1.08968319541132,1.0792431736374255
1.17541345258769,1.1630658787415653
0.346940370796428,0.3566450819164771
0.43593184990191,0.42924631038553424
0.242070633833219,0.24017714795648032
0.611167762289279,0.610486060632934
