target,moment
0.400749027516048,0.4380288747903099
0.1099457351100976,0.057332776970841895
0.0711754468984532,0.07417962365812071
