target,moment
0.0032483599077012,0.004645825018620606
0.0008911894812772,0.0006080833136072175
0.0005769283323049,0.0007867644607395687
