target,moment
90.663631358,90.72741713007986
