target,moment
90.663631358,91.32134717392111
