target,moment
1.0,1.0
1.08968319541132,1.0817237482196436
1.17541345258769,1.1665110403936516
0.346940370796428,0.35772071352957296
0.43593184990191,0.43103576577223257
0.242070633833219,0.2411181944651823
0.611167762289279,0.6115149112614692
