target,moment
0.5418056800884126,0.7441385252903154
