target,moment
0.09277,0.09304561970212083
