target,moment
1.0,1.0
1.08968319541132,1.0748949216544634
1.17541345258769,1.1658207900775541
0.346940370796428,0.36514053292510623
0.43593184990191,0.4331347167404716
0.242070633833219,0.24279781796310967
0.611167762289279,0.6070851514680558
