target,moment
0.003549953,0.00349267960768739
