target,moment
0.1723413565516609,0.14844122807624574
0.2001451715125225,0.191735454721857
0.0492233011970225,0.0479736899840593
0.168467104972989,0.23032723941107208
0.0285381933738058,0.02652279972493558
0.0677758953123543,0.06708503118795181
0.0150971440961255,0.01276234064795198
0.0183036890385174,0.02172400149648468
0.0333799623505598,0.029606747800870054
0.0211113551470954,0.019592568566965667
0.0071838887952674,0.007114098349868805
0.2184329376520792,0.19711480003173731
