target,moment
0.071287577,0.07650736489415498
