target,moment
1.0,1.0
1.08968319541132,1.0831070409593713
1.17541345258769,1.167974718932981
0.346940370796428,0.35732945222863044
0.43593184990191,0.43080758528184643
0.242070633833219,0.2411358917891812
0.611167762289279,0.6111986609305079
