target,moment
0.1200626194103338,0.20250669763152787
0.1211887588058545,0.21554715194300977
0.0035804162844133,0.023894214312776673
0.0004965786572176,0.01923630391661299
0.002462693476303,0.006130395541585017
0.0600304680464258,0.06101305460096426
0.1343304183885601,0.05378220432117536
0.0637303998720678,0.05837697105226402
0.0018651157701598,0.008696838795737941
0.0004460791327548,0.006970051118717118
0.0016008349254711,0.0023629715770941534
0.0392297139201939,0.021469855591344997
0.0400814725661333,0.016113551981340173
0.0389368166783096,0.03172627883708246
0.0006682770403912,0.0046119023599610915
9.931573144352892e-05,0.0030371726680104723
0.0002592308922424,0.0009402658946552881
0.0194675666804137,0.010634909808353188
0.0304225968538796,0.009679863783834189
0.03434640990464,0.02809102684781815
0.0521424423253347,0.03692702658923087
0.0001026823664077,0.002522673292495387
0.0003332968614545,0.0008320553687431282
0.01717320495232,0.00936320143033927
0.0103574524673225,0.005256229090632273
0.0083223216314713,0.0065348851689526425
0.0012540715241598,0.0030751986477421593
0.0003282469090082,0.0006908003557940633
0.0001245654936749,0.00020104696683494118
0.0041611608157356,0.0018096551662438465
0.0135473390958901,0.004741550139877507
0.0109735466657688,0.006297354486160831
0.0026175586846557,0.004820677415575978
0.0003770631159889,0.0006858737202023244
9.258246151515408e-05,0.0006046884013066393
0.0054859316741434,0.0018539671822559757
0.0671694174879853,0.06656599906435821
0.0583101175797261,0.026435144753689674
0.0318651999360339,0.029789212252490174
0.0009325578850799,0.002945954877012426
0.0002238812251184,0.002423002908719712
0.0007995758039945,0.0008021201374767529
