target,moment
0.0251697,0.029381627796797143
