target,moment
0.2165556656512729,0.19338846715215122
0.233729031160127,0.20917242851085352
0.0672049461385212,0.06262351605891842
0.1094507590702438,0.1745720301831498
0.0339758263448995,0.03181764268245434
0.0562960172915832,0.0575390260177656
0.2827877543433519,0.27088688939470723
