target,moment
0.003549953,0.0035132260758023682
