target,moment
0.027820599079132,0.027543658939110247
0.0201410956216747,0.020377902003680334
0.0324071002006531,0.03236970220509824
0.0205700993537903,0.0035379442483516642
0.0137092995643615,0.0007826191188133786
0.0069309997558593,0.0020335698667267427
0.0169324004650116,0.016664582907582104
0.0397819995880127,0.03883612073627042
0.0110084998607635,0.0012225735352848104
0.0042943000793457,0.0007389463254396397
0.0133872343614895,0.005861776355226647
