target,moment
1.0,1.0
0.8725795027488233,0.8763184583883009
0.854808293224731,0.8861960957076902
0.621549138483011,0.8016941417354994
0.597797984767889,0.588595619584965
0.293805456329383,0.29926227891513074
0.97595829268538,0.9161253780824096
0.7580583490804771,0.8935584612725538
0.386667563757739,0.36815859169232695
0.525456673586441,0.5189456995049716
0.569474829535268,0.4292197597351329
