target,moment
0.0168692,0.01641186778791289
