target,moment
0.4750989714792567,0.4529063093028378
