target,moment
90.663631358,90.34222438493809
