target,moment
0.2165556656512729,0.21484935876578948
0.233729031160127,0.21723203336564864
0.0672049461385212,0.06295176862333031
0.1094507590702438,0.14118183132585568
0.0339758263448995,0.03039595544008962
0.0562960172915832,0.05368752336340489
0.2827877543433519,0.2797015291158812
