target,moment
0.09277,0.09327931035731464
