target,moment
0.2165556656512729,0.1930675819957265
0.233729031160127,0.20943454873655742
0.0672049461385212,0.0630569375951155
0.1094507590702438,0.17448442785489787
0.0339758263448995,0.03180154216162474
0.0562960172915832,0.057505600211369225
0.2827877543433519,0.2706493614447087
