target,moment
1.0,1.0
0.6774778883492533,0.6666835575716273
1.2638172087867556,4.043313132169443
0.5196406790704696,0.482964970813249
0.3982804721550118,0.3435131382827245
0.32742146310842,0.3249708960069058
0.5670454549185012,0.5386908118647016
