target,moment
1.0,1.0
1.0901923526701716,1.0704953304899416
1.17541345258769,1.1697336115876034
0.346771653959122,0.42648790809759995
0.435719747133782,0.44873362083359286
0.241952910075955,0.2434081835896932
0.6107967519438201,0.513116135127513
