target,moment
0.000729426174,0.0007040104450988256
