target,moment
1.0,1.0
0.8725795027488233,0.896368542689021
0.854808293224731,0.8839996645741912
0.621549138483011,0.7668463723982764
0.597797984767889,0.5955222717745733
0.293805456329383,0.31407071277713844
0.97595829268538,0.9336488493626055
0.7580583490804771,0.9928776737588347
0.386667563757739,0.3762007597780525
1.22613445378151,1.2052964957403973
0.525456673586441,0.5241373287175249
0.3251320413337539,0.33434744207998374
0.5039548648608148,0.3939134148653635
