target,moment
0.0168692,0.03704205104602879
