target,moment
90.663631358,90.7264142180544
