target,moment
0.027820599079132,0.027632289699056154
0.0201410956216747,0.020362736051654957
0.0324071002006531,0.032534230943026744
0.0205700993537903,0.003621672657193073
0.0137092995643615,0.0008858700624229662
0.0069309997558593,0.0022265909931190693
0.0169324004650116,0.01665535396112463
0.0397819995880127,0.03877391080545911
0.0110084998607635,0.0013363327153948735
0.0042943000793457,0.0007899370842685161
0.0073146998882293,0.002520281833971884
0.0135465587074145,0.003779441811425568
