,Patent,Pharmaceuticals,Chemicals,welfare
USA,0.01,0.01,0.01,5.459191960347127
EUR,0.01,0.01,0.01,6.405970343458733
JAP,0.01,0.01,0.01,6.42034255220463
CHN,12.0,0.01,0.01,12.496439924469868
BRA,12.0,0.01,0.01,12.379749250302268
IND,12.0,0.01,0.01,11.957534658423057
CAN,0.01,0.01,0.01,8.303337544709137
KOR,0.01,0.01,0.01,8.353286418370104
RUS,12.0,0.01,0.01,12.335078845281885
MEX,12.0,0.01,0.01,12.059617917903836
ZAF,12.0,0.01,0.01,12.469401583705903
ROW,12.0,0.01,0.01,11.346679685930681
