target,moment
0.09277,0.09339809563243769
