target,moment
0.0168692,0.01762649461554008
