target,moment
1.0,1.0
1.08968319541132,1.0816631393374159
1.17541345258769,1.1664668555101532
0.346940370796428,0.3577392277940366
0.43593184990191,0.43138963228661353
0.242070633833219,0.24114153848644193
0.611167762289279,0.6114864148168377
