target,moment
0.45499999999999996,0.2527060578567465
