target,moment
1.0,1.0
0.8134490375839495,0.8194813804670164
0.937019852749371,0.9689431700398204
0.619016865086131,0.707971650317685
0.683573647953481,0.6709351068328652
0.320344811894241,0.3179898914165877
0.5942672595223446,0.5234830053619034
