target,moment
0.0049168267171889,0.004820331261366236
