target,moment
0.1614240754453979,0.02008770612351216
0.0796894569609718,0.02319447341889504
0.1065140407029641,0.027847153218650698
0.0278489473370487,0.01761105194258103
0.0264310737208627,0.03251200720347674
