target,moment
1.0,1.0
0.8725795027488233,0.9122138522323704
0.854808293224731,0.9151046431533928
0.621549138483011,1.071484142983068
0.597797984767889,0.6014377623311423
0.293805456329383,0.31998914351181607
0.97595829268538,0.8856616719210936
0.7580583490804771,1.0158838109663058
0.386667563757739,0.3666995800713839
0.525456673586441,0.5313462587479604
0.456857731012344,0.49360194720431655
0.5726777336793948,0.5587954454298153
