target,moment
0.07421839,0.08240341759575093
