target,moment
1.0,1.0
1.0680543794288877,1.1389181357430798
1.2834676648532166,1.3168800498605635
0.4995128076461577,0.6107885279807788
0.7726672871931991,0.7757563237032987
0.3088662366814056,0.3258296137785267
0.6682489775100803,0.5562969169615244
