target,moment
0.17961762030849085,0.17935351211910455
0.2111401013713731,0.2058668369085546
0.05359405803115266,0.05561519310235825
0.1493297280464544,0.18726987655422386
0.033443137653173895,0.03380527707111709
0.062379120958773,0.06658466652802397
0.310496233630582,0.2715046377166178
