target,moment
0.015629,0.015479535897143815
