target,moment
75.15872780572799,75.37610299465715
