target,moment
0.0087725,0.008774339731154969
