target,moment
0.1723744735734453,0.16254962001505416
0.2001836313003392,0.20521529681282655
0.04923275991993533,0.051438432440000084
0.1684994775206873,0.2219419074341224
0.028543677257596444,0.02819531935031588
0.06778891909170957,0.06946032438594435
0.015100045155162806,0.014269950698775456
0.018307206265495115,0.021722923100800894
0.03338637662605613,0.03188733431402217
0.02111541189367264,0.020902018057573843
0.22546802139590016,0.17241687339056427
