target,moment
1.0,1.0
0.8708918904661864,0.8894927821082208
0.854808293224731,0.9013749366675653
0.621549138483011,0.809427164438079
0.597797984767889,0.5947358105736905
0.293805456329383,0.3022278355318016
0.97595829268538,0.9278197739899495
0.7580583490804771,0.9041281010298956
0.386667563757739,0.3722576333096174
1.22613445378151,1.213983751267028
0.525456673586441,0.5241808103693587
0.4908529160875781,0.36022621461333154
