target,moment
1.0,1.0
0.8708918904661864,0.8895233670456287
0.854808293224731,0.9014674486332256
0.621549138483011,0.8094554031768567
0.597797984767889,0.5947418397143877
0.293805456329383,0.3022304797682851
0.97595829268538,0.9278639101625684
0.7580583490804771,0.904195922150435
0.386667563757739,0.3722601136546221
1.22613445378151,1.2140550441200322
0.525456673586441,0.5241896707846979
0.4908529160875781,0.3602325197652671
