target,moment
0.0251697,0.05296592241413591
0.0170519152063842,0.01626233318064703
0.0318099,0.032107230201755724
0.0130792,0.01254553999199442
0.0100246,0.009232522874521367
0.0082411,0.008185645083365767
0.0142723639866622,0.013394106457989208
