target,moment
0.1723744735734453,0.16205441261614115
0.2001836313003392,0.20587361078293695
0.0492327599199353,0.051340165954099064
0.1684994775206873,0.2217678910751812
0.0285436772575964,0.028204871394075796
0.0677889190917095,0.06942564591635857
0.0151000451551628,0.014238654694284121
0.0183072062654951,0.021668790914943684
0.0333863766260561,0.03191921226001413
0.0211154118936726,0.020914786015852137
0.2254680213959001,0.17259195837611335
