,beta,alpha
0,0.6289080707413762,0.6497170470360802
1,0.3710919292586238,0.43092719189265605
