target,moment
0.6001645269227596,0.715811886803811
