target,moment
0.09277,0.10300699608013941
