target,moment
1.0,1.0
0.8875200364148377,0.8801082331330811
1.1939734066776266,1.2015691340322665
0.3268630213669246,0.3953108691936491
0.3179223261849673,0.3302620880890477
0.2106328145331873,0.21145222442161588
0.8153975859737024,0.8217157090520687
0.6218246100506811,0.687758309820942
0.3008680512718766,0.3023926558956785
0.6573620689423333,0.654413873350089
0.4057964118267571,0.3053404976563289
