target,moment
0.09277,0.09059444240640578
