target,moment
0.071287577,0.07149241205408681
