target,moment
0.4750989714792567,0.45176880208444237
