target,moment
0.0168692,0.01797096494899357
