target,moment
0.2165556656512729,0.21706933238146334
0.233729031160127,0.21066989960107504
0.0672049461385212,0.06340063643428255
0.1094507590702438,0.14249650768707203
0.0339758263448995,0.03068037998391872
0.0562960172915832,0.054140145261010485
0.2827877543433519,0.2815430986511778
