target,moment
0.0251697,0.046404995163987
0.0170519152063842,0.016937880382321104
0.0318099,0.03413353547405393
0.0130792,0.000996764707100615
0.0100246,0.0008473082207204614
0.0082411,0.0026716206062804126
0.0142723639866622,0.005187484588490641
