target,moment
90.663631358,90.87327413385772
