target,moment
90.663631358,91.15206169149097
