target,moment
0.09277,0.09281996505417756
