target,moment
0.0168692,0.0168352620776881
