target,moment
0.027820599079132,0.02751325717218743
0.0201410956216747,0.02038239714694953
0.0324071002006531,0.03240943977440689
0.0205700993537903,0.0035540837134086603
0.0137092995643615,0.0007936817157338885
0.0069309997558593,0.0020580479866808415
0.0169324004650116,0.016670955934466186
0.0397819995880127,0.03885323334464894
0.0110084998607635,0.0012390646779680094
0.0042943000793457,0.0007487137065964123
0.0133872343614895,0.005909015258396945
