target,moment
1.0,1.0
0.8725795027488233,0.8778682829447347
0.854808293224731,0.8873161785455216
0.621549138483011,0.8027938939769926
0.597797984767889,0.5895689464160848
0.293805456329383,0.2996832845394558
0.97595829268538,0.9180713457871553
0.7580583490804771,0.8942650971960845
0.386667563757739,0.36881074921363005
0.525456673586441,0.5198219549247831
0.569474829535268,0.42999478971336647
