target,moment
0.0047164777212821,0.004624655813113465
