target,moment
0.09277,0.09469584375000298
