target,moment
1.0,1.0
0.8725795027488233,0.876588271047046
0.854808293224731,0.8843091216388413
0.621549138483011,0.800592320691285
0.597797984767889,0.5914080469124673
0.293805456329383,0.3039565656285796
0.97595829268538,0.9222312024368283
0.7580583490804771,0.9197248102839044
0.386667563757739,0.3714721510326912
0.525456673586441,0.5270684165468985
0.569474829535268,0.4298878112188628
