target,moment
0.5736613902051575,0.7246212473505125
