target,moment
0.17656447804217837,0.1785243333549186
0.20683258320815082,0.19825922379898284
0.052541118134120886,0.054635750429181305
0.15636672970006701,0.1980789884724068
0.03303856194621834,0.03286063462412911
0.06386315926909926,0.06816526513140772
0.3107933697001653,0.26947580418897354
