target,moment
0.09277,0.0889890722712929
