target,moment
133.80077245805202,131.20260931291543
