target,moment
0.4750989714792567,0.48957306606425127
