target,moment
90.663631358,91.0215230330692
