target,moment
1.0,1.0
1.08968319541132,1.0823085111827468
1.17541345258769,1.1670688228681774
0.346940370796428,0.35729315460718974
0.43593184990191,0.43076588543809774
0.242070633833219,0.2411361754394028
0.611167762289279,0.6109614954208094
