target,moment
0.2165556656512729,0.21546410303292562
0.233729031160127,0.21745669051854857
0.0672049461385212,0.062820656995106
0.1094507590702438,0.1415874718609931
0.0339758263448995,0.030472146007710338
0.0562960172915832,0.05422064166441302
0.2827877543433519,0.2779782899203034
