target,moment
0.00043871123255875616,0.00046861637408304334
