target,moment
0.0251696991920471,0.04998294068931218
0.0169424664104217,0.020005427650609777
0.0313091993331909,0.0294576965779917
0.0130791997909546,0.002049481696949004
0.0100246000289917,0.0010231302909799514
0.0082410997152328,0.0035153839498118927
0.0197126996517181,0.01458675414378266
0.0252290010452271,0.022784171300950857
0.0106797003746033,0.0013790185637704813
0.0184949994087218,0.010320631694892432
0.0039844000339508,0.0005559658501563084
0.0127844897880634,0.007378955426912396
