target,moment
0.2040428289529481,0.2114354100706887
0.2255852454372509,0.23842277087259614
0.0643218875038216,0.06747709699835784
0.1031564938626009,0.16568319169012077
0.0320219615813117,0.03533939681261473
0.0530585619633796,0.0570248927786939
0.018329400868127,0.01813313851824581
0.0189912032396071,0.023666246278570956
0.0265511265560509,0.026656523774146432
0.0104250119775051,0.011291017695220432
0.0209966612555152,0.021222670731392508
0.2225196168018815,0.12364764377935172
