target,moment
144.805237277966,146.86624241146694
