target,moment
1.0,1.0
1.08968319541132,1.102073504363003
1.17541345258769,1.185334555257553
0.346940370796428,0.3655599341533866
0.43593184990191,0.4411483579700236
0.242070633833219,0.2427184653086854
0.611167762289279,0.6228638676622834
