target,moment
144.80523727796603,144.69234268047467
