target,moment
0.071287577,0.07148360798661564
