target,moment
90.663631358,88.91582483972378
