target,moment
0.1723413565516609,0.16362818718089878
0.2001451715125225,0.20436253797841386
0.0492233011970225,0.05146889698526424
0.168467104972989,0.2196854034360658
0.0285381933738058,0.02832118608532257
0.0677758953123543,0.0695537153460944
0.0150971440961255,0.013379917262292169
0.0183036890385174,0.02207173292603878
0.0333799623505598,0.034619965170588525
0.0211113551470954,0.021176324649728618
0.0071838887952674,0.007339423491473378
0.2184329376520792,0.16439270948781903
