target,moment
0.071287577,0.07155948702821836
