target,moment
0.5818702095245357,0.5596968198954186
