target,moment
0.0251697,0.048484426291034534
0.0170519152063842,0.01747803990834575
0.0318099,0.032605139999002976
0.0130792,0.01267364518626114
0.0100246,0.009406180797349263
0.0082411,0.008155606156817407
0.0142723639866622,0.014510688766184783
