target,moment
1.0,1.0
1.08968319541132,1.0748202485247822
1.17541345258769,1.165780755596504
0.346940370796428,0.36635390207475244
0.43593184990191,0.43327574977486283
0.242070633833219,0.24293364787441923
0.611167762289279,0.607481864259577
