target,moment
132.54350381676167,132.67222906741068
