target,moment
0.17408998455240898,0.1673159545772018
0.20326261408662652,0.20837609839254864
0.05147901092100285,0.0532762011712639
0.16176055362893121,0.2037460420966336
0.0325129418648851,0.031940089464709526
0.06504081352104561,0.06904742185030477
0.31185408142509974,0.26629819244733777
