target,moment
0.015629,0.015485683231163668
