target,moment
1.0,1.0
0.8725795027488233,0.8766403605771764
0.854808293224731,0.8839985126749619
0.621549138483011,0.8001056510746792
0.597797984767889,0.5912125092767452
0.293805456329383,0.3037224485111252
0.97595829268538,0.9219247058573687
0.7580583490804771,0.9264019421138654
0.386667563757739,0.3714320417158607
0.525456673586441,0.5268956844511727
0.569474829535268,0.42978896160602914
