target,moment
1.0,1.0
1.138890801730622,1.1238270392002478
1.1278790611447331,1.1466439736881355
0.437979971591424,0.5368372624758827
0.6318779683611937,0.6422802317507987
0.282102886410926,0.28938652615916677
0.6471861861419538,0.5325584004430268
