target,moment
0.548659119017071,0.5072357613946413
