target,moment
0.0033849352535076,0.0034632558731197754
