target,moment
0.5685539364481481,0.7291059835257695
