target,moment
0.0035021124256769,0.0033682560864764285
