target,moment
0.0251697,0.06721751047128739
0.0170519152063842,0.01724678555522798
0.0318099,0.03366521065695886
0.0130792,0.012577979598550565
0.0100246,0.009087747199967642
0.0082411,0.008185293299334248
0.0142723639866622,0.014576086765189252
