target,moment
133.80077245805202,133.86782405294568
