target,moment
0.017496806,0.017608975292711337
