target,moment
0.000729426174,0.0007182029623935083
