target,moment
0.4200000000000002,0.4201666001578828
