target,moment
0.5319924347316454,0.7268608229022527
