target,moment
90.663631358,90.73551240533241
