target,moment
90.663631358,91.03474211835005
