target,moment
0.0251697,0.045651468465730566
0.0170519152063842,0.017375801087385127
0.0318099,0.03221818700908047
0.0130792,0.012663752981268681
0.0100246,0.00943303682989449
0.0082411,0.008155073397158307
0.0142723639866622,0.01447808509705366
