target,moment
0.2165556656512729,0.21216531987135245
0.233729031160127,0.21649729280414978
0.0672049461385212,0.06254251653897551
0.1094507590702438,0.143320731930499
0.0339758263448995,0.030693356116470095
0.0562960172915832,0.054253396374429316
0.2827877543433519,0.2805273863641239
