target,moment
0.6129589152841376,0.6243278564597128
