target,moment
0.4000000000000001,0.40010684629113846
