target,moment
0.0251697,0.06067982667285775
0.0170519152063842,0.01731834325897498
0.0318099,0.03343608547889465
0.0130792,0.012764884254353213
0.0100246,0.00942287430016476
0.0082411,0.008148672901423562
0.0142723639866622,0.014482997317284507
