target,moment
0.0251697,0.04681924036284115
0.0170519152063842,0.01695941993716826
0.0318099,0.034178159886602076
0.0130792,0.0010082813038762312
0.0100246,0.000828458983956495
0.0082411,0.0025984706999452674
0.0142723639866622,0.005304682883996766
