target,moment
0.09277,0.09248658611964847
