target,moment
133.80077245805202,133.76700366110433
