target,moment
0.0047164777,0.004736436784860123
