target,moment
0.3499061550503732,0.5881136427727323
0.1200626194103338,0.06065878496642982
0.1211887588058545,0.06390338565444798
0.0035804162844133,0.010388011905498823
0.0004965786572176,0.00847207680580909
0.002462693476303,0.002701420913360122
0.0600304680464258,0.029904844334406513
