target,moment
0.2040428289529481,0.21193393419024345
0.2255852454372509,0.2368572670055605
0.0643218875038216,0.06592498278761227
0.1031564938626009,0.13294937726473988
0.0320219615813117,0.033865098552655924
0.0530585619633796,0.054932787108453625
0.018329400868127,0.018093911854879838
0.0189912032396071,0.021185958351336916
0.0265511265560509,0.02643266000336198
0.0104250119775051,0.010775395122973876
0.0209966612555152,0.020962654757204345
0.2225196168018815,0.16608597300097747
