target,moment
0.015629,0.015546092145602953
