target,moment
0.5418056800884126,0.584309778444827
