target,moment
0.2165556656512729,0.21429942862933699
0.233729031160127,0.21726970217183242
0.0672049461385212,0.06284920819085228
0.1094507590702438,0.1408976195314488
0.0339758263448995,0.03034229455032466
0.0562960172915832,0.05367346935161956
0.2827877543433519,0.2806682775745853
