target,moment
0.6500000000000004,0.6430812447916524
