target,moment
0.538229054668349,0.5175700350759741
