target,moment
0.0010753229315927676,0.0010846291106335559
