target,moment
0.0251697,0.02232412435079715
0.0170519152063842,0.019974071985127972
0.0318099,0.030347868648307783
0.0130792,0.0016007623068823352
0.0100246,0.0008926076399951396
0.0082411,0.002851905305261498
0.0142723639866622,0.006798693781732796
