target,moment
133.80077245805202,133.76910804824197
