target,moment
0.000729426174,0.0006995939900558114
