target,moment
0.000729426174,0.0006995941505962853
