target,moment
90.663631358,90.89791926004823
