target,moment
1.0,1.0
0.6774778883492533,0.6367520766190192
1.2638172087867556,1.461575505455267
0.5196406790704696,0.48444023383735013
0.3982804721550118,0.3532440154731554
0.32742146310842,0.329319089279971
0.5670454549185012,0.49064836773298687
