target,moment
0.0251697,0.029129025927947843
