target,moment
0.0247983002662659,0.052864017355870895
0.0167409804276558,0.018084342081046888
0.0272177004814147,0.0273119045160305
0.0063872998952865,0.0004767332495746744
0.0104751002788543,0.000491234612317694
0.006866899728775,0.0006631243486934409
0.0159226860322164,0.004746016329962261
