target,moment
1.0,1.0
1.0235999878561457,1.022042380175126
1.39102799466737,1.3919509545609188
0.344877671809438,0.3528434110996194
0.616146390550964,0.6130769825419028
0.23666773179934,0.23593241854077698
0.6089998887133771,0.5988376986860605
