target,moment
0.0168692,0.016837201319187915
