target,moment
133.80077245805202,133.84263782238395
