target,moment
0.09277,0.09303624999282864
