target,moment
1.0,1.0
0.8708918904661864,0.8889226324814745
0.854808293224731,0.9008567459976649
0.621549138483011,0.8151781385618213
0.597797984767889,0.5969350897907092
0.293805456329383,0.30358109120341353
0.97595829268538,0.9260549089697198
0.7580583490804771,0.9690110069217687
0.386667563757739,0.38002844377831396
1.22613445378151,1.2061282345125446
0.525456673586441,0.5261583818474987
0.4908529160875781,0.36259387351341726
