target,moment
0.5966899215627174,0.6173527706156932
