target,moment
0.0245001006126403,0.040622160974963066
0.0166728529938655,0.01612129831617322
0.026430299282074,0.02554519947034356
0.0056323999166488,0.00039863313078255375
0.0104751002788543,0.00033305496780540727
0.0063905000686645,0.00017009222697887734
0.0158664130379464,0.004270609718082514
