target,moment
0.027820599079132,0.027662982474920488
0.0201410956216747,0.02038110102340495
0.0324071002006531,0.032528231771391185
0.0205700993537903,0.003608331896256542
0.0137092995643615,0.0009004646361949534
0.0069309997558593,0.0022478075257216065
0.0169324004650116,0.016667462619264477
0.0397819995880127,0.03884175900657163
0.0110084998607635,0.0013550362349849874
0.0042943000793457,0.0008028521233777454
0.0073146998882293,0.0025842123419603552
0.0135465587074145,0.0037985352888822124
