target,moment
0.0047203001064472,0.004696194760425223
