target,moment
0.0251697,0.04647214385776092
0.0170519152063842,0.019995217249512327
0.0318099,0.03227753454678018
0.0130792,0.0128235138404609
0.0100246,0.00937942601410282
0.0082411,0.008357481481707821
0.0142723639866622,0.016843966011663478
