target,moment
0.027820599079132,0.025905645978121464
0.0201410956216747,0.020245004777039926
0.0324071002006531,0.03310044343670987
0.0205700993537903,0.0033659274539222525
0.0137092995643615,0.0008617799328330088
0.0069309997558593,0.002155800814100779
0.0169324004650116,0.016621919979548323
0.0397819995880127,0.03891391534298453
0.0110084998607635,0.0012998515845193586
0.0042943000793457,0.0007685024821446408
0.0073146998882293,0.0024401221574291807
0.0135465587074145,0.0035755496095758858
