target,moment
0.5418056800884126,0.595177584837624
