target,moment
1.0,1.0
1.08968319541132,1.0669483048794006
1.17541345258769,1.1486734431953147
0.346940370796428,0.355551892623789
0.43593184990191,0.4257588751158437
0.242070633833219,0.2583420565821536
0.611167762289279,0.6095431280323457
