target,moment
0.6446373330207485,0.6360499230031083
