target,moment
1.0,1.0
1.101384065059581,1.0072401584696669
1.5074103524401798,1.5487799701948894
0.2927116430551222,0.41177931797468403
0.3561693419860412,0.42535564773831236
0.2508702803222654,0.23694613317281843
0.6202247591661381,0.49170394077110896
