target,moment
0.0087725,0.008772461325860207
