target,moment
0.2165556656512729,0.19406115171829766
0.233729031160127,0.20934438053500834
0.0672049461385212,0.06292421860948973
0.1094507590702438,0.17421139266625252
0.0339758263448995,0.03175443982580147
0.0562960172915832,0.05738503894929498
0.2827877543433519,0.27031937769585546
