target,moment
1.0,1.0
1.1132585749874138,1.101247060815865
1.6031472056606166,1.6165578128347333
0.3389293755051379,0.4173887260861736
0.6092239500305324,0.5874138300648475
0.2370012891582243,0.2303272997493824
0.621213651658934,0.5409945288084098
