target,moment
0.0014255318347333,0.0014045466187498673
