target,moment
0.09277,0.09594382767865135
