target,moment
0.0245001006126403,0.02481160497765712
0.0167215689711362,0.017062466539906895
0.026430299282074,0.02626904510393557
0.0056323999166487,0.0004545339938513914
0.0104751002788543,0.0005238715834594895
0.0063905000686645,0.00030180092403317584
0.0161208999156951,0.01608971003084267
0.0221616005897522,0.0212504549916479
0.0096591997146606,0.001690473866536242
0.0025066998600959,0.0003728162982532026
0.0052693998813629,0.006011641137506308
0.0175742767524153,0.0038848123484930353
