target,moment
1.0,1.0
1.11043237851765,1.05320793698384
1.4972143972134937,1.548234742449242
0.284826148650757,0.41143301959633266
0.3207191387708363,0.40969786382496753
0.2370063656795177,0.23784398837250278
1.0124883458685825,0.8721052055877913
0.803144451153576,0.9654966862637681
0.450763503237386,0.3300270591166543
0.5907308071628941,0.4997739584676627
0.532313262392555,0.5266567672500767
0.5025108501809825,0.48561810118733945
