target,moment
0.2165556656512729,0.21572838447680576
0.233729031160127,0.21763183137358177
0.0672049461385212,0.06286220715285588
0.1094507590702438,0.14148156401917436
0.0339758263448995,0.030450383623999093
0.0562960172915832,0.054176379588698344
0.2827877543433519,0.27766924976488483
