target,moment
0.0251697,0.04203768352193727
0.0170519152063842,0.013843496464561199
0.0318099,0.028879893670326458
0.0130792,0.012068558578185735
0.0100246,0.009750199853312727
0.0082411,0.008151256838839578
0.0142723639866622,0.011046154472582509
