target,moment
0.0048753415304139,0.004731303116290257
