target,moment
0.0251697,0.04662251434078528
0.0170519152063842,0.016877000141465582
0.0318099,0.03420157794671483
0.0130792,0.0009655822961697317
0.0100246,0.0008020179654677149
0.0082411,0.0025135516402172322
0.0142723639866622,0.005063261154933258
