target,moment
0.570066345369655,0.5943249103196997
