target,moment
104.39533687222001,98.69630229637228
