target,moment
1.0,1.0
1.0930777059511088,1.0905393815667215
1.17541345258769,1.1759824680453075
0.346771653959122,0.35234202009551857
0.435719747133782,0.43747703991521664
0.241952910075955,0.24237268840932047
1.00152170325136,1.0007421896926203
0.770342027427148,0.7766225377527533
0.450288180056851,0.4500971112351626
1.04371974139227,1.0475942943717915
0.653966544013067,0.6539314746841034
0.4017735881616045,0.39149960254426397
