target,moment
0.2040428289529481,0.21589323338768898
0.2255852454372509,0.23650371592386424
0.0643218875038216,0.06659021597464178
0.1031564938626009,0.1650697035538031
0.0320219615813117,0.03593518949173348
0.0530585619633796,0.05683874786442896
0.018329400868127,0.017811572960634875
0.0189912032396071,0.02336115925312122
0.0265511265560509,0.026578139708042528
0.0104250119775051,0.011121991942020423
0.0209966612555152,0.021166255416795503
0.2225196168018815,0.12313007452322487
