target,moment
0.0029009658901908595,0.00274750535444903
