target,moment
82.198645766003,82.1769363875853
