target,moment
0.0168692,0.017597882401319067
