target,moment
0.6076414285046692,0.7026401068156722
