target,moment
0.5802974826634877,0.5255934924943957
