target,moment
53.323381771899,53.32318929226957
