target,moment
0.22529215066109548,0.23708548540749863
0.25332850318466504,0.25623519443326853
0.0877376499358178,0.08879015772880393
0.07002313444740653,0.08653672398227143
0.03803283582904722,0.03649880069771359
0.04632912906950083,0.044528176433785684
0.27925659687246707,0.25032546131665806
