target,moment
0.0251697,0.05049050958451809
0.0170519152063842,0.017042136137054194
0.0318099,0.032483825026899005
0.0130792,9.226732373180692e-05
0.0100246,7.600911882424972e-07
0.0082411,0.00037609335598825014
0.0142723639866622,0.00961370872365443
