target,moment
0.39755987088787237,0.8358178870246935
