target,moment
1.0,1.0
0.8725795027488233,0.8679002651587976
0.854808293224731,0.8548810514771015
0.7458589661796131,0.7796621247623388
0.597797984767889,0.5740507715067968
0.293805456329383,0.2960884718545534
0.97595829268538,0.8946445732366521
0.7580583490804771,0.860685685545651
0.386667563757739,0.3643754187489032
0.525456673586441,0.5080563250122101
0.456857731012344,0.45936971930585596
0.5726777336793948,0.5521964660674403
