target,moment
0.1723413565516609,0.1524477837090753
0.2001451715125225,0.19565662148334112
0.0492233011970225,0.04906320678272834
0.168467104972989,0.2074146697945783
0.0285381933738058,0.027341487223860022
0.0677758953123543,0.06788115179025728
0.0150971440961255,0.013837678540259307
0.0183036890385174,0.020767329427145584
0.0333799623505598,0.03136670509504003
0.0211113551470954,0.020377336377310026
0.0071838887952674,0.0072194275723730566
0.2184329376520792,0.20662660220403165
