target,moment
0.0251697,0.046427524089232265
0.0170519152063842,0.01741639512515746
0.0318099,0.03227539508583788
0.0130792,0.012659812207998358
0.0100246,0.009407067036092523
0.0082411,0.008150611394479658
0.0142723639866622,0.014516588273405812
