target,moment
0.44000000000000006,0.4401154950454856
