target,moment
0.2165556656512729,0.21219612502243257
0.233729031160127,0.21653698252743142
0.0672049461385212,0.06254531633975995
0.1094507590702438,0.14328519161214734
0.0339758263448995,0.030687569425565
0.0562960172915832,0.05424311782689191
0.2827877543433519,0.2805056972457718
