target,moment
0.0168692,0.017972545575982508
