target,moment
1.0,1.0
1.08968319541132,1.0942259930039093
1.17541345258769,1.1773351565349979
0.346940370796428,0.36109988763457457
0.43593184990191,0.4338326980349352
0.242070633833219,0.24288261356109295
0.611167762289279,0.6194466478691872
