target,moment
0.027525839805603,0.048220164612682526
0.0189497169540431,0.019744508411175733
0.0319443397521972,0.031339299917900756
0.0170338399410247,0.00214460509526303
0.0113482398986816,0.0006078224074955305
0.0079588000774383,0.0022735217540143207
0.0143491708326147,0.00590618263767584
