target,moment
0.0037590852540712,0.003531469366054954
