target,moment
0.5679426726969605,0.6521592575319511
