target,moment
0.0251696991920471,0.02328054506184024
0.0169424664104217,0.017479653191525422
0.0313091993331909,0.027971050689348312
0.0130791997909546,0.0017679368028161557
0.0100246000289917,0.0009226521179718522
0.0082410997152328,0.003065969051403443
0.0197126996517181,0.016932841214059625
0.0252290010452271,0.02402734346700155
0.0106797003746033,0.0012317072218291335
0.0184949994087218,0.012364482026631375
0.0039844000339508,0.0005435274552934002
0.0127844897880634,0.006538178971147545
