target,moment
1.0,1.0
0.8725795027488233,0.8781567223410645
0.854808293224731,0.8869796106411093
0.621549138483011,0.8032022063363387
0.597797984767889,0.6311585042712687
0.293805456329383,0.29975465350998337
0.97595829268538,0.9182216166913721
0.7580583490804771,0.8945953398066997
0.386667563757739,0.3690214205431337
0.525456673586441,0.520018583319293
0.569474829535268,0.42999053249292585
