target,moment
0.000729426174,0.000735949534985265
