target,moment
0.09277,0.09320829715830672
