target,moment
0.015629,0.015515318040528839
