target,moment
0.0032232954335454,0.0029665558919876865
