target,moment
90.663631358,90.73275384602749
