target,moment
1.0,1.0
0.8725795027488233,1.1549765224354378
0.854808293224731,1.1909888193033853
0.621549138483011,1.2575555755297718
0.597797984767889,0.732315701817517
0.293805456329383,0.3855554711115148
0.97595829268538,1.1207010698344233
0.7580583490804771,1.2306262430967345
0.386667563757739,0.44304712948927816
0.525456673586441,0.636861022697588
0.456857731012344,0.5998373592871762
0.5726777336793948,0.6969940330413386
