target,moment
0.07987748970707383,0.09083894491908853
0.07620909558526726,0.09509975290872914
0.0778492272618195,0.0932618526402401
0.12835191017015618,0.0977803114719958
0.12072727480367522,0.08684524386972993
0.11697823168141308,0.09186688907467898
0.04898994261716686,0.0725405267302779
0.07979385381849145,0.08750560040536895
0.04897320057678495,0.07339955257603621
0.12185948006826887,0.10125084762602542
0.0632566665624709,0.0804305796485267
0.0815879312468818,0.09119714892575224
