target,moment
0.0035352995903461,0.001293262558757444
0.0011811781309409,0.00022335445510254922
