target,moment
0.0251697,0.041132122508408475
0.0170519152063842,0.017236395264077234
0.0318099,0.03117347073594059
0.0130792,0.012627014153093526
0.0100246,0.009415546561395698
0.0082411,0.008136717089247654
0.0142723639866622,0.014583560316410416
