target,moment
0.0168692,0.01801456135383596
