target,moment
0.2165556656512729,0.21931429120599708
0.233729031160127,0.21444712617031828
0.0672049461385212,0.06209979142530156
0.1094507590702438,0.14199382782200806
0.0339758263448995,0.03040503851836227
0.0562960172915832,0.05377638914983237
0.2827877543433519,0.27796353570818044
