target,moment
0.027820599079132,0.02761692028135234
0.0201410956216747,0.020413254770152444
0.0324071002006531,0.03268972881551712
0.0205700993537903,0.0037288684911302686
0.0137092995643615,0.0009044707134993957
0.0069309997558593,0.0022783522513401015
0.0169324004650116,0.016659185447471442
0.0397819995880127,0.03885568794397361
0.0110084998607635,0.00136582456753474
0.0042943000793457,0.0008068147787552485
0.0073146998882293,0.0025798931752146425
0.0135465587074145,0.003893060281274086
