target,moment
0.0168692,0.018386869417011512
