target,moment
0.0251697,0.059635217336792834
0.0170519152063842,0.017717137716529118
0.0318099,0.033485884706501635
0.0130792,0.012369244494503918
0.0100246,0.008914197068265631
0.0082411,0.008015554911263259
0.0142723639866622,0.014655166747422817
