target,moment
0.2165556656512729,0.21707982359448413
0.233729031160127,0.21526549953116625
0.0672049461385212,0.06238097788421954
0.1094507590702438,0.1422645148519863
0.0339758263448995,0.030453046573109325
0.0562960172915832,0.05386245976793079
0.2827877543433519,0.2786936777971036
