target,moment
0.2165556656512729,0.1927763732271744
0.233729031160127,0.20922706840517424
0.0672049461385212,0.06242090998403489
0.1094507590702438,0.17472110471852967
0.0339758263448995,0.03184364171728893
0.0562960172915832,0.057586247624503116
0.2827877543433519,0.2714246543232948
