target,moment
0.0168692,0.017916256117107943
