target,moment
0.000729426174,0.000727626181964393
