target,moment
90.663631358,90.70940665756882
