target,moment
0.2165556656512729,0.21473123082651852
0.233729031160127,0.2173088532251571
0.0672049461385212,0.06286269704548937
0.1094507590702438,0.140964603766508
0.0339758263448995,0.030357868817396598
0.0562960172915832,0.05370242644226678
0.2827877543433519,0.2800723198766636
