target,moment
1.0,1.0
1.08968319541132,1.094084519850612
1.17541345258769,1.1762230741555038
0.346940370796428,0.36108608866064346
0.43593184990191,0.4338195611484267
0.242070633833219,0.2428333643375357
0.611167762289279,0.6195425926082868
