target,moment
0.0168692,0.020977461638045914
