target,moment
90.663631358,90.89285980061413
