target,moment
1.0,1.0
0.6774778883492533,0.6443836834846233
1.2638172087867556,1.4608377409991413
0.5196406790704696,0.4858758720558466
0.3982804721550118,0.3532786397882754
0.32742146310842,0.32932776825220433
0.5670454549185012,0.49810521593985424
