target,moment
90.663631358,91.99397813691954
