target,moment
52.686792632164,52.822719818126416
