target,moment
0.0168692,0.01746369820184801
