target,moment
133.80077245805202,1.5553469912584985
