target,moment
0.027820599079132,0.02704573266747438
0.0201410956216747,0.02043681293802614
0.0324071002006531,0.03202830856488585
0.0205700993537903,0.003713669810020186
0.0137092995643615,0.0009038082227218673
0.0069309997558593,0.0022583679477990925
0.0169324004650116,0.016672068380209907
0.0397819995880127,0.03868890902548605
0.0110084998607635,0.0014023567565214486
0.0042943000793457,0.004124886576662904
0.0073146998882293,0.0025946606364056946
0.0135465587074145,0.006264433865979725
