target,moment
1.0,1.0
1.08968319541132,1.0822314856868713
1.17541345258769,1.170722492556849
0.346940370796428,0.357559936959626
0.43593184990191,0.43077579276457356
0.242070633833219,0.24097792953148148
0.611167762289279,0.6113051927933073
