target,moment
1.0,1.0
1.08968319541132,1.0799424429014526
1.17541345258769,1.1640491532218764
0.346940370796428,0.3573727463729168
0.43593184990191,0.43063254154715314
0.242070633833219,0.24110289363020346
0.611167762289279,0.6109304352589052
