target,moment
0.0251697,0.02919956051515656
