target,moment
0.3499061550503732,0.6492083431642337
0.1200626194103338,0.06712087437212576
0.1211887588058545,0.055666916662700586
0.0035804162844133,0.011852247002112268
0.0004965786572176,0.005977884064546609
0.002462693476303,0.0025946496538322562
0.0600304680464258,0.04343033077507913
