target,moment
1.0,1.0
1.0793023145213338,1.0373384401761139
0.3103356632873494,0.2969676041949085
0.5054162805719256,0.6940164734633582
0.1568918838614548,0.14879264118491786
0.2599609533293794,0.2632957896088357
1.3058432504773845,1.356932126357644
