target,moment
0.09277,0.0930698709941188
