target,moment
1.0,1.0
1.0930777059511088,1.0970034198373102
1.17541345258769,1.1873708894105972
0.346771653959122,0.35286793678122974
0.435719747133782,0.4397478980687967
0.241952910075955,0.24237960809409226
1.00152170325136,1.0059387989057131
0.770342027427148,0.7827791835848587
0.450288180056851,0.4519717182174672
1.04371974139227,1.0526016563825413
0.653966544013067,0.6540027978376423
0.4017735881616045,0.39153008344797513
