target,moment
0.0004376557044,0.0003964207263694597
