target,moment
144.80523727796603,144.63758038136584
