target,moment
90.663631358,91.06189726018683
