target,moment
0.1200626194103338,0.21985499823371954
0.1211887588058545,0.23186900058476165
0.0035804162844133,0.03133131424809278
0.0004965786572176,0.03279404792763158
0.002462693476303,0.007875987640494117
0.0600304680464258,0.09035374466636976
0.1343304183885601,0.045985224236622116
0.0637303998720678,0.03902494936355588
0.0018651157701598,0.0073625210593971264
0.0004460791327548,0.007531283535527294
0.0016008349254711,0.0023543880102616086
0.0392297139201939,0.01843999724026295
0.0400814725661333,0.015164655403203825
0.0389368166783096,0.020254477881805226
0.0006682770403912,0.005424808350343026
9.931573144352892e-05,0.0025257307966673635
0.0002592308922424,0.000564742964241679
0.0194675666804137,0.010186945574217685
0.0304225968538796,0.009403215576482597
0.03434640990464,0.021962554927291628
0.0521424423253347,0.045015046828246995
0.0001026823664077,0.00241546318203274
0.0003332968614545,0.000670701054582377
0.01717320495232,0.012732364122168778
0.0103574524673225,0.00544982025505621
0.0083223216314713,0.006540153761055717
0.0012540715241598,0.002596927560043663
0.0003282469090082,0.0005936012509175795
0.0001245654936749,0.0002507203073508387
0.0041611608157356,0.0018886344822355064
0.0135473390958901,0.003967347075795117
0.0109735466657688,0.005957051296123349
0.0026175586846557,0.0031876054327759163
0.0003770631159889,0.0006220819717570371
9.258246151515408e-05,0.0009654185346418052
0.0054859316741434,0.0022896932734394835
0.0671694174879853,0.031047012388438665
0.0583101175797261,0.021662088284748665
0.0318651999360339,0.025560491854510276
0.0009325578850799,0.002542036246767273
0.0002238812251184,0.002949442270059405
0.0007995758039945,0.0008317103463033075
