target,moment
90.663631358,91.2094022571309
