target,moment
1.0,1.0
1.08968319541132,1.0809728784688952
1.17541345258769,1.1665425487493677
0.346940370796428,0.35764736927415697
0.43593184990191,0.43082872040673964
0.242070633833219,0.24099618724081662
0.611167762289279,0.6116141877844409
