target,moment
0.000729426174,0.000660800133750958
