target,moment
0.09277,0.09542659124043743
