target,moment
0.0032232954335454,0.0030106144138430423
