target,moment
1.0,1.0
1.08968319541132,1.0815479743082088
1.17541345258769,1.1672353318201094
0.346940370796428,0.35770922199544103
0.43593184990191,0.43103578439136225
0.242070633833219,0.24111730696057512
0.611167762289279,0.6114574299513375
