target,moment
0.0168692,0.016210582477826998
