target,moment
0.0847221251938313,0.08354401877183548
