target,moment
0.070641617,0.07516778028055049
