target,moment
0.07725506,0.08039237111682439
