target,moment
0.0029641647389332,0.0030072095019690005
