target,moment
0.0168692,0.01639623342434375
