target,moment
0.0251697,0.06860249706133548
0.0170519152063842,0.01704332280544846
0.0318099,0.033296960712728425
0.0130792,0.012511669686979955
0.0100246,0.008981046905221305
0.0082411,0.00808977333424559
0.0142723639866622,0.014531084661904987
