target,moment
0.6300000000000003,0.6301411436865559
