target,moment
0.2165556656512729,0.19376067224826224
0.233729031160127,0.2090604660344625
0.0672049461385212,0.06259602937242681
0.1094507590702438,0.17451242551831636
0.0339758263448995,0.031810745193682766
0.0562960172915832,0.057509411111896655
0.2827877543433519,0.2707502505209525
