target,moment
0.0251697,0.04677521108708275
0.0170519152063842,0.016958956916995033
0.0318099,0.03418474907282298
0.0130792,0.0010050542319924127
0.0100246,0.00083068409177913
0.0082411,0.002597938469500294
0.0142723639866622,0.0052765038016016515
