target,moment
0.09277,0.09597009836824653
