target,moment
0.1723744735734453,0.16250378393979847
0.2001836313003392,0.20524693004637343
0.0492327599199353,0.05144475636125102
0.1684994775206873,0.22192542510099567
0.0285436772575964,0.02819613111686484
0.0677889190917095,0.0694681883491106
0.0151000451551628,0.014264718535690168
0.0183072062654951,0.021711333111188065
0.0333863766260561,0.03188985909265693
0.0211154118936726,0.020903267245805237
0.2254680213959001,0.17244560710026563
