target,moment
0.014603,0.014621170294850846
