target,moment
0.1723744735734453,0.1624855317915252
0.2001836313003392,0.20524525769519292
0.0492327599199353,0.05144320024516087
0.1684994775206873,0.22193388597167954
0.0285436772575964,0.02819690554642501
0.0677889190917095,0.06947171792507349
0.0151000451551628,0.0142648853603757
0.0183072062654951,0.021712779368567702
0.0333863766260561,0.0318905114075178
0.0211154118936726,0.020903537198802693
0.2254680213959001,0.172451787489679
