target,moment
0.6092619624740234,0.6578474436542415
