target,moment
0.2165556656512729,0.21483438586624695
0.233729031160127,0.21529532502999815
0.0672049461385212,0.06226487440041813
0.1094507590702438,0.14260440526343265
0.0339758263448995,0.03053120838637891
0.0562960172915832,0.05526366014539858
0.2827877543433519,0.2792061409081267
