target,moment
0.6786370529182437,0.6713062841071112
