target,moment
1.0,1.0
1.11043237851765,1.0533377746150117
1.4972143972134937,1.5770264624562516
0.284826148650757,0.4217310332976158
0.3207191387708363,0.41847073900555687
0.2370063656795177,0.24258182631566733
1.0124883458685825,0.8903641112103541
0.803144451153576,0.9940245651993554
0.450763503237386,0.3330462001353113
0.5907308071628941,0.5112004536566566
0.532313262392555,0.5398401701063165
0.5025108501809825,0.396571694931209
