target,moment
0.0251697,0.026237455403794588
0.0170519152063842,0.016348971499993818
0.0318099,0.031080406881979265
0.0130792,0.0006882261734389204
0.0100246,0.0008078897104367024
0.0082411,0.0027303968990047816
0.0142723639866622,0.0036803482376692163
