target,moment
1.0,1.0
1.08968319541132,1.0750448857118773
1.17541345258769,1.1682553732252794
0.346940370796428,0.36471709343707964
0.43593184990191,0.43275883694457956
0.242070633833219,0.24253968987850477
0.611167762289279,0.6067965749568994
