target,moment
0.4361486759670805,0.4905214213251149
0.1457215335577039,0.15864869763424314
