target,moment
0.0087725,0.008869857091650933
-0.0128385999999999,-0.012843113629454886
