target,moment
0.0847221251938313,0.08926624351910341
