target,moment
0.1723413565516609,0.14778847272444876
0.2001451715125225,0.1907669546225971
0.0492233011970225,0.048168046339787385
0.168467104972989,0.23117808507724186
0.0285381933738058,0.026587696395546954
0.0677758953123543,0.06726104336257424
0.0150971440961255,0.012765530692432818
0.0183036890385174,0.021605327018027497
0.0333799623505598,0.02961553254470836
0.0211113551470954,0.019615209028011747
0.0071838887952674,0.007130359938602102
0.2184329376520792,0.1975177422560212
