target,moment
1.0,1.0
1.08968319541132,1.081602094471188
1.17541345258769,1.167704577325872
0.346940370796428,0.3575353614765534
0.43593184990191,0.4307581982466737
0.242070633833219,0.2409920198675677
0.611167762289279,0.6113429844123409
