target,moment
90.663631358,90.70883541364486
