target,moment
0.0251697,0.050171513259787706
0.0170519152063842,0.017162284739257454
0.0318099,0.03239533889452998
0.0130792,0.00013206272392938878
0.0100246,1.7428718683668359e-06
0.0082411,0.00046219902925041524
0.0142723639866622,0.010925483728714465
