target,moment
1.0,1.0
1.08968319541132,1.0830060564453472
1.17541345258769,1.1672938784366145
0.346940370796428,0.35745322519988415
0.43593184990191,0.4307757326087179
0.242070633833219,0.24152774138230163
0.611167762289279,0.6116507285789164
