target,moment
0.2165556656512729,0.19570395276127656
0.233729031160127,0.20875664229252883
0.0672049461385212,0.062366614735118446
0.1094507590702438,0.17432640877660546
0.0339758263448995,0.03178534316412476
0.0562960172915832,0.057508253577383914
0.2827877543433519,0.2695527846929621
