target,moment
90.663631358,91.14150483163897
