target,moment
0.015629,0.015735794585938746
