target,moment
0.1720571769926434,0.17289912263869534
0.2003461625273711,0.20018259829492036
0.051296739857376976,0.05282603251218259
0.1653342473612153,0.2061859205398479
0.03201346434640696,0.031519193057810195
0.06616937289918964,0.0700369833201283
0.3127828360157966,0.26635014963641523
