target,moment
0.000729426174,0.0007181701145459683
