target,moment
0.0251697,0.05006715239665753
0.0170519152063842,0.01737833712852092
0.0318099,0.03291681560049572
0.0130792,0.012764688009005109
0.0100246,0.009249826914739969
0.0082411,0.008205430468447444
0.0142723639866622,0.01461696135560462
