target,moment
0.0270490328470866,0.050087587524487553
0.0197649415585323,0.019684433166026822
0.0327351673444111,0.03188561261744444
0.019774766365687,0.0026532691994543664
0.0119740664958954,0.0004894573428707173
0.0071733333667118,0.0015267240580273992
0.0146400872890982,0.006042877332862016
