target,moment
0.4000000000000001,0.46563944324283024
