target,moment
0.0168692,0.016896090434612064
