target,moment
0.5041542523556912,0.45034607339514987
