target,moment
0.5418056800884126,0.596772480873893
