target,moment
1.0,1.0
1.087897084607971,1.067550333931559
1.63972153533769,1.6490408085319896
0.3122859940415924,0.3960029424149754
0.515634981800139,0.5265459312140798
0.2337143040284398,0.2272750319747393
0.6151781063336416,0.5220496706049019
