target,moment
0.22609074273896182,0.22457463177341902
0.2551896976756327,0.2644863390089981
0.08758244917390792,0.08972883948805416
0.06722496921966038,0.08678939598368487
0.03874790344201137,0.03989542778678677
0.04468959721081904,0.043854012831907103
0.2804746405390067,0.25067135312714994
