target,moment
0.09277,0.09539232443487855
