target,moment
0.2165556656512729,0.21211835302858534
0.233729031160127,0.21654394956557857
0.0672049461385212,0.06257650036517431
0.1094507590702438,0.14321721506174795
0.0339758263448995,0.030656485268176957
0.0562960172915832,0.054210179439718
0.2827877543433519,0.2806773172710188
