target,moment
0.1723413565516609,0.1686922669920309
0.2001451715125225,0.23041321048877397
0.0492233011970225,0.0558986782764626
0.168467104972989,0.07108394423507086
0.0285381933738058,0.03247236453828511
0.0677758953123543,0.07816487015309115
0.0150971440961255,0.017009037800150107
0.0183036890385174,0.020969826777607815
0.0333799623505598,0.03798480993813178
0.0211113551470954,0.026004758620358174
0.0071838887952674,0.008654954513741313
0.2184329376520792,0.2526512776662962
