target,moment
0.0168692,0.017214541428309072
