target,moment
0.1723413565516609,0.15244726590319127
0.2001451715125225,0.19565631117760296
0.0492233011970225,0.04906311176666189
0.168467104972989,0.20741494425344242
0.0285381933738058,0.02734157510609
0.0677758953123543,0.06788132083774916
0.0150971440961255,0.013837673206293064
0.0183036890385174,0.020767282985104222
0.0333799623505598,0.03136681238070978
0.0211113551470954,0.02037738303631674
0.0071838887952674,0.007219449191902158
0.2184329376520792,0.2066268701549363
