target,moment
0.0251697,0.0707896186933136
0.0170519152063842,0.017600868101395294
0.0318099,0.03297053132759017
0.0130792,0.0013701642447653494
0.0100246,0.0009921501471423253
0.0082411,0.00307165336448526
0.0142723639866622,0.008313481619823263
