target,moment
1.0,1.0
1.08968319541132,1.0736679866325258
1.17541345258769,1.163912076536854
0.346940370796428,0.3646172265276265
0.43593184990191,0.43225836548582336
0.242070633833219,0.24234078578305737
0.611167762289279,0.6068243027996465
