target,moment
0.5871254369850125,0.6462915309941709
