target,moment
1.0,1.0
0.939815486134276,1.039675019287427
1.0284494281139582,1.177363242507813
0.5978330268176696,0.7963013590055252
0.7181087131761513,0.7173509193083808
0.2949717993498993,0.3090423216484056
0.665242249021374,0.5631277361876205
