target,moment
0.0046776151125391,0.004421776398836621
