target,moment
0.2165556656512729,0.21749912800467353
0.233729031160127,0.21533308286491012
0.0672049461385212,0.06276180984774861
0.1094507590702438,0.1421202180586601
0.0339758263448995,0.030458908120011056
0.0562960172915832,0.05381506242078936
0.2827877543433519,0.2780117906832073
