target,moment
90.663631358,90.67837159360104
