target,moment
0.2165556656512729,0.19297006825420016
0.233729031160127,0.20950204593938135
0.0672049461385212,0.06272456289562621
0.1094507590702438,0.17464319949650287
0.0339758263448995,0.031835233755551896
0.0562960172915832,0.05756357077870801
0.2827877543433519,0.2707613188800296
