target,moment
0.000729426174,0.0007251870208185658
