target,moment
1.0,1.0
1.08968319541132,1.0813534187803788
1.17541345258769,1.1663606362763175
0.346940370796428,0.3575429369264431
0.43593184990191,0.4307615058925792
0.242070633833219,0.24097620496992803
0.611167762289279,0.6113404334879509
