target,moment
0.2165556656512729,0.21769690968469776
0.233729031160127,0.21482212786836485
0.0672049461385212,0.06261537169593513
0.1094507590702438,0.14214928195833182
0.0339758263448995,0.030454015600257064
0.0562960172915832,0.05387792091504159
0.2827877543433519,0.2783843722773719
