target,moment
0.0168692,0.01759429250223758
