target,moment
0.0168692,0.017646435832539813
