target,moment
1.0,1.0
1.08968319541132,1.074992430941078
1.17541345258769,1.1662207178547128
0.346940370796428,0.36507184895128336
0.43593184990191,0.4330529043709254
0.242070633833219,0.24275078334074696
0.611167762289279,0.6069868049318733
