target,moment
0.0168692,0.01758825380356154
