target,moment
90.663631358,91.05662765383867
