target,moment
1.0,1.0
0.6774778883492533,0.7134483802674934
1.2638172087867556,1.3720102365716524
0.5196406790704696,0.49779435605593936
0.3982804721550118,0.35243351348688223
0.32742146310842,0.32867424112731014
0.5670454549185012,0.5873676812095179
