target,moment
0.2040428289529481,0.21487103908220387
0.2255852454372509,0.23719130228596977
0.0643218875038216,0.0668290935930776
0.1031564938626009,0.1657795198509641
0.0320219615813117,0.03595094960759269
0.0530585619633796,0.05685024058053861
0.018329400868127,0.0179104497762573
0.0189912032396071,0.023516083932172725
0.0265511265560509,0.026554085110513645
0.0104250119775051,0.011138378811357482
0.0209966612555152,0.021146789120903838
0.2225196168018815,0.12226206824844836
