target,moment
0.2040428289529481,0.21498012451155302
0.2255852454372509,0.23722536919005305
0.0643218875038216,0.0666881747386959
0.1031564938626009,0.16502988943028962
0.0320219615813117,0.03591791626702756
0.0530585619633796,0.056836117894745894
0.018329400868127,0.01785143455303853
0.0189912032396071,0.0234236889780976
0.0265511265560509,0.026564493617955345
0.0104250119775051,0.011090582674986119
0.0209966612555152,0.021152617651458303
0.2225196168018815,0.12323959049209893
