target,moment
0.015629,0.015733500491032202
