target,moment
0.2165556656512729,0.21470526499230455
0.233729031160127,0.21729748584372566
0.0672049461385212,0.06285856407720178
0.1094507590702438,0.14096450231092394
0.0339758263448995,0.030357802236729795
0.0562960172915832,0.05370203887147667
0.2827877543433519,0.2801143416676377
