target,moment
0.0168692,0.01712047830974381
