target,moment
1.0,1.0
1.1546430942052794,1.2118265255776979
1.0217911314738,1.0536320517435416
0.395072638556141,0.49550491414498193
0.58478932385616,0.5955748363373958
0.291344262565686,0.2940262959323617
0.656273137230364,0.5488523121117417
