target,moment
0.000729426174,0.0007418769784543441
