target,moment
0.0251697,0.049481670846881355
0.0170519152063842,0.017569740396976178
0.0318099,0.03283207089471371
0.0130792,5.5934758662746974e-05
0.0100246,1.4374939721704147e-06
0.0082411,0.0003595959464746822
0.0142723639866622,0.010810610586397363
