target,moment
52.059453405938,52.1027268744045
