target,moment
0.2214072451001777,0.21412105795521874
0.2636500635920867,0.2691652676075794
0.09043198451352495,0.09788684717342373
0.04993493810867341,0.07543758252876431
0.03671665831664045,0.04847223834545916
0.04005118359925667,0.04142926113008433
0.019922137222697395,0.017604374368547882
0.015222884599582773,0.018943116368882913
0.03553290159457308,0.026428637630497628
0.022580518157466315,0.019597417451806917
0.20454948519532062,0.1709141994397349
