target,moment
0.000729426174,0.0007175626831283488
