target,moment
0.2165556656512729,0.2132950541966133
0.233729031160127,0.21609053305840964
0.0672049461385212,0.0625387459296908
0.1094507590702438,0.1431129883134036
0.0339758263448995,0.030637220057176482
0.0562960172915832,0.05417627997252377
0.2827877543433519,0.2801491784721824
