target,moment
0.0168692,0.016326403473100964
