target,moment
0.0251696991920471,0.049659248896581666
0.0169424664104217,0.019983933548390932
0.0313091993331909,0.02927458050719605
0.0130791997909546,0.002048110626009115
0.0100246000289917,0.001022668731635602
0.0082410997152328,0.003513364074292008
0.0197126996517181,0.014576325304033603
0.0252290010452271,0.02276843105578261
0.0106797003746033,0.001378357988378166
0.0184949994087218,0.010317602761155386
0.0039844000339508,0.0005561718212148076
0.0127844897880634,0.007373176161094943
