target,moment
1.0,1.0
1.0930777059511088,1.0939015827140175
1.17541345258769,1.1838429914188477
0.346771653959122,0.35230917006279205
0.435719747133782,0.43745241748367797
0.241952910075955,0.24237095455185595
1.00152170325136,1.0053819804429025
0.770342027427148,0.7812903416919572
0.450288180056851,0.4501032910119919
1.04371974139227,1.056884359507856
0.653966544013067,0.6539299591266189
0.4017735881616045,0.3915221804744893
