target,moment
0.5807760779705403,0.48932469401301953
