target,moment
0.0009840601140605,0.0012675855404276123
