target,moment
0.000729426174,0.0007085485081738308
