target,moment
0.09277,0.08864999958583906
