target,moment
0.5041542523556912,0.4804006305292831
