target,moment
1.0,1.0
0.8725795027488233,0.874943063310544
0.854808293224731,0.88308879028762
0.621549138483011,0.7979309370449117
0.597797984767889,0.5911071581695682
0.293805456329383,0.3009198293968049
0.97595829268538,0.9201754526704907
0.7580583490804771,0.8995256597370458
0.386667563757739,0.3692976379750393
0.525456673586441,0.5215761662950861
0.569474829535268,0.4298973730019711
