target,moment
0.000729426174,0.0006495444969358362
