target,moment
0.09277,0.09520623334607278
