target,moment
133.80077245805202,133.83383384108024
