target,moment
0.6290636287243128,0.7179775163576021
