target,moment
0.0168692,0.01807987936471226
