target,moment
1.0,1.0
1.1158435873618868,1.1024123008268094
1.6031472056606166,1.6271990780470498
0.3389293755051379,0.41912022007047833
0.6092239500305324,0.5910535828073197
0.2370012891582243,0.23114102271064696
0.8777097837282276,0.8593868808488627
0.8771021677147569,0.9693829822820438
0.4781148679563959,0.46692910213761407
0.497767932569292,0.5053117218653386
0.5296341121512058,0.42142393889039326
