target,moment
0.22139069834987668,0.2312815888374254
0.25172193705337487,0.25940697793632184
0.08505957152059737,0.08760019028855602
0.06883951384212529,0.08637392963956018
0.03744572711775954,0.03653607299441754
0.044957838519302885,0.044172740047704176
0.019600864550255392,0.019252611370969463
0.01814865839041501,0.020041617929799128
0.022726776940153078,0.022278721600439026
0.023280969184237818,0.023728236246876373
0.2068274445319022,0.16932731310793084
