target,moment
0.0020067705080726,0.002474931189675853
