target,moment
1.0,1.0
1.08968319541132,1.074273402172248
1.17541345258769,1.1659494610204229
0.346940370796428,0.36479540325155974
0.43593184990191,0.4326341864151572
0.242070633833219,0.24252367486361243
0.611167762289279,0.6066552360501717
