target,moment
0.09277,0.0927320363606855
