target,moment
0.000729426174,0.000704015655146398
