target,moment
1.0,1.0
1.08968319541132,1.0813590850215016
1.17541345258769,1.1662659605154693
0.346940370796428,0.35754952493057696
0.43593184990191,0.43077939726315645
0.242070633833219,0.24104340745571423
0.611167762289279,0.6113330907573196
