target,moment
0.2165556656512729,0.21664684194053727
0.233729031160127,0.21538687479615345
0.0672049461385212,0.06241062990799341
0.1094507590702438,0.1423395850859253
0.0339758263448995,0.030473162634474533
0.0562960172915832,0.053885210945368626
0.2827877543433519,0.2788576946895474
