target,moment
0.0168692,0.018159035341657657
