target,moment
0.2290350302501924,0.23463180980656487
0.25063799409261794,0.2583996446560229
0.07958383426105602,0.08055623230383548
0.08033695826526445,0.09998267575316797
0.035773183455898805,0.03510027888397517
0.04883204501555891,0.048479426203529366
0.2758009546594115,0.2428499323929043
