target,moment
0.0251697,0.046708512591517745
0.0170519152063842,0.016953270663587875
0.0318099,0.03416073093963974
0.0130792,0.0010049871973274549
0.0100246,0.0008320450495810337
0.0082411,0.002604565276601168
0.0142723639866622,0.0052665431443235135
