target,moment
0.5418056800884126,0.5693233934753262
