target,moment
1.0,1.0
1.08968319541132,1.0822899631404934
1.17541345258769,1.1672728673186274
0.346940370796428,0.35728277425238814
0.43593184990191,0.43075286308396177
0.242070633833219,0.24113482063978708
0.611167762289279,0.6108903524478017
