target,moment
0.0047164777212821,0.004663360623952273
