target,moment
1.0,1.0
0.8725795027488233,0.8767940463409766
0.854808293224731,0.886476207990024
0.621549138483011,0.8019044420461043
0.597797984767889,0.5888235471284253
0.293805456329383,0.29940030090585057
0.97595829268538,0.9161184159757276
0.7580583490804771,0.893375990300429
0.386667563757739,0.3683226291834472
0.525456673586441,0.5191464023405563
0.569474829535268,0.42943321588610267
