target,moment
1.0,1.0
1.08968319541132,1.0819674987488674
1.17541345258769,1.1679440990018428
0.346940370796428,0.3569223179544475
0.43593184990191,0.4301228886829102
0.242070633833219,0.24074241636734223
0.611167762289279,0.6121181807213311
