target,moment
0.2165556656512729,0.2200953189664973
0.233729031160127,0.21508425057346367
0.0672049461385212,0.06225576473296685
0.1094507590702438,0.13951660759274248
0.0339758263448995,0.03003124737190819
0.0562960172915832,0.053316761943617855
0.2827877543433519,0.2797000488188037
