target,moment
0.000729426174,0.000666801437342386
