target,moment
0.4750989714792567,0.40837298972587044
