target,moment
0.5905760582304579,0.6843929054188124
