target,moment
0.0047525828961943,0.004729187097396069
