target,moment
0.32000000000000006,0.3200732473627562
