target,moment
0.2165556656512729,0.2122031049055849
0.233729031160127,0.21654259515968294
0.0672049461385212,0.06255942664286873
0.1094507590702438,0.14329259732113028
0.0339758263448995,0.030639690023647647
0.0562960172915832,0.05424943510483419
0.2827877543433519,0.2805131508422513
