target,moment
1.0,1.0
1.0919981282182156,1.0959037136003167
1.61833017999741,1.6832599591659245
0.278338959139823,0.3985922179417666
0.353402445019396,0.4395528862895505
0.2338338764253009,0.23636045269696596
0.9469425753148834,0.870975239270197
0.8185120840174297,0.987524929179798
0.4574408157698009,0.366022016034162
0.629866214164764,0.5133973223468102
0.4958154679953619,0.39801696802065617
