target,moment
0.22178317400328035,0.21849850931220444
0.2581900145740639,0.2653119799585671
0.0886065532378244,0.09396812929451819
0.05536578694963068,0.08054256637257577
0.03710387132153015,0.04667613855653942
0.04106562741052663,0.04089806666165703
0.019806707346259708,0.018149548777887037
0.01588834278958841,0.019291285636800364
0.030274459907655822,0.024405717259573086
0.02371204842099355,0.01945520225318333
0.2082034140386463,0.17280285591649439
