target,moment
0.0168692,0.016728027553383578
