target,moment
1.0,1.0
0.9455191991448124,0.9406966591065384
1.37633330838688,1.3719483700629609
0.3322628647003426,0.41271827425540536
0.4709387804103757,0.4622127613429818
0.2184636971056537,0.21682437739514554
0.808980359894475,0.8088612291219573
0.6163978058083043,0.6835590433038106
0.2734364724345333,0.27061736730620406
0.5911117351538407,0.6008036633193529
0.4727512909779283,0.35742606518673975
