target,moment
0.01463,0.014907759625986545
