target,moment
0.0251696991920471,0.023602332926447093
0.0169424664104217,0.01765108034288839
0.0313091993331909,0.028296429014546442
0.0130791997909546,0.0017993264069941768
0.0100246000289917,0.0009400586142038328
0.0082410997152328,0.003124494815507413
0.0197126996517181,0.01694245219482412
0.0252290010452271,0.024238615445611986
0.0106797003746033,0.0012560797638229027
0.0184949994087218,0.01245937781172024
0.0039844000339508,0.0005547168747928979
0.0127844897880634,0.0066530572429107
