target,moment
1.0,1.0
0.6774778883492533,0.6159999638942479
1.2638172087867556,1.4421600069089842
0.5196406790704696,0.4803484321727159
0.3982804721550118,0.35303642372078436
0.32742146310842,0.3292008932073467
0.5670454549185012,0.47186710730231496
