target,moment
1.0,1.0
1.08968319541132,1.0932193582941092
1.17541345258769,1.177336443133859
0.346940370796428,0.36095877948279553
0.43593184990191,0.4337790310150743
0.242070633833219,0.24280064738957283
0.611167762289279,0.6187202069571862
