target,moment
0.0168692,0.01827323883132866
