target,moment
0.5418056800884126,0.6068598221303088
