target,moment
1.0,1.0
1.0930777059511088,1.0913802069323446
1.17541345258769,1.1815004325751894
0.346771653959122,0.3523498501380216
0.435719747133782,0.4374788091004896
0.241952910075955,0.2423851043992976
1.00152170325136,1.0061003973679352
0.770342027427148,0.779067347171062
0.450288180056851,0.45016862372369054
1.04371974139227,1.059477376623523
0.653966544013067,0.653963158189712
0.4017735881616045,0.3915516902787223
