target,moment
0.000729426174,0.000681769000552711
