target,moment
1.0,1.0
1.08968319541132,1.082117759274939
1.17541345258769,1.1664379445631825
0.346940370796428,0.3577587506352154
0.43593184990191,0.43112109731258724
0.242070633833219,0.2411557141214107
0.611167762289279,0.611962252603552
