target,moment
0.09277,0.09215970904015895
