target,moment
144.80523727796603,143.25084270092214
