target,moment
0.2165556656512729,0.21818532541100571
0.233729031160127,0.214770110647358
0.0672049461385212,0.06219043194990585
0.1094507590702438,0.14218892957822948
0.0339758263448995,0.03044763405127305
0.0562960172915832,0.053854020172716566
0.2827877543433519,0.27836354818951137
