target,moment
0.0251697,0.06307420408744227
0.0170519152063842,0.01688376046768594
0.0318099,0.03696358631594182
0.0130792,0.012366962216971294
0.0100246,0.009316169326156394
0.0082411,0.008325129485121235
0.0142723639866622,0.014326329334026732
