target,moment
82.198645766003,82.18254011484316
