target,moment
0.2040428289529481,0.21560089100746077
0.2255852454372509,0.2370941691978871
0.0643218875038216,0.066534767959724
0.1031564938626009,0.164929983825121
0.0320219615813117,0.03589571605622638
0.0530585619633796,0.05680037051703252
0.018329400868127,0.01783342228710639
0.0189912032396071,0.023411609922973472
0.0265511265560509,0.0265462113184834
0.0104250119775051,0.011053185633247708
0.0209966612555152,0.02113993533975272
0.2225196168018815,0.1231597369349845
