target,moment
0.003549953,0.003367718046898235
