target,moment
0.09277,0.09318835170020617
