target,moment
0.0168692,0.016829548328281967
