target,moment
0.1723413565516609,0.1538964075149363
0.2001451715125225,0.1959750248573665
0.0492233011970225,0.04813124108205894
0.168467104972989,0.20724197141511577
0.0285381933738058,0.02737409278216799
0.0677758953123543,0.06802605705576653
0.0150971440961255,0.01386921653229396
0.0183036890385174,0.020313833192259843
0.0333799623505598,0.030946822817214663
0.0211113551470954,0.020331434543667447
0.0071838887952674,0.007233655904509442
0.2184329376520792,0.20666024230264263
