target,moment
0.0168692,0.01777256775753545
