target,moment
0.2165556656512729,0.21655244332963214
0.233729031160127,0.2154026780744333
0.0672049461385212,0.06238498305347938
0.1094507590702438,0.1423640284632856
0.0339758263448995,0.03048176139374879
0.0562960172915832,0.05391341505190643
0.2827877543433519,0.27890069063351425
