target,moment
0.0168692,0.016679192999860693
