target,moment
0.5805639345661269,0.6908425898164715
