target,moment
0.0246677403450011,0.04328622621963878
0.0167922486039366,0.01592467726431487
0.0269566197395324,0.026643890222203356
0.0059506798982619,0.0004239109055835434
0.0104751002788543,0.0003641606844391516
0.0066152600049972,0.0005838222060789994
0.0156781409139216,0.00460288810595513
