target,moment
0.0014420564909865,0.0014527225076113677
