target,moment
0.5332440948838922,0.640408273274841
