target,moment
0.0168692,0.029284843386368914
