target,moment
0.0087725,0.008757178542654898
