target,moment
0.0251697,0.025561587061251657
0.0170519152063842,0.016771102940937234
0.0318099,0.03173011011163144
0.0130792,0.0008546681032741878
0.0100246,0.0008757311980342612
0.0082411,0.0028776636296916226
0.0142723639866622,0.004825592841113662
