target,moment
0.2165556656512729,0.18554717620419153
0.233729031160127,0.21097794560588845
0.0672049461385212,0.0627018559151786
0.1094507590702438,0.17661099609255884
0.0339758263448995,0.032191179377755674
0.0562960172915832,0.058216145683024356
0.2827877543433519,0.2737547011214026
