target,moment
0.003549953,0.0033262188610457097
