target,moment
0.09277,0.09295196150264809
