target,moment
0.0251697,0.044348342077687654
0.0170519152063842,0.016950466659472148
0.0318099,0.033970091150242895
0.0130792,0.0010013121289263144
0.0100246,0.0008428326539758472
0.0082411,0.0026379560493146486
0.0142723639866622,0.00516148641164768
