target,moment
1.0,1.0
1.08968319541132,1.07435423322464
1.17541345258769,1.165671104889299
0.346940370796428,0.3648547348147524
0.43593184990191,0.4327078501567207
0.242070633833219,0.2425671010249833
0.611167762289279,0.6067654695589754
