target,moment
0.0087725,0.008739451391911452
