target,moment
1.0,1.0
0.8725795027488233,0.8676919526994411
0.854808293224731,0.8590957273556739
0.621549138483011,0.7794917349160329
0.597797984767889,0.574968457694244
0.293805456329383,0.29617893519115784
0.97595829268538,0.8943601345651544
0.7580583490804771,0.8601565805090009
0.386667563757739,0.3643747447059521
0.525456673586441,0.508020300093537
0.456857731012344,0.45936181812811755
0.5726777336793948,0.5525023981788549
