target,moment
0.1723413565516609,0.15256759878438325
0.2001451715125225,0.19579403388450517
0.0492233011970225,0.04885126285097152
0.168467104972989,0.2074779069092381
0.0285381933738058,0.027301809678187863
0.0677758953123543,0.06786531478621582
0.0150971440961255,0.01384743418220723
0.0183036890385174,0.020797575117966954
0.0333799623505598,0.03136856893966076
0.0211113551470954,0.020380087007074634
0.0071838887952674,0.00721965412063662
0.2184329376520792,0.2065287537389521
