target,moment
0.015629,0.01568454389181078
