target,moment
0.0087725,0.01053218246482526
