target,moment
0.0168692,0.013795588300638734
