target,moment
82.198645766003,82.12764444608678
