target,moment
0.2165556656512729,0.21327911030866464
0.233729031160127,0.21616978518031643
0.0672049461385212,0.06252953729380187
0.1094507590702438,0.14311311641723665
0.0339758263448995,0.0306399345153231
0.0562960172915832,0.05417074871799941
0.2827877543433519,0.28009776756665794
