target,moment
0.0291412997245788,0.049679677581001495
0.0204287059180592,0.02063143806728952
0.0316492327054341,0.031630454531512045
0.0211898001035053,0.0047108794269162865
0.0119052000840504,0.0006005176096128829
0.0066386665900547,0.0014361659980494962
0.0159913078629917,0.007235814786885886
