target,moment
0.17031839709963825,0.16773170820398786
0.20229259889111986,0.20735946394942276
0.0457213170249984,0.047297535921409076
0.17532427202967427,0.21539877524281703
0.026406015738752613,0.025719834466878887
0.07263182442108201,0.07322716343820095
0.30730557479473447,0.26326551877728355
