target,moment
54.587308955053004,54.58592926739574
