target,moment
0.1723744735734453,0.16253553176841246
0.2001836313003392,0.20491168595919068
0.0492327599199353,0.05127759330005793
0.1684994775206873,0.22185511176783937
0.0285436772575964,0.028230942883866253
0.0677889190917095,0.06960041971105754
0.0151000451551628,0.014218258412557312
0.0183072062654951,0.02163069195854793
0.0333863766260561,0.03194520546328676
0.0211154118936726,0.02093275081758468
0.2254680213959001,0.17286180795759912
