target,moment
0.1723744735734453,0.16244917665332637
0.2001836313003392,0.20470659818837114
0.0492327599199353,0.0514185713849802
0.1684994775206873,0.2213889553745905
0.0285436772575964,0.028405764099667337
0.0677889190917095,0.06947999052925356
0.0151000451551628,0.014268600947852487
0.0183072062654951,0.02128257665533268
0.0333863766260561,0.031929996133372836
0.0211154118936726,0.020885193356139455
0.2254680213959001,0.17378457667711342
