target,moment
0.0259531197547912,0.035904422235835586
0.0174254563356196,0.02030756709201041
0.0318492798805236,0.03156568330621491
0.0134221000671386,0.0013160656665290233
0.0103287600278854,0.0005794501385113939
0.0080991399288177,0.00168241133930498
0.0142891090162426,0.005960988650196718
