target,moment
0.17318073841343035,0.1752682516051797
0.1992241330969639,0.1893702909618635
0.05016806540146101,0.05281938044667121
0.168387088327133,0.2149375018018145
0.030816084782289716,0.03049013118297208
0.06725011427536239,0.07017804376891464
0.31097377570335966,0.26693640023258425
