target,moment
0.09277,0.09290287613402927
