target,moment
1.0,1.0
1.08968319541132,1.0741306795911953
1.17541345258769,1.1651604754857101
0.346940370796428,0.3648199953284555
0.43593184990191,0.4326495491814718
0.242070633833219,0.24254699581904451
0.611167762289279,0.6066969212524546
