target,moment
0.2165556656512729,0.21467519664763196
0.233729031160127,0.21748963333999585
0.0672049461385212,0.06290355132735256
0.1094507590702438,0.1409876251422748
0.0339758263448995,0.03036651549707746
0.0562960172915832,0.053712345772772854
0.2827877543433519,0.27986513227289445
