target,moment
82.198645766003,82.29490364914021
