target,moment
1.0,1.0
1.0930777059511088,1.0899199692949049
1.17541345258769,1.1757852892445633
0.346771653959122,0.3521643109938638
0.435719747133782,0.4374105831726776
0.241952910075955,0.24236383127060712
1.00152170325136,0.9986696850465024
0.770342027427148,0.7768767698276068
0.450288180056851,0.450091876309348
1.04371974139227,1.0445233116905621
0.653966544013067,0.6570894396467997
0.4017735881616045,0.3915746399799955
