target,moment
0.2165556656512729,0.22168213434526063
0.233729031160127,0.2130056181162717
0.0672049461385212,0.06257558852064968
0.1094507590702438,0.14180108040729072
0.0339758263448995,0.03042204099031864
0.0562960172915832,0.053758142420494294
0.2827877543433519,0.27675539519971437
