target,moment
0.1200626194103338,0.20352663273634353
0.1211887588058545,0.2193445720153619
0.0035804162844133,0.02395609338789819
0.0004965786572176,0.019516454561984777
0.002462693476303,0.0061677797892464815
0.0600304680464258,0.060769796341786704
0.1343304183885601,0.04859661857798234
0.0637303998720678,0.05400352996693323
0.0018651157701598,0.008941334279494452
0.0004460791327548,0.007247927318660185
0.0016008349254711,0.00243544211274761
0.0392297139201939,0.02193866000812258
0.0400814725661333,0.015871355430969233
0.0389368166783096,0.0349770383219522
0.0006682770403912,0.00517999687925419
9.931573144352892e-05,0.0034443318910246253
0.0002592308922424,0.001054443943368117
0.0194675666804137,0.01188592786032618
0.0304225968538796,0.008803462802657726
0.03434640990464,0.02903783442009174
0.0521424423253347,0.03953876326945599
0.0001026823664077,0.002647091848136443
0.0003332968614545,0.0008663328775682918
0.01717320495232,0.009655014543458011
0.0103574524673225,0.004826400971171507
0.0083223216314713,0.006838557588711593
0.0012540715241598,0.0028205089665104097
0.0003282469090082,0.0007227750087604351
0.0001245654936749,0.00021081367572961865
0.0041611608157356,0.001881437235573939
0.0135473390958901,0.004322090875585834
0.0109735466657688,0.006549073242084579
0.0026175586846557,0.004563799728895439
0.0003770631159889,0.0007118263728403738
9.258246151515408e-05,0.0006339932144511259
0.0054859316741434,0.0019093832073034517
0.0671694174879853,0.06045058538877859
0.0583101175797261,0.026734574933142644
0.0318651999360339,0.03117378333322891
0.0009325578850799,0.00296620396436268
0.0002238812251184,0.0024682263034334364
0.0007995758039945,0.0008095308046109004
