target,moment
52.059453405938,52.051562587700445
