target,moment
0.027820599079132,0.02860935035830581
0.0201410956216747,0.02140438001795631
0.0324071002006531,0.03203719195580128
0.0205700993537903,0.01168092055157719
0.0137092995643615,0.007352907943851134
0.0069309997558593,0.012489888756802143
0.0169324004650116,0.017113106956539406
0.0397819995880127,0.03680583971803178
0.0110084998607635,0.004069079138073075
0.0042943000793457,0.004500042492789568
0.0073146998882293,0.013158578476636519
0.0135465587074145,0.008257669398433877
