target,moment
0.1723413565516609,0.2642883191674188
0.2001451715125225,0.19008419781495253
0.0492233011970225,0.0963635366408531
0.168467104972989,0.12337239102519132
0.0285381933738058,0.015108989553044674
0.0677758953123543,0.04250644141398343
0.0150971440961255,0.01486296067726305
0.0183036890385174,0.042588331272199756
0.0333799623505598,0.02808379402988975
0.0211113551470954,0.014695570828308059
0.0071838887952674,0.0059004224601706045
0.2184329376520792,0.16214504511672487
