target,moment
0.5776661762953224,0.7265611384563638
