target,moment
1.0,1.0
1.08968319541132,1.0820875909700634
1.17541345258769,1.1687638043981314
0.346940370796428,0.35719669006003696
0.43593184990191,0.43057442132229745
0.242070633833219,0.2409524549680264
0.611167762289279,0.6115728269319128
