target,moment
1.0,1.0
1.08968319541132,1.0813626271714065
1.17541345258769,1.1663165981438304
0.346940370796428,0.3575505336114444
0.43593184990191,0.4307769857000764
0.242070633833219,0.24098515499363102
0.611167762289279,0.611340071168082
