target,moment
0.5966899215627174,0.5285219455636799
