target,moment
52.059453405938,52.057670091339816
