target,moment
0.22917583058361105,0.21800467043487456
0.27075076637761153,0.2710553973751131
0.09372640688271189,0.10123885692014953
0.0516752163552025,0.07523747394021023
0.037245591969565665,0.04901744756367562
0.04152731211420391,0.04008034518314731
0.2758988757170934,0.24536580858282964
