target,moment
0.0168692,0.01812366665922777
