target,moment
0.400749027516048,0.6027319487377051
0.1099457351100976,0.044304739216646204
0.0711754468984532,0.06131247550692136
