target,moment
144.805237277966,134.83103153013315
