target,moment
0.0251696991920471,0.0499836812999487
0.0169424664104217,0.02002009343931998
0.0313091993331909,0.029542941301079147
0.0130791997909546,0.0020486268250640327
0.0100246000289917,0.0010227787745213776
0.0082410997152328,0.0035162389197487083
0.0197126996517181,0.014591753882089692
0.0252290010452271,0.0228023791958597
0.0106797003746033,0.0013794669753279445
0.0184949994087218,0.01033273920514475
0.0039844000339508,0.0005547059463829136
0.0127844897880634,0.0073832201449228144
