target,moment
0.0087725,0.008748503325702314
