target,moment
0.0168692,0.018551096648219183
