target,moment
0.5332440948838922,0.6723117729764869
