target,moment
0.0087725,0.008702736816595107
