target,moment
0.5653052340795297,0.7030559901353366
