target,moment
0.0281270003318787,0.04939889549251533
0.0188904048972533,0.018120710755146468
0.0319589996337891,0.03203004315343764
0.0166480004787445,0.001961343054331724
0.0111865997314452,0.0005788411830319318
0.0083314001560211,0.0018864242416643162
0.013421948581563,0.004092514965121574
