target,moment
0.0268926689027311,0.0498969450835761
0.041115980022573,0.07651239102930343
0.0596663170296645,0.03162378192948131
0.0221120641897875,0.026852966377694895
0.0525740584495689,0.03138087242274918
