target,moment
90.663631358,90.69401292912467
