target,moment
0.0245001006126403,0.02478967652379882
0.0167215689711362,0.017046622323428098
0.026430299282074,0.026316195455454296
0.0056323999166487,0.0004343827494349964
0.0104751002788543,0.0004994595776956194
0.0063905000686645,0.0002852782017341849
0.0161208999156951,0.016082363445338418
0.0221616005897522,0.02124210906760909
0.0096591997146606,0.0015976824340024275
0.0025066998600959,0.00035476551264456465
0.0052693998813629,0.005715047344285777
0.0175742767524153,0.0037228541663990463
