target,moment
0.33999999999999997,0.34006856701503224
