target,moment
0.1671381511151246,0.16386812190825942
0.20202058161958406,0.20791167248300813
0.04429409107196618,0.04676708142143557
0.17400114252268067,0.21614235961294742
0.025721530891192047,0.02560018273737179
0.07215834274712567,0.07433887478985006
0.01511627534172181,0.014446204545394553
0.018064861822513427,0.021474165220119135
0.03353346019796632,0.030596160539359797
0.020876772846102405,0.021106258700959984
0.22707478982402282,0.17774891804129409
