target,moment
0.09277,0.09415653396760942
