target,moment
0.017496806,0.017595301738896545
