target,moment
0.5332440948838924,0.506987561201771
