target,moment
1.0,1.0
1.0901923526701716,1.0702690206345646
1.17541345258769,1.16967300946721
0.346771653959122,0.4264230404957003
0.435719747133782,0.4486566398473115
0.241952910075955,0.2433632538473856
0.6107967519438201,0.5130493094446391
