target,moment
0.015182280000000001,0.015771270513274056
