,beta,alpha
0,0.6199493276572707,0.637448106410648
1,0.3800506723427293,0.3971512463030768
