target,moment
90.663631358,90.03519532381301
