target,moment
1.0,1.0
1.08968319541132,1.0942511554278846
1.17541345258769,1.1782927040959879
0.346940370796428,0.36109163784180526
0.43593184990191,0.43382491684328445
0.242070633833219,0.24287942600422563
0.611167762289279,0.6193831125422029
