target,moment
0.015629,0.01594905398112616
