target,moment
0.071287577,0.07151845675290956
