target,moment
0.0168692,0.016835502266551745
