,beta,alpha
0,0.6158279850826454,0.7094840484931074
1,0.38417201491735475,0.2905159515068926
