target,moment
0.0168692,0.022785807905428043
