target,moment
0.1723744735734453,0.1631356784295177
0.2001836313003392,0.20506416370945865
0.0492327599199353,0.05146131049459399
0.1684994775206873,0.22179368399302038
0.0285436772575964,0.027907249602328366
0.0677889190917095,0.06956479914172761
0.0151000451551628,0.014218078460215852
0.0183072062654951,0.021637844958662604
0.0333863766260561,0.031776641951067434
0.0211154118936726,0.02086814639754421
0.2254680213959001,0.17257240286186318
