target,moment
0.5332440948838924,0.5030303185372011
