target,moment
1.0,1.0
0.8725795027488233,0.9125281649787264
0.854808293224731,0.9094092303185302
0.621549138483011,0.7997951376968505
0.597797984767889,0.5848433890242305
0.293805456329383,0.2974829499913833
0.97595829268538,0.9403142175177497
0.7580583490804771,0.8963197939170648
0.386667563757739,0.38228840124444663
0.525456673586441,0.5153194286122055
0.569474829535268,0.4262585802343186
