target,moment
0.1723744735734453,0.1641026013983851
0.2001836313003392,0.1989482733101034
0.0492327599199353,0.05063054066146381
0.1684994775206873,0.22422290928221636
0.0285436772575964,0.02860104760278811
0.0677889190917095,0.07043236570632833
0.0151000451551628,0.014026576006898288
0.0183072062654951,0.02187329163564345
0.0333863766260561,0.030952467135486276
0.0211154118936726,0.02121636767939813
0.2254680213959001,0.17499355958128887
