target,moment
0.4750989714792567,0.8350278854606491
