target,moment
90.663631358,94.13628340530636
