target,moment
1.0,1.0
1.08968319541132,1.083584493990104
1.17541345258769,1.1728289781431163
0.346940370796428,0.3582930496222062
0.43593184990191,0.4316559823151987
0.242070633833219,0.2411587079565466
0.611167762289279,0.6124595739130647
