target,moment
1.0,1.0
1.0893507354650147,1.0726576768832723
1.24223685451,1.2381834148223965
0.340777830339792,0.41564584639237956
0.348126818034471,0.36333710426738813
0.232797023831249,0.23712810832491346
0.5770401503078696,0.4899120865827735
