target,moment
1.0,1.0
1.004699342451023,1.0003124136400254
1.3615278352664666,1.3599172194735183
0.3376011624990636,0.39215170739410365
0.53821018692013,0.5261323352293047
0.2267592378617186,0.22446731858453134
0.8224717023018396,0.8185704632542544
0.658887646957495,0.7090777295005462
0.3470100976874156,0.3494048211191332
0.9054547162205272,0.9262658212078777
0.5574288194925017,0.5666840369834398
0.1539034942189669,0.16708414271136587
0.4584193900669401,0.35985047424134087
