target,moment
0.400749027516048,0.5786322765104377
0.1099457351100976,0.05883767071008197
0.0711754468984532,0.0733300636895498
