target,moment
144.805237277966,148.51122181695027
