target,moment
0.07421839,0.08835005129828488
