target,moment
1.0,1.0
1.08968319541132,1.0943177512874327
1.17541345258769,1.1785642321132093
0.346940370796428,0.36110819331398464
0.43593184990191,0.4338535848645144
0.242070633833219,0.24285077148853335
0.611167762289279,0.6194592010103679
