target,moment
0.5054088981494844,0.4885732337349899
