target,moment
0.2165556656512729,0.21329670913618648
0.233729031160127,0.21617404568705403
0.0672049461385212,0.06249839859284839
0.1094507590702438,0.14312164582624187
0.0339758263448995,0.030638710248807984
0.0562960172915832,0.0541082088174797
0.2827877543433519,0.2801622816913817
