target,moment
1.0,1.0
1.08968319541132,1.0819872440471392
1.17541345258769,1.167306759343082
0.346940370796428,0.3577523674841628
0.43593184990191,0.4311093697020451
0.242070633833219,0.24114498581111837
0.611167762289279,0.6114964430147898
