target,moment
0.2165556656512729,0.2123071657783504
0.233729031160127,0.21643500675963637
0.0672049461385212,0.06250577014678206
0.1094507590702438,0.14331441830246514
0.0339758263448995,0.03069509814982001
0.0562960172915832,0.05425190319784206
0.2827877543433519,0.280490637665104
