target,moment
0.6374316702539873,0.6236812744437282
