target,moment
0.5729129177716102,0.6163468947017817
