target,moment
0.0087725,0.008770739835052837
