target,moment
0.0016484617302766247,0.0016399586581329886
