target,moment
0.0168692,0.016834698857014958
