target,moment
0.017496806,0.017553450773143943
