target,moment
133.80077245805202,134.16973337086276
