target,moment
0.027820599079132,0.027248865425991628
0.0201410956216747,0.020257230339520045
0.0324071002006531,0.03173604260512589
0.0205700993537903,0.0032883437316133073
0.0137092995643615,0.0007543936871449477
0.0069309997558593,0.0019296996347725399
0.0169324004650116,0.016650616863928894
0.0397819995880127,0.03859639658092416
0.0110084998607635,0.0011734391702213729
0.0042943000793457,0.0007111272250222583
0.0133872343614895,0.005390874917580115
