target,moment
0.0005835409392,0.0005757816444772025
