target,moment
0.2165556656512729,0.21334735796512874
0.233729031160127,0.216181224989523
0.0672049461385212,0.06254187563547339
0.1094507590702438,0.14307750656850227
0.0339758263448995,0.030629380530232484
0.0562960172915832,0.054131677273830704
0.2827877543433519,0.28009097703730945
