target,moment
0.0251697,0.041786195612000955
0.0170519152063842,0.017010342076541448
0.0318099,0.03217388198729227
0.0130792,0.00016576514818184734
0.0100246,2.2212878454676444e-06
0.0082411,0.0005584946514489686
0.0142723639866622,0.013913032538692888
