target,moment
0.09277,0.09062689626395815
