target,moment
1.0,1.0
0.8725795027488233,0.8679035894229722
0.854808293224731,0.8548858994451655
0.621549138483011,0.7796626670075382
0.597797984767889,0.5740494948827979
0.293805456329383,0.29608772196950706
0.97595829268538,0.8946485372965922
0.7580583490804771,0.8606891656117226
0.46400107650928674,0.36437444410694375
0.525456673586441,0.5080559663829649
0.456857731012344,0.45936880874107083
0.5726777336793948,0.5521952706634454
