,beta,alpha
0,0.617541300952802,0.7289216149915103
1,0.38245869904719815,0.2710783850084895
