target,moment
1.0,1.0
1.007873082857902,1.0033652200429615
0.972696106350949,1.009647477276081
0.611851720421537,0.7639533547556788
0.770591189898789,0.7522773941365519
0.300710932885399,0.30913819466376286
0.6833093521959515,0.5617735527862773
