target,moment
0.590576058230458,0.5978650963192305
