target,moment
1.0,1.0
0.9595240961563238,0.9566453206987278
0.9551625991609166,0.9900345847247731
0.6082372915120033,0.7626443788248196
0.7191472569046696,0.7010243923295555
0.2937191302488304,0.3012748411074108
0.6720079058218454,0.5531759525595717
