target,moment
0.0168692,0.016387516234763238
