target,moment
0.015629,0.015728389391994543
