target,moment
0.0032232954335454,0.0030673440874658567
