target,moment
0.09277,0.09322059051628
