target,moment
1.0,1.0
0.8708918904661864,0.8878347911620106
0.854808293224731,0.907873579397119
0.621549138483011,0.814274442154974
0.597797984767889,0.5963943884823375
0.293805456329383,0.3031793318870004
0.97595829268538,0.9333472133616156
0.7580583490804771,0.946627763870241
0.386667563757739,0.37379022884275087
1.22613445378151,1.220483322036283
0.525456673586441,0.525760600396653
0.4908529160875781,0.3619685076465932
