target,moment
0.09277,0.09351506674751538
