target,moment
90.663631358,90.6412216956889
