target,moment
0.23754948573962836,0.277971140974047
