target,moment
0.09277,0.05383503219970694
