target,moment
144.80523727796603,153.51190299922314
