target,moment
1.0,1.0
1.0930777059511088,1.0907222555830889
1.17541345258769,1.176590514124104
0.346771653959122,0.3522511190350768
0.435719747133782,0.437602172427663
0.241952910075955,0.24243259987307042
1.00152170325136,1.0006282205787147
0.770342027427148,0.7767605839189072
0.450288180056851,0.45025357363178253
1.04371974139227,1.0468510427742814
0.653966544013067,0.6541870067832714
0.4017735881616045,0.39149544665196157
