target,moment
0.0087725,-0.014352886280705392
