target,moment
133.80077245805202,134.07138641814214
