target,moment
0.027820599079132,0.027443688134925592
0.0201410956216747,0.020350273182720664
0.0324071002006531,0.03184791044896113
0.0205700993537903,0.003388160062022066
0.0137092995643615,0.000751271675477087
0.0069309997558593,0.0019455418907042613
0.0169324004650116,0.01670161972922107
0.0397819995880127,0.038789804933820934
0.0110084998607635,0.0011681024783910178
0.0042943000793457,0.0007039809442995579
0.0133872343614895,0.00556763867203728
