target,moment
0.0122477642,0.012361962899710206
