target,moment
90.663631358,90.76569733089411
