target,moment
90.663631358,90.9706104487328
