target,moment
0.5418056800884126,0.5892326153383373
