target,moment
1.0,1.0
1.08968319541132,1.086954421550042
1.17541345258769,1.178106122269609
0.346940370796428,0.35824505425523656
0.43593184990191,0.43071680701347814
0.242070633833219,0.24229813115272814
0.611167762289279,0.6138825433739429
