target,moment
0.5856421738057079,0.6918826845393077
