target,moment
140.959942862508,139.62500518907953
