target,moment
0.015629,0.015122810250382202
