target,moment
0.0168692,0.018667950235871672
