target,moment
0.5332440948838922,0.6758346140820286
