target,moment
0.09277,0.09313670519012902
