target,moment
0.6552063296244461,0.657404650205789
