target,moment
1.0,1.0
1.1653886874577344,1.0119556124314757
1.46582448028563,1.5027019858820256
0.290375033726921,0.4072633991996583
0.30970427614909,0.3985308398233329
0.243933976608377,0.2310988910808893
0.6319552448743309,0.4941353940578875
