target,moment
0.0012161117475787,0.0012250830647142685
