target,moment
0.0251696991920471,0.049906240433041205
0.0169424664104217,0.02001211917793957
0.0313091993331909,0.029486163621374812
0.0130791997909546,0.0020486073979749104
0.0100246000289917,0.0010227868887847191
0.0082410997152328,0.003515565431660296
0.0197126996517181,0.014587877179806896
0.0252290010452271,0.022793628040477947
0.0106797003746033,0.0013791960582716538
0.0184949994087218,0.010328877644653902
0.0039844000339508,0.0005551305889805871
0.0127844897880634,0.007380813002658136
