target,moment
1.0,1.0
1.0930777059511088,1.0925122506676646
1.17541345258769,1.1826612685591231
0.346771653959122,0.35229017490845593
0.435719747133782,0.4374416820608055
0.241952910075955,0.24236711606789804
1.00152170325136,1.0077501607361257
0.770342027427148,0.7802769565165226
0.450288180056851,0.4500799585383791
1.04371974139227,1.0549128790380715
0.653966544013067,0.653912078862909
0.4017735881616045,0.3915043557869925
