target,moment
0.5418056800884126,0.4051767604878098
