target,moment
90.663631358,87.95941436940922
