target,moment
0.2165556656512729,0.22137341494690813
0.233729031160127,0.2169914895733419
0.0672049461385212,0.06274966920885482
0.1094507590702438,0.14913136007398806
0.0339758263448995,0.030055649268907855
0.0562960172915832,0.05064985556863303
0.2827877543433519,0.2690485613593663
