target,moment
0.0277111665407816,0.027444954453002785
0.0188368726123624,0.019105286351639002
0.0316873995463053,0.031434679850041475
0.0171961998939513,0.0025324116506157974
0.0113941331704456,0.0008682062137876597
0.0079221667846043,0.0032410951228200387
0.0184327999750772,0.018309020480383086
0.0335148660341898,0.032674006270438
0.0113252333799997,0.0011392945324306086
0.0048189333081245,0.000690944602299815
0.0129979457551711,0.0058317688998953945
