target,moment
133.80077245805202,134.21877809181956
