target,moment
0.1723744735734453,0.16298290858735098
0.2001836313003392,0.20126059589728634
0.0492327599199353,0.050742003476512226
0.1684994775206873,0.21083156928883448
0.0285436772575964,0.02833559475583546
0.0677889190917095,0.06934839837965412
0.0151000451551628,0.015884318516898546
0.0183072062654951,0.021790600131494024
0.0333863766260561,0.03252885959505312
0.0211154118936726,0.023203458427266597
0.2254680213959001,0.18309169294381414
