target,moment
0.0087725,0.012673495388616101
