target,moment
90.663631358,91.1297376257782
