target,moment
0.0251697,0.051647757175917026
0.0170519152063842,0.016954926847076987
0.0318099,0.0323281121482556
0.0130792,0.0014133523394000323
0.0100246,0.0011758701509479623
0.0082411,0.003979106216239405
0.0142723639866622,0.005453411742073224
