target,moment
82.198645766003,82.02577338156514
