target,moment
0.0251696991920471,0.05499058725612929
0.0169424664104217,0.01962846161561825
0.0313091993331909,0.02928295939994278
0.0130791997909546,0.0020262361791918756
0.0100246000289917,0.0010099947850031625
0.0082410997152328,0.0034653601070780693
0.0197126996517181,0.014531084865395791
0.0252290010452271,0.02262405628791379
0.0106797003746033,0.0013615665545185034
0.0184949994087218,0.010236897983284888
0.0039844000339508,0.0005460993421854252
0.0127844897880634,0.007278251186442977
