target,moment
0.0168692,0.01802384631366227
