target,moment
90.663631358,91.04983118783419
