target,moment
1.0,1.0
1.08968319541132,1.0816731895267235
1.17541345258769,1.1682786220859855
0.346940370796428,0.35822677837175165
0.43593184990191,0.43071934195715905
0.242070633833219,0.24097809385185806
0.611167762289279,0.6112921034246115
