target,moment
0.2165556656512729,0.21909020579414246
0.233729031160127,0.2145540938172094
0.0672049461385212,0.06201697067619273
0.1094507590702438,0.14184677862645262
0.0339758263448995,0.030435968823751085
0.0562960172915832,0.053828367433816096
0.2827877543433519,0.27822761482843555
