target,moment
0.0168692,0.018466023129471383
