target,moment
0.003549953,0.0022552347069529897
