target,moment
0.5418056800884126,0.914554183843081
