target,moment
0.0251697,0.04275443675451635
0.0170519152063842,0.01658403439067946
0.0318099,0.03343626225810997
0.0130792,0.0006716547855644418
0.0100246,0.0006686630398340018
0.0082411,0.002205094263226617
0.0142723639866622,0.003526666711494616
