target,moment
1.0,1.0
1.08968319541132,1.0744026694132431
1.17541345258769,1.1665630663165842
0.346940370796428,0.364701078538621
0.43593184990191,0.43254175983394977
0.242070633833219,0.2424754136790007
0.611167762289279,0.6064080371733312
