target,moment
0.0251697,0.049162128536962606
0.0170519152063842,0.01732556544999834
0.0318099,0.031209025183854003
0.0130792,0.01257274313694416
0.0100246,0.00929219922916249
0.0082411,0.008103346081578497
0.0142723639866622,0.014707173777063228
