target,moment
0.000729426174,0.0007305355432183872
