target,moment
0.0087725,0.008778814851027345
