target,moment
0.00565977324,0.005399457105950164
