target,moment
0.0168692,0.016054558712800576
