target,moment
90.663631358,91.85258059703392
