target,moment
0.2165556656512729,0.18682955589178435
0.233729031160127,0.21084804505581953
0.0672049461385212,0.06287389369025047
0.1094507590702438,0.17620077201549955
0.0339758263448995,0.03212120762369661
0.0562960172915832,0.058138809859993326
0.2827877543433519,0.2729877158629562
