target,moment
0.4000000000000001,0.39121961371995995
