target,moment
0.0251697,0.04957188937345933
0.0170519152063842,0.01713594103534583
0.0318099,0.03240220127660865
0.0130792,0.0001365411497852765
0.0100246,1.884779402643891e-06
0.0082411,0.0004626195887662529
0.0142723639866622,0.009566793683793892
