target,moment
0.0251697,0.046599143477252025
0.0170519152063842,0.016826742446088883
0.0318099,0.034176832941617025
0.0130792,0.0009490796400008433
0.0100246,0.0007891347596153716
0.0082411,0.0024744821650583624
0.0142723639866622,0.004981730584050829
