target,moment
0.025687399705251,0.04548008585765426
0.0171941108295307,0.017901014676869016
0.0321704999605814,0.032377332129653276
0.013500500122706,0.0016346608155029573
0.0102397000789641,0.0007301104179951451
0.0081130331754684,0.0021349652825344706
0.0142572788115764,0.006826759595916244
