target,moment
0.015629,0.01533736087761998
