target,moment
0.2040428289529481,0.21590811644666535
0.2255852454372509,0.2365207385879384
0.0643218875038216,0.06648182014641361
0.1031564938626009,0.1650851737730937
0.0320219615813117,0.03593486714351206
0.0530585619633796,0.05684005547562078
0.018329400868127,0.01782224133028407
0.0189912032396071,0.02337441096110827
0.0265511265560509,0.0265768000626983
0.0104250119775051,0.011137416256900401
0.0209966612555152,0.021164357883077186
0.2225196168018815,0.12315400193268786
