target,moment
0.015629,0.015126557933640957
