target,moment
1.0,1.0
0.6774778883492533,0.7075905567532086
1.2638172087867556,1.3473634670999928
0.5196406790704696,0.4969310582090426
0.3982804721550118,0.35221241047939167
0.32742146310842,0.3283770764129907
0.5670454549185012,0.5852415636286068
