target,moment
0.1723413565516609,0.15244647633621988
0.2001451715125225,0.1956567936930053
0.0492233011970225,0.04906325115454063
0.168467104972989,0.20741474794704218
0.0285381933738058,0.027341532286800533
0.0677758953123543,0.06788137546457547
0.0150971440961255,0.013837703892834676
0.0183036890385174,0.020767331620874515
0.0333799623505598,0.03136674841150036
0.0211113551470954,0.02037734896295475
0.0071838887952674,0.007219441451867058
0.2184329376520792,0.2066272487777847
