target,moment
0.0087725,0.008772418262140789
