target,moment
0.0168692,0.018152665003022476
