target,moment
90.663631358,91.3947933356325
