target,moment
53.09828038991699,53.06303550681605
