target,moment
1.0,1.0
1.0235999878561457,1.0208322971791086
1.39102799466737,1.3925115868993048
0.344877671809438,0.3585189759954297
0.616146390550964,0.6109036817376047
0.23666773179934,0.23539414628255562
0.6089998887133771,0.5918241548635681
