target,moment
0.027820599079132,0.027578985993615992
0.0201410956216747,0.020450359748310543
0.0324071002006531,0.03263234548338117
0.0205700993537903,0.0038140726926309994
0.0137092995643615,0.0007656762012968982
0.0069309997558593,0.0020472820940471144
0.0169324004650116,0.016628139323853576
0.0397819995880127,0.0387854971493239
0.0110084998607635,0.0012025303404399608
0.0042943000793457,0.0007272564817487019
0.0133872343614895,0.006174225260171034
