target,moment
0.2165556656512729,0.21904927496684531
0.233729031160127,0.2144175984086152
0.0672049461385212,0.061815279341040294
0.1094507590702438,0.14215243430366686
0.0339758263448995,0.03044092585116941
0.0562960172915832,0.05383848000231042
0.2827877543433519,0.2782860071263524
