target,moment
90.663631358,90.978756283189
