target,moment
0.0251697,0.04273465953773239
0.0170519152063842,0.016088888698578788
0.0318099,0.036417862211001135
0.0130792,0.0008088213717154944
0.0100246,0.0007064870775114286
0.0082411,0.002196629599704003
0.0142723639866622,0.0038548626448299014
