target,moment
0.003549953,0.003358225067056515
