target,moment
0.0168692,0.017798667400688792
