target,moment
90.663631358,90.64228530128571
