target,moment
0.2165556656512729,0.21429187624742763
0.233729031160127,0.2171945999379345
0.0672049461385212,0.06283425791569901
0.1094507590702438,0.1408911525787833
0.0339758263448995,0.030340660190670055
0.0562960172915832,0.053670693812244395
0.2827877543433519,0.28077675931724105
