target,moment
1.0,1.0
1.08968319541132,1.0743911145787768
1.17541345258769,1.165633666912481
0.346940370796428,0.3648186388057814
0.43593184990191,0.4326517316962661
0.242070633833219,0.24253668924654193
0.611167762289279,0.6067364527824904
