target,moment
0.2165556656512729,0.1943084318465811
0.233729031160127,0.20944863709780076
0.0672049461385212,0.06293317788283248
0.1094507590702438,0.17423335495297385
0.0339758263448995,0.031752748513696964
0.0562960172915832,0.057443209584700845
0.2827877543433519,0.269880440121414
