target,moment
0.003549953,0.0032815728628397436
