,beta,alpha
0,0.6170854654645838,0.6628749279232578
1,0.3829145345354161,0.4318411856992762
