target,moment
0.5850351354887448,0.6944825777497895
