target,moment
132.114006826969,130.85003296572881
