target,moment
0.20148744,1.0382974733112966
