target,moment
0.0087725,0.008870716556901047
-0.0128385999999999,-0.012717295489052961
