target,moment
0.0087725,0.008798228171107016
-0.0128385999999999,-0.01274221634976375
