target,moment
0.1723413565516609,0.1459195938007168
0.2001451715125225,0.1853877070789435
0.0492233011970225,0.0514441881461637
0.168467104972989,0.2367867212508238
0.0285381933738058,0.026611332789121138
0.0677758953123543,0.06753386661513619
0.0150971440961255,0.013090892577431
0.0183036890385174,0.022153214163544422
0.0333799623505598,0.02891201334617754
0.0211113551470954,0.019662547691922452
0.0071838887952674,0.007279133722737545
0.2184329376520792,0.19521878881728183
