target,moment
0.07725506,0.07726228963634897
