target,moment
0.0035352995903461,0.012318498217208887
0.0011811781309409,0.0018507244480137845
