target,moment
0.0251697,0.045403847662881504
0.0170519152063842,0.016672984872173214
0.0318099,0.0346207050284106
0.0130792,0.0009500050987233889
0.0100246,0.0007975281055637955
0.0082411,0.002490271090762429
0.0142723639866622,0.004841741819210854
