target,moment
0.2165556656512729,0.19296829849030261
0.233729031160127,0.2093482611651911
0.0672049461385212,0.06285730028772886
0.1094507590702438,0.17457201006619577
0.0339758263448995,0.03181746161424783
0.0562960172915832,0.057539037907946705
0.2827877543433519,0.27089763046838716
