target,moment
0.000729426174,0.000714556522368096
