target,moment
133.80077245805202,133.81611997639425
