target,moment
0.09277,0.09300721263938054
