target,moment
0.2165556656512729,0.19287208940752795
0.233729031160127,0.20935956750621662
0.0672049461385212,0.06269847296155355
0.1094507590702438,0.1746348160327767
0.0339758263448995,0.03182865511060663
0.0562960172915832,0.05755757106743685
0.2827877543433519,0.2710488279138817
