target,moment
0.003549953,0.0034837843934913274
