target,moment
0.6367193449479411,0.6516413585511985
