target,moment
0.5986058460612553,0.532671035664091
