target,moment
0.0168692,0.019141466179935382
