target,moment
1.0,1.0
1.08968319541132,1.0743498764263535
1.17541345258769,1.1656948333643016
0.346940370796428,0.36481547510113516
0.43593184990191,0.4326534259410608
0.242070633833219,0.24253597635227064
0.611167762289279,0.6066732421265882
