target,moment
0.2165556656512729,0.19292078303314508
0.233729031160127,0.20943256877432087
0.0672049461385212,0.06269971263856704
0.1094507590702438,0.174647746401052
0.0339758263448995,0.031832009248448916
0.0562960172915832,0.05756287135752089
0.2827877543433519,0.2709043085469452
