target,moment
0.0251696991920471,0.049847905004224445
0.0169424664104217,0.019973432972913516
0.0313091993331909,0.02942865138491397
0.0130791997909546,0.002047142392006205
0.0100246000289917,0.0010232650196596853
0.0082410997152328,0.003516127750235745
0.0197126996517181,0.014587155859132422
0.0252290010452271,0.022773708185285107
0.0106797003746033,0.0013793319073630733
0.0184949994087218,0.01031923978976774
0.0039844000339508,0.000556253386938655
0.0127844897880634,0.007371929327145276
