target,moment
1.0,1.0
1.0930777059511088,1.0915618591796143
1.17541345258769,1.1818173756025538
0.346771653959122,0.3522816145305654
0.435719747133782,0.43743307737279585
0.241952910075955,0.242363823131442
1.00152170325136,1.0038719756693657
0.770342027427148,0.7791433791839197
0.450288180056851,0.4500749463316416
1.04371974139227,1.0566280407300066
0.653966544013067,0.6538995699352514
0.4017735881616045,0.3914986613248846
