target,moment
0.2040428289529481,0.21486752003665716
0.2255852454372509,0.23739963918252513
0.0643218875038216,0.06671831061092384
0.1031564938626009,0.16496563888249702
0.0320219615813117,0.035902207996512066
0.0530585619633796,0.05681009940452337
0.018329400868127,0.017921662113757397
0.0189912032396071,0.023451048034721325
0.0265511265560509,0.026552450371626304
0.0104250119775051,0.011086368322009425
0.0209966612555152,0.02114351904069338
0.2225196168018815,0.12318153600355362
