target,moment
0.0168692,0.016837159233299766
