target,moment
1.0,1.0
1.08968319541132,1.0938517063005635
1.17541345258769,1.1770052570049587
0.346940370796428,0.3610544154778673
0.43593184990191,0.43380453312647776
0.242070633833219,0.24282194690075007
0.611167762289279,0.6191220034548415
