target,moment
0.597679419381207,0.6384024057059283
