target,moment
0.22811707452211027,0.21198602872572944
0.2626568240861447,0.27415809265665186
0.09113706573520838,0.09501123353067048
0.056946977174099675,0.08102119081429916
0.038163519921430536,0.04666142172825554
0.04223841971062133,0.041496172082638984
0.2807401188503851,0.24966586046175454
