target,moment
0.0087725,0.008609066977198057
-0.0158656,-0.015592147099890366
-0.0098115999999999,-0.009860747892651017
