target,moment
0.1614240754453979,0.004971636761091536
0.0796894569609718,0.00536871435481672
0.1065140407029641,0.006817667921323873
0.0278489473370487,0.005502430976339838
0.0264310737208627,0.006170666568689569
