target,moment
0.071287577,0.07601087241439461
