target,moment
0.08029173,0.08022185552765017
