target,moment
0.5332440948838922,0.656418112067988
