target,moment
0.0087725,0.008771939704351006
