target,moment
0.0251696991920471,0.04973200608457814
0.0169424664104217,0.01998860348086729
0.0313091993331909,0.029305088428199705
0.0130791997909546,0.002048319259144208
0.0100246000289917,0.0010226868805293236
0.0082410997152328,0.003513549860838112
0.0197126996517181,0.014577516242485872
0.0252290010452271,0.02277113234769458
0.0106797003746033,0.0013783949858656563
0.0184949994087218,0.010318161571723708
0.0039844000339508,0.0005560804215279598
0.0127844897880634,0.00737410925404294
