target,moment
1.0,1.0
1.0930777059511088,1.0934859030550272
1.17541345258769,1.181601949576424
0.346771653959122,0.35228208525673005
0.435719747133782,0.4374508795765925
0.241952910075955,0.24236764356183363
1.00152170325136,1.0060941597783815
0.770342027427148,0.780311405786398
0.450288180056851,0.4500833489922991
1.04371974139227,1.0540413365994277
0.653966544013067,0.6539291150577744
0.4017735881616045,0.39150472184554824
