target,moment
90.663631358,91.05468745313246
