target,moment
0.0168692,0.01812801431933234
