target,moment
0.0251697,0.06770146351851807
0.0170519152063842,0.01723276488151057
0.0318099,0.033590516254680916
0.0130792,0.012569012555325911
0.0100246,0.009060999496461232
0.0082411,0.008161130638512482
0.0142723639866622,0.014590292194182567
