target,moment
1.0,1.0
1.0930777059511088,1.0940867780578567
1.17541345258769,1.191547842886359
0.346771653959122,0.35236756374280803
0.435719747133782,0.437466565029473
0.241952910075955,0.24238183649761483
1.00152170325136,1.013376327974985
0.770342027427148,0.7841913909111176
0.450288180056851,0.4500950933768621
1.04371974139227,1.0654357879581944
0.653966544013067,0.6539371293831422
0.4017735881616045,0.3915636710639623
