target,moment
0.0168692,0.016797602782675367
