target,moment
1.0,1.0
0.8725795027488233,0.9054034061704662
0.854808293224731,0.9198669908971344
0.621549138483011,0.8060799623394056
0.597797984767889,0.5902483908038549
0.293805456329383,0.2999861103990343
0.97595829268538,0.9385731621781949
0.7580583490804771,0.9003537048968356
0.386667563757739,0.39444167025336824
0.525456673586441,0.5198405735052205
0.569474829535268,0.43047904317690094
