target,moment
52.059453405938,52.096228864859725
