target,moment
0.0087725,0.008781163978255261
