target,moment
90.663631358,90.73490211914748
