target,moment
90.663631358,91.06907831179242
