target,moment
1.0,1.0
1.08968319541132,1.0822224597228476
1.17541345258769,1.167672738760233
0.346940370796428,0.3571133574406082
0.43593184990191,0.4304773354560629
0.242070633833219,0.24097018845735682
0.611167762289279,0.6106809294752359
