target,moment
144.80523727796603,144.6163088046307
