target,moment
0.027820599079132,0.02762479267018291
0.0201410956216747,0.020396309243845383
0.0324071002006531,0.032598975756606384
0.0205700993537903,0.0036595652757769894
0.0137092995643615,0.0009018712574392145
0.0069309997558593,0.002261654123119
0.0169324004650116,0.016667032449278165
0.0397819995880127,0.03884603099035492
0.0110084998607635,0.0013579703270466174
0.0042943000793457,0.0008013344001261616
0.0073146998882293,0.0025721073728042407
0.0135465587074145,0.00383264137171274
