target,moment
0.0047203001064472,0.0047709007413816555
