target,moment
0.0168692,0.019000029422577867
