target,moment
0.0251697,0.04673985658430372
0.0170519152063842,0.01696834654551265
0.0318099,0.033842322158611965
0.0130792,0.0010202510185396945
0.0100246,0.0008464562895478422
0.0082411,0.002647282059655542
0.0142723639866622,0.005316404867564709
