target,moment
0.09277,0.09321605913074929
