target,moment
106.11640247648732,104.83635277511895
