target,moment
0.027820599079132,0.027248375436254434
0.0201410956216747,0.020583921647611074
0.0324071002006531,0.03243803226745777
0.0205700993537903,0.003839220971132332
0.0137092995643615,0.0009050818246345954
0.0069309997558593,0.002279840285840278
0.0169324004650116,0.016736497036831645
0.0397819995880127,0.03895982118993293
0.0110084998607635,0.001399629981294147
0.0042943000793457,0.004128074684750283
0.0073146998882293,0.002647273426766362
0.0135465587074145,0.006579458491687175
