target,moment
0.0168692,0.016807614368168036
