target,moment
0.014603,0.01471938065806327
