target,moment
0.0087725,0.008777483286104164
