target,moment
0.5679426726969605,0.852543290679705
