target,moment
0.2040428289529481,0.2159449487082535
0.2255852454372509,0.23645635677154142
0.0643218875038216,0.06650447864111808
0.1031564938626009,0.16512028200416679
0.0320219615813117,0.03594481615072239
0.0530585619633796,0.05685009776646263
0.018329400868127,0.017811899225945428
0.0189912032396071,0.023340222613573963
0.0265511265560509,0.02658362430596721
0.0104250119775051,0.011124182792473134
0.0209966612555152,0.02117089903783551
0.2225196168018815,0.12314819198194021
