target,moment
0.015629,0.015736900597528206
