target,moment
0.4750989714792567,0.45173738863590945
