target,moment
0.0168692,0.01797609832739281
