target,moment
0.000729426174,0.0007266860573885424
