target,moment
0.0251697,0.04970325834522465
0.0170519152063842,0.01715474163114077
0.0318099,0.03232308250329695
0.0130792,0.0001692925366512108
0.0100246,3.0564456481191573e-06
0.0082411,0.00052644888523885
0.0142723639866622,0.009785408073188636
