target,moment
0.5818702095245367,0.7186417726333049
