target,moment
0.0168692,0.01682317811857271
