target,moment
0.2165556656512729,0.21980902758561044
0.233729031160127,0.2001374270927087
0.0672049461385212,0.06238344053583287
0.1094507590702438,0.1412092246987853
0.0339758263448995,0.027199359938750202
0.0562960172915832,0.04851140040948181
0.2827877543433519,0.3007501197388306
