target,moment
0.4750989714792567,0.4762488868233844
