target,moment
0.0251697,0.04069186061552413
0.0170519152063842,0.017336937771754015
0.0318099,0.03320953385310382
0.0130792,0.0013377540339005029
0.0100246,0.0008268611291033458
0.0082411,0.0026287064823872354
0.0142723639866622,0.005951779107455955
