target,moment
0.2165556656512729,0.21903836005709681
0.233729031160127,0.21445734904445138
0.0672049461385212,0.06181758470956825
0.1094507590702438,0.1421501706467678
0.0339758263448995,0.030447148248749938
0.0562960172915832,0.053829482048080135
0.2827877543433519,0.27825990524528565
