target,moment
90.663631358,91.0413773587575
