target,moment
144.80523727796603,145.07237312950414
