target,moment
90.663631358,90.4968063139539
