target,moment
1.0,1.0
0.8725795027488233,0.8665836392126799
0.854808293224731,0.8512384516597781
0.621549138483011,0.7743618290633352
0.597797984767889,0.5727993545171725
0.293805456329383,0.2945036337082713
0.97595829268538,0.8926520022236826
0.7580583490804771,0.8726643852850169
0.386667563757739,0.36360521457860295
0.525456673586441,0.47257040454319604
0.456857731012344,0.45830828349836733
0.5726777336793948,0.5466128214468918
