target,moment
0.4750989714792567,0.31099186904236675
