target,moment
0.000729426174,0.000623982622217489
