target,moment
90.663631358,91.52353603283068
