target,moment
0.2165556656512729,0.22509608597592168
0.233729031160127,0.21413896209977404
0.0672049461385212,0.061482758031006175
0.1094507590702438,0.14019592547686577
0.0339758263448995,0.030177880007706114
0.0562960172915832,0.05357054654804484
0.2827877543433519,0.2753378418606814
