target,moment
140.959942862508,139.24612187761838
