target,moment
1.0,1.0
1.007873082857902,1.0169943331981073
0.972696106350949,1.1505074657214918
0.611851720421537,0.7876705083277082
0.770591189898789,0.7559384566301365
0.300710932885399,0.31171240654529664
0.6833093521959515,0.5697820333170872
