target,moment
0.004665929436887,0.004069056863796876
