target,moment
0.1723744735734453,0.1625004757127969
0.2001836313003392,0.20507834102521447
0.0492327599199353,0.051396386989089
0.1684994775206873,0.22196595110859568
0.0285436772575964,0.028211902126441694
0.0677889190917095,0.0695218332018619
0.0151000451551628,0.014243131931014626
0.0183072062654951,0.021684105773387606
0.0333863766260561,0.031913496306831365
0.0211154118936726,0.020915884449299534
0.2254680213959001,0.17256849137546731
