,beta,alpha
0,0.6222955250063055,0.6523390097874464
1,0.37770447499369436,0.40145444285141524
