target,moment
1.0,1.0
1.08968319541132,1.0838241149666372
1.17541345258769,1.177305356056478
0.346940370796428,0.35756867036106826
0.43593184990191,0.4307651188360899
0.242070633833219,0.24098312734522084
0.611167762289279,0.6113903349353476
