target,moment
0.0268165993690491,0.02547125691810314
0.0196148798572924,0.021157593547549376
0.0317371010780333,0.02805009546476174
0.0191214001178741,0.0026655614175189845
0.0112683999538422,0.0007842347571895243
0.0074399000406265,0.0024117837615171022
0.0177232003211975,0.014458841938610153
0.0385039997100829,0.028005031446143445
0.0102766001224518,0.0010735936373229584
0.0223563003540039,0.022107587517378693
0.0042096000909805,0.00047152901543511775
0.0129420880309171,0.005480867155274465
