target,moment
0.0168692,0.016850050202960255
