target,moment
0.0047203001064472,0.0048443169301406585
