target,moment
0.09277,0.0913659876575496
