target,moment
0.027820599079132,0.026845126023273744
0.0201410956216747,0.020377754125702037
0.0324071002006531,0.03152423663762168
0.0205700993537903,0.0036044806773808434
0.0137092995643615,0.0008441761540802017
0.0069309997558593,0.0021176425955618163
0.0169324004650116,0.016643794227745742
0.0397819995880127,0.03844564598846486
0.0110084998607635,0.0013075321434452144
0.0042943000793457,0.004117352544603784
0.0073146998882293,0.00235192427334967
0.0135465587074145,0.005909943728413196
