target,moment
0.0047164777,0.004735016358888213
