target,moment
0.2165556656512729,0.2142899069482381
0.233729031160127,0.21719344466820203
0.0672049461385212,0.06283357385689849
0.1094507590702438,0.1408906225323229
0.0339758263448995,0.030340539941029258
0.0562960172915832,0.05367047140619125
0.2827877543433519,0.2807814406471179
