target,moment
0.027820599079132,0.027180322585786346
0.0201410956216747,0.020527152211960716
0.0324071002006531,0.03224978354757358
0.0205700993537903,0.003913433446487649
0.0137092995643615,0.0008656834514541966
0.0069309997558593,0.0022217368542118165
0.0169324004650116,0.016648942461246
0.0397819995880127,0.03866837005230834
0.0110084998607635,0.0013476903549680033
0.0042943000793457,0.004121240666164061
0.0073146998882293,0.002398695030989194
0.0135465587074145,0.006426072111971306
