target,moment
0.0251697,0.05002960917526321
0.0170519152063842,0.017374195227493797
0.0318099,0.03291111498704457
0.0130792,0.012767296299496498
0.0100246,0.009255513411012318
0.0082411,0.008206283829239344
0.0142723639866622,0.014614139577252657
