target,moment
1.0,1.0
1.1653886874577344,1.011459837064778
1.46582448028563,1.501699937496211
0.290375033726921,0.4069485892941523
0.30970427614909,0.3985891350400029
0.243933976608377,0.2308994627691141
0.6319552448743309,0.49375258543700395
