target,moment
0.0251697,0.0636757223738172
0.0170519152063842,0.017024786334448653
0.0318099,0.03695804960433836
0.0130792,0.012197138502633353
0.0100246,0.009059977653484106
0.0082411,0.008298892665770165
0.0142723639866622,0.014356978672784031
