target,moment
0.09277,0.09285574007529877
