target,moment
0.017496806,0.017597739016222715
