target,moment
1.0,1.0
1.08968319541132,1.082073191068755
1.17541345258769,1.1661816115867305
0.346940370796428,0.3577250379252592
0.43593184990191,0.43104529994792423
0.242070633833219,0.2411744584561651
0.611167762289279,0.6155519885454833
