target,moment
0.4750989714792567,0.42913364036307267
