target,moment
90.663631358,92.16073313844154
