target,moment
0.0251697,0.04653426481600647
0.0170519152063842,0.01675125677832947
0.0318099,0.03189796208360869
0.0130792,0.0013220319290686631
0.0100246,0.0010672360360913782
0.0082411,0.003514237280696978
0.0142723639866622,0.0050587027576538025
