target,moment
1.0,1.0
1.08968319541132,1.07926224305754
1.17541345258769,1.1920950235641627
0.346940370796428,0.3582094216424124
0.43593184990191,0.43037154589438126
0.242070633833219,0.24146832149990038
0.611167762289279,0.6124099551320391
