target,moment
0.2165556656512729,0.21397231880182346
0.233729031160127,0.21900409941765459
0.0672049461385212,0.0618286722358178
0.1094507590702438,0.14183742799714863
0.0339758263448995,0.030630513087823476
0.0562960172915832,0.054332235046936024
0.2827877543433519,0.278394733412796
