target,moment
1.0,1.0
1.08968319541132,1.0895147981018534
1.17541345258769,1.1753378297236727
0.346940370796428,0.34713323717061934
0.43593184990191,0.43589426576540724
0.242070633833219,0.24207534171841408
0.611167762289279,0.6111202504632711
