target,moment
90.663631358,90.57425638932534
