target,moment
0.5583279361958725,0.5412745943327018
