target,moment
1.0,1.0
1.0836470484071734,1.071901809173853
1.23136637665237,1.2494638029888243
0.461395025505642,0.565403785866109
0.648127151254736,0.66003729691282
0.281728071880857,0.2914464518280146
0.6013407811539724,0.49807483616760084
