target,moment
0.0168692,0.01752036126531682
