target,moment
0.09277,0.09586481791450863
