target,moment
0.0251697,0.04673840634664702
0.0170519152063842,0.016957795765492258
0.0318099,0.03418019693559709
0.0130792,0.0010043000690099764
0.0100246,0.0008320944504296708
0.0082411,0.0026041495377340388
0.0142723639866622,0.005267984717936732
