,Patent,Pharma Chemicals,welfare
USA,0.01,0.01,3.8884239383905737
EUR,0.01,0.01,6.659648405350779
JAP,0.01,0.01,6.910272158952438
CHN,12.0,12.0,14.844102596164802
BRA,12.0,12.0,14.550994855665337
IND,12.0,12.0,14.316969279738629
CAN,0.01,0.01,9.190791183396215
KOR,0.01,0.01,8.973641418102844
RUS,12.0,0.01,12.094894023767438
MEX,0.01,0.01,6.777797898580658
ZAF,12.0,0.01,12.169698326230431
ROW,12.0,12.0,14.16727414459163
Negishi,,,10.43693559077525
Equal,,,13.873759946240668
