target,moment
0.0251697,0.05281041579068357
0.0170519152063842,0.01672002193281132
0.0318099,0.032365741266913786
0.0130792,0.0013683764882525134
0.0100246,0.001215464182281967
0.0082411,0.004126498967944821
0.0142723639866622,0.005058011785972138
