target,moment
0.0168692,0.017911345094878264
