target,moment
0.0251696991920471,0.049946998783692326
0.0169424664104217,0.02000961863794609
0.0313091993331909,0.02949176847152951
0.0130791997909546,0.0020480278930810813
0.0100246000289917,0.0010224247301395292
0.0082410997152328,0.0035144691062543197
0.0197126996517181,0.014586883964567561
0.0252290010452271,0.022791582714477083
0.0106797003746033,0.0013787164174901354
0.0184949994087218,0.010327226030693883
0.0039844000339508,0.0005548577733195238
0.0127844897880634,0.007378956682792521
