target,moment
0.015629,0.0157323739778275
