target,moment
0.0251697,0.026486452147055223
0.0170519152063842,0.016234581033081022
0.0318099,0.031835014575130785
0.0130792,0.0009256319849799587
0.0100246,0.00103867712228193
0.0082411,0.0035127581343905806
0.0142723639866622,0.005347918313522337
