target,moment
0.0032232954335454,0.0030362689309905823
