target,moment
0.09277,0.09554679688770798
