target,moment
0.2040428289529481,0.21582853655365003
0.2255852454372509,0.23649637765487871
0.0643218875038216,0.06658437248662526
0.1031564938626009,0.1651011177506615
0.0320219615813117,0.03594013045091164
0.0530585619633796,0.056842154945823516
0.018329400868127,0.017824737179267962
0.0189912032396071,0.023365379703630507
0.0265511265560509,0.026580118410135772
0.0104250119775051,0.011136757999234756
0.0209966612555152,0.021168103881330707
0.2225196168018815,0.12313221298384967
