target,moment
0.09277,0.0931616958231353
