target,moment
1.0,1.0
1.0930777059511088,1.0935247047785848
1.17541345258769,1.1830324875490197
0.346771653959122,0.3523031781493424
0.435719747133782,0.4374517472993245
0.241952910075955,0.24237138384356355
1.00152170325136,1.009565997485005
0.770342027427148,0.780792251301512
0.450288180056851,0.45008688859012513
1.04371974139227,1.0580713722039852
0.653966544013067,0.6539258167510263
0.4017735881616045,0.3915174237486503
