target,moment
0.015629,0.015734115666286956
