target,moment
0.0168692,0.017761159102165466
