target,moment
0.0251697,0.05006401645358295
0.0170519152063842,0.017204769660553395
0.0318099,0.03246229307173552
0.0130792,0.00013751689043850547
0.0100246,1.8159321817567752e-06
0.0082411,0.00047779402509010445
0.0142723639866622,0.012657494730169788
