target,moment
82.198645766003,79.16359574477084
