target,moment
0.139155,0.13952414158084023
