target,moment
82.198645766003,81.42797849866085
