target,moment
0.017496806,0.017588817984277843
