target,moment
1.0,1.0
0.8342799040923491,0.8330508825456315
1.2711354980886098,1.2703725630224845
0.327426530347679,0.3965386779298333
0.3509245588724173,0.35499176299842045
0.207533565517414,0.20647659496955353
0.5252453394728159,0.44562675620776165
