target,moment
0.002635930470888,0.0025870305965409565
