target,moment
0.6173451357562831,0.8080901125394472
