target,moment
1.0,1.0
0.8972175564446541,0.8920173820186963
1.301392401079572,1.2945187682040307
0.330041081346158,0.4010905021610689
0.4102515693653356,0.4038048373045147
0.2132421356676116,0.21038186405065334
0.5351253251232165,0.4532586908485915
