target,moment
0.22810484785556245,0.23760953576721874
0.25066847701294886,0.2572345833213889
0.07732925751476138,0.07766037059792281
0.08416442898350744,0.10359683031249935
0.035137356921134746,0.03473341040441933
0.049799136432877124,0.04943132417612623
0.2747964952792081,0.2397339454204248
