target,moment
0.0168692,0.016672783245407993
