target,moment
0.09277,0.09324467451537326
