target,moment
144.80523727796603,144.2410744318093
