target,moment
0.027820599079132,0.027569380629848445
0.0201410956216747,0.020360176633263928
0.0324071002006531,0.03254733016884309
0.0205700993537903,0.003581425506506406
0.0137092995643615,0.0008914627294058766
0.0069309997558593,0.002225722331989109
0.0169324004650116,0.01666101620512564
0.0397819995880127,0.03880509567876205
0.0110084998607635,0.0016101844149427772
0.0042943000793457,0.0007927331666883745
0.0073146998882293,0.0025516751395072926
0.0135465587074145,0.0037558130616816266
