target,moment
52.059453405938,52.05786413901862
