target,moment
0.5818702095245367,0.6760103742270498
