target,moment
0.0087725,0.008769486503526767
