target,moment
1.0,1.0
0.8725795027488233,0.879335302443822
0.854808293224731,0.8870708621042596
0.621549138483011,0.8030545464240572
0.597797984767889,0.5895988018680435
0.293805456329383,0.2993998656641897
0.97595829268538,0.9205636484591135
0.7580583490804771,0.89392418460227
0.386667563757739,0.368716336103399
0.525456673586441,0.5197657147602539
0.569474829535268,0.4292337751839301
