target,moment
0.017496806,0.0176273162730717
