target,moment
0.00566436012773664,0.0055375764359722685
