target,moment
0.5570603679708283,0.5868061998671694
