target,moment
0.4000000000000001,0.4328663782366103
