target,moment
101.86185707974398,101.56271083136988
