target,moment
0.0087725,0.00877196444962193
