target,moment
0.09277,0.09294367087986177
