target,moment
0.0251697,0.04680626986384079
0.0170519152063842,0.01695915239926571
0.0318099,0.03417700060471106
0.0130792,0.0010081446076813663
0.0100246,0.0008297153165964847
0.0082411,0.0026010180387259665
0.0142723639866622,0.005302094941221752
