target,moment
1.0,1.0
1.0915497875601183,1.057769745684074
1.7472038470274134,1.740215351930162
0.2907739168452003,0.38155423296320146
0.4460104652882923,0.48142612919878613
0.2317471444055066,0.22581920245481338
0.6131638795176063,0.5077666033168869
