target,moment
0.2165556656512729,0.22144836401050033
0.233729031160127,0.21542153941367345
0.0672049461385212,0.06245818466569216
0.1094507590702438,0.1396153151593168
0.0339758263448995,0.030073159961079097
0.0562960172915832,0.05332043182654157
0.2827877543433519,0.27766300496319657
