target,moment
0.09277,0.09319309650685173
