target,moment
0.17171276115483627,0.15244646259632275
0.19941516487902047,0.19565664449237333
0.04904376483286671,0.049063168978710756
0.16785264046591258,0.20741515428817983
0.02843410357581765,0.027341507263207436
0.06752869048200213,0.0678812360761165
0.015042078988864503,0.013837705929047216
0.02188431411016215,0.020767843996361
0.033258212753715634,0.03136673041627052
0.021034353892540367,0.020377349114063498
0.007157686382112716,0.007219434057768598
0.2176362284821486,0.20662676279157832
