target,moment
0.000729426174,0.0006477141328762795
