target,moment
0.4361486759670805,0.5944548545322182
0.1457215335577039,0.09259603874203345
