target,moment
0.0168692,0.016194576142406235
