target,moment
0.09277,0.09425241271399187
