target,moment
144.805237277966,148.02559678569887
