target,moment
0.47500000000000014,0.49081306664039265
