target,moment
90.663631358,90.95983318012526
