target,moment
0.020243040000000004,0.02188918355593149
