target,moment
0.000729426174,0.0006497557506590086
