target,moment
0.5966899215627174,0.5226543642557644
