target,moment
0.22917583058361105,0.2159486281920509
0.27075076637761153,0.2717875778975142
0.09372640688271189,0.10146170250341903
0.0516752163552025,0.07544589342169189
0.037245591969565665,0.049195424533545785
0.04152731211420391,0.040189801904220744
0.2758988757170934,0.24597097154755732
