target,moment
0.0168692,0.017588956294312064
