target,moment
0.0168692,0.017029096757560695
