target,moment
0.0251697,0.04022115645495758
0.0170519152063842,0.016905074249101884
0.0318099,0.03386990715081969
0.0130792,0.0009162557415406904
0.0100246,0.0007439235049350064
0.0082411,0.002324636860256322
0.0142723639866622,0.006486078417934635
