target,moment
0.2165556656512729,0.19272134923662898
0.233729031160127,0.20914333923993103
0.0672049461385212,0.06329544577449615
0.1094507590702438,0.17431920204445675
0.0339758263448995,0.031766100944072055
0.0562960172915832,0.05737463078635231
0.2827877543433519,0.2713799319740627
