target,moment
0.00915,0.009225727167350083
