target,moment
52.059453405938,52.059464182088334
