target,moment
0.2165556656512729,0.21671565153557565
0.233729031160127,0.21535665585433425
0.0672049461385212,0.06244123661973518
0.1094507590702438,0.14231958962502553
0.0339758263448995,0.03046092362611647
0.0562960172915832,0.053887785461375216
0.2827877543433519,0.2788181572778378
