target,moment
0.400749027516048,0.576972660624427
0.1099457351100976,0.056679268479992585
0.0711754468984532,0.07097520915184152
