target,moment
0.0268926689027311,0.051119417869156906
0.041115980022573,0.0779042893529754
0.0596663170296645,0.03261586496594402
0.0221120641897875,0.02651919776666383
0.0525740584495689,0.03186761128213117
