target,moment
0.1614240754453979,0.004084598717006462
0.0796894569609718,0.004476436069765539
0.1065140407029641,0.005434247363015408
0.0278489473370487,0.004553723749496115
0.0264310737208627,0.004915340642947173
