target,moment
0.1723413565516609,0.1645054108231154
0.2001451715125225,0.20141067337094418
0.0492233011970225,0.049364892547673414
0.168467104972989,0.17282487797345247
0.0285381933738058,0.028634513345141433
0.0677758953123543,0.0683187512053343
0.0150971440961255,0.015052030080478113
0.0183036890385174,0.018534761781533394
0.0333799623505598,0.03341798708708546
0.0211113551470954,0.02116983591338326
0.0071838887952674,0.0072263290000791095
0.2184329376520792,0.21953993687177933
