target,moment
1.0,1.0
1.0930777059511088,1.0910745901955303
1.17541345258769,1.176548591996024
0.346771653959122,0.3522233433737016
0.435719747133782,0.4374083493096785
0.241952910075955,0.24235319792422905
1.00152170325136,1.0120387123679975
0.770342027427148,0.7781033242196582
0.450288180056851,0.4500166290999939
1.04371974139227,1.0529980451971717
0.653966544013067,0.6538798323032117
0.4017735881616045,0.3917501043137466
