target,moment
0.0251697,0.040063142313011973
0.0170519152063842,0.016996791234823536
0.0318099,0.03217903970204492
0.0130792,0.00017074197532064307
0.0100246,2.2872731731433032e-06
0.0082411,0.0005710798308524118
0.0142723639866622,0.014403791277487064
