target,moment
0.0251697,0.046738610749367145
0.0170519152063842,0.016957269668047108
0.0318099,0.03418000651235423
0.0130792,0.00100424047364075
0.0100246,0.0008321007077092243
0.0082411,0.0026042008939322387
0.0142723639866622,0.005267822538074691
