target,moment
1.0,1.0
1.08968319541132,1.0824184609808016
1.17541345258769,1.1667011309532964
0.346940370796428,0.3572852025839488
0.43593184990191,0.4305873006653842
0.242070633833219,0.24143460606917158
0.611167762289279,0.6113812938105896
