target,moment
90.663631358,91.12062810405541
