target,moment
0.0087725,0.008796040960581057
