target,moment
0.0168692,0.01766570135994856
