target,moment
0.2165556656512729,0.21245989052157327
0.233729031160127,0.21645390155275948
0.0672049461385212,0.06253318271094523
0.1094507590702438,0.14324224369263988
0.0339758263448995,0.030680196090082726
0.0562960172915832,0.054235841496991934
0.2827877543433519,0.2803947439350074
