target,moment
90.663631358,91.04901147678372
