target,moment
0.0168692,0.01683131405617826
