target,moment
0.09277,0.09466885281869349
