target,moment
113.95375051392303,115.39398508773048
