target,moment
0.09277,0.09925267670761592
