target,moment
1.0,1.0
1.08968319541132,1.0816806242127301
1.17541345258769,1.166509179851544
0.346940370796428,0.3577413718088902
0.43593184990191,0.43106499357384664
0.242070633833219,0.24157008900196086
0.611167762289279,0.6114994475338683
