target,moment
1.0,1.0
1.08968319541132,1.081680177831884
1.17541345258769,1.1668041200210009
0.346940370796428,0.35773489545637394
0.43593184990191,0.43117380325336424
0.242070633833219,0.24115452197085216
0.611167762289279,0.6114929378975602
