target,moment
90.663631358,91.06179748208378
