target,moment
1.0,1.0
1.08968319541132,1.0816778002115137
1.17541345258769,1.1665042330673252
0.346940370796428,0.3577432888806259
0.43593184990191,0.43109636663972667
0.242070633833219,0.24114338579069627
0.611167762289279,0.6114921817304209
