target,moment
0.0251697,0.028686912561782768
