target,moment
0.3499061550503732,0.6098432401551214
0.1200626194103338,0.06221735345521479
0.1211887588058545,0.06279815836721603
0.0035804162844133,0.010633299398772552
0.0004965786572176,0.008651567787768774
0.002462693476303,0.002749680885838923
0.0600304680464258,0.03180559362974947
