target,moment
0.071287577,0.07275421342612941
