target,moment
0.0168692,0.019608242214134167
