target,moment
0.2165556656512729,0.213723245355302
0.233729031160127,0.21600118475121763
0.0672049461385212,0.06245922488056529
0.1094507590702438,0.14317538947023234
0.0339758263448995,0.030673129338973974
0.0562960172915832,0.054215966719550084
0.2827877543433519,0.2797518594841587
