target,moment
0.0016318389031439084,0.0016270901979714481
