target,moment
0.17408998455240898,0.17374902359715297
0.20326261408662652,0.20388390881659713
0.05147901092100285,0.05299467281557905
0.16176055362893121,0.20342285127667645
0.0325129418648851,0.03180498459921661
0.06504081352104561,0.06875848137620387
0.31185408142509974,0.2653860775185739
