target,moment
0.2165556656512729,0.21875016732093208
0.233729031160127,0.21452574597147642
0.0672049461385212,0.06200993865262476
0.1094507590702438,0.1421950414695524
0.0339758263448995,0.030462216722721893
0.0562960172915832,0.053831581454083025
0.2827877543433519,0.2782253084086095
