target,moment
0.020243040000000004,0.021208202804091438
