target,moment
1.0,1.0
1.0930777059511088,1.0915608843958713
1.17541345258769,1.1799607467431505
0.346771653959122,0.35233909645396694
0.435719747133782,0.4374723766375844
0.241952910075955,0.2423867015439725
1.00152170325136,1.005096786766612
0.770342027427148,0.7792081330454115
0.450288180056851,0.4501091772217619
1.04371974139227,1.0550316785116305
0.653966544013067,0.6539565395829522
0.4017735881616045,0.39155048174047263
