target,moment
0.2040428289529481,0.21592799157055745
0.2255852454372509,0.2364414801223943
0.0643218875038216,0.06650296241285714
0.1031564938626009,0.1652026575882994
0.0320219615813117,0.0359651886308479
0.0530585619633796,0.0568799619669047
0.018329400868127,0.017748903479477877
0.0189912032396071,0.023297126087056273
0.0265511265560509,0.026598777634295582
0.0104250119775051,0.011052053736125172
0.0209966612555152,0.021183109715656817
0.2225196168018815,0.12319978705552737
