target,moment
0.015629,0.01547202537458842
