target,moment
1.1918881068170175,1.019183757659965
