target,moment
1.1918881068170175,1.0286364804954735
