target,moment
0.4361486759670805,0.519649925164028
0.1457215335577039,0.17237006784513056
