target,moment
0.027820599079132,0.02633142902480629
0.0201410956216747,0.02068335912672549
0.0324071002006531,0.03581216218569847
0.0205700993537903,0.0033975119968201405
0.0137092995643615,0.0012496321330246285
0.0069309997558593,0.0028402388526221813
0.0169324004650116,0.013210931900933665
0.0397819995880127,0.03004514464907991
0.0110084998607635,0.0018715045609410282
0.0042943000793457,0.0011376561715708605
0.0073146998882293,0.003797181322644824
0.0135465587074145,0.003923242227517221
