target,moment
0.1723413565516609,0.147392705507281
0.2001451715125225,0.18953009649545954
0.0492233011970225,0.053618836083826456
0.168467104972989,0.22950054325883232
0.0285381933738058,0.026938072179359392
0.0677758953123543,0.0676647406665344
0.0150971440961255,0.011015198065938881
0.0183036890385174,0.02169544860327939
0.0333799623505598,0.029283280943686117
0.0211113551470954,0.01941062001491714
0.0071838887952674,0.007107069428786619
0.2184329376520792,0.19684338875209872
