target,moment
0.071287577,0.0797097956463115
