target,moment
0.07725506,0.07570318482182838
