target,moment
1.0,1.0
1.08968319541132,1.0809581107856663
1.17541345258769,1.1665780438211815
0.346940370796428,0.3575053099643987
0.43593184990191,0.4307727257066426
0.242070633833219,0.24097622873730049
0.611167762289279,0.6111868500203939
