target,moment
0.09277,0.09326875791849201
