target,moment
133.80077245805202,129.97725219381948
