target,moment
1.0,1.0
1.08968319541132,1.0742730286183588
1.17541345258769,1.165632240049405
0.346940370796428,0.364817691369127
0.43593184990191,0.4326504540630364
0.242070633833219,0.24253602174236863
0.611167762289279,0.6067339252341332
