target,moment
0.2165556656512729,0.19285411685142548
0.233729031160127,0.20934555030037455
0.0672049461385212,0.06267225039095164
0.1094507590702438,0.1746359215289362
0.0339758263448995,0.03182904161867899
0.0562960172915832,0.05756181650249791
0.2827877543433519,0.27110130280713524
