target,moment
0.003549953,0.0035047635363820904
