target,moment
0.0251697,0.03021121531982444
