target,moment
1.0,1.0
1.0,1.0
1.0,1.0
1.0,1.0
1.0,1.0
1.0,1.0
0.3839041310068457,0.3111293585819697
0.5258771564297025,1.6919506667320632
0.5209214856605547,2.4880993532343094
0.8983050847457628,2.4263725202445308
0.6500341763499659,3.077438512428373
0.6534967191969042,2.185693258859114
0.1145492069448253,0.04293140049176799
0.324304241149667,0.3575260573195247
0.1866478608368594,0.637024371198499
0.2,0.3081233095087832
0.1052631578947368,0.2853461098207061
0.324294767539678,0.4339048743634473
0.0869450177276816,0.03133753199374559
0.2860708026638626,0.3983519770906806
0.4302580770619774,0.747005573949454
0.2067796610169491,0.30458622529741886
0.1353383458646616,0.34419024192864267
0.2860748135270035,0.5380997462141202
0.0296006581131204,0.010346606164670069
0.06931650893796,0.08437689300157766
0.0103480845626024,0.03416608138764357
0.0916784203102961,0.05633786436003452
0.050580997949419,0.08945565767022651
0.0693174807918793,0.06138164869269778
0.0387170642766769,0.01321872677742816
0.0913985278654048,0.1312374531295838
0.0215990221407339,0.07117135101722875
0.1053126469205453,0.09908234007581379
0.1864406779661017,0.14052645327980998
0.0913857887947955,0.12289635658959988
0.1919640924244829,0.1065956689739373
0.485664213109008,0.6765705070320364
0.2629385782148512,0.788898755853228
0.2604607428302773,0.5653399520162652
0.4508474576271186,0.6201053106401146
0.3246753246753247,0.7178537964589933
