target,moment
1.0,1.0
1.0793023145213338,1.0486792732401606
0.3103356632873494,0.30584941455497955
0.5054162805719256,0.6936727044401187
0.1568918838614548,0.1487260902211036
0.2599609533293794,0.2629736819018966
1.3058432504773845,1.3549132162331268
