target,moment
90.663631358,91.01025578522498
