target,moment
0.0251697,0.043740914981422754
0.0170519152063842,0.018148662051449695
0.0318099,0.0318685739259431
0.0130792,0.000857772361103376
0.0100246,0.0009069670799001402
0.0082411,0.003177322898713105
0.0142723639866622,0.005560599368094057
