target,moment
0.027820599079132,0.02746148042137826
0.0201410956216747,0.02037947231371813
0.0324071002006531,0.032441727195234756
0.0205700993537903,0.0035293539026220746
0.0137092995643615,0.0007898873856567957
0.00831719970703116,0.00201288318334238
0.0169324004650116,0.01666692783348111
0.0397819995880127,0.038788853432399746
0.0110084998607635,0.0012128979317712694
0.0042943000793457,0.0007317928797376954
0.0133872343614895,0.005746191176936748
