target,moment
1.0,1.0
1.08968319541132,1.0997655049076158
1.17541345258769,1.175922624372962
0.346940370796428,0.3590860498490947
0.43593184990191,0.43401001975979875
0.242070633833219,0.23849759828659145
0.611167762289279,0.6165210297628493
