target,moment
0.2165556656512729,0.1930744536092012
0.233729031160127,0.20910900407138652
0.0672049461385212,0.06259108048011704
0.1094507590702438,0.17463963175103028
0.0339758263448995,0.03182438177277217
0.0562960172915832,0.05752483705534018
0.2827877543433519,0.27123661126015264
