target,moment
1.0,1.0
1.08968319541132,1.0942109869193233
1.17541345258769,1.1761677323620028
0.346940370796428,0.36110622192374336
0.43593184990191,0.43384276353996915
0.242070633833219,0.24309440244388283
0.611167762289279,0.6194460204696856
