target,moment
0.000729426174,0.0006537831515179414
