target,moment
0.0168692,0.016696682530241595
