target,moment
0.5418056800884126,0.589500071258965
