target,moment
90.663631358,90.60774162344902
