target,moment
0.4750989714792567,0.4439371650876926
