target,moment
1.0,1.0
1.08968319541132,1.103251892299228
1.17541345258769,1.1632226753659287
0.346940370796428,0.35740630849536104
0.43593184990191,0.4311046256804511
0.242070633833219,0.2416915133903941
0.611167762289279,0.6116795356613146
