target,moment
0.0168692,0.01905988970956781
