target,moment
0.2165556656512729,0.19407836131054912
0.233729031160127,0.21604095768120302
0.0672049461385212,0.06394786568096288
0.1094507590702438,0.15971471273570637
0.0339758263448995,0.032423420198373534
0.0562960172915832,0.057612241009909027
0.2827877543433519,0.276182441383296
