target,moment
1.0,1.0
1.08968319541132,1.1028172810940107
1.17541345258769,1.185913063267015
0.346940370796428,0.36603441078428156
0.43593184990191,0.4415223845260286
0.242070633833219,0.24471571980414625
0.611167762289279,0.6236140696407702
