target,moment
128.854584399499,128.37924837109182
