target,moment
0.1757571785574962,0.17094280790983193
0.2079075734628961,0.21047554627575749
0.052157983799304065,0.054088034143102745
0.15598006238124842,0.19301575645866267
0.03346915261381636,0.03323362007254242
0.06330050999750085,0.06855826380420348
0.3114275391877379,0.2696859713358991
