target,moment
0.5805639345661269,0.511458585204286
