target,moment
0.0014420564909865,0.001638498249050524
