target,moment
90.663631358,90.64136181749433
