target,moment
0.0087725,0.008782444269748647
