target,moment
0.027820599079132,0.027461334445805462
0.0201410956216747,0.02037735274992788
0.0324071002006531,0.03242578664416077
0.0205700993537903,0.0035502320987202914
0.0137092995643615,0.0007936578124944178
0.0069309997558593,0.002056597719761677
0.0169324004650116,0.016674731521624728
0.0397819995880127,0.03884952207721195
0.0110084998607635,0.0012389477015091093
0.0042943000793457,0.0007478899224995976
0.0133872343614895,0.005905306556796149
