target,moment
0.017496806,0.017599748460048904
