target,moment
1.0,1.0
1.08968319541132,1.0816542882885742
1.17541345258769,1.1674073157966538
0.346940370796428,0.35769889299464963
0.43593184990191,0.43100150381359903
0.242070633833219,0.24111695426789814
0.611167762289279,0.6114499124750935
