target,moment
0.2165556656512729,0.21363523127011289
0.233729031160127,0.21608795662209151
0.0672049461385212,0.06247308537969902
0.1094507590702438,0.14303878001600942
0.0339758263448995,0.03062258453191975
0.0562960172915832,0.05414507950101819
0.2827877543433519,0.2799972826791492
