target,moment
0.22137241763618884,0.20431472953257557
0.2636085913128428,0.2578841914461871
0.09041775951974637,0.09464190648979515
0.049927083319377875,0.07270409425793001
0.03671088276898511,0.04709202984276569
0.04004488352920303,0.040353789131565655
0.01991900346112428,0.017197069358523005
0.01522049003266172,0.01834417046314121
0.03552731225240794,0.026076700020930783
0.022576966231319443,0.01913314128870849
0.009139396410045653,0.009048110799836844
0.19553521352609696,0.1932100673680404
