target,moment
1.0,1.0
0.6774778883492533,0.7044213330596661
1.2638172087867556,1.3405316922016348
0.5196406790704696,0.49951767473968833
0.3982804721550118,0.3553261285478157
0.32742146310842,0.3283352772069755
0.5670454549185012,0.5838398957793275
