target,moment
52.059453405938,52.058343390604975
