,beta,alpha
0,0.6195255455949737,0.5916053178251217
1,0.38047445440502614,0.3585920940954326
