target,moment
0.0168692,0.016843305089925445
