target,moment
144.80523727796603,144.42141388067762
