target,moment
0.027820599079132,0.027712975122946022
0.0201410956216747,0.020322785815530847
0.0324071002006531,0.03251382785552211
0.0205700993537903,0.0034104918483936594
0.0137092995643615,0.0008456354012171367
0.0069309997558593,0.002113601867306556
0.0169324004650116,0.016646426833457857
0.0397819995880127,0.03875306051871666
0.0110084998607635,0.0012729803840257166
0.0042943000793457,0.0007516110664990756
0.0073146998882293,0.0024240089696083056
0.0135465587074145,0.00357038961646859
