target,moment
0.2040428289529481,0.2136580611138835
0.2255852454372509,0.23735709012325157
0.0643218875038216,0.06693468479891707
0.1031564938626009,0.1654008523159462
0.0320219615813117,0.036182973173623616
0.0530585619633796,0.05676258643545881
0.018329400868127,0.01796971953652932
0.0189912032396071,0.023522004212806813
0.0265511265560509,0.0267144151698675
0.0104250119775051,0.011201596262687701
0.0209966612555152,0.02122033190662485
0.2225196168018815,0.12307568495040327
