target,moment
0.015629,0.015704847200760864
