target,moment
0.09277,0.09058100635746102
