target,moment
0.0087725,0.011516446493060474
