target,moment
0.0251697,0.05093503306986799
0.0170519152063842,0.018044053254502458
0.0318099,0.03321115715126101
0.0130792,0.01417814112623699
0.0100246,0.0076683102646131155
0.0082411,0.008005296758265692
0.0142723639866622,0.015505130954581925
