target,moment
0.0168692,0.016353447331303343
