,beta,alpha
0,0.6157468645387104,0.6632798733161624
1,0.3842531354612895,0.43166311662656937
