target,moment
0.017496806,0.01761225960263699
