target,moment
0.0087725,0.008771314258740802
