target,moment
0.003549953,0.0035051136396274003
