target,moment
0.027820599079132,0.027457269669693498
0.0201410956216747,0.02040125512792726
0.0324071002006531,0.03251468611227953
0.0205700993537903,0.0035727355336332743
0.0137092995643615,0.0007620138365010689
0.0069309997558593,0.0019977131622193407
0.0169324004650116,0.016647618802702772
0.0397819995880127,0.03876315719077439
0.0110084998607635,0.0011911653063501652
0.0042943000793457,0.0007332537152445056
0.0133872343614895,0.00582833375643572
