target,moment
1.0,1.0
1.0930777059511088,1.1377904708420157
1.17541345258769,1.2354395308393646
0.346771653959122,0.3528021700073171
0.435719747133782,0.4391289830037795
0.241952910075955,0.24255629000181644
1.00152170325136,1.055536015109944
0.770342027427148,0.8182973102346426
0.450288180056851,0.45090691378692455
1.04371974139227,1.1094997375168965
0.653966544013067,0.6561561729436478
0.4017735881616045,0.391820794283296
