target,moment
0.2040428289529481,0.22377503068026836
0.2255852454372509,0.22955972232864646
0.0643218875038216,0.06415515298985193
0.1031564938626009,0.16635000376366563
0.0320219615813117,0.036117567746411304
0.0530585619633796,0.057322801067484455
0.018329400868127,0.017206763608095504
0.0189912032396071,0.022539899553061026
0.0265511265560509,0.026767773088949388
0.0104250119775051,0.010659505939576774
0.0209966612555152,0.02128013682656272
0.2225196168018815,0.12426564240742649
