target,moment
0.025687399705251,0.025403384611172294
0.0171162895028717,0.01730419998421173
0.0321704999605814,0.03218403924620507
0.013500500122706,0.0018013928843789737
0.0102397000789641,0.000981531862853987
0.0081130331754684,0.002962524887816254
0.0193929664293924,0.019251354872333742
0.027049400806427,0.02677611893137827
0.0108567333221435,0.001121749913100432
0.0038866333166757,0.0006269028343569984
0.0133797883527255,0.006989351382491154
