target,moment
0.0033888447763523,0.0033818362121872583
