target,moment
1.0,1.0
1.0930777059511088,1.0911037642222494
1.17541345258769,1.1780782347677332
0.346771653959122,0.35230512014806836
0.435719747133782,0.4374570707204407
0.241952910075955,0.24237316014409968
1.00152170325136,1.0010495021121535
0.770342027427148,0.7778052007952286
0.450288180056851,0.45009614922793195
1.04371974139227,1.047482526527795
0.653966544013067,0.653937430782673
0.4017735881616045,0.39150496431247334
