target,moment
0.017496806,0.017603294088631167
