target,moment
0.0251697,0.04974324148739039
0.0170519152063842,0.017187038144327035
0.0318099,0.032412727510924014
0.0130792,0.00013817207905369088
0.0100246,1.8225830518515306e-06
0.0082411,0.00048229299685231597
0.0142723639866622,0.012689352863537215
