target,moment
133.80077245805202,134.101874425422
