target,moment
0.01349536,0.014191857074708929
