target,moment
1.0,1.0
1.08968319541132,1.0942589988552076
1.17541345258769,1.176659788229188
0.346940370796428,0.36110880310291305
0.43593184990191,0.433845558750263
0.242070633833219,0.2428528162858477
0.611167762289279,0.6194581024465505
