target,moment
0.071287577,0.07150475103967195
