target,moment
0.0245001006126403,0.02485394359743436
0.0167215689711362,0.017067973830761387
0.026430299282074,0.02625344097661999
0.0056323999166487,0.0004553849828137901
0.0104751002788543,0.0005405042326273315
0.0063905000686645,0.0003062775260810001
0.0161208999156951,0.01610930350735556
0.0221616005897522,0.021282240961909497
0.0096591997146606,0.0018045521287370716
0.0025066998600959,0.0004211658528102945
0.0052693998813629,0.006318091358109563
0.0175742767524153,0.003647125526189101
