target,moment
0.0087725,0.008768109846810195
