target,moment
0.0168692,0.017891363876609907
