target,moment
0.09277,0.09338222850416394
