target,moment
0.0251696991920471,0.05064768097272227
0.0169424664104217,0.016449496145256964
0.0313091993331909,0.024807304011717088
0.0130791997909546,0.0017547803714042197
0.0100246000289917,0.0008779626074764799
0.0082410997152328,0.0030319710300339966
0.0197126996517181,0.009000703111569815
0.0252290010452271,0.01808148440122751
0.0106797003746033,0.001188005041225385
0.0184949994087218,0.006758335417234803
0.0039844000339508,0.000477714193563126
0.0127844897880634,0.006287028403962312
