target,moment
0.015629,0.01573468204276047
