target,moment
1.0,1.0
0.9976916134217982,0.9775700039062193
1.20395813979566,1.2111154251147636
0.327172251471012,0.3960473280175181
0.315325472959351,0.3336277283059304
0.221078856578465,0.22210597214236305
0.874822639354793,0.8738984541650572
0.664054274468996,0.7309382876822363
0.321477485989834,0.32496133533840743
0.787407105416424,0.839780750572389
0.615876355547317,0.6145343402249591
0.3627880231157469,0.2630642415430736
