target,moment
0.21022805949955473,0.20852804080654902
0.23812401171602557,0.25530098286944136
0.068885187742598,0.07105243705330347
0.0931210526446143,0.11749312643895927
0.03248586400108778,0.0347956236514636
0.050440854502714946,0.05160451565361683
0.018784784105251508,0.018890245293182825
0.019418604115902363,0.02153728598461247
0.02456461226279963,0.02505106492417856
0.010894851407047376,0.011639161971009572
0.02173077570872437,0.021851005869088863
0.21132134229367933,0.16225650948459414
