target,moment
1.0,1.0
0.6774778883492533,0.7080098990350147
1.2638172087867556,1.3467361837473146
0.5196406790704696,0.496344162056524
0.3982804721550118,0.35134629363811076
0.32742146310842,0.3281113855521934
0.5670454549185012,0.585656796272235
