target,moment
0.0168692,0.016719805764248172
