target,moment
0.4000000000000001,0.4002395580400953
