target,moment
0.0028530632083043,0.0027942589496882646
