target,moment
90.663631358,90.73621088421511
