target,moment
0.5802974826634877,0.6086769836942164
