target,moment
90.663631358,91.05209471262792
