target,moment
0.0251697,0.06743697243148095
0.0170519152063842,0.017220686208628076
0.0318099,0.033617572803709105
0.0130792,0.012574740476561706
0.0100246,0.009072708298030311
0.0082411,0.008152371404147922
0.0142723639866622,0.014571656524428857
