target,moment
0.2165556656512729,0.19374497638859148
0.233729031160127,0.2091646671553278
0.0672049461385212,0.06268221859478008
0.1094507590702438,0.17443973429877152
0.0339758263448995,0.031791833793911047
0.0562960172915832,0.057491902002281346
0.2827877543433519,0.27068466776633676
