target,moment
1.0,1.0
1.11043237851765,1.0540897308437078
1.4972143972134937,1.5767593903513946
0.284826148650757,0.4220200767830885
0.3207191387708363,0.4183165671720833
0.2370063656795177,0.24266020307424427
1.0124883458685825,0.8902138274873422
0.803144451153576,0.9937674565949912
0.450763503237386,0.33322849147772954
0.5907308071628941,0.5105025340124408
0.5042291460730525,0.40271003075677997
