target,moment
0.0251697,0.05034206487641737
0.0170519152063842,0.017386971435503832
0.0318099,0.03289091840274647
0.0130792,0.01276539053388386
0.0100246,0.009248005080009315
0.0082411,0.008204803140853477
0.0142723639866622,0.014635532438466091
