target,moment
0.0168692,0.01768246882857928
