target,moment
0.014603,0.016461309687109724
