target,moment
0.5740509330624457,0.6706562103692376
