target,moment
1.0,1.0
1.08968319541132,1.081350044813644
1.17541345258769,1.1662489093056199
0.346940370796428,0.35754799894127265
0.43593184990191,0.4307804255302412
0.242070633833219,0.24130417198524345
0.611167762289279,0.6113308290087269
