target,moment
1.0,1.0
0.9162084778862646,0.876365118389016
0.854808293224731,0.8861753073220291
0.621549138483011,0.8017255964097462
0.597797984767889,0.5886337033286119
0.293805456329383,0.29927727366801177
0.97595829268538,0.9162071167779795
0.7580583490804771,0.8935987148743786
0.386667563757739,0.3681807788214459
0.525456673586441,0.5189700479422984
0.569474829535268,0.42923221541181433
