,nu,nu_tilde,theta,zeta,fe,fo
Patent,0.01,0.041380441517197,6.106331203785665,0.0083133925701596,0.0800527634449137,0.0630213680314411
