target,moment
90.663631358,91.31110326559384
