target,moment
1.0,1.0
1.08968319541132,1.0944436972839622
1.17541345258769,1.1779064906275412
0.346940370796428,0.36109109437996084
0.43593184990191,0.43383012149646655
0.242070633833219,0.2428486085931659
0.611167762289279,0.6194090752032528
