target,moment
133.80077245805202,133.81784572431565
