target,moment
0.09277,0.09613948429023546
