target,moment
0.1723413565516609,0.1273602290799443
0.2001451715125225,0.21353107835396418
0.0492233011970225,0.05221640877237642
0.168467104972989,0.17723412314921574
0.0285381933738058,0.0294569504485157
0.0677758953123543,0.06718755108504364
0.0150971440961255,0.015998882229375854
0.0183036890385174,0.01965533494544847
0.0333799623505598,0.03459015379210251
0.0211113551470954,0.021676064662787747
0.0071838887952674,0.007342374485521373
0.2184329376520792,0.23375084899570392
