target,moment
0.0251697,0.04915396909744434
0.0170519152063842,0.017123198235999195
0.0318099,0.03251815873223751
0.0130792,0.00012893957950912906
0.0100246,1.7495556885993886e-06
0.0082411,0.00044041077522195116
0.0142723639866622,0.008846135851028994
