target,moment
0.0168692,0.016844366749504968
