target,moment
0.09277,0.09116847162112507
