target,moment
0.027820599079132,0.02757139954485041
0.0201410956216747,0.020364364721371132
0.0324071002006531,0.03255694160281793
0.0205700993537903,0.003585241057926366
0.0137092995643615,0.0008918226045865144
0.0069309997558593,0.002227028754509617
0.0169324004650116,0.016662285013615788
0.0397819995880127,0.03881161337910804
0.0110084998607635,0.0013421659627080175
0.0042943000793457,0.0007929767626101029
0.0073146998882293,0.0025537911820840923
0.0135465587074145,0.003759779935280425
