target,moment
1.0,1.0
1.08968319541132,1.0822702069564074
1.17541345258769,1.1675552965351468
0.346940370796428,0.35801413524913145
0.43593184990191,0.43140643427435393
0.242070633833219,0.24132576208946563
0.611167762289279,0.6119604181350767
