,beta,alpha
0,0.6213471488937442,0.6445338609255316
1,0.37865285110625574,0.4076961258407253
