target,moment
90.663631358,90.73661574875558
