target,moment
0.0251696991920471,0.04896566737201997
0.0169424664104217,0.01886870123643358
0.0313091993331909,0.028206599316153713
0.0130791997909546,0.0019883523788323328
0.0100246000289917,0.000996389607018288
0.0082410997152328,0.003412924558462458
0.0197126996517181,0.014489942976316304
0.0252290010452271,0.022487466858402597
0.0106797003746033,0.0013435487325639387
0.0184949994087218,0.01018982874309893
0.0039844000339508,0.0005451146734357617
0.0127844897880634,0.007177715973766489
