target,moment
0.0251697,0.06762858310050754
0.0170519152063842,0.017303270213496622
0.0318099,0.033688773939926725
0.0130792,0.012584158705143582
0.0100246,0.009078876020384163
0.0082411,0.008197055699579087
0.0142723639866622,0.014632136119899043
