target,moment
0.6552063296244464,0.6405265385686285
