target,moment
1.0,1.0
0.8725795027488233,0.8777819845815312
0.854808293224731,0.8640823551096604
0.621549138483011,0.7917955419534514
0.597797984767889,0.5815058649889692
0.293805456329383,0.29795399932639016
0.97595829268538,0.98761026680792
0.7580583490804771,0.8685839078942909
0.386667563757739,0.3637059356850541
0.525456673586441,0.5116550798410335
0.456857731012344,0.4598251540979417
0.5726777336793948,0.5547081870204764
