target,moment
0.071287577,0.07132637857560695
