target,moment
0.08029173,0.08032541951236832
