target,moment
90.663631358,91.96132884601512
