target,moment
0.0502734637938369,0.0400455395734328
