target,moment
0.0017486355718894,0.0017664279765681936
