target,moment
0.1723413565516609,0.15102783654183796
0.2001451715125225,0.19393059097402515
0.0492233011970225,0.04838094114282059
0.168467104972989,0.20545248596330762
0.0285381933738058,0.027061440938123103
0.0677758953123543,0.07453880232606169
0.0150971440961255,0.013712671537165341
0.0183036890385174,0.020597317582465878
0.0333799623505598,0.031075678300343537
0.0211113551470954,0.020189387797382035
0.0071838887952674,0.007147766643668158
0.2184329376520792,0.20688508025279892
