target,moment
133.800772458052,133.54548074710345
