target,moment
82.198645766003,81.76623616042627
