target,moment
0.0087725,0.008486991683463795
