target,moment
1.0,1.0
1.08968319541132,1.0817748903447446
1.17541345258769,1.1665158108970193
0.346940370796428,0.35776145798674736
0.43593184990191,0.43111437541479486
0.242070633833219,0.24115828653863122
0.611167762289279,0.6115697405139785
