target,moment
0.1200626194103338,0.22052399245957605
0.1211887588058545,0.23276959980093853
0.0035804162844133,0.031342890909109924
0.0004965786572176,0.032576109404688997
0.002462693476303,0.007872354918422243
0.0600304680464258,0.09118453798402636
0.1343304183885601,0.0474175297027593
0.0637303998720678,0.038801086084557894
0.0018651157701598,0.007221042875145189
0.0004460791327548,0.007343635925625566
0.0016008349254711,0.002304893051923293
0.0392297139201939,0.018236751658315578
0.0400814725661333,0.015300471610672927
0.0389368166783096,0.019355132221835995
0.0006682770403912,0.005151548736682635
9.931573144352892e-05,0.0024001643277944532
0.0002592308922424,0.0005401144722689682
0.0194675666804137,0.009770053886082528
0.0304225968538796,0.009800459163032375
0.03434640990464,0.02155552512848088
0.0521424423253347,0.044008560915512196
0.0001026823664077,0.002357419870917941
0.0003332968614545,0.000657367086968011
0.01717320495232,0.012546974500524362
0.0103574524673225,0.00563635002502712
0.0083223216314713,0.006466813935323507
0.0012540715241598,0.002613899871554021
0.0003282469090082,0.0005863849151647966
0.0001245654936749,0.0002468058190883343
0.0041611608157356,0.0018782097516808138
0.0135473390958901,0.00411617680055596
0.0109735466657688,0.00590391095286619
0.0026175586846557,0.003194058005676615
0.0003770631159889,0.0006151533231723973
9.258246151515408e-05,0.0009458502842718023
0.0054859316741434,0.0022824917777341325
0.0671694174879853,0.03128666529787376
0.0583101175797261,0.021591443496495225
0.0318651999360339,0.025341544815544435
0.0009325578850799,0.002525655636964053
0.0002238812251184,0.0029062323331511494
0.0007995758039945,0.0008241362619935622
