target,moment
0.0168692,0.01678316686235518
