target,moment
0.2165556656512729,0.22554610710137157
0.233729031160127,0.2096943315452523
0.0672049461385212,0.056899204002508696
0.1094507590702438,0.14343122973691508
0.0339758263448995,0.030082810958936362
0.0562960172915832,0.05439953014269818
0.2827877543433519,0.2799467865123177
