target,moment
1.0,1.0
1.08968319541132,1.081583680904322
1.17541345258769,1.1666432230209827
0.346940370796428,0.3577051525512869
0.43593184990191,0.4310173845346851
0.242070633833219,0.24110796905413667
0.611167762289279,0.6116151699369637
