target,moment
1.0,1.0
0.9174616569779752,0.9088147955315408
1.251920297714298,1.243135505668519
0.3300459345707682,0.39829788803079796
0.3432451935222148,0.3500329867645486
0.2152953153923912,0.21449978319325133
0.5381586028197884,0.455679908488068
