target,moment
0.0251697,0.06802199328476898
0.0170519152063842,0.01721094100645272
0.0318099,0.03355053969537053
0.0130792,0.01252597474819684
0.0100246,0.009008235557974486
0.0082411,0.008138321497683716
0.0142723639866622,0.014584010201566844
