target,moment
90.663631358,91.19232314437565
