target,moment
0.2165556656512729,0.21664808528275628
0.233729031160127,0.2153856947711912
0.0672049461385212,0.0624088465082621
0.1094507590702438,0.1423403855495415
0.0339758263448995,0.03047346746794263
0.0562960172915832,0.05388339403019764
0.2827877543433519,0.27886012639010854
