target,moment
90.663631358,90.24482214283198
