target,moment
0.5679426726969605,0.728571150859789
