,beta,alpha
0,0.6198818474873129,0.6503402177447205
1,0.38011815251268705,0.3983390851639005
