target,moment
0.1723744735734453,0.16253493701860272
0.2001836313003392,0.2051259594430857
0.0492327599199353,0.05145173892275769
0.1684994775206873,0.22197863782923524
0.0285436772575964,0.028199089618460762
0.0677889190917095,0.06946936734706953
0.0151000451551628,0.014271528998222595
0.0183072062654951,0.02172604767545437
0.0333863766260561,0.03190399130023409
0.0211154118936726,0.02090450039978733
0.2254680213959001,0.17243420144708982
