target,moment
0.0251697,0.03044614216651139
