target,moment
1.1918881068170175,1.083423824851117
