target,moment
1.1918881068170175,1.0200609513703212
