target,moment
0.4361486759670805,0.6125659736205332
0.1457215335577039,0.09245639781142784
