target,moment
0.4361486759670805,0.577770994646317
0.1457215335577039,0.1246309771928969
