target,moment
144.805237277966,143.79486102973863
