target,moment
0.071287577,0.07957728100961933
