target,moment
0.028957200050354,0.046829523229237356
0.0206570366636752,0.0208051848780638
0.0316635990142822,0.03169099991247281
0.0211602997779846,0.004801945444997013
0.011174999475479,0.0005566226979493552
0.0066602998971939,0.0014054118248376895
0.0154130386187067,0.0066990308204751695
