target,moment
0.02361688,0.02613835633178784
