target,moment
0.0168692,0.017324410009745463
