target,moment
0.0251697,0.03924544691709335
0.0170519152063842,0.017948890594146918
0.0318099,0.03410282834770031
0.0130792,0.0016656717265941764
0.0100246,0.0013136020785157949
0.0082411,0.004312857345017199
0.0142723639866622,0.006130349901275523
