target,moment
1.0,1.0
0.8725795027488233,0.9151329382285466
0.854808293224731,0.9145250348415765
0.621549138483011,0.8064785893909444
0.597797984767889,0.5926358930890396
0.293805456329383,0.30139683993505617
0.97595829268538,0.9370082480607073
0.7580583490804771,0.9029910453024709
0.386667563757739,0.3705515526479785
0.525456673586441,0.5224612457889257
0.569474829535268,0.43162658642595503
