target,moment
90.663631358,90.82444308025747
