target,moment
0.2165556656512729,0.19274602622297046
0.233729031160127,0.20957014771465332
0.0672049461385212,0.06240906412877438
0.1094507590702438,0.174800559912641
0.0339758263448995,0.0318700624919073
0.0562960172915832,0.057675947010791956
0.2827877543433519,0.2709281925182616
