target,moment
0.1723744735734453,0.16243926553340693
0.2001836313003392,0.20468136105552232
0.0492327599199353,0.051411621174260576
0.1684994775206873,0.22139476314428302
0.0285436772575964,0.028406958299384787
0.0677889190917095,0.06949143857492956
0.0151000451551628,0.014267464403315491
0.0183072062654951,0.021279591461818737
0.0333863766260561,0.0319427205183147
0.0211154118936726,0.02088645533291104
0.2254680213959001,0.1737983605018529
