target,moment
1.0,1.0
1.08968319541132,1.0813699826108467
1.17541345258769,1.1671061377854508
0.346940370796428,0.3575731464937941
0.43593184990191,0.4311731728162496
0.242070633833219,0.24099971178340637
0.611167762289279,0.6113268543544229
