target,moment
0.0168692,0.01758857682070867
