target,moment
0.09277,0.09212427325938109
