target,moment
144.80523727796603,144.92804684618082
