target,moment
0.071287577,0.07151168665851279
