target,moment
0.0047203001064472,0.0046783688907714475
