target,moment
133.80077245805202,133.82465690047394
