target,moment
0.027820599079132,0.027565241620043396
0.0201410956216747,0.020388005300954037
0.0324071002006531,0.03237003443986183
0.0205700993537903,0.0035749985327553813
0.0137092995643615,0.0007924186192743029
0.0069309997558593,0.0020607576474453086
0.0169324004650116,0.016667511190121633
0.0397819995880127,0.038852274876265365
0.0110084998607635,0.0012378590215947117
0.0042943000793457,0.0007485371395472466
0.0133872343614895,0.00592868192840931
