target,moment
0.0006749999999999997,0.0006202611967890063
