target,moment
1.0,1.0
0.6774778883492533,0.708609438876927
1.2638172087867556,1.3500469309463603
0.5196406790704696,0.49705889807307485
0.3982804721550118,0.3521759777250582
0.32742146310842,0.3283853970727794
0.5670454549185012,0.5860489992520974
