target,moment
1.0,1.0
1.0793023145213338,1.0495952858706747
0.3103356632873494,0.30627599523488996
0.5054162805719256,0.694231199460266
0.1568918838614548,0.14888617262769835
0.2599609533293794,0.2631598788666694
1.3058432504773845,1.355914753355686
