target,moment
0.05500000000000001,0.053676525540166484
