target,moment
0.6250000000000002,0.6288700341885728
