target,moment
0.5818702095245367,0.681616041765605
