target,moment
0.027820599079132,0.027380405607639675
0.0201410956216747,0.02033399047296916
0.0324071002006531,0.03215258530822462
0.0205700993537903,0.003407973937255091
0.0137092995643615,0.0007732758870058111
0.0069309997558593,0.001992293579211002
0.0169324004650116,0.016680194250896098
0.0397819995880127,0.03878546342122761
0.0110084998607635,0.0012032150962447263
0.0042943000793457,0.000727029535229056
0.0133872343614895,0.0056635963299263145
