target,moment
1.0,1.0
0.8725795027488233,0.9049900119747137
0.854808293224731,0.9201710519549857
0.621549138483011,0.8056806711657584
0.597797984767889,0.5900053425658894
0.293805456329383,0.29985958776838273
0.97595829268538,0.9383181939775243
0.7580583490804771,0.8999456607940479
0.386667563757739,0.3942792080803663
0.525456673586441,0.519749237059322
0.569474829535268,0.4303696269325309
