target,moment
0.1723744735734453,0.16476728273384172
0.2001836313003392,0.20145109633207844
0.0492327599199353,0.05024517199371682
0.1684994775206873,0.22352481677604233
0.0285436772575964,0.028476565214327523
0.0677889190917095,0.07018552458790611
0.0151000451551628,0.01411649302399959
0.0183072062654951,0.021879408125336657
0.0333863766260561,0.0301450347070437
0.0211154118936726,0.02112860145076277
0.2254680213959001,0.1740800050549442
