target,moment
0.0047164777212821,0.00457122361293145
