target,moment
0.027820599079132,0.027543948615426223
0.0201410956216747,0.02038550108423977
0.0324071002006531,0.032348095596923164
0.0205700993537903,0.0035728031392442323
0.0137092995643615,0.0007894261128693197
0.0069309997558593,0.002053950538294414
0.0169324004650116,0.016665276962614377
0.0397819995880127,0.03884002512529239
0.0110084998607635,0.0012341919702427836
0.0042943000793457,0.0007454157311362895
0.0133872343614895,0.005926111966988664
