target,moment
0.171745637013046,0.16255179268701342
0.19945334459636552,0.205161206874575
0.04905315467581065,0.05145155149677147
0.16788477727141843,0.22197009932018258
0.028439547525068647,0.028196350977608847
0.06754161942006377,0.06946056737812666
0.015044958921914924,0.014272756213106357
0.02188850404690815,0.021730224377093776
0.0332645803194076,0.031888114424003605
0.021038381097224803,0.02090238424418212
0.22464549511277138,0.17241495200733606
