target,moment
0.5201239131182608,0.5412772511659121
