target,moment
1.0,1.0
1.0024317210801914,1.0207402696132828
1.30684768566661,1.405825999274665
0.564131603727752,0.5735642754958947
0.822131189783134,0.8194204621175247
0.297024491603671,0.29839624802503495
0.733746584540227,0.7177678989500775
