target,moment
0.2165556656512729,0.19270049080385354
0.233729031160127,0.2091053516690182
0.0672049461385212,0.06265546134619732
0.1094507590702438,0.17467406320535586
0.0339758263448995,0.0318347923150854
0.0562960172915832,0.057572253703908345
0.2827877543433519,0.2714575869565814
