target,moment
90.663631358,90.7195212641033
