target,moment
0.2165556656512729,0.21931353359995584
0.233729031160127,0.21443904998604008
0.0672049461385212,0.062071434877120274
0.1094507590702438,0.14200369129009424
0.0339758263448995,0.030406988284867726
0.0562960172915832,0.05377891972858863
0.2827877543433519,0.27798638223333316
