target,moment
0.0035352995903461,0.003200864320118017
0.0011811781309409,0.0007184248318702009
