target,moment
82.198645766003,82.18446229046565
