target,moment
0.0251696991920471,0.05105070242121992
0.0169424664104217,0.016662982374733
0.0313091993331909,0.02526150981883247
0.0130791997909546,0.0017304438173274689
0.0100246000289917,0.0008575551329648109
0.0082410997152328,0.0029769370793203778
0.0197126996517181,0.008713351382989842
0.0252290010452271,0.017759395562437965
0.0106797003746033,0.0011630874323657959
0.0184949994087218,0.006617508308744615
0.0039844000339508,0.0004622632605361205
0.0127844897880634,0.006217544015540476
