target,moment
1.0,1.0
0.8725795027488233,0.8757581542987599
0.854808293224731,0.8860298788309298
0.621549138483011,0.8014534055859467
0.597797984767889,0.5890705906899201
0.293805456329383,0.29946307469926386
0.97595829268538,0.9159170602380727
0.7580583490804771,0.9846694671960817
0.386667563757739,0.36839374974564465
0.525456673586441,0.5193678120384081
0.569474829535268,0.4292600840732559
