target,moment
0.017496806,0.017558317355980988
