target,moment
1.0,1.0
1.0793023145213338,1.0492055070740327
0.3103356632873494,0.30558860937158727
0.5054162805719256,0.6940220237226998
0.1568918838614548,0.14882569528663891
0.2599609533293794,0.26312619276547805
1.3058432504773845,1.3554641276759702
