target,moment
0.09277,0.09663786140915234
