target,moment
0.01463,0.014722955926967745
