target,moment
0.0168692,0.018070216976095132
