target,moment
0.0168692,0.017585411415788673
