target,moment
0.0251697,0.04558841962501729
0.0170519152063842,0.017371923717686245
0.0318099,0.032210769174872346
0.0130792,0.012664226385894284
0.0100246,0.00943551716862751
0.0082411,0.008155487725840214
0.0142723639866622,0.014474782712402729
