target,moment
0.2165556656512729,0.212188764887808
0.233729031160127,0.21631581562497823
0.0672049461385212,0.06259757642330621
0.1094507590702438,0.1433387278280404
0.0339758263448995,0.030697316103300606
0.0562960172915832,0.05426030193865956
0.2827877543433519,0.280601497193907
