target,moment
0.027820599079132,0.027630811669404755
0.0201410956216747,0.020349499741615866
0.0324071002006531,0.032486561483902957
0.0205700993537903,0.003395007201190127
0.0137092995643615,0.0007764264357186985
0.0069309997558593,0.002000733222013175
0.0169324004650116,0.016685684042670818
0.0397819995880127,0.038880499820773635
0.0110084998607635,0.0012084130082290754
0.0042943000793457,0.00072899550465909
0.0133872343614895,0.005686284765823664
