target,moment
0.1723413565516609,0.1635509440322233
0.2001451715125225,0.20410397449353582
0.0492233011970225,0.0514632138971454
0.168467104972989,0.21959692961717997
0.0285381933738058,0.02832119778952142
0.0677758953123543,0.07024364930469938
0.0150971440961255,0.013364264273863719
0.0183036890385174,0.021872065682160484
0.0333799623505598,0.032404985568388216
0.0211113551470954,0.021166093051718505
0.0071838887952674,0.007341847228493028
0.2184329376520792,0.16657083506107082
