target,moment
1.0,1.0
1.0930777059511088,1.0921754237667396
1.17541345258769,1.1774687482414652
0.346771653959122,0.35226186845605695
0.435719747133782,0.4374702794809745
0.241952910075955,0.2423656968629136
1.00152170325136,1.0042055150919182
0.770342027427148,0.7779613226794929
0.450288180056851,0.45008598636406116
1.04371974139227,1.0486991959626464
0.653966544013067,0.6539663763915983
0.4017735881616045,0.39150218055976715
