target,moment
0.000729426174,0.0007274770171473979
