target,moment
1.0,1.0
0.8708918904661864,0.8862362682146697
0.854808293224731,0.9076401450862077
0.621549138483011,0.8128123455936976
0.597797984767889,0.595735574257372
0.293805456329383,0.3027833970810926
0.97595829268538,0.932431189619228
0.7580583490804771,0.9319522022881201
0.386667563757739,0.37310928611380084
1.22613445378151,1.2213767357986605
0.525456673586441,0.5250584355179221
0.4908529160875781,0.3613006808923612
