target,moment
0.2210209370036253,0.22728096805778097
0.25299087882992144,0.2628840880663041
0.08628243946957602,0.08875464381390158
0.06514084511443975,0.0842033293629712
0.03774358470685979,0.03858967482953446
0.04378054748722391,0.043145667899157934
0.019701223282352964,0.0191508708878083
0.017548299700898058,0.019781887699086696
0.024032534376382857,0.022384804597983615
0.023430268025698826,0.021847401538658065
0.20832844200302106,0.1719766632468132
