target,moment
0.5418056800884126,0.583752841152037
