target,moment
0.0251696991920471,0.05327557220433368
0.0169424664104217,0.01625142498797434
0.0313091993331909,0.02471948210803902
0.0130791997909546,0.0017394971182035119
0.0100246000289917,0.0008695507311241836
0.0082410997152328,0.003001580451038604
0.0197126996517181,0.008900011062947837
0.0252290010452271,0.017921390132897876
0.0106797003746033,0.0011768395592398056
0.0184949994087218,0.006695881533046074
0.0039844000339508,0.00047159712662805914
0.0127844897880634,0.006225363305051013
