target,moment
0.015629,0.015445274431746064
