target,moment
0.0087725,0.0087730237290265
