target,moment
0.09277,0.09350774508977079
