target,moment
0.0087725,0.008822243000049478
