target,moment
0.003549953,0.003354163252075137
