target,moment
0.0168692,0.017621966882441668
