target,moment
1.0,1.0
1.0930777059511088,1.091390504321674
1.17541345258769,1.1782315889418495
0.346771653959122,0.3523079849928549
0.435719747133782,0.43745959778953813
0.241952910075955,0.2423721314959631
1.00152170325136,1.0010906052346276
0.770342027427148,0.7780324774854582
0.450288180056851,0.45009973922917534
1.04371974139227,1.0474229148798824
0.653966544013067,0.6539411265884852
0.4017735881616045,0.3915024165604313
