target,moment
0.0168692,0.019054397049354157
