target,moment
0.003549953,0.0035048712462679202
