target,moment
0.0251697,0.05002914040314605
0.0170519152063842,0.017434415776099648
0.0318099,0.032602538897576215
0.0130792,5.868438274464335e-05
0.0100246,1.3991172508459542e-06
0.0082411,0.0003888107653479093
0.0142723639866622,0.010378971157243011
