target,moment
1.0,1.0
1.08968319541132,1.0826274013699175
1.17541345258769,1.1669584791295942
0.346940370796428,0.3573510686796311
0.43593184990191,0.4306559335168428
0.242070633833219,0.24145385483857001
0.611167762289279,0.6114888535274317
