target,moment
1.0,1.0
1.0901923526701716,1.0698432685690897
1.17541345258769,1.174683822622202
0.346771653959122,0.4262234878669055
0.435719747133782,0.4484081642510926
0.241952910075955,0.24322162190480473
0.6107967519438201,0.5122519822144174
