target,moment
0.5332440948838922,0.655869171560006
