target,moment
0.0168692,0.017929089139874434
