target,moment
53.56057907977233,53.14184534393128
