target,moment
0.017496806,0.013154801652868885
