target,moment
0.2165556656512729,0.21317669964496577
0.233729031160127,0.2161752547716095
0.0672049461385212,0.0625166768437771
0.1094507590702438,0.14312041878558912
0.0339758263448995,0.030637335536875317
0.0562960172915832,0.054165076593196505
0.2827877543433519,0.28020853782398675
