target,moment
0.0168692,0.016836871768990565
