target,moment
0.027820599079132,0.0275773875168669
0.0201410956216747,0.020389982432855006
0.0324071002006531,0.03240180083544179
0.0205700993537903,0.0035682248554630203
0.0137092995643615,0.000793418403945846
0.0069309997558593,0.002059975083826959
0.0169324004650116,0.016671121628183
0.0397819995880127,0.03886609639231114
0.0110084998607635,0.0012389830724325011
0.0042943000793457,0.0007489737379568327
0.0133872343614895,0.0059224370078063936
