target,moment
0.2214072451001777,0.2137981701280915
0.2636500635920867,0.26918760294313876
0.09043198451352495,0.09780121044157666
0.04993493810867341,0.07550781908901041
0.03671665831664045,0.04851413292993065
0.04005118359925667,0.041465436557112004
0.019922137222697395,0.01759896525417543
0.015222884599582773,0.018932683317028593
0.03553290159457308,0.02645160604157656
0.022580518157466315,0.019613175206112023
0.20454948519532062,0.17112919809224747
