target,moment
1.0,1.0
0.8725795027488233,0.8761364095463788
0.854808293224731,0.8854562681674876
0.621549138483011,0.7999454885300745
0.597797984767889,0.5868523209750262
0.293805456329383,0.29842132667300403
0.97595829268538,0.9157180867894391
0.7580583490804771,0.8933470697987845
0.386667563757739,0.38699790937516765
0.525456673586441,0.5172385022666316
0.569474829535268,0.4276060336395532
