target,moment
0.21978506618742463,0.21719815704738682
0.2644703159172962,0.2708973516851828
0.0908242822601117,0.10459054612439417
0.042939203866598025,0.0666603548812448
0.03690322182723374,0.04600855136988316
0.038772364067689885,0.03691231988878327
0.02036663173407904,0.0173155755542031
0.013941553596912152,0.018224424873218088
0.042677524136678587,0.029485141987076503
0.020612479927178275,0.02018999552399672
0.20870735647879765,0.17251758106463047
