target,moment
0.1723744735734453,0.1625774987990832
0.2001836313003392,0.20543492919857462
0.0492327599199353,0.05148003884692682
0.1684994775206873,0.2218315467183005
0.0285436772575964,0.02819087305267028
0.0677889190917095,0.06943328450394703
0.0151000451551628,0.014268337658434221
0.0183072062654951,0.02172718126847777
0.0333863766260561,0.031882460711792855
0.0211154118936726,0.020898262190552384
0.2254680213959001,0.17227558705124044
