target,moment
1.0,1.0
1.08968319541132,1.1115203654313819
1.17541345258769,1.2295034076911755
0.346940370796428,0.36100855563165074
0.43593184990191,0.43391921945155215
0.242070633833219,0.24284528141252404
0.611167762289279,0.6189685493903115
