target,moment
0.0087725,0.008774252729259198
