target,moment
0.0047178065929041,0.004138279233856508
