target,moment
0.2214072451001777,0.21638160624180217
0.2636500635920867,0.2698716081729354
0.09043198451352495,0.09842239720457653
0.04993493810867341,0.07523906759013742
0.03671665831664045,0.048203368269341094
0.04005118359925667,0.04030866163428576
0.019922137222697395,0.017538230824584142
0.015222884599582773,0.018865502620082707
0.03553290159457308,0.02640960437447522
0.022580518157466315,0.01942514356010221
0.20454948519532062,0.16933480950767715
