target,moment
0.2165556656512729,0.21429249312937837
0.233729031160127,0.21719430796269099
0.0672049461385212,0.06283389959927528
0.1094507590702438,0.14089126038806002
0.0339758263448995,0.030340686058335876
0.0562960172915832,0.053670736441798976
0.2827877543433519,0.2807766164204606
