target,moment
0.0168692,0.017980279269847067
