target,moment
0.1723413565516609,0.16051655050940905
0.2001451715125225,0.20163266165368188
0.0492233011970225,0.04941035037040122
0.168467104972989,0.17362074044805115
0.0285381933738058,0.0286971841622488
0.0677758953123543,0.07046390776517969
0.0150971440961255,0.015078526992509358
0.0183036890385174,0.018582734457145478
0.0333799623505598,0.03350976689766635
0.0211113551470954,0.021244625612736028
0.0071838887952674,0.007389587615220882
0.2184329376520792,0.21985336351575033
