target,moment
0.07421839,0.08717403895034326
