target,moment
1.0,1.0
1.08968319541132,1.0819600329889831
1.17541345258769,1.168521271480573
0.346940370796428,0.35771363897494124
0.43593184990191,0.4310214843594491
0.242070633833219,0.24112133371370525
0.611167762289279,0.611476686532685
