target,moment
0.0251697,0.04429225275204552
0.0170519152063842,0.01730402257226001
0.0318099,0.03209279315441644
0.0130792,0.01267062554598769
0.0100246,0.009479983543047736
0.0082411,0.008162964481990921
0.0142723639866622,0.014416010091542438
