target,moment
0.0251697,0.04966604769069791
0.0170519152063842,0.01713444959615119
0.0318099,0.0326993823768647
0.0130792,6.407053135027453e-05
0.0100246,3.519737085222344e-07
0.0082411,0.000299083719383613
0.0142723639866622,0.009172247843008987
