target,moment
0.1723744735734453,0.1622734896868235
0.2001836313003392,0.20504424982549432
0.0492327599199353,0.05137184960937504
0.1684994775206873,0.22205031516296575
0.0285436772575964,0.02822288412764606
0.0677889190917095,0.06955752417835072
0.0151000451551628,0.014234481803070263
0.0183072062654951,0.02167435819407767
0.0333863766260561,0.03192604244742099
0.0211154118936726,0.020925645849313872
0.2254680213959001,0.17271915911546182
