target,moment
90.663631358,86.44989721328247
