target,moment
0.0251696991920471,0.049914449799301576
0.0169424664104217,0.020019769068103502
0.0313091993331909,0.029453200894123156
0.0130791997909546,0.002036882016798338
0.0100246000289917,0.0010162095652591972
0.0082410997152328,0.0034957979891139575
0.0197126996517181,0.01453621353149207
0.0252290010452271,0.02273635423433797
0.0106797003746033,0.0013712613727657516
0.0184949994087218,0.010308756313905943
0.0039844000339508,0.0005505782424951536
0.0127844897880634,0.007350354806262931
