target,moment
0.003549953,0.003509717158533693
