target,moment
0.000729426174,0.0007034864643339646
