target,moment
0.0251697,0.029338488991727082
