target,moment
1.0,1.0
0.8725795027488233,0.9066372165598481
0.854808293224731,0.9219140840902008
0.621549138483011,0.8075873433762146
0.597797984767889,0.5918354273499324
0.293805456329383,0.3008158202316492
0.97595829268538,0.9394694036487324
0.7580583490804771,0.9005437778770583
0.386667563757739,0.3956019895933152
0.525456673586441,0.5213074125772633
0.569474829535268,0.4318742889136274
