target,moment
0.5418056800884126,0.578141129382166
