target,moment
0.2659962173658227,0.6623948206504724
