target,moment
90.663631358,91.96169217725155
