target,moment
0.2165556656512729,0.20777595697262657
0.233729031160127,0.21945675725119454
0.0672049461385212,0.06336352501104087
0.1094507590702438,0.143010327931066
0.0339758263448995,0.03077365848065402
0.0562960172915832,0.054766150317916686
0.2827877543433519,0.2808536240355014
