target,moment
82.198645766003,82.2641916349034
