target,moment
0.0251697,0.05317264309960078
0.0170519152063842,0.01758902794337498
0.0318099,0.033031052171421986
0.0130792,0.01234306729408914
0.0100246,0.008905142263353063
0.0082411,0.00801191813459098
0.0142723639866622,0.01457182706093019
