target,moment
0.0251696991920471,0.05018000229274369
0.0170474822517444,0.017640000765132918
0.0313091993331909,0.03207930911673249
0.0130791997909546,0.001769412460508985
0.0100246000289917,0.0007731332492688911
0.0082410997152328,0.0025476897807652763
0.0141547485772109,0.007592153604113557
