target,moment
1.0,1.0
1.0901923526701716,1.0686006936345271
1.17541345258769,1.1675904478515087
0.346771653959122,0.42621017755964496
0.435719747133782,0.4483707783450668
0.241952910075955,0.24322467184020502
0.6107967519438201,0.5125601652350608
