target,moment
0.2153279271644333,0.2151707666514697
0.2325584706340076,0.23750269498396442
0.0678793701232972,0.06822538204042161
0.1088618213684275,0.1370091346633843
0.0337930161350242,0.03498518642166236
0.0559930982359334,0.05684385997766631
0.2855862963388765,0.2502629752614313
