target,moment
0.0292116290330886,0.028769285257693844
0.0201410956216747,0.020376954728146286
0.0324071002006531,0.03240697178210871
0.0205700993537903,0.0035759363831969265
0.0137092995643615,0.0007938468680604933
0.0069309997558593,0.002060062107576009
0.0169324004650116,0.016665254619334803
0.0397819995880127,0.03882382556724669
0.0110084998607635,0.0012393994972398521
0.0042943000793457,0.0007482520980272763
0.0133872343614895,0.005910474862661195
