target,moment
0.2165556656512729,0.2146749137810032
0.233729031160127,0.21748953776752414
0.0672049461385212,0.06290359995966809
0.1094507590702438,0.14098747861210464
0.0339758263448995,0.030366474470643945
0.0562960172915832,0.05371231720773568
0.2827877543433519,0.2798656782013203
