target,moment
0.1723744735734453,0.16697959665341014
0.2001836313003392,0.190297270644414
0.0492327599199353,0.05083105566525704
0.1684994775206873,0.2265241661287772
0.0285436772575964,0.02861287893208212
0.0677889190917095,0.07063473505262048
0.0151000451551628,0.01443963508214677
0.0183072062654951,0.022015249953969727
0.0333863766260561,0.03247753583020686
0.0211154118936726,0.021210391722717818
0.2254680213959001,0.17597748433439778
