target,moment
0.014603,0.014731498534186442
