target,moment
52.059453405937994,52.092812136925446
