target,moment
1.0,1.0
1.08968319541132,1.0817678255524585
1.17541345258769,1.1664157412672516
0.346940370796428,0.35777265416541437
0.43593184990191,0.43114494216417687
0.242070633833219,0.24119145871219344
0.611167762289279,0.6115662828706562
