target,moment
90.663631358,90.91477814969454
