target,moment
0.003549953,0.0033955212336503394
