target,moment
1.0,1.0
1.08968319541132,1.0749531298316308
1.17541345258769,1.166376650724782
0.346940370796428,0.3647083832784653
0.43593184990191,0.43254899982702355
0.242070633833219,0.24249377042165265
0.611167762289279,0.6064272601909008
