target,moment
1.0,1.0
1.08968319541132,1.082487849561559
1.17541345258769,1.1716656331845037
0.346940370796428,0.35749933146163515
0.43593184990191,0.43068012791583854
0.242070633833219,0.24111799313294852
0.611167762289279,0.6113054639327313
