target,moment
0.2165556656512729,0.2195127321514031
0.233729031160127,0.21437171452505283
0.0672049461385212,0.0618904325928553
0.1094507590702438,0.14199282125647458
0.0339758263448995,0.030407527434725197
0.0562960172915832,0.05375671157039849
0.2827877543433519,0.27806806046909033
