target,moment
58.756583513026,58.65011362205284
