target,moment
0.1723413565516609,0.1547244326272583
0.2001451715125225,0.19596588380913743
0.0492233011970225,0.045662856990058745
0.168467104972989,0.2077802523089572
0.0285381933738058,0.027525467368231634
0.0677758953123543,0.06826785345591767
0.0150971440961255,0.013925978049992752
0.0183036890385174,0.01979079529270563
0.0333799623505598,0.03157760642628428
0.0211113551470954,0.020518903844316837
0.0071838887952674,0.007266502666891533
0.2184329376520792,0.20699346716024805
