target,moment
0.2165556656512729,0.2171670601453223
0.233729031160127,0.21372021183065015
0.0672049461385212,0.061740250132884006
0.1094507590702438,0.14576692740089042
0.0339758263448995,0.030320465002265234
0.0562960172915832,0.053633784501074346
0.2827877543433519,0.27765130098691343
