target,moment
0.00037570075441372764,0.00040392476774921105
