target,moment
0.0251697,0.047712783374596925
0.0170519152063842,0.017384752428269395
0.0318099,0.032934594772442365
0.0130792,0.0127676258548057
0.0100246,0.009255574331933542
0.0082411,0.008206147508916038
0.0142723639866622,0.014623204806865726
