target,moment
0.2165556656512729,0.2125411380272423
0.233729031160127,0.21635566394458608
0.0672049461385212,0.06260023384944371
0.1094507590702438,0.1432305775793703
0.0339758263448995,0.030663114014252615
0.0562960172915832,0.05421858645493596
0.2827877543433519,0.280390686130169
