target,moment
0.64974697929093,0.6406416804546665
