target,moment
1.0,1.0
1.0901923526701716,1.0700895702526456
1.17541345258769,1.1697263584105881
0.346771653959122,0.4263303243396182
0.435719747133782,0.4485286647488603
0.241952910075955,0.24330399542024128
0.6107967519438201,0.5129659797058777
