,beta,alpha
0,0.6169702370220002,0.6291658676275292
1,0.3830297629779998,0.4123253133414685
