target,moment
0.2040428289529481,0.21489492718052705
0.2255852454372509,0.23721818082935217
0.0643218875038216,0.06684416066946755
0.1031564938626009,0.16541392618883696
0.0320219615813117,0.03591854440562912
0.0530585619633796,0.05682387754351797
0.018329400868127,0.017919258955160874
0.0189912032396071,0.023501486875152845
0.0265511265560509,0.026544971236521907
0.0104250119775051,0.011126990354533467
0.0209966612555152,0.021139088491596292
0.2225196168018815,0.12265458726970377
