target,moment
1.0,1.0
0.8725795027488233,0.9050345292648955
0.854808293224731,0.9202993924733461
0.621549138483011,0.8057345857478181
0.597797984767889,0.5900461669170878
0.293805456329383,0.29988157735272597
0.97595829268538,0.9383499962474962
0.7580583490804771,0.8999917133716195
0.386667563757739,0.39430698939142705
0.525456673586441,0.5197752410273452
0.569474829535268,0.43040207622116666
