target,moment
0.1723744735734453,0.16478661229246455
0.2001836313003392,0.20145357380613174
0.04923275991993533,0.05023417070747334
0.1684994775206873,0.22352020612864656
0.028543677257596444,0.028475707476039024
0.06778891909170957,0.07018335184111542
0.015100045155162806,0.014116623995240319
0.018307206265495115,0.02188003790206866
0.03338637662605613,0.030144109086462943
0.02111541189367264,0.021128389661398697
0.22546802139590016,0.17407721710295856
