target,moment
0.2165556656512729,0.1928538963033366
0.233729031160127,0.2093458422117416
0.0672049461385212,0.06267217613527054
0.1094507590702438,0.17463583522000886
0.0339758263448995,0.03182903333968104
0.0562960172915832,0.05756177845056794
0.2827877543433519,0.27110143833939354
