target,moment
0.003549953,0.003504894997622668
