target,moment
0.0087725,0.011764369614583969
