target,moment
1.0,1.0
0.8725795027488233,0.9993260813460242
0.854808293224731,0.9066128624137164
0.621549138483011,0.8041206827474079
0.597797984767889,0.5967397295928908
0.293805456329383,0.3027446533996536
0.97595829268538,1.0015510896910067
0.7580583490804771,0.9100002528480838
0.386667563757739,0.35730528237265397
0.525456673586441,0.5261869559059712
0.569474829535268,0.43198286719349455
