target,moment
0.014603,0.014735875237861906
