target,moment
0.027820599079132,0.024291035666354693
0.0201067607047929,0.02048676710842752
0.0324071002006531,0.027488352639609803
0.0205700993537903,0.0033815791894044986
0.0137092995643615,0.0008065988344879756
0.0069309997558593,0.0019402668754028188
0.0169324004650116,0.013279713432581976
0.0397819995880127,0.028196938846919244
0.0110084998607635,0.0012185371985309233
0.019208300113678,0.012306381152381083
0.0042943000793457,0.0006846051016198143
0.0127500267224018,0.00536224240573559
