target,moment
0.0168692,0.017726199862705547
