target,moment
0.09277,0.09303098380305092
