target,moment
0.0251696991920471,0.02573728278206449
0.0169424664104217,0.01951012708868109
0.0313091993331909,0.029651281937956006
0.0130791997909546,0.002017516558088804
0.0100246000289917,0.0010362629218092243
0.0082410997152328,0.0035520284463290987
0.0197126996517181,0.017023302213216875
0.0252290010452271,0.023758919099934057
0.0106797003746033,0.0013974950189113403
0.0184949994087218,0.012960217105799608
0.0039844000339508,0.0005844892120698171
0.0127844897880634,0.007359132112376462
