target,moment
0.4872825154390876,0.4948132887365455
