target,moment
0.000729426174,0.0007241642392756046
