target,moment
90.663631358,89.64809649666051
