target,moment
0.2165556656512729,0.2142934228698488
0.233729031160127,0.21749963721704232
0.0672049461385212,0.06291014445616576
0.1094507590702438,0.14096561937149893
0.0339758263448995,0.03036105716358614
0.0562960172915832,0.05369892831589891
0.2827877543433519,0.2802711906059591
