moment,value
GPDIFF,0.0087725
KM,0.09277
SRDUS,0.65
GROWTH,0.0168692
JUPCOST,0.00031375944235406667
UUPCOST,0.003965663980216667
TP,1.47942
SINNOVPATEU,0.3475
SINNOVPATUS,0.4000000000000001
NUR,0.10000000000000002
TE,5.0
sales_mark_up_US,1.8
ERDUS,0.15
TO,0.071287577
PROBINNOVENT,0.6999999999999998
SHAREEXPMON,0.3
