target,moment
0.5707553001665439,0.6706510979843243
