target,moment
0.0168692,0.01686244318095586
