target,moment
0.0245001006126403,0.024798387820045783
0.0168625054877724,0.017241322607175286
0.026430299282074,0.026188874359556153
0.0056323999166487,0.00052281408829941
0.0104751002788543,0.0004967793447305291
0.0063905000686645,0.00023730924595276578
0.0161208999156951,0.01603481744920016
0.0221616005897522,0.021375668576620238
0.0096591997146606,0.002061162367748274
0.0025066998600959,0.0004058125916042771
0.0160474421466896,0.0063457611642067585
