target,moment
0.5418056800884126,0.57459082408112
