target,moment
0.000729426174,0.0007225106251052965
