target,moment
0.09277,0.09518217969435142
