target,moment
1.0,1.0
0.8390258268843955,0.8661718353838447
0.9205799344648444,0.9601237866907066
0.6136292197979093,0.7729453242031982
0.6307807460349947,0.6244391095395003
0.3036091275409863,0.30813321277731254
0.9401791654339804,0.9057560529511651
0.7566930901440311,0.894983941883772
0.3869788325405179,0.3916171798748127
0.4829805527153616,0.4860237571341736
0.5486613680863147,0.4168529495570223
