target,moment
0.5522724685425837,0.520496205382193
