target,moment
1.0,1.0
1.08968319541132,1.084118907879268
1.17541345258769,1.1689786528623027
0.346940370796428,0.35743189032405176
0.43593184990191,0.43096294289009013
0.242070633833219,0.241211263336385
0.611167762289279,0.611338785260657
