target,moment
0.015629,0.015170218402828364
