target,moment
1.0,1.0
1.08968319541132,1.0742726159844471
1.17541345258769,1.165693937899902
0.346940370796428,0.3648144034301666
0.43593184990191,0.4326525168204219
0.242070633833219,0.242535092982546
0.611167762289279,0.6067099122633735
