target,moment
0.003549953,0.003509166465945164
