target,moment
54.89666421723601,54.89665826603457
