target,moment
1.0,1.0
0.9724524967792046,0.9701073802201114
1.42252912029835,1.4171797996102626
0.329520068384278,0.4076100730485804
0.404652382391121,0.39004122862975854
0.220300729818378,0.21711721156008465
0.5468334670827375,0.464730746469032
