country,RD ratio pharma,RD ratio chemicals
1,0.05729976721091462,0.06382776760109142
2,0.0014049122737842287,
3,0.05568714318648859,0.09463581945342717
7,,
12,0.04233384528631724,0.04450303214683408
