target,moment
0.0040246105098193,0.003935513629575107
