target,moment
90.663631358,90.7357254795153
