target,moment
1.0,1.0
1.08968319541132,1.0742729048506705
1.17541345258769,1.165638760473358
0.346940370796428,0.36481807375714226
0.43593184990191,0.4326542498718153
0.242070633833219,0.2425363819576523
0.611167762289279,0.6067366511144652
