target,moment
0.09277,0.09294661557671273
