target,moment
1.0,1.0
1.08968319541132,1.074284917985062
1.17541345258769,1.1656654597385507
0.346940370796428,0.3648178069487521
0.43593184990191,0.4326508605537943
0.242070633833219,0.2425359640436031
0.611167762289279,0.6067334208035747
