target,moment
0.09277,0.09582046286082949
