target,moment
1.0,1.0
1.08968319541132,1.0859655365251168
1.17541345258769,1.1709105566228035
0.346940370796428,0.35898287528314005
0.43593184990191,0.43298378185081826
0.242070633833219,0.24134848091324235
0.611167762289279,0.6133534850327622
