target,moment
0.1200626194103338,0.2180472946620027
0.1211887588058545,0.23098791070532326
0.0035804162844133,0.031014720922727616
0.0004965786572176,0.032517885801065544
0.002462693476303,0.007803513351397028
0.0600304680464258,0.08946992691057723
0.1343304183885601,0.044272749786130786
0.0637303998720678,0.039796232682199284
0.0018651157701598,0.007473779561053226
0.0004460791327548,0.007654685174861004
0.0016008349254711,0.0023906406029655354
0.0392297139201939,0.018726104849891165
0.0400814725661333,0.015248873421813308
0.0389368166783096,0.021726127154887385
0.0006682770403912,0.0058124982574836205
9.931573144352892e-05,0.0027107075388748134
0.0002592308922424,0.0006057045666516317
0.0194675666804137,0.010919350561490817
0.0304225968538796,0.008995965203446758
0.03434640990464,0.02245429537226029
0.0521424423253347,0.04598662645058384
0.0001026823664077,0.002471286873111132
0.0003332968614545,0.0006855156131431095
0.01717320495232,0.013004422922750771
0.0103574524673225,0.005225001925029939
0.0083223216314713,0.006595720801357879
0.0012540715241598,0.002636383755993296
0.0003282469090082,0.000598458334943959
0.0001245654936749,0.00025278692533325985
0.0041611608157356,0.001904492832469271
0.0135473390958901,0.003806333852761472
0.0109735466657688,0.0060094937489718935
0.0026175586846557,0.003230491416383513
0.0003770631159889,0.0006274406909454922
9.258246151515408e-05,0.0009745918691542736
0.0054859316741434,0.002309795245068886
0.0671694174879853,0.031029799154091008
0.0583101175797261,0.02185765032649601
0.0318651999360339,0.025780770581779872
0.0009325578850799,0.0025652143390604665
0.0002238812251184,0.002979271817004415
0.0007995758039945,0.0008394834364632781
