country,RD ratio pharma,RD ratio chemicals
1.0,0.15912575736650697,0.0297174505033765
2.0,0.09738556123177679,0.046114248132666465
3.0,0.09960551890110833,0.06301901125916194
4.0,0.03166652662308067,0.07109685230426595
7.0,0.041838134435508566,0.01839381468171174
8.0,0.024488264207718026,0.05165185954075065
10.0,0.06842714558174014,0.07754499153401044
12.0,0.014897038205628387,0.010856092536207866
