target,moment
0.5332440948838922,0.679471629146972
