target,moment
1.0,1.0
1.0930777059511088,1.0924238239705046
1.17541345258769,1.1815028460631747
0.346771653959122,0.3523366726018222
0.435719747133782,0.4374770102881329
0.241952910075955,0.24237960942517878
1.00152170325136,1.0019629802405825
0.770342027427148,0.7773142292229452
0.450288180056851,0.450111464362545
1.04371974139227,1.0496459865352206
0.653966544013067,0.6539540524464915
0.4017735881616045,0.3915152966120808
