target,moment
0.015629,0.015487761436163325
