target,moment
90.663631358,84.83900522002371
