target,moment
0.09277,0.0932246000032965
