target,moment
0.0251696991920471,0.061091295214978525
0.0169424664104217,0.01932389993305351
0.0313091993331909,0.02973462925196429
0.0130791997909546,0.001997750605764214
0.0100246000289917,0.0009939543992985335
0.0082410997152328,0.0034054585466349297
0.0197126996517181,0.014485871270528451
0.0252290010452271,0.02246320591659121
0.0106797003746033,0.0013402011270209446
0.0184949994087218,0.010145969257283404
0.0039844000339508,0.0005340019999703073
0.0127844897880634,0.00716001657788934
