delt_dom,delt_int,growth,World Equal,World Negishi,USA,EUR,JAP,CHN,BRA,IND,CAN,KOR,RUS,MEX,ZAF,ROW
1.0,0.09999999999999908,,,,1.0020059769164016,1.0018436452893293,1.0018757069986912,1.0017083638578055,1.0017406991225444,1.0017423665076377,0.9566059384678861,1.0019675653185558,1.0018189947054859,1.001679784426007,1.0017602949180893,1.0018002239349668
1.0,0.2511886431509565,,,,1.0012780655422664,1.00117331592831,1.00119395404595,1.0010854353494951,1.0011052029750913,1.0011063003953027,0.9712423682174599,1.0012547408966261,1.0011565953518278,1.001064973036354,1.0011177933013653,1.001143029814036
1.0,0.6309573444801928,,,,1.000389244292822,1.000356276485496,1.000362733970258,1.0003285060621705,1.0003341110131658,1.000334474333187,0.9907105740019523,1.0003824110946304,1.0003504441140487,1.0003210246018759,1.0003380182950807,1.000345618412328
1.0,1.584893192461113,,,,0.9997041345644332,0.9997307919704772,0.999725587519194,0.9997531843795056,0.999749372020041,0.9997490566917487,1.0075801709591463,0.9997093560092117,0.9997363146351387,0.9997603884056127,0.9997463039173246,0.9997405947917164
1.0,3.9810717055349727,,,,0.9994022131004499,0.9994607193819477,0.9994494213981812,0.9995092480401966,0.9995025790717674,0.999501839470801,1.0163958137128335,0.9994135532163035,0.9994748572240196,0.9995275723081847,0.9994961193471606,0.9994847239651085
1.0,10.0,,,,0.9993254212900033,0.9993955877772156,0.9993820953945898,0.9994532351494617,0.9994465638559231,0.9994456301354165,1.0193480488524156,0.9993390618256814,0.9994141938228394,0.9994771142755348,0.9994390337368108,0.9994262721656314
