delt_dom,delt_int,growth,World Equal,World Negishi,USA,EUR,JAP,CHN,BRA,IND,CAN,KOR,RUS,MEX,ZAF,ROW
1.0,0.09999999999999987,,,,1.00073411532693,1.000822410481079,1.0008042618441837,1.000716184562134,1.0007116148110036,1.0007212401760972,1.0007420632384565,1.0008865535215012,0.9580450527034136,1.0007349650005748,1.0007285920537714,1.0007420277510162
1.0,0.251188643150958,,,,1.0003309517143266,1.0003694635717877,1.0003567471953623,1.0003169775942877,1.0003142846886708,1.0003186226585743,1.0003282441739432,1.0003945184150729,0.9802486849024793,1.0003250438189488,1.0003219099183334,1.0003274934159871
1.0,0.630957344480193,,,,1.0000641779502262,1.0000719518346552,1.0000694040968219,1.0000613738691753,1.000060710692562,1.0000615677818148,1.0000635764361174,1.0000770897968059,0.9959697847480959,1.0000628408018282,1.0000622128725711,1.0000632748549854
1.0,1.5848931924611143,,,,0.9999671800669768,0.9999629923553164,0.9999643551012936,0.999968701112496,0.9999691210939402,0.9999686635827636,0.999967539068194,0.9999601987732661,1.0021604916344429,0.9999680082342403,0.9999683348009993,0.9999677862220288
1.0,3.981071705534973,,,,0.9999463756898211,0.9999392686798443,0.9999415857542169,0.9999489926897526,0.9999497715779178,0.9999489986315022,0.9999470387972935,0.9999345065113198,1.003640963288686,0.9999479248066404,0.9999484620992372,0.999947550969342
1.0,10.0,,,,0.9999432620877041,0.9999356028194609,0.9999380878605009,0.9999460991971076,0.9999469705150706,0.9999461369371649,0.9999439989475386,0.9999304306011396,1.003902309626395,0.9999450002244674,0.9999455722628035,0.9999445973892992
