delt_dom,delt_int,growth,World Equal,World Negishi,USA,EUR,JAP,CHN,BRA,IND,CAN,KOR,RUS,MEX,ZAF,ROW
1.0,0.0999999999999999,,,,1.0012690361170933,1.0011925641526298,1.0012567623858974,1.0010974434040663,1.0011158631308934,1.0011273098030717,1.0011983169449805,1.0013328081563975,1.0011890618913284,0.9607985622198889,1.0011404604739391,1.001165570008564
1.0,0.2511886431509576,,,,1.000589663478354,1.0005544310592802,1.0005849036817345,1.0005094218196615,1.0005173880923708,1.0005229029599079,1.000555883979739,1.0006215982955342,1.0005526214696638,0.9809939884330359,1.0005290075739428,1.0005405771053197
1.0,0.6309573444801932,,,,1.0001208596752418,1.0001134200709356,1.0001199384125616,1.0001038950094387,1.0001053855257023,1.0001065656483081,1.0001135623369402,1.0001278726099945,1.0001128575545295,0.9959260351375189,1.0001078185901435,1.000110177626544
1.0,1.5848931924611136,,,,0.9999355398447544,0.9999397425714134,0.9999360446105867,0.9999450456483624,0.9999443332085352,0.9999436741421543,0.9999396971866074,0.9999315352019598,0.9999402191899727,1.0022659843043538,0.9999430024972096,0.9999417473399201
1.0,3.981071705534973,,,,0.9998925450993279,0.9998999390696818,0.9998934786427238,0.9999090830516569,0.999907995068909,0.9999068531245162,0.9998998667572102,0.9998855932668701,0.9999009871206711,1.0038873983027954,0.9999057366648738,0.99990364212398
1.0,10.0,,,,0.9998855988174942,0.9998936922579698,0.9998866688987071,0.9999035902135612,0.999902478907299,0.9999012482946182,0.9998936102977843,0.9998780207672235,0.9998949466375301,1.004190660510623,0.9999000534380375,0.999897819335107
