delt_dom,delt_int,growth,World Equal,World Negishi,USA,EUR,JAP,CHN,BRA,IND,CAN,KOR,RUS,MEX,ZAF,ROW
1.0,0.09999999999999998,,,,1.002411368593077,1.0025341090900821,1.0027222263265165,1.0023328617806857,1.0023359092970898,1.0023607657553704,1.0024606396509845,1.0029101846265902,1.002426392621523,1.0024172095105743,1.002346768229291,0.9931639094698785
1.0,0.251188643150958,,,,1.0004699761166886,1.0004822722646287,1.0005214532593565,1.0004407765540595,1.0004358555446675,1.00044038051699,1.0004597066512895,1.0005554628956486,1.000453237558803,1.000451580653796,1.0004377627220453,0.9986121971198629
1.0,0.6309573444801934,,,,1.0000445211514877,1.0000456973138308,1.000049458615013,1.0000417172285976,1.0000412312533082,1.00004166463502,1.0000435272967918,1.0000527254702472,1.0000428841700901,1.0000427296740106,1.0000414142402776,0.9998667309554012
1.0,1.584893192461114,,,,0.9999844409447946,0.9999840241744314,0.9999826974726237,0.9999854264382569,0.9999855984828204,0.9999854462224455,0.9999847871720943,0.9999815524050077,0.9999850195279888,0.9999850725546269,0.9999855331718992,1.0000468960388433
1.0,3.981071705534973,,,,0.9999774527834686,0.9999768444247876,0.9999749126536661,0.9999788898369282,0.999979144500051,0.999978919860206,0.9999779603960411,0.9999732397134514,0.9999783010961836,0.9999783797213462,0.9999790484526107,1.0000682109704842
1.0,10.0,,,,0.999976704306255,0.999976075088458,0.9999740705314127,0.9999781925590677,0.9999784568379819,0.9999782263227214,0.9999772289728495,0.9999723289643109,0.999977586190175,0.9999776676379175,0.9999783580676262,1.0000706949755696
