target,moment
0.09277,0.08911223708259158
