target,moment
0.0245001006126403,0.024889239324489745
0.0166657166165074,0.017061299390168042
0.026430299282074,0.026240981225043696
0.0056323999166487,0.00040083482264254797
0.0104751002788543,0.0005073111934395267
0.0063905000686645,0.00023144813346834346
0.0161208999156951,0.016075458922023417
0.0221616005897522,0.02118210017183901
0.0096591997146606,0.0021460958929336226
0.0025066998600959,0.0005662285853983329
0.0180705801006895,0.0053101695970916045
