target,moment
0.0014346369363088,0.0014633192962632898
