target,moment
1.0,1.0
1.11043237851765,1.0535978148715461
1.4972143972134937,1.5496049272665124
0.284826148650757,0.4112234076714866
0.3207191387708363,0.4092528699799623
0.2370063656795177,0.23772165280004434
1.0124883458685825,0.872291557022206
0.803144451153576,0.9659713130737329
0.450763503237386,0.3298613378759793
0.5907308071628941,0.49953262938831006
0.532313262392555,0.5264920292249983
0.5025108501809825,0.4852739108321487
