target,moment
0.000729426174,0.0006499778727889849
