target,moment
0.0251697,0.06894711652185616
0.0170519152063842,0.01732656654626055
0.0318099,0.03377560229052002
0.0130792,0.012276842679215744
0.0100246,0.008786498042328495
0.0082411,0.008082253389625208
0.0142723639866622,0.014578289873635467
