target,moment
90.663631358,91.21756031929367
