target,moment
0.0251697,0.058576419884644265
0.0170519152063842,0.0178109555514448
0.0318099,0.03384339610369639
0.0130792,0.012374591584275493
0.0100246,0.008895995479349455
0.0082411,0.008018426241017299
0.0142723639866622,0.0147022199763953
