target,moment
0.0087725,0.008152248419186449
