target,moment
90.663631358,90.91986125633694
