target,moment
0.003549953,0.0025677567629048574
