target,moment
0.000729426174,0.000730483057176256
