target,moment
144.80523727796603,144.24010695875168
