target,moment
133.80077245805202,133.82819597101647
