target,moment
90.663631358,91.0617670208976
