target,moment
0.0251697,0.05208671108664838
0.0170519152063842,0.016834323373471797
0.0318099,0.032362447283161906
0.0130792,0.0013674961785712664
0.0100246,0.00119034727090298
0.0082411,0.00403356486914968
0.0142723639866622,0.005158290860548747
