target,moment
0.2165556656512729,0.21553281341472938
0.233729031160127,0.21751530484102785
0.0672049461385212,0.06287865296252107
0.1094507590702438,0.14155904775066586
0.0339758263448995,0.03046537248373839
0.0562960172915832,0.05420529681699033
0.2827877543433519,0.27784351173032695
