target,moment
0.0168692,0.016791461772970025
