target,moment
0.015629,0.0157922514857058
