target,moment
133.80077245805202,133.7778662938726
