target,moment
0.0047164777212821,0.0046952331520136725
