target,moment
0.5511448413796269,0.49428858402435755
