target,moment
1.0,1.0
1.08968319541132,1.0840827075266604
1.17541345258769,1.1684623759824027
0.346940370796428,0.35780763526254855
0.43593184990191,0.43118425413366684
0.242070633833219,0.24172719172493282
0.611167762289279,0.6122015998163101
