target,moment
0.0087725,0.008779899827555376
