target,moment
1.0,1.0
1.1082445315180345,1.0958262932988116
1.2114854124605332,1.243730875325715
0.4701846971093082,0.5724320820965015
0.7000101260276296,0.7161919516457979
0.2917851452816537,0.30577495134056937
1.1315740981049267,1.0782551933132336
0.6963951020711837,0.8159971718128237
0.513212227403386,0.5024485872803544
0.6096723682101429,0.6078814325894278
0.5621994745071552,0.41435364679338144
