target,moment
0.18079293456844311,0.17353235689571184
0.2161755881163163,0.2272804312083457
0.05442564405839668,0.056827196788334824
0.13700426843165123,0.17526776931167545
0.03248574966300901,0.033623824805488006
0.05897753478153921,0.06297868272856794
0.016392875479170968,0.015613898142119158
0.018375462006810842,0.021702816112702784
0.03505847693538533,0.03474030215389288
0.0205373228598973,0.020647833797887875
0.22977414309938005,0.1777848880552734
