target,moment
136.661920223817,138.13001828823994
