target,moment
1.0,1.0
1.017175160237051,1.020881100901376
1.03798339790707,1.086042489713091
0.591311015631462,0.6965764623426082
0.789052596047331,0.7866734237895012
0.286641001531709,0.29920981051055684
1.18819105402396,1.1465398371946545
0.793788299779815,0.8950666371333972
0.612668616174212,0.6428769033135996
1.48468554427003,1.4932028908484551
0.617315925461948,0.6250976148251118
0.359964198794789,0.37254515750642414
0.5426113458983767,0.41686793994109544
