target,moment
0.01463,0.016051612477091096
