target,moment
0.4750989714792567,0.41231397273781134
