target,moment
90.663631358,93.33416128881315
