target,moment
0.0251697,0.029242496514559416
0.0170519152063842,0.02006694928058238
0.0318099,0.033077034498408105
0.0130792,0.0013460268582734978
0.0100246,0.0009650107492241627
0.0082411,0.003208759406365108
0.0142723639866622,0.007426313435714113
