target,moment
0.5689614785257613,0.5973448963966238
