target,moment
89.67372641771502,89.72882396604577
