target,moment
0.0255764007568359,0.02538545376919397
0.0172453812036475,0.017092571178169993
0.032276599407196,0.031917190784581426
0.0136854004859924,0.0015915542650376112
0.0098807001113891,0.0007303053881736476
0.0080472999811172,0.002148467030999757
0.0147122941745253,0.00729260079045648
