target,moment
0.20704909106671346,0.19886798654769586
0.23013020092962974,0.23819878887518486
0.06444733811282127,0.06596538935102413
0.11479758120423614,0.14606433034574942
0.03286654204393231,0.03386033295318321
0.05660501180852681,0.05823209847117033
0.29410423483414033,0.25881107345599225
