target,moment
1.0,1.0
1.08968319541132,1.0828350867847676
1.17541345258769,1.1690814270303738
0.346940370796428,0.35773813366711804
0.43593184990191,0.4309724720574624
0.242070633833219,0.24104773030675186
0.611167762289279,0.6117886666053262
