target,moment
1.0,1.0
0.8725795027488233,0.876378132066984
0.854808293224731,0.8860968598821599
0.621549138483011,0.8017253183309933
0.597797984767889,0.5886326656872614
0.293805456329383,0.2992754995879268
0.97595829268538,0.9162284583200728
0.7580583490804771,0.8936088162573266
0.386667563757739,0.36817940704452784
0.525456673586441,0.5189737022528014
0.569474829535268,0.42922749584868614
