target,moment
0.09277,0.09268499779853122
