target,moment
0.23010308842169286,0.2506856999500719
0.25591829429544194,0.2603121522483864
0.08186815492696169,0.08232574893245986
0.07720670411183356,0.10108595433723376
0.03692871469115061,0.03493485656393909
0.04790678029505776,0.04657184319775175
0.2700682632578616,0.2240837447701571
