target,moment
0.003549953,0.003509217421975517
