target,moment
0.0168692,0.019069746992435604
