target,moment
0.1723744735734453,0.16251024159735844
0.2001836313003392,0.2052503709592791
0.0492327599199353,0.0514448852927472
0.1684994775206873,0.2219200834564503
0.0285436772575964,0.028195468959901052
0.0677889190917095,0.06946668446041379
0.0151000451551628,0.014264997570547076
0.0183072062654951,0.021712259450824577
0.0333863766260561,0.03188907765425381
0.022171182488356228,0.020903163610750022
0.2254680213959001,0.17244276698747452
