target,moment
0.017496806,0.017560510637872062
