target,moment
0.5736613902051558,0.67501289193091
