target,moment
0.09277,0.09696308222199901
