target,moment
90.663631358,91.08523193665155
