target,moment
1.0,1.0
1.08968319541132,1.0823138554286305
1.17541345258769,1.1672019244576644
0.346940370796428,0.3572866020561035
0.43593184990191,0.43076201966756467
0.242070633833219,0.24112951771266372
0.611167762289279,0.6109342480485931
