target,moment
0.2165556656512729,0.21542301670889327
0.233729031160127,0.21749964582308548
0.0672049461385212,0.06289735809752094
0.1094507590702438,0.14157861127916055
0.0339758263448995,0.030470409759638127
0.0562960172915832,0.05420919360824635
0.2827877543433519,0.2779217647234552
