target,moment
0.09277,0.09319584039062705
