target,moment
0.0251696991920471,0.05057018626635977
0.0169424664104217,0.016448498827020774
0.0313091993331909,0.0247865215883772
0.0130791997909546,0.0017547010314731745
0.0100246000289917,0.0008779798222699357
0.0082410997152328,0.0030319689207413147
0.0197126996517181,0.009001014204707301
0.0252290010452271,0.018079720649042837
0.0106797003746033,0.0011880264069457957
0.0184949994087218,0.006758602021037081
0.0039844000339508,0.0004778003175944463
0.0127844897880634,0.006286626846829572
