target,moment
0.015629,0.01546770907158242
