target,moment
0.0251697,0.0618374290429524
0.0170519152063842,0.0170318147972127
0.0318099,0.037114718045921244
0.0130792,0.0010200053925984991
0.0100246,0.0007798970891982461
0.0082411,0.002456896513017966
0.0142723639866622,0.005938057402597872
