target,moment
0.1723744735734453,0.16150213065637242
0.2001836313003392,0.20520965107328096
0.04923275991993533,0.05134776625756941
0.1684994775206873,0.22237774575868427
0.028543677257596444,0.028308164384151416
0.06778891909170957,0.0697486049983934
0.015100045155162806,0.014183026975231727
0.018307206265495115,0.021370014451288114
0.03338637662605613,0.03202248550367179
0.02111541189367264,0.020992041281104185
0.22546802139590016,0.17293836866025236
