target,moment
1.0,1.0
1.08968319541132,1.0812768042601228
1.17541345258769,1.1664949089939163
0.346940370796428,0.35758639239226087
0.43593184990191,0.4308530649158884
0.242070633833219,0.24101958096554266
0.611167762289279,0.6114513718736694
