target,moment
1.0,1.0
1.08968319541132,1.0751398126768301
1.17541345258769,1.1737932671408122
0.346940370796428,0.3645801800798105
0.43593184990191,0.4323305019564242
0.242070633833219,0.24228431990918406
0.611167762289279,0.6065377272567979
