target,moment
1.0,1.0
1.08968319541132,1.0969849503063327
1.17541345258769,1.187528453975004
0.346940370796428,0.3640644842722119
0.43593184990191,0.4392358569261009
0.242070633833219,0.24230288925552732
0.611167762289279,0.6200885773471169
