target,moment
0.2165556656512729,0.21196180481906787
0.233729031160127,0.2166322596284491
0.0672049461385212,0.06244855298762552
0.1094507590702438,0.14289856034965445
0.0339758263448995,0.030555473757847885
0.0562960172915832,0.05478207079505939
0.2827877543433519,0.2807212776622957
