target,moment
0.0251697,0.025895194406130636
0.0170519152063842,0.017428360208429937
0.0318099,0.032596985943415056
0.0130792,0.012776879403027859
0.0100246,0.00924585514009024
0.0082411,0.008195241823097969
0.0142723639866622,0.014757472481014187
