target,moment
0.2165556656512729,0.20574916439642424
0.233729031160127,0.21823833118140887
0.0672049461385212,0.06290012664925232
0.1094507590702438,0.144507921031231
0.0339758263448995,0.030934802123825978
0.0562960172915832,0.054706644070234296
0.2827877543433519,0.2829630105476233
