target,moment
0.5679426726969605,0.8163729306051696
