target,moment
82.198645766003,82.20910072773984
