target,moment
1.0,1.0
1.0930777059511088,1.0918508225330656
1.17541345258769,1.1818590616673508
0.346771653959122,0.3522829914765622
0.435719747133782,0.43743993860207786
0.241952910075955,0.24236816756334187
1.00152170325136,1.005096045558696
0.770342027427148,0.7792739165155055
0.450288180056851,0.4500789668384212
1.04371974139227,1.0556168835383246
0.653966544013067,0.6539106574572944
0.4017735881616045,0.3915156897017365
