target,moment
0.09277,0.10244776833993831
