target,moment
0.041999999999999996,0.042027388881196094
