target,moment
0.000729426174,0.0006804097075752704
