target,moment
0.000729426174,0.0006804099000609507
