target,moment
0.027820599079132,0.02782399514292709
0.0201410956216747,0.020365812742384182
0.0324071002006531,0.0325172975765013
0.0205700993537903,0.0034022119312550375
0.0137092995643615,0.0009454791687091143
0.0069309997558593,0.0022344926922657888
0.0169324004650116,0.01674796450734552
0.0397819995880127,0.038929163680940355
0.0110084998607635,0.0014359644958867864
0.0042943000793457,0.0008719269933127928
0.0073146998882293,0.0029342609647609466
0.0135465587074145,0.003602822594191964
