target,moment
0.071287577,0.07149243650037522
