target,moment
0.0047203001064472,0.004537711830482094
