target,moment
0.0168692,0.016756946094971265
