target,moment
0.0168692,0.016713710372688706
