target,moment
0.0016650240341329124,0.0016494442530753824
