target,moment
136.661920223817,135.30146420586146
