target,moment
0.0027611715315644,0.0027781175135542626
