target,moment
0.5398103147166009,0.5698234286900178
