target,moment
0.21295928798295044,0.20538252004151897
0.2335228064409089,0.2412407627955013
0.06716494836712188,0.06822419077252723
0.10923582030144743,0.13825978864969302
0.03385372041350594,0.03520752196869814
0.055803202514068874,0.05729592991056133
0.2874602139799966,0.2543892858615
