target,moment
0.0087725,0.008687149727826216
