target,moment
1.0,1.0
0.8725795027488233,0.8763428179261983
1.025769951869677,0.886099708974823
0.621549138483011,0.8016951299059617
0.597797984767889,0.5886108475691987
0.293805456329383,0.2992639229799697
0.97595829268538,0.9161905772371057
0.7580583490804771,0.8935737682098639
0.386667563757739,0.3681656439675516
0.525456673586441,0.5189542442022854
0.569474829535268,0.4292123589037574
