target,moment
1.0,1.0
0.8725795027488233,0.8811616675840757
0.854808293224731,0.8876934453553998
0.621549138483011,0.8017077402018752
0.597797984767889,0.5924394119258847
0.293805456329383,0.30164892788034803
0.97595829268538,0.9220176416903609
0.7580583490804771,0.9213622696269456
0.386667563757739,0.3706034272691409
0.525456673586441,0.5241989135582572
0.569474829535268,0.4310591023145007
