target,moment
0.0168692,0.016794834620293284
