target,moment
0.0245001006126403,0.024846492050243592
0.0166728529938655,0.016579465688478158
0.026430299282074,0.026133587985949416
0.0056323999166488,0.0003755905397208258
0.0104751002788543,0.000316779854532266
0.0063905000686645,0.00015477105415451307
0.0158664130379464,0.004058099286550625
