,eta_MEX,delta_opti_USA,delta_opti_EUR,delta_opti_JAP,delta_opti_CHN,delta_opti_BRA,delta_opti_IND,delta_opti_CAN,delta_opti_KOR,delta_opti_RUS,delta_opti_MEX,delta_opti_ROW
1,6.6841057047081e-05,0.01,0.01,0.01,3.29581070714556,10.845031283343642,10.023570519030413,0.01,0.01,5.0207301195432805,0.012995267747780252,9.250737150268252
