target,moment
0.0168692,0.01711248243125794
