target,moment
0.2165556656512729,0.21177336124043264
0.233729031160127,0.2165534227763576
0.0672049461385212,0.06250676135814033
0.1094507590702438,0.14344762919581092
0.0339758263448995,0.03070286721537404
0.0562960172915832,0.05420127001979402
0.2827877543433519,0.2808146881940905
