target,moment
1.0,1.0
0.8725795027488233,0.8964735281453772
0.854808293224731,1.1018773620868534
0.621549138483011,0.7914694640127767
0.597797984767889,0.6055011212878738
0.293805456329383,0.30703642371207274
0.97595829268538,1.0719391691948164
0.7580583490804771,1.029850386599282
0.386667563757739,0.36874613276281304
0.525456673586441,0.5161573138639467
0.456857731012344,0.46193440666757946
0.5726777336793948,0.5690878335541605
