target,moment
0.07421839,0.07420135600346461
