target,moment
0.5418056800884126,0.6011412038874142
