target,moment
0.0251697,0.05225036426618991
0.0170519152063842,0.01677154013600742
0.0318099,0.03226578621259765
0.0130792,0.001347913994512815
0.0100246,0.0012045807391377489
0.0082411,0.0041264682569847845
0.0142723639866622,0.005005433589206452
