target,moment
0.0039049482999999998,0.003570725399463091
