target,moment
1.0,1.0
1.08968319541132,1.0743399568477678
1.17541345258769,1.1656342038849778
0.346940370796428,0.364817310113753
0.43593184990191,0.4326525428709349
0.242070633833219,0.24253584500791076
0.611167762289279,0.606732254184323
