target,moment
136.03335466722265,137.95973494262796
