target,moment
0.0168692,0.016903165303410506
