target,moment
90.663631358,90.73570368019134
