target,moment
0.2165556656512729,0.19350525678368682
0.233729031160127,0.21296565710211612
0.0672049461385212,0.0633679429272195
0.1094507590702438,0.16651638502078034
0.0339758263448995,0.03215494544189891
0.0562960172915832,0.05760469167280023
0.2827877543433519,0.2738851210514981
