target,moment
0.1723413565516609,0.15244490705146072
0.2001451715125225,0.195653436952015
0.0492233011970225,0.04906185230117683
0.168467104972989,0.20741294263098106
0.0285381933738058,0.02734123306762022
0.0677758953123543,0.06788080705682717
0.0150971440961255,0.013837660804258831
0.0183036890385174,0.020767014063610683
0.0333799623505598,0.03137976546826821
0.0211113551470954,0.020377039414627016
0.0071838887952674,0.0072193351770618855
0.2184329376520792,0.20662400601209233
