target,moment
0.4361486759670805,0.5712284811420727
0.1457215335577039,0.13363271835362955
