target,moment
0.09277,0.2145693297537239
