target,moment
0.1768123821908934,0.1737347049668027
