target,moment
0.188316744348129,0.1812323319135607
0.1208054369835447,0.11589134504755608
0.1661803577326286,0.14486272213033483
0.0499610115268362,0.060796298789694544
0.0790051321704316,0.07938401387793749
