target,moment
0.1723413565516609,0.14749670061685607
0.2001451715125225,0.1894844127923069
0.0492233011970225,0.05361432283751373
0.168467104972989,0.22961366295240204
0.0285381933738058,0.02694001164804964
0.0677758953123543,0.06780026551217265
0.0150971440961255,0.010983075129243255
0.0183036890385174,0.021723622878761784
0.0333799623505598,0.029304632867775432
0.0211113551470954,0.019444094490141325
0.0071838887952674,0.007108486063555457
0.2184329376520792,0.19648671221122144
