target,moment
0.01463,0.015434183390232285
