target,moment
0.0027226811541747,0.0027364125987545916
