target,moment
0.0251697,0.03774738937989126
0.0170519152063842,0.01778424289054881
0.0318099,0.034320109488201446
0.0130792,4.153847902922276e-05
0.0100246,3.067030650409523e-07
0.0082411,0.00019245642182541163
0.0142723639866622,0.006654882224996238
