target,moment
1.0,1.0
1.08968319541132,1.0829793873642972
1.17541345258769,1.189358092816465
0.346940370796428,0.35856579710367176
0.43593184990191,0.4311813183300585
0.242070633833219,0.24811579583584928
0.611167762289279,0.6119258038262113
