target,moment
133.80077245805202,135.355688841294
