target,moment
0.1723744735734453,0.16351563351476697
0.2001836313003392,0.20332926015906044
0.04923275991993533,0.049405933348060836
0.1684994775206873,0.2230606692218597
0.028543677257596444,0.028460378019027056
0.06778891909170957,0.07005596155294269
0.015100045155162806,0.013920547316997945
0.018307206265495115,0.02143564878055044
0.03338637662605613,0.03218926959584653
0.02111541189367264,0.021102544013092375
0.22546802139590016,0.17352415447779493
