target,moment
0.015629,0.015746834327104026
