target,moment
0.2165556656512729,0.21345162692618744
0.233729031160127,0.21626316615363617
0.0672049461385212,0.06249368938627804
0.1094507590702438,0.1429480116619287
0.0339758263448995,0.030663145191722373
0.0562960172915832,0.054216269751636334
0.2827877543433519,0.27996409092861085
