target,moment
0.0032232954335454,0.002975334997811726
