target,moment
0.2040428289529481,0.212502313871724
0.2255852454372509,0.23797830695232755
0.0643218875038216,0.0672858565516435
0.1031564938626009,0.16528331620369108
0.0320219615813117,0.03596411949872193
0.0530585619633796,0.05690958394175616
0.018329400868127,0.018058122323569032
0.0189912032396071,0.02358821321974596
0.0265511265560509,0.026597393920080526
0.0104250119775051,0.011236687525628349
0.0209966612555152,0.02117891358480158
0.2225196168018815,0.12341717240631032
