target,moment
0.2165556656512729,0.21851270692847974
0.233729031160127,0.21467428038022277
0.0672049461385212,0.062162479097489426
0.1094507590702438,0.14213316478850896
0.0339758263448995,0.030435105838545636
0.0562960172915832,0.053831964347197336
0.2827877543433519,0.278250298619556
