target,moment
0.09277,0.09658062070811178
