target,moment
0.17018065721468353,0.16313955552358617
0.19989894739902314,0.20578198541298048
0.04808181485962225,0.05028958027827327
0.16755937559019582,0.21767974983824562
0.028676768097334243,0.028392108728741757
0.06772753042200556,0.06979923366893494
0.015282635762516948,0.01434362877602073
0.017937392665585115,0.021291365823560202
0.03403574337691225,0.032475385222442046
0.02111635159620874,0.021007117519625574
0.22950278301591245,0.1758002892075892
