target,moment
1.0,1.0
0.8725795027488233,0.9050379305378303
0.854808293224731,0.9203012944988102
0.621549138483011,0.8057402641649474
0.597797984767889,0.5900506630263693
0.293805456329383,0.299883968368745
0.97595829268538,0.938352701435841
0.7580583490804771,0.8999937507933345
0.386667563757739,0.39431009662122524
0.525456673586441,0.5197786523306613
0.569474829535268,0.4304056553407827
