target,moment
0.22917583058361105,0.21751209326673723
0.27075076637761153,0.2710786026265506
0.09372640688271189,0.1013402550844044
0.0516752163552025,0.07531915550282298
0.037245591969565665,0.049108469876710394
0.04152731211420391,0.04012814691164305
0.2758988757170934,0.24551327673113132
