target,moment
1.0,1.0
1.08968319541132,1.0742732366796899
1.17541345258769,1.165634047984892
0.346940370796428,0.36481750755336
0.43593184990191,0.4326501847646997
0.242070633833219,0.2425358855074124
0.611167762289279,0.606733938814016
