target,moment
0.0251697,0.036683151355634276
0.0170519152063842,0.01370693105977494
0.0318099,0.14832547104588323
0.0130792,0.011002467212348052
0.0100246,0.00770950673831087
0.0082411,0.007018842544866472
0.0142723639866622,0.012865268137095362
