target,moment
0.17069372889850556,0.1625475087739829
0.19823173224392363,0.2051623954584672
0.05850325654709883,0.05145612696179063
0.1668565161604465,0.22197256175826655
0.02826536091202994,0.028195655690244445
0.06712794033759738,0.06945872819356087
0.014952811519231925,0.01427360952126439
0.018128701068026616,0.021731036024150257
0.033060841333234066,0.031887272824590134
0.020909525167153734,0.020902403532613894
0.2232695858127516,0.17241270126106872
