target,moment
0.0251697,0.060136963199401275
0.0170519152063842,0.017925318201671484
0.0318099,0.03401003463084932
0.0130792,0.01239677847182663
0.0100246,0.008895406597622288
0.0082411,0.008028007814838733
0.0142723639866622,0.01480151087059399
