target,moment
0.1200626194103338,0.20279274735773567
0.1211887588058545,0.21576590666508125
0.0035804162844133,0.023933660660252463
0.0004965786572176,0.019266670848207424
0.002462693476303,0.006140082024191205
0.0600304680464258,0.06112146761295218
0.1343304183885601,0.05375362565524522
0.0637303998720678,0.05829382219667955
0.0018651157701598,0.008663380746758414
0.0004460791327548,0.006942787836353261
0.0016008349254711,0.002353927646872377
0.0392297139201939,0.021388895218746356
0.0400814725661333,0.016122993704426762
0.0389368166783096,0.03164496193299022
0.0006682770403912,0.004599797361579566
9.931573144352892e-05,0.0030284414226963018
0.0002592308922424,0.0009375979484737726
0.0194675666804137,0.010606670537194933
0.0304225968538796,0.009698229596916214
0.03434640990464,0.028050022020826643
0.0521424423253347,0.03684654223709364
0.0001026823664077,0.0025188698644666857
0.0003332968614545,0.0008308245695882202
0.01717320495232,0.009352428146915476
0.0103574524673225,0.005266920650407041
0.0083223216314713,0.00652580033203279
0.0012540715241598,0.0030822449492698984
0.0003282469090082,0.0006898794490194033
0.0001245654936749,0.0002008004012422051
0.0041611608157356,0.0018075145383900826
0.0135473390958901,0.004752169790342736
0.0109735466657688,0.006290166253960391
0.0026175586846557,0.004824524246209595
0.0003770631159889,0.0006851901285494101
9.258246151515408e-05,0.0006041303744461759
0.0054859316741434,0.0018525242654514663
0.0671694174879853,0.06654996243732118
0.0583101175797261,0.026368313436076908
0.0318651999360339,0.029688655840462243
0.0009325578850799,0.002939200906027253
0.0002238812251184,0.0024173468383066913
0.0007995758039945,0.0008003013502408239
