target,moment
0.2165556656512729,0.21650463558879549
0.233729031160127,0.21541342178639764
0.0672049461385212,0.06237910043015831
0.1094507590702438,0.1423761277622906
0.0339758263448995,0.030484469387468863
0.0562960172915832,0.05391966188800921
0.2827877543433519,0.2789225831568799
