target,moment
0.0251697,0.052455120327756045
0.0170519152063842,0.016769201476982187
0.0318099,0.03230400991775008
0.0130792,0.0013467775636918158
0.0100246,0.0012058376145218275
0.0082411,0.004133444611559604
0.0142723639866622,0.005004250389721147
