target,moment
0.000729426174,0.0007235655350752167
