target,moment
90.663631358,89.50900142342844
