target,moment
0.027820599079132,0.027546885553032665
0.0201410956216747,0.020370985326613498
0.0324071002006531,0.03257654679498013
0.0205700993537903,0.0035805451531128094
0.0137092995643615,0.0008941968040391136
0.0069309997558593,0.0022304753424533456
0.0169324004650116,0.016670046641671075
0.0397819995880127,0.03883368572601191
0.0110084998607635,0.0013451864969538142
0.0042943000793457,0.0007940234173274906
0.0073146998882293,0.0025710683868757395
0.0135465587074145,0.003761395802834666
