target,moment
0.0251696991920471,0.024187691191150457
0.0169424664104217,0.018624754812918223
0.0313091993331909,0.029284514950596207
0.0130791997909546,0.0018826015228745737
0.0100246000289917,0.0009823253907155838
0.0082410997152328,0.0032789976714099637
0.0197126996517181,0.01687820395474761
0.0252290010452271,0.024732624359617
0.0106797003746033,0.0013243717617089322
0.0184949994087218,0.01264792561710696
0.0039844000339508,0.0005779723175078402
0.0127844897880634,0.006985819279698251
