target,moment
0.000729426174,0.0006738219700210471
