target,moment
0.5876217433248865,0.6865394740033517
