target,moment
0.01463,0.014718289045536598
