target,moment
1.0,1.0
1.1653886874577344,1.0133805703416987
1.46582448028563,1.5088022243219767
0.290375033726921,0.408694058885276
0.30970427614909,0.3999724022244777
0.243933976608377,0.23196036904166936
0.6319552448743309,0.49548898576970224
