target,moment
0.0277111665407816,0.027477120125298262
0.0189340535359073,0.01868904674800338
0.0316873995463053,0.031178287685746334
0.0171961998939513,0.0019904391512332994
0.0113941331704456,0.0005395615679972657
0.0079221667846043,0.0022433049096373925
0.0142252705697979,0.0054588168598011
