target,moment
0.0036294655883711,0.003579167819211047
