target,moment
0.1723413565516609,0.15241227470562446
0.2001451715125225,0.19568246840001208
0.0492233011970225,0.04906846408408893
0.168467104972989,0.2074393258640348
0.0285381933738058,0.027294303636483705
0.0677758953123543,0.06788056564722915
0.0150971440961255,0.013837500396570744
0.0183036890385174,0.020770389827626575
0.0333799623505598,0.03137030228811245
0.0211113551470954,0.020380507053415417
0.0071838887952674,0.007219810489229374
0.2184329376520792,0.20664408760757239
