target,moment
0.19247433457216354,0.188841738758776
0.2245712200483046,0.23641729881125836
0.05946009860505243,0.062139367241763645
0.12058118269406114,0.156075159115574
0.03214054366492619,0.03366224628521597
0.055317423222962944,0.0582046295796545
0.01738786289454237,0.0167914761662697
0.018674121844530964,0.021406559515506893
0.03336430667265887,0.03306916013919513
0.021018565644111743,0.02102442739848061
0.22501034013668514,0.17236793698830513
