target,moment
0.0020338473620738,0.002193458479789169
