target,moment
90.663631358,90.76033964664228
