target,moment
0.0168692,0.01685010475681241
