target,moment
0.0047203001064472,0.004727195485474242
