target,moment
0.5818702095245367,0.693589988664089
