target,moment
133.80077245805202,134.15804942137174
