target,moment
0.4933725017873906,0.4653123034223629
