target,moment
133.339348681108,131.3493639806248
