target,moment
1.0,1.0
0.818073421122217,0.8833665397097631
0.969911657420431,1.0348152009801654
0.600321655824586,0.7492856246438017
0.610970605383614,0.6001921148155762
0.296677114399335,0.2991475017241993
0.5764409431011064,0.4874741401061399
