target,moment
0.1716410403116604,0.17038091078303855
0.20330864125231288,0.19759404717757942
0.0473642032536839,0.04778995295550068
0.1717969834177627,0.22079654733667414
0.02698401694999261,0.026547289716196586
0.07101555843493995,0.07190156797450302
0.30788955637964754,0.2649896840565076
