target,moment
0.5319924347316454,0.7108500713876018
