target,moment
0.09277,0.0929452376294342
