target,moment
0.1723413565516609,0.15306398027105012
0.2001451715125225,0.1962265269622096
0.0492233011970225,0.04912154940070433
0.168467104972989,0.20717801312164913
0.0285381933738058,0.027373663891119733
0.0677758953123543,0.06792803595604652
0.0150971440961255,0.013861313100381184
0.0183036890385174,0.019896263661482696
0.0333799623505598,0.031376388331961165
0.0211113551470954,0.02039963948905434
0.0071838887952674,0.007230622127764433
0.2184329376520792,0.20634400368657674
