target,moment
0.0245001006126403,0.024670270242086446
0.0167215689711362,0.017006930560170785
0.026430299282074,0.02634973746644103
0.0056323999166487,0.0004688028038412059
0.0104751002788543,0.0005072824406544582
0.0063905000686645,0.0002588918135923306
0.0161208999156951,0.016064208574698292
0.0221616005897522,0.021276473039028552
0.0096591997146606,0.001976007514258223
0.0025066998600959,0.000400462374370634
0.0169932518584857,0.0056966297158068824
