target,moment
0.0251697,0.04956309857096235
0.0170519152063842,0.020040605956607786
0.0318099,0.03352537382119729
0.0130792,0.01278592671582564
0.0100246,0.009373486882276811
0.0082411,0.008355194457791352
0.0142723639866622,0.016614921978327275
