target,moment
0.0011471877819459,0.001148875591871124
