target,moment
90.663631358,90.69084993720162
