target,moment
0.0168692,0.017167202907083758
