target,moment
0.000729426174,0.000695710769982066
