target,moment
0.0251697,0.03538053197439521
0.0170519152063842,0.01747659749457819
0.0318099,0.032246571552148065
0.0130792,0.012666489753896107
0.0100246,0.009374925979302964
0.0082411,0.00815050200770003
0.0142723639866622,0.014609785421002561
