target,moment
0.000729426174,0.0007220892004382309
