target,moment
1.0,1.0
1.08968319541132,1.0832271104258562
1.17541345258769,1.1729700183877019
0.346940370796428,0.357196431939035
0.43593184990191,0.43053984304327775
0.242070633833219,0.2409567937915767
0.611167762289279,0.6123802272564548
