target,moment
1.0,1.0
1.08968319541132,1.0742712272942718
1.17541345258769,1.165633558594158
0.346940370796428,0.364817972743195
0.43593184990191,0.4326503401332982
0.242070633833219,0.24253597876430188
0.611167762289279,0.6067344542485699
