target,moment
0.0271153998374939,0.046284825827638584
0.0196497251220701,0.01950027818022205
0.0327895998954773,0.032098762689226304
0.0199785995483398,0.002339284417152282
0.0119567000865936,0.00044169531129391597
0.0070642000436782,0.001481623176809751
0.0133879283598441,0.005887830132458319
