target,moment
0.0251697,0.04675880625866202
0.0170519152063842,0.018980797060999286
0.0318099,0.034212858703615553
0.0130792,0.012587046346300552
0.0100246,0.00896722757477762
0.0082411,0.008107489571354973
0.0142723639866622,0.0162384661092246
