target,moment
0.2165556656512729,0.21459098878295382
0.233729031160127,0.2131484825377604
0.0672049461385212,0.06341134252860493
0.1094507590702438,0.1421341725464411
0.0339758263448995,0.030631345477282752
0.0562960172915832,0.05425784344312903
0.2827877543433519,0.281825824683828
