target,moment
0.09277,0.10633580491717094
