target,moment
0.6136605024672739,0.776011647519513
