target,moment
0.0007338281652678471,0.0007574464596700705
