target,moment
0.0261211657524109,0.04523635136276671
0.017334584425511,0.01725996048593825
0.0291567667325337,0.028456852733360807
0.0096378334363301,0.0008444424673195956
0.0103972335656483,0.0007399525344117075
0.0073952333132425,0.002527163263905035
0.0147535827775171,0.004543408250621221
