target,moment
0.0251697,0.04716276391328023
0.0170519152063842,0.017508859709958108
0.0318099,0.03239639034278648
0.0130792,0.012603166452616802
0.0100246,0.009291833278672333
0.0082411,0.008129094284205645
0.0142723639866622,0.014571858956520524
