target,moment
0.2165556656512729,0.2124452663973716
0.233729031160127,0.21648285646624757
0.0672049461385212,0.06254344409106187
0.1094507590702438,0.14322036040779534
0.0339758263448995,0.030671701235807872
0.0562960172915832,0.054227158132243866
0.2827877543433519,0.28040921326947194
