target,moment
0.21532792716443333,0.21392790086340413
0.23255847063400767,0.23803567848108392
0.06787937012329721,0.0683592610259648
0.10886182136842755,0.13712437029872948
0.03379301613502426,0.03501060520548428
0.0559930982359334,0.05688424555352463
0.2855862963388765,0.2506579385718087
