target,moment
0.4750989714792567,0.45116187821089193
