target,moment
90.663631358,90.21342581806503
