target,moment
0.0251697,0.047766876919741054
0.0170519152063842,0.0170653821027044
0.0318099,0.03249000604671128
0.0130792,0.0002808837202489862
0.0100246,2.0501203637656873e-05
0.0082411,0.0009276737118428556
0.0142723639866622,0.006210438168210907
