target,moment
1.0,1.0
1.08968319541132,1.0783959549824997
1.17541345258769,1.16066725032059
0.346940370796428,0.355494107677954
0.43593184990191,0.4289663966955158
0.242070633833219,0.2397448424547607
0.611167762289279,0.6190050376616618
