target,moment
1.0,1.0
1.08968319541132,1.0827148646245925
1.17541345258769,1.1670471497220019
0.346940370796428,0.3573783992924211
0.43593184990191,0.43068789427010556
0.242070633833219,0.2414710701580258
0.611167762289279,0.6115315533368971
