target,moment
0.09277,0.09204131013238838
