target,moment
0.1723413565516609,0.1639386023032623
0.2001451715125225,0.20448564250416648
0.0492233011970225,0.05159488643950132
0.168467104972989,0.2188772479202609
0.0285381933738058,0.02825219563181444
0.0677758953123543,0.07025625557370307
0.0150971440961255,0.01336472387970878
0.0183036890385174,0.021934988660949697
0.0333799623505598,0.03215330389222041
0.0211113551470954,0.021157936673796937
0.0071838887952674,0.0073305007481109475
0.2184329376520792,0.16665371577250446
