target,moment
1.0,1.0
1.08968319541132,1.073947517113002
1.17541345258769,1.16640638585328
0.346940370796428,0.36454636485646286
0.43593184990191,0.43236742416825574
0.242070633833219,0.2423962811835907
0.611167762289279,0.6062929519271676
