target,moment
133.80077245805202,133.29684439018422
