target,moment
1.0,1.0
1.08968319541132,1.0826528062881804
1.17541345258769,1.1669847319566187
0.346940370796428,0.35735888957353157
0.43593184990191,0.43066515169739245
0.242070633833219,0.2414588089217925
0.611167762289279,0.6115009350460043
