target,moment
0.0251697,0.05875849886482699
0.0170519152063842,0.017003041439113038
0.0318099,0.03580228717373894
0.0130792,0.0010175937430660874
0.0100246,0.0007865260184148554
0.0082411,0.0024751208520006522
0.0142723639866622,0.005812661365871091
