target,moment
0.003549953,0.003494004844564681
