target,moment
133.80077245805202,133.61439995966904
