target,moment
1.0,1.0
0.8725795027488233,0.9052084489511273
0.854808293224731,0.9205786912174416
0.621549138483011,0.8061879688450053
0.597797984767889,0.5903555598869628
0.293805456329383,0.300042077465856
0.97595829268538,0.9388354062743103
0.7580583490804771,0.9004964566572525
0.386667563757739,0.3945154654363668
0.525456673586441,0.5200213765752267
0.569474829535268,0.4306288481677675
