target,moment
1.0,1.0
1.08968319541132,1.081382999968973
1.17541345258769,1.166399357884492
0.346940370796428,0.35755633441096685
0.43593184990191,0.43077450221154057
0.242070633833219,0.24098091679782613
0.611167762289279,0.6113284746600451
