target,moment
133.80077245805202,131.1121345109559
