target,moment
0.027820599079132,0.027169932353886317
0.0201410956216747,0.020541069643675445
0.0324071002006531,0.03234300561329487
0.0205700993537903,0.00391720811120327
0.0137092995643615,0.0008623563268623473
0.0069309997558593,0.0022182967342472084
0.0169324004650116,0.016646944752664972
0.0397819995880127,0.03870753617623279
0.0110084998607635,0.0013431599955332288
0.0042943000793457,0.004120989976898036
0.0073146998882293,0.002391943904813424
0.0135465587074145,0.006494585414611783
