target,moment
0.5679426726969619,0.7417571947246313
