target,moment
0.0168692,0.017137704679413977
