target,moment
0.0251696991920471,0.04625560230936838
0.0170474822517444,0.01699785065972982
0.0313091993331909,0.03266170035770655
0.0130791997909546,0.0014731452121679864
0.0100246000289917,0.0006664996824649944
0.0082410997152328,0.0021483684662104807
0.0141547485772109,0.0059123315081676
