target,moment
0.0168692,0.01931879775617716
