target,moment
0.2165556656512729,0.1939255793168008
0.233729031160127,0.20956487132502405
0.0672049461385212,0.061685717615026024
0.1094507590702438,0.17448049389755896
0.0339758263448995,0.031824368827873435
0.0562960172915832,0.057576952899281185
0.2827877543433519,0.2709420161184355
