target,moment
1.0,1.0
0.8725795027488233,0.8677963660791053
0.854808293224731,0.8593205322150155
0.7458589661796131,0.7797608486979178
0.597797984767889,0.5744276871687628
0.293805456329383,0.29618120540092846
0.97595829268538,0.8947413317113571
0.7580583490804771,0.8603668911943875
0.386667563757739,0.3643611996070975
0.525456673586441,0.5079961273174285
0.456857731012344,0.4593813371360334
0.5726777336793948,0.5524053472739671
