target,moment
0.5438488411385138,0.5234988013352513
