target,moment
1.0,1.0
0.9951178371478128,0.9844321696925376
1.20395813979566,1.1974261537562585
0.327172251471012,0.3929408381387149
0.315325472959351,0.32802212875718
0.221078856578465,0.21909944049669908
0.5380168453726247,0.45900423755911557
