target,moment
1.0,1.0
1.0883661285117825,1.0084162132676515
1.61833017999741,1.613374355766648
0.278338959139823,0.38099214737873666
0.353402445019396,0.4218554965977145
0.2338338764253009,0.22473604442719136
0.6147349405219122,0.48964086652997213
