target,moment
0.0251697,0.04941351228058863
0.0170519152063842,0.017132191826110813
0.0318099,0.032432494567751234
0.0130792,0.00013429176576317586
0.0100246,1.8459456586588858e-06
0.0082411,0.00045546920202843116
0.0142723639866622,0.009314463737090896
