target,moment
0.0168692,0.016872836562340083
