target,moment
0.071287577,0.07166141899764744
