target,moment
0.0168692,0.018150944855746816
