target,moment
90.663631358,90.84715237885754
