target,moment
0.0168692,0.021080544725982808
