target,moment
0.2165556656512729,0.21713539513439817
0.233729031160127,0.21595320943067955
0.0672049461385212,0.062937940609001
0.1094507590702438,0.14195831978110143
0.0339758263448995,0.03037088884551303
0.0562960172915832,0.053687002559649075
0.2827877543433519,0.27795724363965774
