target,moment
1.0,1.0
1.08968319541132,1.0800505905320006
1.17541345258769,1.1635291108606234
0.346940370796428,0.35745623200666216
0.43593184990191,0.43064552843687975
0.242070633833219,0.2409250919339865
0.611167762289279,0.6111819235944408
