target,moment
0.0084346,0.008706144441889954
