target,moment
103.97994720522301,102.71754899720122
