target,moment
0.0281270003318787,0.04899054546408534
0.0188904048972533,0.01890729927282851
0.0319589996337891,0.031987099382027324
0.0166480004787445,0.001999072871748309
0.0111865997314452,0.000566173613512999
0.0083314001560211,0.0018882916250527297
0.013421948581563,0.004007057336419175
