target,moment
0.18479068708184113,0.18007351099130356
0.21596871447003935,0.22182655259173853
0.05482723265163498,0.055635080814728004
0.14112755925563505,0.1754375243759361
0.0328284289016446,0.03381231427527894
0.06079323499071051,0.06383360105331137
0.30966414264849457,0.2693814158977035
