target,moment
0.015629,0.01521029252689443
