target,moment
0.0251697,0.04681417645709684
0.0170519152063842,0.016959325289784524
0.0318099,0.034177627315213226
0.0130792,0.0010082504639571217
0.0100246,0.0008289676838897584
0.0082411,0.002599541069344545
0.0142723639866622,0.00530401219196182
