target,moment
0.0168692,0.018313755539776638
