target,moment
90.663631358,91.0683071072138
