target,moment
0.0245001006126403,0.0376473464407298
0.0167176815314532,0.01373670488924204
0.026430299282074,0.02449908593431519
0.0056323999166488,0.0003189909746530874
0.0104751002788543,0.00038218985438941643
0.0063905000686645,0.0001340500792604417
0.0166240741339226,0.00230758948807215
