target,moment
1.0,1.0
0.8725795027488233,0.8746701564327706
0.854808293224731,0.8631633596658711
0.621549138483011,0.6846741600479376
0.597797984767889,0.5912136535044751
0.293805456329383,0.30536837468214334
0.97595829268538,0.9362941532883498
0.7580583490804771,0.7914159631103317
0.386667563757739,0.3765708978429617
0.525456673586441,0.5171162465599353
0.456857731012344,0.4577393584437491
0.5726777336793948,0.5672291297370387
