target,moment
0.071287577,0.07666420214777897
