target,moment
0.0168692,0.01758832919106139
