target,moment
0.000729426174,0.0006804121236589257
