target,moment
90.663631358,91.05167082986466
