target,moment
0.2165556656512729,0.21220632106529977
0.233729031160127,0.21654167868429816
0.0672049461385212,0.0625072871973149
0.1094507590702438,0.14329306006199602
0.0339758263448995,0.030689266590314006
0.0562960172915832,0.05425037283952172
0.2827877543433519,0.2805120135612554
