target,moment
0.0251697,0.05261390212980923
0.0170519152063842,0.017161720703280838
0.0318099,0.03236108983079851
0.0130792,0.0001314567589521011
0.0100246,1.7369104574435935e-06
0.0082411,0.0004549776037983813
0.0142723639866622,0.011294274740294815
