target,moment
0.5607075417023616,0.47913254058816823
