target,moment
0.015629,0.015145862538619268
