target,moment
0.0251696991920471,0.050577021839406475
0.0169424664104217,0.016305994289882563
0.0313091993331909,0.024810814083289733
0.0130791997909546,0.001742835929584488
0.0100246000289917,0.0008763516764403612
0.0082410997152328,0.003028236819555335
0.0197126996517181,0.0089684223959252
0.0252290010452271,0.017987353831157578
0.0106797003746033,0.0011865219558179333
0.0184949994087218,0.006739964750949555
0.0039844000339508,0.00047698163102049196
0.0127844897880634,0.006252263442745211
