target,moment
1.0,1.0
1.0930777059511088,1.0913090629838107
1.17541345258769,1.1785529979777218
0.346771653959122,0.35231685864117535
0.435719747133782,0.43747488670549045
0.241952910075955,0.2423769585935555
1.00152170325136,1.0031941016373969
0.770342027427148,0.7786632194907195
0.450288180056851,0.45010376143807573
1.04371974139227,1.0499551776072158
0.653966544013067,0.6539933214156917
0.4017735881616045,0.3915130348460041
