target,moment
0.015629,0.015476528052615682
