,beta,alpha
0,0.6168678237988724,0.6307551252054522
1,0.38313217620112766,0.4123251487361639
