target,moment
0.0087725,0.0087733958928842
