target,moment
0.1723744735734453,0.16454017811971414
0.2001836313003392,0.2014524438190646
0.0492327599199353,0.05023578396644529
0.1684994775206873,0.22358483993621261
0.0285436772575964,0.028491531867705113
0.0677889190917095,0.07022095581535154
0.0151000451551628,0.01411318873427021
0.0183072062654951,0.021867164721239608
0.0333863766260561,0.03016418180191982
0.0211154118936726,0.021137201774528765
0.2254680213959001,0.17419252944354835
