target,moment
0.0011741675357902737,0.0011660195414760614
