target,moment
0.0168692,0.018180413435883874
