target,moment
0.1200626194103338,0.21224215263302257
0.1211887588058545,0.22298007421297297
0.0035804162844133,0.02524572179359332
0.0004965786572176,0.019780219674139458
0.002462693476303,0.006440956509236582
0.0600304680464258,0.06494808280654613
0.1343304183885601,0.05072195882586409
0.0637303998720678,0.05431298519514215
0.0018651157701598,0.008370437521744713
0.0004460791327548,0.006530534814645236
0.0016008349254711,0.0022601402259433846
0.0392297139201939,0.02083002785012362
0.0400814725661333,0.014314454469074202
0.0389368166783096,0.02842715239952767
0.0006682770403912,0.004165231692945467
9.931573144352892e-05,0.0026763249160244415
0.0002592308922424,0.0008462472978057284
0.0194675666804137,0.009693345456307552
0.0304225968538796,0.009476369004844347
0.03434640990464,0.027514390088388685
0.0521424423253347,0.03606175100452324
0.0001026823664077,0.002423146594490115
0.0003332968614545,0.0008162711009567587
0.01717320495232,0.00928615057654637
0.0103574524673225,0.005191104191326915
0.0083223216314713,0.006528984106590562
0.0012540715241598,0.0029930208647142445
0.0003282469090082,0.0006952963567939704
0.0001245654936749,0.00020087885031570095
0.0041611608157356,0.0018344008073564108
0.0135473390958901,0.004702354160975301
0.0109735466657688,0.006305965212631652
0.0026175586846557,0.00473530610546663
0.0003770631159889,0.000691302260164288
9.258246151515408e-05,0.0005923311042791568
0.0054859316741434,0.0018806082711987121
0.0671694174879853,0.06316869907951962
0.0583101175797261,0.025494957808348963
0.0318651999360339,0.02870303373819999
0.0009325578850799,0.0028574133483081653
0.0002238812251184,0.0022870793324222547
0.0007995758039945,0.0007731377369786707
