target,moment
0.2165556656512729,0.21703372036632107
0.233729031160127,0.21530528844931282
0.0672049461385212,0.06237187758131953
0.1094507590702438,0.14228404718344595
0.0339758263448995,0.030462352354752958
0.0562960172915832,0.05388112045845586
0.2827877543433519,0.2786615936063918
