target,moment
0.32000000000000006,0.31994279482885485
