target,moment
0.0251697,0.05857472123944253
0.0170519152063842,0.017810727901878744
0.0318099,0.03384286683045524
0.0130792,0.012374498851929443
0.0100246,0.00889588440112016
0.0082411,0.008018363044284075
0.0142723639866622,0.014702123728158581
