target,moment
0.2165556656512729,0.21671026324889178
0.233729031160127,0.21537912862308925
0.0672049461385212,0.06244552783383196
0.1094507590702438,0.14231359612109126
0.0339758263448995,0.030464347580513054
0.0562960172915832,0.053879785974795966
0.2827877543433519,0.2788073506177868
