target,moment
1.0,1.0
1.08968319541132,1.0809565940766162
1.17541345258769,1.1665320432348545
0.346940370796428,0.3575059095113166
0.43593184990191,0.43076142687722935
0.242070633833219,0.24097631585910018
0.611167762289279,0.6111948723146247
