target,moment
0.2165556656512729,0.21548347244408333
0.233729031160127,0.2174598613295077
0.0672049461385212,0.06282728590870269
0.1094507590702438,0.14158083829639975
0.0339758263448995,0.030470701978273076
0.0562960172915832,0.05421776294419193
0.2827877543433519,0.2779600770988413
