target,moment
90.663631358,91.19260932853315
