target,moment
1.0,1.0
1.08968319541132,1.0813657838357016
1.17541345258769,1.16626482345492
0.346940370796428,0.3575520466470419
0.43593184990191,0.4307815939208624
0.242070633833219,0.24118333293333014
0.611167762289279,0.6113368854987542
