target,moment
1.0,1.0
1.08968319541132,1.0813657846380602
1.17541345258769,1.1662648249035767
0.346940370796428,0.357552048345463
0.43593184990191,0.43078159777013497
0.242070633833219,0.24118333331330505
0.611167762289279,0.6113368885504097
