target,moment
0.2165556656512729,0.2166565175770526
0.233729031160127,0.21539254879916725
0.0672049461385212,0.062412674157339476
0.1094507590702438,0.14234333830981138
0.0339758263448995,0.030474033932504616
0.0562960172915832,0.053855762170027896
0.2827877543433519,0.27886512505409683
