target,moment
90.663631358,91.13873720345404
