target,moment
0.0251697,0.05795707238930355
0.0170519152063842,0.017837751138113166
0.0318099,0.03394721761969578
0.0130792,0.012398595925337446
0.0100246,0.008922857050293748
0.0082411,0.008015007376333719
0.0142723639866622,0.014716563724338815
