target,moment
0.1200626194103338,0.18344432378951184
0.1211887588058545,0.2007390757928076
0.0035804162844133,0.021377054268562443
0.0004965786572176,0.018074886224373875
0.002462693476303,0.005544110682261346
0.0600304680464258,0.05367542295400355
0.1343304183885601,0.055329281919008044
0.0637303998720678,0.06313183866441266
0.0018651157701598,0.009809320249211918
0.0004460791327548,0.008251272974096481
0.0016008349254711,0.0026948139808486574
0.0392297139201939,0.023803944311259106
0.0400814725661333,0.01914378383977096
0.0389368166783096,0.04148650194846372
0.0006682770403912,0.006053668837298067
9.931573144352892e-05,0.004164320409447477
0.0002592308922424,0.0012386968080176047
0.0194675666804137,0.013712964807278178
0.0304225968538796,0.009286292741988837
0.03434640990464,0.030305316133125235
0.0521424423253347,0.04130224188814249
0.0001026823664077,0.002834120133354443
0.0003332968614545,0.0009007915314706273
0.01717320495232,0.009892193547310326
0.0103574524673225,0.004952078250461199
0.0083223216314713,0.00683114199437054
0.0012540715241598,0.0029609312700871544
0.0003282469090082,0.0007142351165149576
0.0001245654936749,0.00021044405860781953
0.0041611608157356,0.0018412259425781318
0.0135473390958901,0.00440706629256137
0.0109735466657688,0.006513652283984636
0.0026175586846557,0.0047531809686618435
0.0003770631159889,0.0007014271608509915
9.258246151515408e-05,0.0006499131328101069
0.0054859316741434,0.0018654625371575307
0.0671694174879853,0.06794457702076552
0.0583101175797261,0.028947988448270706
0.0318651999360339,0.033693394018423424
0.0009325578850799,0.0031867739978548846
0.0002238812251184,0.0027530081856547554
0.0007995758039945,0.0008772608843590494
