target,moment
0.2165556656512729,0.21617031033263648
0.233729031160127,0.2155416114092698
0.0672049461385212,0.062464918884062276
0.1094507590702438,0.14243686764504748
0.0339758263448995,0.03049522250331163
0.0562960172915832,0.053933380088922636
0.2827877543433519,0.27895768913674973
