target,moment
0.1723413565516609,0.15244319113547145
0.2001451715125225,0.19565521303055367
0.0492233011970225,0.04905423802410234
0.168467104972989,0.20743415240373994
0.0285381933738058,0.027341835995155127
0.0677758953123543,0.06788303758740927
0.0150971440961255,0.013844446999454004
0.0183036890385174,0.02076352996943892
0.0333799623505598,0.03136691482603138
0.0211113551470954,0.020377173853816467
0.0071838887952674,0.00721928203979126
0.2184329376520792,0.20661698413503626
