target,moment
0.0015244091830588,0.001506907988378668
