target,moment
0.0798774897070738,0.09083894491908816
0.0762090955852672,0.095099752908729
0.0778492272618195,0.09326185264023974
0.1283519101701561,0.09778031147199556
0.1207272748036752,0.08684524386972968
0.116978231681413,0.09186688907467871
0.0489899426171668,0.07254052673027768
0.0797938538184914,0.087505600405369
0.0489732005767849,0.07339955257603595
0.1218594800682688,0.1012508476260252
0.0632566665624709,0.08043057964852625
0.0815879312468818,0.0911971489257525
