target,moment
0.1723413565516609,0.18802691195711088
0.2001451715125225,0.19090305118479672
0.0492233011970225,0.04514512724383343
0.168467104972989,0.1701758829958601
0.0285381933738058,0.02864817005318962
0.0677758953123543,0.06807113428188807
0.0150971440961255,0.013990555207665619
0.0183036890385174,0.018583451482860065
0.0333799623505598,0.03339366921918681
0.0211113551470954,0.021190459729570774
0.0071838887952674,0.007246086243454072
0.2184329376520792,0.21462550040058387
