target,moment
0.0251697,0.04192215214674757
0.0170519152063842,0.01699399824720535
0.0318099,0.031130017187056276
0.0130792,0.012678793220194232
0.0100246,0.009166361376450011
0.0082411,0.008185809748022011
0.0142723639866622,0.014332653524724907
