target,moment
0.2165556656512729,0.21765818116965893
0.233729031160127,0.20890004539875429
0.0672049461385212,0.0559256772098107
0.1094507590702438,0.1457200350254497
0.0339758263448995,0.03118985601977391
0.0562960172915832,0.0552890738864236
0.2827877543433519,0.28531713129012876
