target,moment
0.0168692,0.016351635947099128
