target,moment
0.0032232954335454,0.00300544546632602
