target,moment
1.0,1.0
0.8725795027488233,0.8688613237869671
0.854808293224731,0.860965874482232
0.621549138483011,0.7803259450878554
0.597797984767889,0.574855535195296
0.293805456329383,0.29905534271559625
0.97595829268538,0.8956280982411235
0.7580583490804771,0.8647449166556416
0.386667563757739,0.3653723378922541
0.525456673586441,0.5090534107249092
0.456857731012344,0.4598413168598977
0.5726777336793948,0.5553893400760378
