target,moment
0.09277,0.09275263178575478
