target,moment
0.228724126779355,0.24123534485594808
0.2499345638660701,0.2555105378152484
0.07722795665387282,0.07695468727089241
0.08218673875280405,0.10191789037052133
0.035296989000715435,0.03508720185536194
0.04934838233887417,0.04888200313991414
0.27728124260830833,0.2404123346921138
