target,moment
0.027820599079132,0.019705991067221682
0.0201410956216747,0.018079543875565724
0.0324071002006531,0.026338214193062426
0.0205700993537903,0.006259923318966825
0.0137092995643615,0.001181737571414635
0.0069309997558593,0.0039129747011196914
0.0169324004650116,0.00853411879761494
0.0397819995880127,0.017727488424968102
0.0110084998607635,0.001251052973689361
0.0042943000793457,0.001228953491592102
0.0073146998882293,0.0016153703844744482
0.0135465587074145,0.0027038636698972942
