target,moment
0.0168692,0.018096811233399512
