target,moment
0.3100000000000001,0.3100612836222177
