target,moment
1.0,1.0
1.08968319541132,1.080978812662439
1.17541345258769,1.1665973671587235
0.346940370796428,0.3575069121532599
0.43593184990191,0.430771243897707
0.242070633833219,0.24098081274771385
0.611167762289279,0.6112256537421913
