target,moment
1.0,1.0
1.08968319541132,1.0814572377350045
1.17541345258769,1.1670746039723776
0.346940370796428,0.35763953362073747
0.43593184990191,0.43090802968938263
0.242070633833219,0.2410497889379119
0.611167762289279,0.6113848789670434
