target,moment
0.5708550973212209,0.6954438086324504
