target,moment
0.025687399705251,0.02645306115313501
0.0171162895028717,0.017094440795069565
0.0321704999605814,0.03371577115673728
0.013500500122706,0.0017664720852631176
0.0102397000789641,0.0009611492859414959
0.0081130331754684,0.002907192406623189
0.0193929664293924,0.019079306111489242
0.027049400806427,0.02678107107440014
0.0108567333221435,0.0011040375897724323
0.0038866333166757,0.0006051311080361447
0.0133797883527255,0.00655622771056545
