target,moment
0.0168692,0.017837220866926913
