target,moment
0.0251697,0.07000543584022102
0.0170519152063842,0.014360924508834002
0.0318099,0.029646671381661813
0.0130792,0.012157211666391426
0.0100246,0.009121330692731229
0.0082411,0.00823188741909916
0.0142723639866622,0.012548932534806791
