target,moment
0.0168692,0.017853623160575958
