target,moment
0.2165556656512729,0.19356000259829342
0.233729031160127,0.20957794278830116
0.0672049461385212,0.062331311006399936
0.1094507590702438,0.17499903263274622
0.0339758263448995,0.03190400188571171
0.0562960172915832,0.05765755125113005
0.2827877543433519,0.26997015783741746
