target,moment
0.0087725,0.008692762013865677
