target,moment
0.0168692,0.017781263247201376
