target,moment
0.000729426174,0.0007273501317375594
