target,moment
0.2165556656512729,0.21473152169386073
0.233729031160127,0.21560006335637655
0.0672049461385212,0.06251734399106249
0.1094507590702438,0.14258429324443533
0.0339758263448995,0.030520710411874867
0.0562960172915832,0.054232258648941656
0.2827877543433519,0.27981380865344835
