target,moment
90.663631358,89.64330617243006
