target,moment
0.2165556656512729,0.21668910997151292
0.233729031160127,0.21538086997832517
0.0672049461385212,0.06242911888536723
0.1094507590702438,0.1423241015721494
0.0339758263448995,0.030467916146782896
0.0562960172915832,0.053887354541878325
0.2827877543433519,0.278821528903984
