target,moment
0.6094873251503543,0.7520234023440009
