target,moment
56.807503436268014,56.03433721915975
