target,moment
0.6271933781660516,0.7742493128720908
