target,moment
0.0168692,0.01708143589254099
