target,moment
0.0013160960819471,0.001320168875733869
