target,moment
0.000729426174,0.0006687850718203303
