target,moment
1.0,1.0
1.08968319541132,1.0829418668832123
1.17541345258769,1.16611728563468
0.346940370796428,0.3577738345901898
0.43593184990191,0.4307830137813038
0.242070633833219,0.24100407530786824
0.611167762289279,0.6118146771355234
