target,moment
0.0251697,0.05255762099711114
0.0170519152063842,0.01670479842203709
0.0318099,0.03250949695184652
0.0130792,0.0012875799822700622
0.0100246,0.0011757187148527968
0.0082411,0.0040685352992828145
0.0142723639866622,0.004765083720881152
