target,moment
0.0251697,0.06675975225800843
0.0170519152063842,0.017516656886523485
0.0318099,0.03398787366739759
0.0130792,0.012652892837133365
0.0100246,0.00915815064375224
0.0082411,0.008247290762661614
0.0142723639866622,0.014718885800399314
