target,moment
0.5679426726969605,0.873947164690622
