target,moment
1.0,1.0
1.08968319541132,1.0812637655719641
1.17541345258769,1.166184710373637
0.346940370796428,0.3576339508285512
0.43593184990191,0.43079200750767005
0.242070633833219,0.24098389637517997
0.611167762289279,0.6113046829968722
