target,moment
0.2165556656512729,0.2169468845730161
0.233729031160127,0.21522866224469184
0.0672049461385212,0.06236932394064177
0.1094507590702438,0.14233815918399065
0.0339758263448995,0.030481921424828612
0.0562960172915832,0.05389373477670212
0.2827877543433519,0.27874131385612894
