target,moment
0.0048919811835296,0.004781687065920913
