target,moment
0.09277,0.09272238177557877
