target,moment
1.0,1.0
1.08968319541132,1.07427382772914
1.17541345258769,1.1656334926735963
0.346940370796428,0.3648178142308577
0.43593184990191,0.4326502555244867
0.242070633833219,0.24253634657378456
0.611167762289279,0.6067341855547768
