target,moment
1.0,1.0
1.08968319541132,1.0810847119612854
1.17541345258769,1.1665618052457383
0.346940370796428,0.3575252505329686
0.43593184990191,0.4307948448620818
0.242070633833219,0.24099469484517957
0.611167762289279,0.6112421030835975
