target,moment
0.0168692,0.017143053996681215
