target,moment
0.09277,0.09280172520607062
