target,moment
0.07500000000000001,0.07519510469602422
