target,moment
0.025687399705251,0.020614232301115844
0.0171162895028717,0.017861298521571756
0.0321704999605814,0.0272967507197979
0.013500500122706,0.0016395403738148754
0.0102397000789641,0.000906422994483219
0.0081130331754684,0.002749441758898127
0.0193929664293924,0.012892039545963926
0.027049400806427,0.020379402228618865
0.0108567333221435,0.001039306422859008
0.0038866333166757,0.0005856026730491092
0.0133797883527255,0.006356417048882128
