target,moment
1.0,1.0
1.1093060627438938,1.0686524229181724
1.0890928723937368,1.1327401790819343
0.367043480449875,0.43482385408724356
0.5085252505408143,0.5139789759882144
0.2607461688284123,0.2585875411424119
1.0641859095465398,1.0085702568846973
0.8026111746290906,0.8731886949554463
0.4870096783191633,0.46745496920944396
0.661639975707156,0.6402894827968544
0.4925138914117966,0.35512488813282034
