target,moment
0.0168692,0.01794252089129217
