target,moment
0.0168692,0.017846738522337507
