target,moment
0.017496806,0.017701067218705627
