target,moment
0.09277,0.09276172981775703
