target,moment
0.2165556656512729,0.1937825149335169
0.233729031160127,0.20923340942090998
0.0672049461385212,0.062226590730396256
0.1094507590702438,0.1744224391849172
0.0339758263448995,0.03179690779514904
0.0562960172915832,0.05748476529506806
0.2827877543433519,0.27105337264004264
