target,moment
1.0,1.0
0.8725795027488233,0.8737477836392625
0.854808293224731,0.8846872812886043
0.621549138483011,0.8036046139884538
0.597797984767889,0.6304366604575904
0.293805456329383,0.2983199253645139
0.97595829268538,0.9165899364991945
0.7580583490804771,0.8948775999993565
0.386667563757739,0.3663865783882068
0.525456673586441,0.5169182161352713
0.569474829535268,0.4270954284714683
