target,moment
0.000729426174,0.0006677688646372622
