target,moment
0.2165556656512729,0.19285616813889317
0.233729031160127,0.2093364387237748
0.0672049461385212,0.06267198223429137
0.1094507590702438,0.17463705352987371
0.0339758263448995,0.03182922315603827
0.0562960172915832,0.05756222649284614
0.2827877543433519,0.27110690772428264
