target,moment
0.0168692,0.017737346713865662
