target,moment
1.0,1.0
1.11043237851765,1.0657318691802216
1.4972143972134937,1.5918350761231455
0.284826148650757,0.421316146614517
0.3207191387708363,0.41816768436471363
0.2370063656795177,0.23648092330064446
1.0124883458685825,0.8894842844018878
0.803144451153576,0.9948899816740865
0.450763503237386,0.3333878749333858
0.5907308071628941,0.5066815185608585
0.5042291460730525,0.4008646948889355
