target,moment
1.0,1.0
1.042255385436066,1.0389945547471313
1.239046815626666,1.2713134761936646
0.5307962084595373,0.6493309252193308
0.7858371294820125,0.7778608463329677
0.3020528406359194,0.31657126511149547
0.6910494774895597,0.5716749490316009
