target,moment
1.0,1.0
1.0793023145213338,1.049831277333727
0.3103356632873494,0.306022471445504
0.5054162805719256,0.69458112720681
0.1568918838614548,0.14898597140322134
0.2599609533293794,0.2634400088027753
1.3058432504773845,1.3565243582663078
