target,moment
0.5708550973212209,0.6620337088348031
