target,moment
91.24474308782068,91.15955537603978
