target,moment
0.01463,0.014655271668372095
