target,moment
0.0033888447763523,0.003345139280404055
