target,moment
0.0251697,0.05905077495614339
0.0170519152063842,0.01784219239438084
0.0318099,0.03390830859595815
0.0130792,0.012380241110857637
0.0100246,0.008895459201778012
0.0082411,0.008020470968126558
0.0142723639866622,0.014727189399362454
