target,moment
0.2165556656512729,0.21668534036425952
0.233729031160127,0.2153807676067837
0.0672049461385212,0.06242792641313584
0.1094507590702438,0.142323878342809
0.0339758263448995,0.03046847417094505
0.0562960172915832,0.053888228568910956
0.2827877543433519,0.278825384533156
