target,moment
0.47991968539550306,0.6259931655558103
