target,moment
1.0,1.0
1.0930777059511088,1.0904252201350868
1.17541345258769,1.17604135945284
0.346771653959122,0.35235148315853976
0.435719747133782,0.4374581335274061
0.241952910075955,0.2423708490328677
1.00152170325136,1.000095200468353
0.770342027427148,0.776433137199352
0.450288180056851,0.45009859114463174
1.04371974139227,1.0462836419409574
0.653966544013067,0.6539394939384537
0.4017735881616045,0.3914996980086651
