target,moment
0.2040428289529481,0.21593780274768412
0.2255852454372509,0.23638126897936157
0.0643218875038216,0.06658009676704572
0.1031564938626009,0.16509233329978631
0.0320219615813117,0.03594395937725029
0.0530585619633796,0.05684675798542126
0.018329400868127,0.01782667750486674
0.0189912032396071,0.023365080728356354
0.0265511265560509,0.026582878889250684
0.0104250119775051,0.011137866155488537
0.0209966612555152,0.021170439520991697
0.2225196168018815,0.12313483804449661
