target,moment
0.22541818532274718,0.23784745715896732
0.25070796224506287,0.25455623844350195
0.08487361734772808,0.08598379327504212
0.07327513499606442,0.09010873153200483
0.037670708642877915,0.036102037898808725
0.04617869582766571,0.045080711825674594
0.2818756956178538,0.2503210298660006
