target,moment
0.0015723926278488,0.001743060561843494
