target,moment
0.0168692,0.016443586918164086
