target,moment
57.41252012038899,58.077604897040416
