target,moment
1.0,1.0
0.84894959341646,0.8333258837848002
1.43544441402861,1.4294291106360468
0.328862778413275,0.3834031632863279
0.414332171021701,0.4166677099268852
0.211781109531145,0.20659586322117274
0.826610329270756,0.8320665852543885
0.661152290089835,0.7133768018610169
0.259559331674369,0.25497836358595555
0.824015574954468,0.8323874872939959
0.645459304539109,0.6513728296885677
0.164647290456809,0.17285215658618083
0.4232387424539845,0.3266512812547899
