target,moment
1.0,1.0
1.0024317210801914,1.0077380539929808
1.30684768566661,1.3477655680190077
0.564131603727752,0.5797739837726567
0.822131189783134,0.8178136377398878
0.297024491603671,0.2993535703945326
0.733746584540227,0.7062175619343983
