target,moment
0.2040428289529481,0.21482026181561686
0.2255852454372509,0.23739341999287275
0.0643218875038216,0.06700884506452484
0.1031564938626009,0.1648077097538507
0.0320219615813117,0.03586585133730221
0.0530585619633796,0.05675419861949082
0.018329400868127,0.017956671066125644
0.0189912032396071,0.023502021501111248
0.0265511265560509,0.026525887695846122
0.0104250119775051,0.011175759860194798
0.0209966612555152,0.021121936062431484
0.2225196168018815,0.12306743723063245
