target,moment
0.2165556656512729,0.2155003365729386
0.233729031160127,0.21746290623137624
0.0672049461385212,0.06283235699956348
0.1094507590702438,0.1415752087586085
0.0339758263448995,0.030469467127331576
0.0562960172915832,0.054215322786176766
0.2827877543433519,0.2779444015240048
