target,moment
0.003549953,0.0033293259957119445
