target,moment
1.0,1.0
1.08968319541132,1.074336289706643
1.17541345258769,1.1658772925004959
0.346940370796428,0.3648090585652073
0.43593184990191,0.43264498695149584
0.242070633833219,0.24253162369937684
0.611167762289279,0.6067066316996599
