target,moment
0.2165556656512729,0.21218947287676007
0.233729031160127,0.21653219687430325
0.0672049461385212,0.06255702761074766
0.1094507590702438,0.14328599307314796
0.0339758263448995,0.03068766429669563
0.0562960172915832,0.05424730112901407
0.2827877543433519,0.2805003441393313
