target,moment
0.09277,0.09372295909429111
