target,moment
0.2165556656512729,0.21464056714389698
0.233729031160127,0.21558916771914294
0.0672049461385212,0.06256613975018843
0.1094507590702438,0.1431951521384324
0.0339758263448995,0.030664715585675
0.0562960172915832,0.05419575090611075
0.2827877543433519,0.2791485067565535
