target,moment
0.0047164777212821,0.004553809709649524
