target,moment
0.017496806,0.01760481225296212
