target,moment
90.663631358,91.19204764810276
