target,moment
0.0251697,0.05945317231411748
0.0170519152063842,0.017871371869295237
0.0318099,0.03395647853745074
0.0130792,0.012385934569891817
0.0100246,0.008895362674805628
0.0082411,0.008022825817318552
0.0142723639866622,0.01475192768424414
