target,moment
0.0251697,0.059453172321887494
0.0170519152063842,0.017871371957274312
0.0318099,0.03395647871608596
0.0130792,0.012385934679528064
0.0100246,0.008895362813800099
0.0082411,0.008022825942597225
0.0142723639866622,0.014751927764105496
