target,moment
1.0,1.0
1.08968319541132,1.0813631384946372
1.17541345258769,1.1662835435604753
0.346940370796428,0.35755199786546643
0.43593184990191,0.4307804567497587
0.242070633833219,0.24098742021535818
0.611167762289279,0.6113360113664301
