target,moment
0.6000000000000001,0.600177636107748
