target,moment
1.0,1.0
1.08968319541132,1.0822838465956848
1.17541345258769,1.1670213967872602
0.346940370796428,0.3572879842547321
0.43593184990191,0.4307566612818149
0.242070633833219,0.24113142856214126
0.611167762289279,0.610959447959801
