target,moment
1.0,1.0
0.8134490375839495,0.874597057153411
0.937019852749371,1.0667428081164525
0.619016865086131,0.6351185302709786
0.683573647953481,0.6825617313887826
0.320344811894241,0.3205187498045113
0.5942672595223446,0.5833699373294873
