target,moment
0.015629,0.01533614285182753
