target,moment
0.2165556656512729,0.21907891894646436
0.233729031160127,0.21445115703635562
0.0672049461385212,0.06185138760888287
0.1094507590702438,0.14215442542284765
0.0339758263448995,0.030441156839351932
0.0562960172915832,0.053741696656968145
0.2827877543433519,0.2782812574891295
