target,moment
0.0251697,0.046911830190438444
0.0170519152063842,0.017439778040220188
0.0318099,0.03229944768483223
0.0130792,0.01265699209856799
0.0100246,0.009390744803994024
0.0082411,0.008147709105658076
0.0142723639866622,0.014541371395948006
