target,moment
1.0,1.0
1.08968319541132,1.081477776451511
1.17541345258769,1.16622202418912
0.346940370796428,0.35768163352588006
0.43593184990191,0.43102325635426564
0.242070633833219,0.24110271117957
0.611167762289279,0.6113907585655505
