target,moment
0.2165556656512729,0.2121998545412343
0.233729031160127,0.21652583222887145
0.0672049461385212,0.06253842227658349
0.1094507590702438,0.1432878502655775
0.0339758263448995,0.03068926298360766
0.0562960172915832,0.05425247998021407
0.2827877543433519,0.2805062977239115
