target,moment
1.0,1.0
1.08968319541132,1.0816729254720348
1.17541345258769,1.1664649908833762
0.346940370796428,0.3578718788252618
0.43593184990191,0.4311032016515695
0.242070633833219,0.241153364210062
0.611167762289279,0.6114993653170148
