target,moment
0.0268165993690491,0.027088372369382444
0.0197838037321423,0.01917576288385259
0.0317371010780333,0.031131431671248874
0.0191214001178741,0.0020818318172672705
0.0112683999538422,0.0004677655554335777
0.0074399000406265,0.0016191387182183884
0.0148557988274181,0.005454438507908104
