target,moment
1.0,1.0
0.8725795027488233,0.8853865812023258
0.854808293224731,0.8898952270303002
0.621549138483011,0.8140790335220993
0.597797984767889,0.5982029645190774
0.293805456329383,0.30642309238521387
0.97595829268538,0.9913588626383896
0.7580583490804771,0.8936589995179705
0.386667563757739,0.3455167962007901
0.525456673586441,0.5275056597180011
0.456857731012344,0.472617748707803
0.5726777336793948,0.437850419982916
