target,moment
1.0,1.0
1.08968319541132,1.081424513806088
1.17541345258769,1.1665747523470145
0.346940370796428,0.3575550975506052
0.43593184990191,0.43083178393198607
0.242070633833219,0.2410012263717696
0.611167762289279,0.6113513981632027
