target,moment
0.2165556656512729,0.21644043398340404
0.233729031160127,0.21542609671078708
0.0672049461385212,0.0623425262939233
0.1094507590702438,0.14240270635837024
0.0339758263448995,0.030489252969173215
0.0562960172915832,0.0539332707631334
0.2827877543433519,0.2789657129212088
