target,moment
0.1723413565516609,0.16162738655644082
0.2001451715125225,0.19728193272334985
0.0492233011970225,0.04013685155292852
0.168467104972989,0.207092031081028
0.0285381933738058,0.027410196268023317
0.0677758953123543,0.06903218441114518
0.0150971440961255,0.012745515059357193
0.0183036890385174,0.018512482617278798
0.0333799623505598,0.03185369242108032
0.0211113551470954,0.02087560626540371
0.0071838887952674,0.007375493600830071
0.2184329376520792,0.20605662744313416
