target,moment
0.0032483599077012,0.0036650445334630815
0.0008911894812772,0.0008685472973442011
0.0005769283323049,0.0005504489703274829
