target,moment
0.5041542523556912,0.4962857571207541
