target,moment
90.663631358,90.70091722302432
