target,moment
0.0168692,0.016254712650398823
