target,moment
0.09277,0.11508264322982568
