target,moment
1.0,1.0
0.8725795027488233,0.6600439968999239
0.854808293224731,0.6717814754423198
0.621549138483011,0.7582006003777545
0.597797984767889,0.4491624400190616
0.293805456329383,0.23842441387938915
0.97595829268538,0.632260737161082
0.7580583490804771,0.7296966565551574
0.386667563757739,0.2709200413409704
0.525456673586441,0.40883555840551045
0.456857731012344,0.3784736731403656
0.5726777336793948,0.4019148361562825
