target,moment
0.08029173,0.08067789630919492
