target,moment
0.2165556656512729,0.2145398973297625
0.233729031160127,0.21599495030366417
0.0672049461385212,0.06246174395781767
0.1094507590702438,0.14274247206768462
0.0339758263448995,0.030567000760327593
0.0562960172915832,0.054072005127238414
0.2827877543433519,0.2796219304535049
