target,moment
0.0251697,0.06707783661423095
0.0170519152063842,0.017262714927222256
0.0318099,0.03364045044869612
0.0130792,0.012574350295004987
0.0100246,0.009063668849053429
0.0082411,0.008165142061695534
0.0142723639866622,0.014605759610774066
