target,moment
1.0,1.0
1.0901923526701716,1.069989689331846
1.17541345258769,1.169229942549092
0.346771653959122,0.4263227495651433
0.435719747133782,0.44854468062281
0.241952910075955,0.24329967096731506
0.6107967519438201,0.5129363863534901
