target,moment
133.80077245805202,134.79886874629693
