target,moment
0.5319924347316454,0.726820252974546
