target,moment
90.663631358,90.94719755674505
