target,moment
0.1723744735734453,0.16249950645779182
0.2001836313003392,0.20524888339449893
0.0492327599199353,0.05144787286706133
0.1684994775206873,0.2219256077004546
0.0285436772575964,0.028195984942692202
0.0677889190917095,0.06946795350314254
0.0151000451551628,0.014264814163418883
0.0183072062654951,0.021711901880569286
0.0333863766260561,0.031889680142505025
0.0211154118936726,0.0209031908776224
0.2254680213959001,0.17244460407024306
