target,moment
0.6001645269227596,0.6237404421529645
