target,moment
0.09277,0.09324389646192903
