target,moment
90.663631358,90.62185392692594
