target,moment
1.0,1.0
1.0793023145213338,1.0498945788031908
0.3103356632873494,0.3069162885341504
0.5054162805719256,0.6940347761827297
0.1568918838614548,0.14883054014284336
0.2599609533293794,0.26299290439957573
1.3058432504773845,1.354883551031502
