target,moment
54.587308955053004,54.62417400621996
