target,moment
1.0,1.0
1.11043237851765,1.0534424792999377
1.4972143972134937,1.5479898981995601
0.284826148650757,0.41158221884808366
0.3207191387708363,0.4095680186662195
0.2370063656795177,0.23793530943279945
1.0124883458685825,0.8720846536151325
0.803144451153576,0.9680235357649255
0.450763503237386,0.3301066432653177
0.5907308071628941,0.4999164931243357
0.532313262392555,0.5264236812993548
0.5025108501809825,0.485912010217015
