target,moment
0.0251697,0.05945972550012281
0.0170519152063842,0.017871616328793437
0.0318099,0.03395658352039146
0.0130792,0.012385884170102654
0.0100246,0.008895276450530797
0.0082411,0.00802277695013694
0.0142723639866622,0.01475201621705155
