target,moment
90.663631358,90.70897863385953
