target,moment
0.0168692,0.018131489522994926
