target,moment
0.09277,0.09495479077080514
