target,moment
0.6038503415534051,0.7021222517838982
