target,moment
0.09277,0.0932108007225006
