target,moment
0.1723413565516609,0.1641557744533318
0.2001451715125225,0.2041309341002112
0.0492233011970225,0.05154467855354098
0.168467104972989,0.21810970205487165
0.0285381933738058,0.028418491369109084
0.0677758953123543,0.07044446380173074
0.0150971440961255,0.013362423506284865
0.0183036890385174,0.021832588394377232
0.0333799623505598,0.03222852617022037
0.0211113551470954,0.02121478150635555
0.0071838887952674,0.007371517250274919
0.2184329376520792,0.16718611883969184
