target,moment
0.0251697,0.04811540516362071
0.0170519152063842,0.019793750348258414
0.0318099,0.03582294885311512
0.0130792,0.013197353351243864
0.0100246,0.009713738702547771
0.0082411,0.008259202581259577
0.0142723639866622,0.016884035453044198
