target,moment
0.000729426174,8.777542974627759e-05
