target,moment
0.0251697,0.03294366442080069
0.0170519152063842,0.03462104702899859
0.0318099,0.0464674701643337
0.0130792,0.0012506652310246115
0.0100246,9.498561708370386e-05
0.0082411,0.002116205787034801
0.0142723639866622,0.030405054275223782
