target,moment
90.663631358,90.75677069873706
