target,moment
0.2165556656512729,0.213269028912755
0.233729031160127,0.21619508894954262
0.0672049461385212,0.0625224312614393
0.1094507590702438,0.1430953551446348
0.0339758263448995,0.030634294473622863
0.0562960172915832,0.05416984093330492
0.2827877543433519,0.28011396032470054
