target,moment
82.198645766003,82.179053198729
