target,moment
0.0251696991920471,0.048766703329398295
0.0170474822517444,0.017401391735946042
0.0313091993331909,0.032218088269733026
0.0130791997909546,0.0016600060070133165
0.0100246000289917,0.0007337555744975414
0.0082410997152328,0.00240020527973817
0.0141547485772109,0.006940692099781795
