target,moment
0.2153279271644333,0.21520605455339975
0.2325584706340076,0.23755940645092005
0.0678793701232972,0.06829548446695315
0.1088618213684275,0.1369863655089738
0.0337930161350242,0.03497975781916059
0.0559930982359334,0.056832402983945304
0.2855862963388765,0.25014052821664734
