target,moment
0.05500000000000001,0.05397673702623288
