target,moment
0.0013852954854823,0.002080951766241164
