target,moment
0.027820599079132,0.02674940998791985
0.0201410956216747,0.020865693592062803
0.0324071002006531,0.03383851462304465
0.0205700993537903,0.003823252941272676
0.0137092995643615,0.0008427659463911142
0.0069309997558593,0.0013683453266744724
0.0169324004650116,0.011482537471810973
0.0397819995880127,0.02474820817806483
0.0110084998607635,0.001275065475926317
0.0042943000793457,0.0006350943806863312
0.0073146998882293,0.002400714163388708
0.0135465587074145,0.003784758201873983
