target,moment
0.5319924347316454,0.7632922466576104
