target,moment
0.0015611059454019,0.0015368554369140828
