target,moment
0.5679426726969605,0.8246620983900088
