target,moment
1.0,1.0
0.8725795027488233,0.8763182137705661
0.854808293224731,0.8860475033721458
0.621549138483011,0.8015882406461131
0.597797984767889,0.588566418220406
0.293805456329383,0.29923744712358163
0.97595829268538,0.9161529007454601
0.7580583490804771,0.8935460069385198
0.386667563757739,0.36813329863926303
0.525456673586441,0.5189083172297687
0.569474829535268,0.4291650756748956
