target,moment
1.0,1.0
1.08968319541132,1.129456101929801
1.17541345258769,1.1709469676363018
0.346940370796428,0.35753680145272787
0.43593184990191,0.4311226836440025
0.242070633833219,0.242338395252172
0.611167762289279,0.6119324653483901
