target,moment
0.5818702095245367,0.6724335193272867
