target,moment
1.0,1.0
0.8725795027488233,0.8790068868324183
0.854808293224731,0.8868226461825376
0.621549138483011,0.8020985692135638
0.597797984767889,0.5892031551346187
0.293805456329383,0.2992936908815233
0.97595829268538,0.9175195031759995
0.7580583490804771,0.9004698460653497
0.386667563757739,0.3684845748287626
0.525456673586441,0.5194454867182359
0.569474829535268,0.4339650620682856
