target,moment
0.188316744348129,0.29532188784744184
0.1208054369835447,0.32518755120133186
0.1661803577326286,0.1460008173203399
0.0499610115268362,0.07106542624152673
0.0790051321704316,0.006396322604812515
