target,moment
0.07725506,0.028454318525529286
