target,moment
0.0251697,0.04665120062603245
0.0170519152063842,0.01691403370299284
0.0318099,0.03420704279976717
0.0130792,0.0009799050065233876
0.0100246,0.0008132081192534337
0.0082411,0.002547290848251753
0.0142723639866622,0.005136902170206392
