target,moment
1.0,1.0
1.08968319541132,1.0743054858493948
1.17541345258769,1.1657642731931646
0.346940370796428,0.36481690823394064
0.43593184990191,0.4326500674174509
0.242070633833219,0.24253455926559622
0.611167762289279,0.606758054167038
