target,moment
1.0,1.0
1.11043237851765,1.0678065765544917
1.4972143972134937,1.5918026728458592
0.284826148650757,0.42146673044161664
0.3207191387708363,0.41832999067679894
0.2370063656795177,0.23658031028826185
1.0124883458685825,0.8896623890455072
0.803144451153576,0.9950526323557524
0.450763503237386,0.3335348646048403
0.5907308071628941,0.5069057663332486
0.5042291460730525,0.4009612644717401
