target,moment
0.2214072451001777,0.21632609488563215
0.2636500635920867,0.2693274971087577
0.09043198451352495,0.09844119364000006
0.04993493810867341,0.0752350080846806
0.03671665831664045,0.04845089963775214
0.04005118359925667,0.04036751837467015
0.019922137222697395,0.017579218035926936
0.015222884599582773,0.018945959589914945
0.03553290159457308,0.026458895471102833
0.022580518157466315,0.019466580735035186
0.20454948519532062,0.1694011344365272
