target,moment
0.2165556656512729,0.19573369958927977
0.233729031160127,0.20899877666192096
0.0672049461385212,0.06253850018109605
0.1094507590702438,0.1741712845345164
0.0339758263448995,0.03175199639581069
0.0562960172915832,0.05745982986212815
0.2827877543433519,0.2693459127752479
