target,moment
0.5319924347316454,0.6873513231852763
