target,moment
0.0087725,0.008762633600524853
