target,moment
0.0168692,0.01903034442575941
