target,moment
1.0,1.0
1.08968319541132,1.0780868600255054
1.17541345258769,1.1665123512961517
0.346940370796428,0.36468252636600873
0.43593184990191,0.43245870102084166
0.242070633833219,0.24222875938634292
0.611167762289279,0.6058272830787053
