target,moment
0.0047203001064472,0.0047180045967210515
