target,moment
0.000729426174,0.00068425026860526
