target,moment
0.0251697,0.04681706796132173
0.0170519152063842,0.017466936127928098
0.0318099,0.03234269687122522
0.0130792,0.01262825918711372
0.0100246,0.00934277435166716
0.0082411,0.008138566252686068
0.0142723639866622,0.014546661031336448
