target,moment
0.0251697,0.0416961745893913
0.0170519152063842,0.017288208423153734
0.0318099,0.030513869449546687
0.0130792,0.012471160497760904
0.0100246,0.009112928369584635
0.0082411,0.008056307086998305
0.0142723639866622,0.014894190885067037
