target,moment
144.805237277966,139.08756664702173
