target,moment
0.1723413565516609,0.1500985912586373
0.2001451715125225,0.19337763252929688
0.0492233011970225,0.049005649347153644
0.168467104972989,0.23182100408347653
0.0285381933738058,0.025546683429161512
0.0677758953123543,0.06546946858915714
0.0150971440961255,0.012953974450192064
0.0183036890385174,0.021909111361848976
0.0333799623505598,0.02961458203296157
0.0211113551470954,0.019709531787506108
0.0071838887952674,0.007140458102143875
0.2184329376520792,0.19335331302846423
