target,moment
0.1907518083862509,0.19426285745917965
0.22486014991674405,0.23052443471934314
0.0583402327154744,0.062145111757234646
0.12970227865874684,0.19057419379497414
0.03304797669906204,0.03492570933162899
0.05666765892280315,0.062485239479143515
0.3066298947009187,0.22508245345849584
