target,moment
0.0024838229458386,0.002451974767910589
