target,moment
0.09277,0.09318121975638842
