target,moment
0.000729426174,0.000738379590682393
