target,moment
0.017496806,0.017583817243217507
