target,moment
0.0168692,0.01765477017149684
