target,moment
90.663631358,90.71628104830594
