target,moment
1.0,1.0
1.08968319541132,1.0817531448892193
1.17541345258769,1.1672086826357115
0.346940370796428,0.3578862994220972
0.43593184990191,0.4312416155939916
0.242070633833219,0.24114680535519045
0.611167762289279,0.6115827054294668
