target,moment
0.0245001006126403,0.039688293401501436
0.0168873374794723,0.017736722076141857
0.026430299282074,0.02625513399240804
0.0056323999166488,0.00040968073444914494
0.0104751002788543,0.00034953108389665854
0.0063905000686645,0.0002886377876322908
0.0152728355018612,0.004379778170987543
