target,moment
0.22669029529918805,0.2252986877363407
0.2590700628998738,0.26628958308110995
0.08974389801946317,0.09241518733369543
0.0627355399390516,0.08332552042959557
0.03897265534066195,0.0421743009409903
0.043666790134786394,0.04260880009767137
0.2791207583669752,0.24788792038059662
