target,moment
0.09277,0.09316489020080124
