target,moment
82.198645766003,81.55961106212942
