target,moment
0.000729426174,0.0006858795514480194
