target,moment
1.0,1.0
1.08968319541132,1.0868106466220926
1.17541345258769,1.1719111924860912
0.346940370796428,0.3765089021378017
0.43593184990191,0.4347913286949968
0.242070633833219,0.29297011934635636
0.611167762289279,0.7669161523515572
