target,moment
0.0168692,0.018016243363390222
