target,moment
0.2165556656512729,0.21756029072067468
0.233729031160127,0.2148266700997228
0.0672049461385212,0.06258775644677374
0.1094507590702438,0.14222651635073763
0.0339758263448995,0.03047273855013742
0.0562960172915832,0.05389039140576743
0.2827877543433519,0.2784356364261863
