target,moment
0.0168692,0.016079298277760643
