target,moment
1.0,1.0
1.0930777059511088,1.0837945578756614
1.17541345258769,1.1725835127434068
0.346771653959122,0.3514399102102507
0.435719747133782,0.4353071175632548
0.241952910075955,0.24185896034297938
1.00152170325136,0.9945275770572115
0.770342027427148,0.7751902780422091
0.450288180056851,0.44849004638404905
1.04371974139227,1.0451263030505773
0.653966544013067,0.6516157399148251
0.4017735881616045,0.39056475189943607
