target,moment
0.0168692,0.016773911658483503
