target,moment
0.0087725,0.008623667869540063
-0.0158656,0.15870059123884858
-0.0098115999999999,-0.00937977138939094
