target,moment
0.0168692,0.019115175920484968
