target,moment
0.08029173,0.07844050430123319
