target,moment
0.000729426174,0.0007298855600110482
