target,moment
1.0,1.0
1.08968319541132,1.085273277497246
1.17541345258769,1.1714338565638294
0.346940370796428,0.36136150081280066
0.43593184990191,0.4313175206793781
0.242070633833219,0.24361688935658538
0.611167762289279,0.6104247781087115
