target,moment
90.663631358,90.73441520705288
