target,moment
0.0251697,0.04676549512453571
0.0170519152063842,0.016958442796361186
0.0318099,0.034182803671935984
0.0130792,0.0010048473826570346
0.0100246,0.0008310176565507034
0.0082411,0.002599361583258476
0.0142723639866622,0.005274191228863434
