target,moment
0.09277,0.09276586899970973
