target,moment
0.0168692,0.016849881563070757
