target,moment
0.09277,0.09396978123515277
