target,moment
144.80523727796603,144.49940515414096
