target,moment
0.2165556656512729,0.19285295645349615
0.233729031160127,0.20935017814810958
0.0672049461385212,0.06267245229238624
0.1094507590702438,0.1746359649609538
0.0339758263448995,0.031829057911236434
0.0562960172915832,0.057561815856162914
0.2827877543433519,0.27109757437765486
