target,moment
0.003549953,0.0035104023047180894
