target,moment
90.663631358,90.7330129894314
