target,moment
0.2165556656512729,0.21467513679370792
0.233729031160127,0.21748929602671965
0.0672049461385212,0.06290336528617069
0.1094507590702438,0.1409875890927776
0.0339758263448995,0.030366508374223052
0.0562960172915832,0.05371231117467628
0.2827877543433519,0.27986579325172484
