target,moment
0.21532792716443333,0.2149124301611938
0.23255847063400767,0.2375672573802338
0.06787937012329721,0.06830178543992928
0.10886182136842755,0.13694361473565117
0.03379301613502426,0.03496906567145947
0.0559930982359334,0.05681624413785645
0.2855862963388765,0.25048960247367597
