target,moment
0.0245001006126403,0.024871840354026772
0.0167215689711362,0.017086226905096077
0.026430299282074,0.026240505196046437
0.0056323999166487,0.0004525161727685932
0.0104751002788543,0.000517549865074248
0.0063905000686645,0.00029700029596511424
0.0161208999156951,0.01608432295249289
0.0221616005897522,0.021237706026426162
0.0096591997146606,0.0016830625347958976
0.0025066998600959,0.0003659732271388883
0.0052693998813629,0.0058315122333133015
0.0175742767524153,0.003924096578411335
