target,moment
1.0,1.0
1.08968319541132,1.082657562317794
1.17541345258769,1.1669934411329772
0.346940370796428,0.35735832646538557
0.43593184990191,0.43066540586353613
0.242070633833219,0.24145918976172792
0.611167762289279,0.6114991766595892
