target,moment
0.2165556656512729,0.21466894400743156
0.233729031160127,0.2174828916712235
0.0672049461385212,0.06290095156064868
0.1094507590702438,0.1409819194569728
0.0339758263448995,0.030365218192124642
0.0562960172915832,0.053710017083912445
0.2827877543433519,0.2798900580276864
