target,moment
0.8250000000000004,0.8046993511621463
