target,moment
0.1723413565516609,0.15249737184713166
0.2001451715125225,0.19564215999310314
0.0492233011970225,0.0491210620803249
0.168467104972989,0.20735444419162685
0.0285381933738058,0.027331153397745944
0.0677758953123543,0.06786611655010236
0.0150971440961255,0.013822798221929283
0.0183036890385174,0.020806070288848042
0.0333799623505598,0.03135545272434284
0.0211113551470954,0.020366982498032607
0.0071838887952674,0.0072169302694594425
0.2184329376520792,0.20661945793735298
