target,moment
0.6554005280623986,0.5621422633735219
