target,moment
0.1723744735734453,0.16278376541180833
0.2001836313003392,0.20535560118696375
0.0492327599199353,0.05104909165736433
0.1684994775206873,0.2222067198264369
0.0285436772575964,0.02824790259823136
0.0677889190917095,0.06961770493482126
0.0151000451551628,0.013276251428548047
0.0183072062654951,0.021698476831171144
0.0333863766260561,0.031959426641049615
0.0211154118936726,0.020944627537627342
0.2254680213959001,0.17286043194597805
