target,moment
0.0087725,0.008772500138782755
