target,moment
90.663631358,90.88564685760755
