target,moment
0.6092619624740234,0.6930219842732392
