target,moment
1.0,1.0
0.837412275211996,0.8318927258834918
1.2711354980886098,1.2745251954445471
0.327426530347679,0.39854112959010995
0.3509245588724173,0.358491610483889
0.207533565517414,0.20795681329378327
0.79932681594569,0.8095821437822812
0.620857281924294,0.6893534768629918
0.280228666500055,0.27842922053729136
0.6672230519395974,0.6664422969431093
0.4207793725324076,0.3150898517467827
