target,moment
133.80077245805202,131.01885513729349
