target,moment
0.0087725,0.008775061758309003
