target,moment
1.0,1.0
1.08968319541132,1.0848210104303604
1.17541345258769,1.169730215720186
0.346940370796428,0.3590693559352301
0.43593184990191,0.4313665333221943
0.242070633833219,0.24124755779713258
0.611167762289279,0.6127127016734355
