target,moment
52.059453405938,52.058048135480234
