target,moment
0.0254964995384216,0.023840252319408166
0.0171851215058699,0.01835289098155143
0.0284671998023986,0.02803442618281655
0.0074962997436523,0.0007242717588818397
0.0104751002788543,0.0009914482362996554
0.0072412997484207,0.0017063228086611937
0.0174985003471375,0.014803297465858074
0.0201567006111145,0.01693434328933676
0.0099623000621795,0.002891678851484391
0.0151452994346619,0.013254617927250958
0.0034409999847412,0.00037236664072667626
0.0185571843445149,0.004573424427885744
