target,moment
1.0,1.0
1.0930777059511088,1.0935949913140146
1.17541345258769,1.1801964128237312
0.346771653959122,0.35227358506411205
0.435719747133782,0.4374569567230781
0.241952910075955,0.24238424762513638
1.00152170325136,1.005382824738995
0.770342027427148,0.7795524929903077
0.450288180056851,0.45008613888460036
1.04371974139227,1.0516808093387386
0.653966544013067,0.653941671704128
0.4017735881616045,0.39150764370658614
