target,moment
0.2040428289529481,0.2148814956341198
0.2255852454372509,0.23706575534363208
0.0643218875038216,0.06679901024748891
0.1031564938626009,0.1650513692965451
0.0320219615813117,0.03591795913083806
0.0530585619633796,0.05683331391303639
0.018329400868127,0.017901276109558124
0.0189912032396071,0.023448336991177352
0.0265511265560509,0.026565069364245505
0.0104250119775051,0.011143629549879018
0.0209966612555152,0.02115256258237069
0.2225196168018815,0.1232402218371089
