target,moment
0.015629,0.01592524221435461
