target,moment
0.0087725,0.008750450620488048
-0.0128385999999999,-0.012804225112703868
