target,moment
1.0,1.0
1.08968319541132,1.0817252785050981
1.17541345258769,1.1664442987656487
0.346940370796428,0.3577625803768528
0.43593184990191,0.431120583963011
0.242070633833219,0.24150376737870807
0.611167762289279,0.6116811597569505
