target,moment
1.0,1.0
1.08968319541132,1.0813476691011294
1.17541345258769,1.1659223512036425
0.346940370796428,0.3575151649935451
0.43593184990191,0.43067191018753653
0.242070633833219,0.2409335540029914
0.611167762289279,0.6112917534364333
