target,moment
0.1667548524703855,0.16167521148515782
0.1936573972494302,0.20247851273879258
0.04762771103495604,0.050680371861820374
0.19560742329978836,0.2310789432858396
0.02761311806428654,0.027787987866712063
0.06557891645974166,0.06852441106557315
0.014607765001077496,0.014026149476750316
0.0177103686912599,0.02136127514156869
0.03229793944186626,0.031435556672920216
0.020427023341600105,0.02059982852719392
0.2181174849456079,0.17035175187767146
