target,moment
0.09277,0.09295965470879079
