target,moment
1.0,1.0
1.08968319541132,1.0742759661736612
1.17541345258769,1.1656503972250156
0.346940370796428,0.3648157282790055
0.43593184990191,0.4326501555422847
0.242070633833219,0.2425370680323836
0.611167762289279,0.6067341274529321
