target,moment
0.5755571595786482,0.7412458157236198
