target,moment
90.663631358,90.89895068034929
