target,moment
1.0,1.0
1.08968319541132,1.0715787964668533
1.17541345258769,1.165857556679126
0.346940370796428,0.3636579890698346
0.43593184990191,0.43135611723952777
0.242070633833219,0.2419134930166489
0.611167762289279,0.6047960022985195
