target,moment
0.0279133596420288,0.049925243290075326
0.0200526376848798,0.020165776857736732
0.0323211398124694,0.03183397730640527
0.0205873198509216,0.003437675362539268
0.0124803597927093,0.0005174483382757368
0.0068739598989485,0.0014279943546294024
0.0151352286241812,0.006436511334619229
