target,moment
0.004789117605263,0.004272839564363517
