target,moment
1.0,1.0
1.08968319541132,1.0832289546369969
1.17541345258769,1.1690829664352878
0.346940370796428,0.3575224713213277
0.43593184990191,0.4311521639423905
0.242070633833219,0.24131456658905331
0.611167762289279,0.6113596387060672
