target,moment
0.003549953,0.0022364732596101057
