target,moment
0.0047164777212821,0.0047081108189069
