target,moment
0.5041542523556912,0.49553292855949616
