target,moment
1.0,1.0
1.11043237851765,1.0537356563957696
1.4972143972134937,1.5782283177368681
0.284826148650757,0.4215323243064579
0.3207191387708363,0.4179821636871304
0.2370063656795177,0.24246267670904945
1.0124883458685825,0.8906318466630564
0.803144451153576,0.9946492713106967
0.450763503237386,0.3329585368402783
0.5907308071628941,0.5110895100712111
0.532313262392555,0.5398619058445039
0.5025108501809825,0.39619278231691785
