target,moment
0.0168692,0.017646871962105244
