target,moment
0.5041542523556912,0.48349026172424986
