target,moment
0.0168692,0.01913495656693546
