target,moment
90.663631358,90.52275945496665
