target,moment
0.0251697,0.06368297739476929
0.0170519152063842,0.016973126224618367
0.0318099,0.03628338031316034
0.0130792,0.01238843222636396
0.0100246,0.00917648972268884
0.0082411,0.008283432518320559
0.0142723639866622,0.014404309822622316
