target,moment
144.80523727796603,158.50953955846288
