target,moment
1.0,1.0
0.8725795027488233,0.8689421353985857
0.854808293224731,0.8413861647206767
0.621549138483011,0.7867348208260744
0.597797984767889,0.5819770163752178
0.293805456329383,0.2993460742009293
0.97595829268538,0.8958283491099444
0.7580583490804771,0.8514150474473062
0.386667563757739,0.3674483377004346
0.525456673586441,0.512721670826578
0.456857731012344,0.46431284546942714
0.5726777336793948,0.557371372092604
