target,moment
0.1723413565516609,0.14897961488601386
0.2001451715125225,0.1936947464966076
0.0492233011970225,0.047850258823019035
0.168467104972989,0.210875407550485
0.0285381933738058,0.027782852298072445
0.0677758953123543,0.0688717996442721
0.0150971440961255,0.013707465285302771
0.0183036890385174,0.02016451377838463
0.0333799623505598,0.0318202326130541
0.0211113551470954,0.02056776269180247
0.0071838887952674,0.007309994658373345
0.2184329376520792,0.20837535127461262
