target,moment
0.071287577,0.061197595108699425
