target,moment
0.09277,0.09350410722402011
