target,moment
1.0,1.0
1.08968319541132,1.0816600220150223
1.17541345258769,1.1666325482709263
0.346940370796428,0.35775114816095804
0.43593184990191,0.4310977594821925
0.242070633833219,0.24114725323303415
0.611167762289279,0.6115042085626633
