target,moment
0.0168692,0.018350901406065705
