target,moment
1.0,1.0
1.08968319541132,1.082270655222958
1.17541345258769,1.166987120069271
0.346940370796428,0.35728958887980633
0.43593184990191,0.43075702623411577
0.242070633833219,0.24113250028265582
0.611167762289279,0.6109666976046804
