target,moment
0.0251697,0.04970144277721043
0.0170519152063842,0.017185312615396735
0.0318099,0.03240746613194203
0.0130792,0.00013780539677885555
0.0100246,1.8172044191835548e-06
0.0082411,0.000481014845945522
0.0142723639866622,0.012636939285101451
