target,moment
0.0251697,0.04951090314138485
0.0170519152063842,0.017131175970211833
0.0318099,0.0343520184869051
0.0130792,0.0010514721437491577
0.0100246,0.0008093037643766665
0.0082411,0.002515821247957131
0.0142723639866622,0.005499110723889548
