target,moment
0.2165556656512729,0.1939140838157273
0.233729031160127,0.20912841661347528
0.0672049461385212,0.06263156652000965
0.1094507590702438,0.1743400309849954
0.0339758263448995,0.03177203806183544
0.0562960172915832,0.05745431689432943
0.2827877543433519,0.2707595471096275
