target,moment
0.09277,0.0929467350177515
