target,moment
0.06652027998801206,0.06233258643773384
