target,moment
90.663631358,92.82025038875614
