target,moment
1.0,1.0
1.08968319541132,1.067000360107115
1.17541345258769,1.1457399558555745
0.346940370796428,0.38175635561786664
0.43593184990191,0.48619852348002895
0.242070633833219,0.2598493142094991
0.611167762289279,0.6809421332571007
