target,moment
0.000729426174,0.0007145669332783576
