target,moment
0.0168692,0.017969819293965163
