target,moment
90.663631358,90.81087343189768
