target,moment
1.0,1.0
1.08968319541132,1.094041869388701
1.17541345258769,1.1760742797979356
0.346940370796428,0.3615326949343068
0.43593184990191,0.4338520897621822
0.242070633833219,0.2430022013194815
0.611167762289279,0.6194241562140621
