target,moment
1.0,1.0
1.0793023145213338,1.0492430871883152
0.3103356632873494,0.30605925141953566
0.5054162805719256,0.6935494621801458
0.1568918838614548,0.1489180262248705
0.2599609533293794,0.26307643223704597
1.3058432504773845,1.3556657844340614
