target,moment
82.198645766003,82.09656073840111
