target,moment
0.0168692,0.018202473059270925
