target,moment
0.2165556656512729,0.21664340750602248
0.233729031160127,0.21538536222609408
0.0672049461385212,0.0624094050035759
0.1094507590702438,0.14233683271961953
0.0339758263448995,0.03047287913203462
0.0562960172915832,0.0538971986651392
0.2827877543433519,0.27885491474751434
