target,moment
0.0015723926278488,0.0014426554914066946
