target,moment
1.0,1.0
1.08968319541132,1.0818239475375224
1.17541345258769,1.1703793245849943
0.346940370796428,0.3574753481225172
0.43593184990191,0.4307351744262972
0.242070633833219,0.24093917994191288
0.611167762289279,0.6111981524161815
