target,moment
0.09277,0.09320515346855804
