target,moment
0.2040428289529481,0.22474733357992824
0.2255852454372509,0.22831219626219798
0.0643218875038216,0.06280766121959294
0.1031564938626009,0.16719788085329504
0.0320219615813117,0.03627455146388069
0.0530585619633796,0.057604600982311606
0.018329400868127,0.017169358318505874
0.0189912032396071,0.02231250511301998
0.0265511265560509,0.02691154324227394
0.0104250119775051,0.010637820298934241
0.0209966612555152,0.021381518433516968
0.2225196168018815,0.1246430302325426
