target,moment
144.805237277966,135.60630590768278
