target,moment
0.0798774897070738,0.0908389449190884
0.0762090955852672,0.09509975290872899
0.0778492272618195,0.09326185264023962
0.1283519101701561,0.09778031147199545
0.1207272748036752,0.08684524386972972
0.116978231681413,0.09186688907467887
0.0489899426171668,0.07254052673027757
0.0797938538184914,0.08750560040536944
0.0489732005767849,0.07339955257603631
0.1218594800682688,0.10125084762602506
0.0632566665624709,0.0804305796485265
0.0815879312468818,0.09119714892575248
