target,moment
0.071287577,0.07892778609613522
