target,moment
0.15451012,0.2006612643376696
