target,moment
0.0071547632619999,0.005619527963518923
