target,moment
1.0,1.0
1.08968319541132,1.0346164766979205
1.17541345258769,1.154984517920857
0.346940370796428,0.3575056057527367
0.43593184990191,0.41775138539599255
0.242070633833219,0.2346231843923996
0.611167762289279,0.5858824431357257
