target,moment
0.2165556656512729,0.1801372854389186
0.233729031160127,0.21361222294052637
0.0672049461385212,0.06149851888761568
0.1094507590702438,0.17607263399574855
0.0339758263448995,0.03252950150562356
0.0562960172915832,0.058740809814326035
0.2827877543433519,0.27740902741724127
