target,moment
0.0010892108654425,0.0009941209782444859
