target,moment
0.16982315645620547,0.16217789938850605
0.20191598901609434,0.20787187073710559
0.04500565734401757,0.046914581277039645
0.1767963989851371,0.2192373598451095
0.02613473665757663,0.025518074945243687
0.07331753670964668,0.07426240035777344
0.3070065248313223,0.2640178134492222
