target,moment
0.5616994256301973,0.575118922074225
