target,moment
0.22810484785556245,0.23187851596047698
0.25066847701294886,0.2594668407616711
0.07732925751476138,0.07812931056841968
0.08416442898350744,0.10427951963121883
0.035137356921134746,0.034941346707855224
0.049799136432877124,0.049714788267545544
0.2747964952792081,0.24158967810281262
