target,moment
0.0023380548693254,0.0022968693899698806
