target,moment
0.6001645269227601,0.6706145319620638
