target,moment
60.491244409168324,61.06068480058987
