target,moment
0.4000000000000001,0.4010107348010513
