target,moment
0.0087725,0.008699121247065551
