target,moment
0.06401256773796318,0.052144699749350744
