target,moment
0.0168692,0.01638300997631804
