target,moment
1.0,1.0
0.8725795027488233,0.8983550582795986
0.854808293224731,0.9343457112832456
0.621549138483011,0.812708295635988
0.597797984767889,0.5951061334316329
0.293805456329383,0.3026941919796556
0.97595829268538,0.943972360114895
0.7580583490804771,0.8909511863754362
0.386667563757739,0.37215069802389966
0.525456673586441,0.5246079599390508
0.569474829535268,0.4342671783642958
