target,moment
0.0251696991920471,0.045101556288940824
0.0169424664104217,0.02013306932651319
0.0313091993331909,0.024877248325696363
0.0130791997909546,0.002002714708425508
0.0100246000289917,0.0009969800583477261
0.0082410997152328,0.003436897071208894
0.0197126996517181,0.01226075386360363
0.0252290010452271,0.02143910083441265
0.0106797003746033,0.0013439954979171584
0.0184949994087218,0.008917998328102836
0.0039844000339508,0.0005483884002193915
0.0127844897880634,0.007178901319343655
