target,moment
0.2040428289529481,0.21481088217565905
0.2255852454372509,0.23733242831552245
0.0643218875038216,0.06697480980554088
0.1031564938626009,0.16487587213014498
0.0320219615813117,0.03588124895189921
0.0530585619633796,0.05677595911526694
0.018329400868127,0.017929948884046316
0.0189912032396071,0.023484479574119744
0.0265511265560509,0.0265372129735397
0.0104250119775051,0.011148478359790487
0.0209966612555152,0.021131096259405326
0.2225196168018815,0.1231175834550648
