target,moment
0.0168692,0.01681325922153527
