target,moment
1.0,1.0
0.8725795027488233,0.8745858584723218
0.854808293224731,0.8859361087062873
0.621549138483011,0.7979416880546287
0.597797984767889,0.5912111499446062
0.293805456329383,0.30095413954903927
0.97595829268538,0.9220616441608394
0.7580583490804771,0.901734374590358
0.386667563757739,0.3693557018695665
0.525456673586441,0.5218873043504805
0.569474829535268,0.4296840003798259
