target,moment
0.09277,0.09294070721078855
