target,moment
0.000729426174,0.0007178476190457332
