target,moment
0.0252567998568216,0.025004800525957098
0.0171522394130329,0.0173136645094389
0.0311327664057413,0.03114285474759523
0.0129714667797088,0.0016550168509168535
0.0098465333382288,0.0010032871610294951
0.0079524666070937,0.003084059005681064
0.0197054998079934,0.019567026800597017
0.0256146009763081,0.025500365767208138
0.0109741334120432,0.001193828798406001
0.0038527332743008,0.0006610709094890626
0.0137718320033812,0.006958412241434634
