target,moment
0.4750989714792567,0.45072211472870694
