target,moment
0.0168692,0.01779856894568692
