target,moment
1.0,1.0
1.08968319541132,1.0823940016469664
1.17541345258769,1.1665280795320339
0.346940370796428,0.3572362026846509
0.43593184990191,0.4305295742851307
0.242070633833219,0.24140345289759452
0.611167762289279,0.611310314054893
