,beta,alpha
0,0.6231582587732041,0.5985353260987691
1,0.376841741226796,0.3684499839394936
