target,moment
0.400749027516048,0.40060481447322865
0.1099457351100976,0.036968207093228816
0.0711754468984532,0.10935794423803798
