target,moment
0.1614240754453979,0.10717491707067235
0.0796894569609718,0.06393030359301537
0.1065140407029641,0.09176521453376874
0.0278489473370487,0.0252357482793575
0.0264310737208627,0.02957381916277941
