target,moment
0.0087725,0.008761783256280894
