target,moment
0.1700458205853966,0.16594169285247246
0.200154742214292,0.20604866039268296
0.04973594275360163,0.052091014080361604
0.16287485968855844,0.20941605320042309
0.031268305343185185,0.031057756196984667
0.06518532496488985,0.06913999691558799
0.015562044795201934,0.01462781971651352
0.01748799360911456,0.0210080769120596
0.036823624884359744,0.03389672209756732
0.020987540426355127,0.020879380013457554
0.2298738007350448,0.1758928276218893
