target,moment
1.0,1.0
1.08968319541132,1.082381796420829
1.17541345258769,1.1671717158931512
0.346940370796428,0.35728589963826457
0.43593184990191,0.43075328942547025
0.242070633833219,0.24112397966389842
0.611167762289279,0.6109753787497411
