target,moment
1.0,1.0
1.08968319541132,1.0775411850276064
1.17541345258769,1.1744193351368335
0.346940370796428,0.3646646038430492
0.43593184990191,0.4326526845991862
0.242070633833219,0.24251860312291995
0.611167762289279,0.6068518652698044
