target,moment
0.2165556656512729,0.1922336659871199
0.233729031160127,0.20923587051272827
0.0672049461385212,0.062319949342769625
0.1094507590702438,0.1749764203206106
0.0339758263448995,0.031882953188207816
0.0562960172915832,0.05769687397577155
0.2827877543433519,0.2716542666727923
