target,moment
0.003549953,0.0033446289320139644
