target,moment
1.0,1.0
1.11043237851765,1.0534478340657625
1.4972143972134937,1.5489354140860025
0.284826148650757,0.4112790946074275
0.3207191387708363,0.4092879974147389
0.2370063656795177,0.23775429750702146
1.0124883458685825,0.8721988447472713
0.803144451153576,0.9661515677627088
0.450763503237386,0.32993491978611217
0.5907308071628941,0.4995905246538378
0.532313262392555,0.526620452639613
0.5025108501809825,0.48541289581828684
