target,moment
0.09277,0.09342370557919101
