target,moment
0.0251696991920471,0.04706852699914363
0.0169424664104217,0.019505494528486114
0.0313091993331909,0.028079059155710625
0.0130791997909546,0.0020459674916140417
0.0100246000289917,0.0010113698301578422
0.0082410997152328,0.003464970315891358
0.0197126996517181,0.01364382321804576
0.0252290010452271,0.02292406790676004
0.0106797003746033,0.0013598033640083423
0.0184949994087218,0.0098053486007453
0.0039844000339508,0.0005547688849737493
0.0127844897880634,0.007386273909746726
