target,moment
0.09277,0.09280014891517956
