target,moment
82.198645766003,82.19954558975128
