target,moment
0.2040428289529481,0.21592100148386917
0.2255852454372509,0.2363595730154991
0.0643218875038216,0.06654431775770601
0.1031564938626009,0.16514726379251235
0.0320219615813117,0.03594891118854487
0.0530585619633796,0.05686691578419099
0.018329400868127,0.01780231228607832
0.0189912032396071,0.023328635577326978
0.0265511265560509,0.026580610967942668
0.0104250119775051,0.011114964651270216
0.0209966612555152,0.021176313742353885
0.2225196168018815,0.12320917975270552
