target,moment
0.027820599079132,0.026871780994378255
0.0201410956216747,0.020076246894762267
0.0324071002006531,0.031333556124407226
0.0205700993537903,0.00333760774113126
0.0137092995643615,0.0007405804765393899
0.0069309997558593,0.0019346328728441907
0.0169324004650116,0.01652777093512229
0.0397819995880127,0.03824690935977244
0.0110084998607635,0.0011611150544557837
0.0042943000793457,0.0006965940466080811
0.0133872343614895,0.005444609298591638
