target,moment
0.021929960000000002,0.02376089022988595
