target,moment
0.0251697,0.02934629578876838
