target,moment
1.0,1.0
1.08968319541132,1.0941273420083943
1.17541345258769,1.1762404115756513
0.346940370796428,0.3610925335072974
0.43593184990191,0.43382704503036174
0.242070633833219,0.2428381594575337
0.611167762289279,0.6194175536556263
