target,moment
0.3499061550503732,0.5911298891893163
0.1200626194103338,0.06320185964831421
0.1211887588058545,0.06499937317816287
0.0035804162844133,0.010608564913863923
0.0004965786572176,0.008573462244567955
0.002462693476303,0.0027455403728285028
0.0600304680464258,0.03183240265237367
