target,moment
0.0168692,0.01672500843807165
