target,moment
0.6468909793078877,0.6401545738945363
