target,moment
0.4000000000000001,0.3764863752448223
