target,moment
0.0010191103645212,0.0009666935922848014
