target,moment
0.0087725,0.008658441829291293
-0.0158656,-0.015221996101328968
-0.0098115999999999,-0.009780782957347248
