target,moment
0.08029173,0.10663651083784383
