target,moment
90.663631358,91.06198756619347
