target,moment
1.0,1.0
1.08968319541132,1.0816924852254457
1.17541345258769,1.1666359307512666
0.346940370796428,0.35774796141387044
0.43593184990191,0.4311375855448315
0.242070633833219,0.24119485283572
0.611167762289279,0.6115037197851917
