target,moment
0.09277,0.09300726479458131
