target,moment
0.0251697,0.04662015756210134
0.0170519152063842,0.016876352600680312
0.0318099,0.03419978087594294
0.0130792,0.0009655293188853166
0.0100246,0.0008020050737728567
0.0082411,0.00251336517410772
0.0142723639866622,0.005062646837118832
