target,moment
144.80523727796603,144.24848662666903
