target,moment
0.1723413565516609,0.15256202173222946
0.2001451715125225,0.19578849062991235
0.0492233011970225,0.048846338861649144
0.168467104972989,0.20741386078702512
0.0285381933738058,0.027328008987536928
0.0677758953123543,0.06787086292660476
0.0150971440961255,0.013843467213330548
0.0183036890385174,0.020795190052085518
0.0333799623505598,0.03137309578543902
0.0211113551470954,0.020383107897522876
0.0071838887952674,0.007220466069953035
0.2184329376520792,0.20657508905671132
