target,moment
0.1723413565516609,0.15254468870672241
0.2001451715125225,0.19581779663251023
0.0492233011970225,0.04883318268469393
0.168467104972989,0.2074345016951845
0.0285381933738058,0.02732695559609087
0.0677758953123543,0.06786955839012568
0.0150971440961255,0.013848885028505753
0.0183036890385174,0.020800996565981854
0.0333799623505598,0.03137027805798328
0.0211113551470954,0.020381765032419882
0.0071838887952674,0.007219994322836601
0.2184329376520792,0.20655139728694497
