target,moment
0.09277,0.09565583707904096
