target,moment
1.0,1.0
0.8725795027488233,0.8763205723584535
0.854808293224731,0.8860506989246477
0.621549138483011,0.8013775427398041
0.597797984767889,0.5885548786533251
0.293805456329383,0.29923451956683
0.97595829268538,0.9161051109713434
0.7580583490804771,0.8935563542892005
0.386667563757739,0.3681164623270181
0.525456673586441,0.5188899089874833
0.569474829535268,0.42913983972702047
