target,moment
1.0,1.0
1.0901923526701716,1.0684921914502576
1.17541345258769,1.1668211300507962
0.346771653959122,0.42626785774838705
0.435719747133782,0.4484176819394881
0.241952910075955,0.24325996917653067
0.6107967519438201,0.5127684822722682
