target,moment
0.0003667865409585594,0.0003930411320797494
