target,moment
0.0087725,0.008765116057920727
