target,moment
0.09277,0.09294662385321475
