target,moment
0.0251697,0.04752255929950824
0.0170519152063842,0.01704046507408299
0.0318099,0.033976086904721474
0.0130792,0.0010005127807168348
0.0100246,0.0008199573328933806
0.0082411,0.0025819874332325614
0.0142723639866622,0.005350468988463702
