target,moment
0.0245001006126403,0.024849382068822812
0.0167215689711362,0.017075818591114504
0.026430299282074,0.026254858167121607
0.0056323999166487,0.0004507781404091214
0.0104751002788543,0.0005173276757145993
0.0063905000686645,0.00029672437353306077
0.0161208999156951,0.01608630882841908
0.0221616005897522,0.021242023779448765
0.0096591997146606,0.0016726030747922828
0.0025066998600959,0.00036666107003579146
0.0052693998813629,0.005871798393281288
0.0175742767524153,0.003883854420331209
