target,moment
0.09277,0.09600644280901827
