target,moment
1.0,1.0
0.8725795027488233,0.8763239073938127
0.854808293224731,0.886206508277527
0.6526265954071615,0.8017144503878288
0.597797984767889,0.5886262201648683
0.293805456329383,0.29927732205858437
0.97595829268538,0.9161690729629938
0.7580583490804771,0.8935758975720677
0.386667563757739,0.3681741083593879
0.525456673586441,0.518956307076744
0.569474829535268,0.429226224452527
