target,moment
0.2040428289529481,0.20403065730198808
0.2255852454372509,0.23999319444588052
0.0643218875038216,0.06640740674450395
0.1031564938626009,0.13426915221563926
0.0320219615813117,0.03412520762374655
0.0530585619633796,0.05536305938473348
0.018329400868127,0.018227357896683227
0.0189912032396071,0.021281323145557116
0.0265511265560509,0.02662261822879661
0.0104250119775051,0.010871211696647226
0.0209966612555152,0.021119928460226343
0.2225196168018815,0.16768888285559774
