target,moment
133.80077245805202,134.0457507011871
