target,moment
0.0251696991920471,0.04962933311584711
0.0169424664104217,0.019977259378035975
0.0313091993331909,0.029236606631479062
0.0130791997909546,0.002047554071484611
0.0100246000289917,0.0010224666792246501
0.0082410997152328,0.003512881482297154
0.0197126996517181,0.01457131955996444
0.0252290010452271,0.022763028545740218
0.0106797003746033,0.0013781534431302207
0.0184949994087218,0.010316090660315854
0.0039844000339508,0.000556009913091721
0.0127844897880634,0.0073718714019481765
