target,moment
90.663631358,90.75394829069555
