target,moment
0.0251697,0.029385566907811144
