target,moment
1.0,1.0
1.08968319541132,1.1085923505387496
1.17541345258769,1.1760119203150525
0.346940370796428,0.36102028921432017
0.43593184990191,0.43381974874466606
0.242070633833219,0.24286588312229757
0.611167762289279,0.619177038529122
