target,moment
90.663631358,91.35673464915418
