target,moment
0.0251697,0.026661955671393872
0.0170519152063842,0.01631837439073552
0.0318099,0.031872581416127053
0.0130792,0.0009767120939634581
0.0100246,0.0010599265020675818
0.0082411,0.003547038606117659
0.0142723639866622,0.005723067723425403
