target,moment
0.071287577,0.07245048535032453
