target,moment
0.2165556656512729,0.21960312028798118
0.233729031160127,0.21438352735447544
0.0672049461385212,0.061953716587365815
0.1094507590702438,0.14194012518310142
0.0339758263448995,0.03039731599068614
0.0562960172915832,0.053737834857016574
0.2827877543433519,0.2779843597393734
