target,moment
0.2165556656512729,0.21635362980792266
0.233729031160127,0.21547374363571503
0.0672049461385212,0.062421163422930054
0.1094507590702438,0.14238064889400412
0.0339758263448995,0.03048811086339477
0.0562960172915832,0.05391518785051055
0.2827877543433519,0.27896751552552274
