target,moment
0.17375,0.1594130078922217
