target,moment
0.015629,0.015468817173429347
