target,moment
0.09277,0.09294666397081176
