target,moment
1.0,1.0
1.08968319541132,1.1319863488349664
1.17541345258769,1.170937731414698
0.346940370796428,0.35757009517547694
0.43593184990191,0.4316081587064413
0.242070633833219,0.242662546786938
0.611167762289279,0.6121147442862985
