target,moment
0.0251697,0.04751541134454031
0.0170519152063842,0.017059037167619407
0.0318099,0.033944356899411665
0.0130792,0.0010023316716490421
0.0100246,0.000822880717791238
0.0082411,0.0025901157732917046
0.0142723639866622,0.005355659453627652
