target,moment
90.663631358,91.32122843628503
