target,moment
0.5679426726969619,0.6896593459446096
