target,moment
0.0032232954335454,0.0031837202157787995
