target,moment
90.663631358,90.70702259370984
