target,moment
0.0251697,0.050064880668972564
0.0170519152063842,0.017384607847046336
0.0318099,0.03292914474841016
0.0130792,0.012751677962940135
0.0100246,0.009229024919357197
0.0082411,0.008201451879262469
0.0142723639866622,0.014620102213292253
