target,moment
112.50740314449499,112.71124336670562
