target,moment
0.0047203001064472,0.006320697374579958
