target,moment
0.5359516339401295,0.5490861780563348
