target,moment
0.5719771065902162,0.6684862133817623
