target,moment
0.0251697,0.04737485151657804
0.0170519152063842,0.017462514129956908
0.0318099,0.03232054162015363
0.0130792,0.012654305027110055
0.0100246,0.009375355075623329
0.0082411,0.008144939237647449
0.0142723639866622,0.014565968541252564
