target,moment
82.198645766003,82.31177287338616
