target,moment
90.663631358,91.1924330239103
