target,moment
0.0251697,0.052445749730537596
0.0170519152063842,0.016840358802697963
0.0318099,0.03234756432542888
0.0130792,0.0013935832443398323
0.0100246,0.0011987471220757432
0.0082411,0.004065855428507834
0.0142723639866622,0.005267111223326362
