target,moment
0.003549953,0.0033193785963973954
