target,moment
0.5897539839406214,0.7125647076312308
