target,moment
0.0245001006126403,0.04309962635991268
0.0168873374794723,0.015654549360201976
0.026430299282074,0.025992484176465228
0.0056323999166488,0.00040065908344171566
0.0104751002788543,0.0003377452592129287
0.0063905000686645,0.0002939151833825729
0.0152728355018612,0.004105489640299778
