target,moment
0.09277,0.09287275229746453
