target,moment
140.959942862508,137.44297258983397
