target,moment
0.09277,0.09304726747420033
