target,moment
90.663631358,90.92171013495772
