target,moment
0.2165556656512729,0.2165971310631739
0.233729031160127,0.21541296271603752
0.0672049461385212,0.062440223459279305
0.1094507590702438,0.1423411103463095
0.0339758263448995,0.03047242109880749
0.0562960172915832,0.05387645829427624
0.2827877543433519,0.278859693022116
