target,moment
90.663631358,91.10244414933923
