target,moment
0.2165556656512729,0.21202703459118463
0.233729031160127,0.21652250278021454
0.0672049461385212,0.06250596852062898
0.1094507590702438,0.14340437680990842
0.0339758263448995,0.030718047281272875
0.0562960172915832,0.054306371369629895
0.2827877543433519,0.28051569864716064
