target,moment
0.000729426174,0.0007002193453222071
