target,moment
0.0251697,0.04900532693796954
0.0170519152063842,0.017436181889647195
0.0318099,0.03248572265336267
0.0130792,0.012601857138130163
0.0100246,0.009205272189683632
0.0082411,0.008185104009785438
0.0142723639866622,0.014608061402956483
