target,moment
0.0168692,0.022871030868820492
