target,moment
0.0251697,0.04498216007155329
0.0170519152063842,0.016141074607372068
0.0318099,0.02947405097589484
0.0130792,0.011975921334855703
0.0100246,0.008828170591145127
0.0082411,0.008022006566649986
0.0142723639866622,0.012532166904586703
