target,moment
0.2165556656512729,0.21617378502466406
0.233729031160127,0.21524606830805637
0.0672049461385212,0.0623826410840903
0.1094507590702438,0.1422163492398992
0.0339758263448995,0.030433727970985258
0.0562960172915832,0.05418111447693523
0.2827877543433519,0.27936631389536964
