target,moment
0.0251697,0.07091598671284247
0.0170519152063842,0.017535890399267926
0.0318099,0.03295335241273428
0.0130792,0.0013148061947315598
0.0100246,0.0009856865933095859
0.0082411,0.003091283502410346
0.0142723639866622,0.00808238308887754
