target,moment
0.2165556656512729,0.19955988899225002
0.233729031160127,0.2072273134450823
0.0672049461385212,0.06171728738345124
0.1094507590702438,0.17313805717561925
0.0339758263448995,0.03155843998789986
0.0562960172915832,0.05708891067748406
0.2827877543433519,0.2697101023382133
