target,moment
133.80077245805202,133.90228581215075
