target,moment
0.027820599079132,0.027549386707709435
0.0201410956216747,0.02037892101393782
0.0324071002006531,0.032379031601716395
0.0205700993537903,0.003559601022977633
0.0137092995643615,0.0007982816550531067
0.0069309997558593,0.002067885933934354
0.0169324004650116,0.016674778456294188
0.0397819995880127,0.03885593638150629
0.0110084998607635,0.0012462691597191031
0.0042943000793457,0.0007534600378056318
0.0133872343614895,0.005901355314147355
