target,moment
0.4750989714792567,0.28087361219045826
