target,moment
90.663631358,91.09268980350753
