target,moment
0.1723413565516609,0.15255491008286637
0.2001451715125225,0.19577391076594922
0.0492233011970225,0.04884071633801203
0.168467104972989,0.20740562249663202
0.0285381933738058,0.027326959101789266
0.0677758953123543,0.06791996293653713
0.0150971440961255,0.0138429839920887
0.0183036890385174,0.02079392798748757
0.0333799623505598,0.03137170962283379
0.0211113551470954,0.02038225243257221
0.0071838887952674,0.007220223989562045
0.2184329376520792,0.20656682025366965
