target,moment
1.0,1.0
1.08968319541132,1.0826453400659235
1.17541345258769,1.166976622090189
0.346940370796428,0.35735630732280327
0.43593184990191,0.43066225661841184
0.242070633833219,0.24145741430241496
0.611167762289279,0.6114969011917645
