target,moment
0.0251697,0.06882408061480907
0.0170519152063842,0.01655402520580593
0.0318099,0.035115204382447224
0.0130792,0.01229800108212042
0.0100246,0.008804823631642242
0.0082411,0.008013124053106594
0.0142723639866622,0.01422261780197873
