target,moment
0.014603,0.014710144447725209
