target,moment
0.0168692,0.019039768932208278
