target,moment
0.0251697,0.06761982950279662
0.0170519152063842,0.01725100948367223
0.0318099,0.033619899033078715
0.0130792,0.01257477543294116
0.0100246,0.009069008346517422
0.0082411,0.008168276450562636
0.0142723639866622,0.014596352605591884
