target,moment
0.5100000000000002,0.51008972115933
