target,moment
90.663631358,90.92562338598282
