target,moment
0.0278313994407653,0.04921421767373005
0.019985475546218,0.020609903831072432
0.0323841667175293,0.03205841258631718
0.0205992333094279,0.0033901098102542965
0.0130900331338246,0.0005497931417558964
0.0068817665179569,0.0014735712566808755
0.0156250587141184,0.007134716043380209
