target,moment
90.663631358,90.22110538821528
