target,moment
1.0,1.0
1.08968319541132,1.0958677491999067
1.17541345258769,1.1788030851339073
0.346940370796428,0.35740703472419416
0.43593184990191,0.4307994807550293
0.242070633833219,0.24126213048642076
0.611167762289279,0.6126826140728763
