target,moment
0.0168692,0.017648756799619796
