target,moment
1.0,1.0
1.08968319541132,1.082641995728707
1.17541345258769,1.1668706498000092
0.346940370796428,0.3577522272837366
0.43593184990191,0.43115944247324983
0.242070633833219,0.24114754808854863
0.611167762289279,0.611505588637571
