target,moment
0.2165556656512729,0.2121730943836519
0.233729031160127,0.2164072807296261
0.0672049461385212,0.06256751787878674
0.1094507590702438,0.14332516318946623
0.0339758263448995,0.030691425307060517
0.0562960172915832,0.05425875458042195
0.2827877543433519,0.2805767639309865
