target,moment
0.09277,0.09292627935539398
