target,moment
1.0,1.0
1.08968319541132,1.074286509712929
1.17541345258769,1.1655593720594075
0.346940370796428,0.36482317464678476
0.43593184990191,0.4326547466383614
0.242070633833219,0.24253882052640366
0.611167762289279,0.606751157489363
