target,moment
1.0,1.0
0.8725795027488233,0.8806391027015039
0.854808293224731,0.8918301912315615
0.621549138483011,0.8040134279450711
0.597797984767889,0.5896728007577735
0.293805456329383,0.29973910359728834
0.97595829268538,0.9218378917234952
0.7580583490804771,0.8995172664855388
0.386667563757739,0.36889824849249236
0.525456673586441,0.5199686174562805
0.569474829535268,0.43034929813519307
