target,moment
0.0003667865409585594,0.00039301253161820924
