target,moment
0.0245001006126403,0.03899503734253096
0.0166728529938655,0.014517636465125982
0.026430299282074,0.024788751305595616
0.0056323999166488,0.00040105992402606486
0.0104751002788543,0.0003413762688804876
0.0063905000686645,0.00017394097985212327
0.0158664130379464,0.0028288835065917763
