target,moment
1.0,1.0
1.1653886874577344,1.010017325319132
1.46582448028563,1.5044648158523894
0.290375033726921,0.4075466479924089
0.30970427614909,0.3987787701073137
0.243933976608377,0.23128241229902427
0.6319552448743309,0.49394928475103916
