target,moment
52.68679263216399,52.61197674255933
