target,moment
0.8728053142868051,0.7120109902291295
