target,moment
1.0,1.0
0.8725795027488233,0.8819616954964751
0.854808293224731,0.8950974139203115
0.621549138483011,0.8036916415621398
0.597797984767889,0.5895470126957382
0.293805456329383,0.2996961325738828
0.97595829268538,0.9226902007568284
0.7580583490804771,0.8995124945544898
0.386667563757739,0.3686961906609633
0.525456673586441,0.5197141056155792
0.569474829535268,0.42989007175156324
