target,moment
133.80077245805202,133.93796438341084
