target,moment
0.36000000000000004,0.3680072386132672
