target,moment
0.2165556656512729,0.2191901261160606
0.233729031160127,0.21442485370226083
0.0672049461385212,0.06188628977221801
0.1094507590702438,0.1421054489083338
0.0339758263448995,0.03043079204110978
0.0562960172915832,0.053822361947938026
0.2827877543433519,0.2781401275120789
