target,moment
1.0,1.0
1.08968319541132,1.0816512962047569
1.17541345258769,1.1669434906252656
0.346940370796428,0.35780465525725974
0.43593184990191,0.4310915477739996
0.242070633833219,0.24114278801196506
0.611167762289279,0.6115722373390624
