target,moment
82.198645766003,81.99695618085099
