target,moment
0.015629,0.015792073577172272
