target,moment
0.000729426174,0.0007084912075160504
