target,moment
0.0168692,0.016502667467991974
