target,moment
0.09277,0.09325595583721398
