target,moment
0.027820599079132,0.023703741102132043
0.0201067607047929,0.019539849193511417
0.0324071002006531,0.02889825619415466
0.0205700993537903,0.003129484304909916
0.0137092995643615,0.0008181043067691307
0.0069309997558593,0.0018960810967113407
0.0169324004650116,0.013101454623805329
0.0397819995880127,0.0279921360808068
0.0110084998607635,0.0012322918620043006
0.019208300113678,0.01209784365920309
0.0042943000793457,0.0006951776227185546
0.0127500267224018,0.00504637802066131
