target,moment
1.0,1.0
1.08968319541132,1.082300250801932
1.17541345258769,1.170951187071309
0.346940370796428,0.35754082999758213
0.43593184990191,0.43071852605429917
0.242070633833219,0.24113414601693473
0.611167762289279,0.611327850825053
