target,moment
0.09277,0.09275252256378821
