target,moment
0.5683208859887029,0.6946216395379483
