target,moment
1.0,1.0
1.08968319541132,1.0816987864627852
1.17541345258769,1.167239657840287
0.346940370796428,0.35771321549220186
0.43593184990191,0.43102727115030487
0.242070633833219,0.24111020732809277
0.611167762289279,0.611498935728959
