target,moment
0.0087725,0.00873411799359089
