target,moment
0.0168692,0.017798678539881794
