target,moment
1.0,1.0
0.980454609018552,0.9598620377164168
1.1976098269531332,1.1923043014321248
0.3310382624784566,0.3879740497045734
0.3201495346116993,0.3345130951651231
0.2199737854696863,0.2215430835275995
0.8685530909571543,0.862981323258792
0.6577374946437827,0.7209572085278689
0.3394743407816666,0.33802041124792614
0.6378691361606924,0.6308759867519761
0.4171403949271581,0.31335438350186984
