target,moment
0.0251697,0.04977777917253951
0.0170519152063842,0.017398487515326563
0.0318099,0.03294296920150085
0.0130792,0.012728482993880732
0.0100246,0.009212508198402388
0.0082411,0.008205284816269275
0.0142723639866622,0.014617632779294372
