target,moment
0.21655566565127296,0.20758624372496934
