target,moment
0.0168692,0.016527542662977165
