target,moment
0.09277,0.09278080029671992
