target,moment
0.0168692,0.016837849971213348
