target,moment
1.0,1.0
0.8725795027488233,0.8759323251067794
0.854808293224731,0.8864189807181022
0.621549138483011,0.8016650190290623
0.597797984767889,0.5889574870264999
0.293805456329383,0.2994972340004028
0.97595829268538,0.9154490001141204
0.7580583490804771,0.8923825221634943
0.386667563757739,0.368440580955334
0.525456673586441,0.5193033400801232
0.569474829535268,0.4296466109685307
