target,moment
0.000729426174,0.0007372341102551527
