target,moment
0.21655566565127296,0.20852623756532462
