target,moment
90.663631358,91.49526096020153
