target,moment
0.0087725,0.008719116897934549
-0.0158656,-0.015472988056494084
-0.0098115999999999,-0.00979143092326035
