target,moment
0.027820599079132,0.023392988949309666
0.0201410956216747,0.015278916189343952
0.0324071002006531,0.02541729731514401
0.0205700993537903,0.002246777189140188
0.0137092995643615,0.0006437556331513973
0.0069309997558593,0.0011482258465605204
0.0169324004650116,0.009893729011360772
0.0397819995880127,0.019373111040292438
0.0110084998607635,0.0009434442810079559
0.0042943000793457,0.0005082140394374054
0.0073146998882293,0.0017568838744608723
0.0135465587074145,0.0029894852853815895
