target,moment
0.027820599079132,0.027595405343673256
0.0201410956216747,0.02039416939210238
0.0324071002006531,0.03262434100810758
0.0205700993537903,0.0036411683536000205
0.0137092995643615,0.0008985630453174964
0.0069309997558593,0.0022501136435763226
0.0169324004650116,0.01666738256875068
0.0397819995880127,0.038850472219859794
0.0110084998607635,0.001353456113696929
0.0042943000793457,0.0009591297664844963
0.0073146998882293,0.002575433374969038
0.0135465587074145,0.0038165933737012276
