target,moment
0.1723413565516609,0.15244706041396133
0.2001451715125225,0.19565469858614698
0.0492233011970225,0.049061031660992765
0.168467104972989,0.20741491117256441
0.0285381933738058,0.027341453839588737
0.0677758953123543,0.06788131629418201
0.0150971440961255,0.013837729141949235
0.0183036890385174,0.020767120604644643
0.0333799623505598,0.03136655202928133
0.0211113551470954,0.020382321633547792
0.0071838887952674,0.007219403869315392
0.2184329376520792,0.20662640075382538
