target,moment
0.0251697,0.0352404874101963
0.0170519152063842,0.025886754456227137
0.0318099,0.03465545722434333
0.0130792,0.001997711460560657
0.0100246,0.001108170459538824
0.0082411,0.0035308212075512257
0.0142723639866622,0.008237163902869698
