target,moment
0.2165556656512729,0.2096879356996614
0.233729031160127,0.22132808929979733
0.0672049461385212,0.06337575942640689
0.1094507590702438,0.14163255260517435
0.0339758263448995,0.030447558955650888
0.0562960172915832,0.05415330788573914
0.2827877543433519,0.2793747961275699
