target,moment
90.663631358,90.73251572767067
