target,moment
0.000729426174,0.0006600521444025635
