target,moment
0.0251697,0.059594077589913745
0.0170519152063842,0.017794185826546367
0.0318099,0.0337374565658178
0.0130792,0.012377532991667372
0.0100246,0.008904358735104534
0.0082411,0.008018744531908175
0.0142723639866622,0.014702259447561017
