target,moment
1.0,1.0
1.08968319541132,1.0815798502571425
1.17541345258769,1.1662311804267724
0.346940370796428,0.3576144497959733
0.43593184990191,0.43077141885884723
0.242070633833219,0.24098610801926837
0.611167762289279,0.6113476922660884
