target,moment
0.09277,0.09554967105871014
