target,moment
1.0,1.0
0.8725795027488233,0.8858716314491724
0.854808293224731,0.893088920627726
0.621549138483011,0.8098849960402851
0.597797984767889,0.5920964491886375
0.293805456329383,0.30167801650808945
0.97595829268538,0.923535673386077
0.7580583490804771,0.9004376771593476
0.46400107650928674,0.40140758796340015
0.525456673586441,0.5219372497159016
0.569474829535268,0.4399183390912195
