target,moment
0.0168692,0.016826211410448988
