target,moment
0.1732684110416257,0.1684170167617013
0.20640819372872207,0.21359729679152273
0.05156029204965419,0.053743539681235984
0.1534477098413522,0.19428617706113516
0.03242180530873301,0.03096636459227873
0.06267097580075952,0.06810874778750495
0.01575696321622245,0.014889855239398871
0.018045392360030707,0.022229027156602528
0.03591728198899308,0.03397229030363831
0.020919186813704842,0.02110971592240449
0.22958378785020234,0.17867996870257702
