target,moment
0.2165556656512729,0.21656611085428
0.233729031160127,0.21541591642136737
0.0672049461385212,0.06241831600203118
0.1094507590702438,0.14235607466297154
0.0339758263448995,0.03047797529294683
0.0562960172915832,0.053905606373235854
0.2827877543433519,0.27886000039316716
