target,moment
0.05027346379383695,0.03363940595943225
