target,moment
82.198645766003,82.28644412237026
