target,moment
90.663631358,91.05099804761718
