target,moment
1.0,1.0
0.834042146716546,0.9614383783967616
0.9262519156868968,1.0573098221317834
0.6200313926103702,0.8515766832819724
0.6254199156315445,0.6308122598598322
0.3026083483681722,0.31308734628201335
0.5957701314730035,0.5144452954819396
