target,moment
0.09277,0.09414621601757044
