target,moment
90.663631358,90.76597816482186
