target,moment
0.09277,0.09327928225300118
