target,moment
0.015629,0.015754428560403027
