target,moment
0.2165556656512729,0.2102547698396503
0.233729031160127,0.21702387480959578
0.0672049461385212,0.06301566755917684
0.1094507590702438,0.14362135060713088
0.0339758263448995,0.030759106198363594
0.0562960172915832,0.05435926037599849
0.2827877543433519,0.28096597061008416
