target,moment
0.0168692,0.017013850265345874
