target,moment
1.0,1.0
1.08968319541132,1.0823403412545554
1.17541345258769,1.168441954516664
0.346940370796428,0.35692091364565764
0.43593184990191,0.4301314985607142
0.242070633833219,0.24073947112327657
0.611167762289279,0.6120553677797577
