target,moment
0.2165556656512729,0.22030111394504728
0.233729031160127,0.21508180155869272
0.0672049461385212,0.062255206910925925
0.1094507590702438,0.13954581647750547
0.0339758263448995,0.03003913060808925
0.0562960172915832,0.05331876933594376
0.2827877543433519,0.27945816116379557
