target,moment
0.5818702095245367,0.6782408921398511
