target,moment
0.0168692,0.01680980770896998
