target,moment
106.11640247648732,106.13406555360864
