target,moment
0.017496806,0.01753296020600765
