target,moment
0.0049168267171889,0.004901955813585204
