target,moment
0.09277,0.127358210218675
