target,moment
144.80523727796603,141.81815993129248
