target,moment
0.000729426174,0.0006642002320989711
