target,moment
90.663631358,91.15620455900336
