target,moment
1.0,1.0
1.08968319541132,1.0824193675552443
1.17541345258769,1.1671930650326139
0.346940370796428,0.3572999129157731
0.43593184990191,0.43079452628841797
0.242070633833219,0.2411740749702805
0.611167762289279,0.6108793490610374
