target,moment
0.0251697,0.05300690458299322
0.0170519152063842,0.016572843105123178
0.0318099,0.03236896869106697
0.0130792,0.0013167453625633782
0.0100246,0.0012535246468640849
0.0082411,0.0042529415632038305
0.0142723639866622,0.004840690964303922
