target,moment
1.0,1.0
0.8725795027488233,0.8766306560117088
0.854808293224731,0.8843274864544514
0.621549138483011,0.8007679842810378
0.597797984767889,0.5915823817015265
0.293805456329383,0.30410266616782067
0.97595829268538,0.9222940058905709
0.7580583490804771,0.9197515346156256
0.386667563757739,0.37155972065121046
0.525456673586441,0.5272087067723191
0.569474829535268,0.43007915909522576
