target,moment
0.0087725,0.008450489682725298
