target,moment
0.6258556353710054,0.663619127851178
