target,moment
0.228724126779355,0.23350681455244987
0.2499345638660701,0.2583591186734228
0.07722795665387282,0.07765306366103804
0.08218673875280405,0.10282305331230572
0.035296989000715435,0.03537210679616829
0.04934838233887417,0.04927263319845307
0.27728124260830833,0.24301320980616214
