target,moment
0.6001645269227596,0.6936358560769726
