target,moment
0.0026926186230144,0.0026622855373313304
