target,moment
0.014603,0.015090056065247038
