target,moment
0.0087725,0.008520528462081015
