target,moment
0.0168692,0.016698391984761408
