target,moment
0.000729426174,0.0006903943715493487
