target,moment
0.0251697,0.04033396858515335
0.0170519152063842,0.017980132266503995
0.0318099,0.0324294096287808
0.0130792,0.01249876380381428
0.0100246,0.008972156155178272
0.0082411,0.008123934419452162
0.0142723639866622,0.01602004460124014
