target,moment
0.1200626194103338,0.21910889716266452
0.1211887588058545,0.223008477775191
0.0035804162844133,0.026103008580703628
0.0004965786572176,0.020375394720422272
0.002462693476303,0.006652181831298395
0.0600304680464258,0.0691814294155685
0.1343304183885601,0.06910304213668364
0.0637303998720678,0.05185267204187119
0.0018651157701598,0.007375313336510431
0.0004460791327548,0.005734866433365359
0.0016008349254711,0.0019891499459254794
0.0392297139201939,0.01889543820278924
0.0400814725661333,0.01697668023051154
0.0389368166783096,0.021923712831398268
0.0006682770403912,0.0031599814309456837
9.931573144352892e-05,0.0020317937508653942
0.0002592308922424,0.0006456156717132753
0.0194675666804137,0.0075731397054941
0.0304225968538796,0.012970377690907274
0.03434640990464,0.024633978040928605
0.0521424423253347,0.03046950112118509
0.0001026823664077,0.0021594663984903398
0.0003332968614545,0.000728871709374716
0.01717320495232,0.008541970741826294
0.0103574524673225,0.007204042926082241
0.0083223216314713,0.0058972810762518745
0.0012540715241598,0.0030943866609310935
0.0003282469090082,0.0006291860584864967
0.0001245654936749,0.00018147615969355002
0.0041611608157356,0.0017079533685688906
0.0135473390958901,0.006598453996521485
0.0109735466657688,0.005766324648063103
0.0026175586846557,0.004567338467519398
0.0003770631159889,0.0006339954353569702
9.258246151515408e-05,0.0005412407771638565
0.0054859316741434,0.0017775177340026735
0.0671694174879853,0.05496886416383078
0.0583101175797261,0.0240706405261852
0.0318651999360339,0.025562971691702723
0.0009325578850799,0.002710106790922905
0.0002238812251184,0.002160758105687512
0.0007995758039945,0.000732500506395076
