target,moment
0.0168692,0.017592915784095005
