target,moment
0.2165556656512729,0.21224233766348102
0.233729031160127,0.21652758049161036
0.0672049461385212,0.06255557355409455
0.1094507590702438,0.1432707618633845
0.0339758263448995,0.03068351882323114
0.0562960172915832,0.05424275173998096
0.2827877543433519,0.2804774758642175
