country,RD ratio pharma,RD ratio chemicals
1,0.07732602590402943,0.05600303064275603
2,0.053648797933000376,0.10486507571565665
3,0.06834792551520114,0.09345749655136147
7,0.05255325439306509,0.03402728698227841
8,0.013920304256363631,0.06668733732769637
10,0.03445164138013342,0.14789888214778796
12,0.017370054739350164,0.03302091922546123
