target,moment
0.0168692,0.017918331522342738
