target,moment
0.5679426726969619,0.7511540352834208
