target,moment
0.0168692,0.017054862456696424
