target,moment
0.027820599079132,0.026842076690718232
0.0201067607047929,0.022527518879696378
0.0324071002006531,0.03260312873779167
0.0205700993537903,0.0037375529181275955
0.0137092995643615,0.0008974690822677281
0.0069309997558593,0.002175597805154137
0.0169324004650116,0.013394425762449456
0.0397819995880127,0.029991114079248735
0.0110084998607635,0.0013710161001855153
0.019208300113678,0.012940553359522097
0.0042943000793457,0.0007602832648714643
0.0127500267224018,0.006073318099929628
