target,moment
0.0168692,0.018551806361853065
