target,moment
0.5679426726969619,0.7245623053528472
