target,moment
0.0168692,0.01700158606204289
