target,moment
0.0251696991920471,0.04701456922741772
0.0170474822517444,0.017969099101145438
0.0313091993331909,0.03113520203667379
0.0130791997909546,0.0019042776163848427
0.0100246000289917,0.0008256200699853894
0.0082410997152328,0.0027395576116996043
0.0141547485772109,0.008886114366431554
