target,moment
0.0251697,0.024512753661218266
0.0170519152063842,0.017460233341888162
0.0318099,0.03195355403612083
0.0130792,0.012656113591380812
0.0100246,0.00934029399791881
0.0082411,0.008144597584330344
0.0142723639866622,0.014687750694596767
