target,moment
0.0168692,0.016793632124326035
