target,moment
1.0,1.0
1.08968319541132,1.0818276152144686
1.17541345258769,1.1667404042704002
0.346940370796428,0.35767544908538523
0.43593184990191,0.4309744511199172
0.242070633833219,0.24109233302845018
0.611167762289279,0.6115925311643667
