target,moment
0.2165556656512729,0.216894599205905
0.233729031160127,0.2151457608731445
0.0672049461385212,0.06240362364813167
0.1094507590702438,0.1423217621594295
0.0339758263448995,0.03047362503989685
0.0562960172915832,0.053899728641163276
0.2827877543433519,0.2788609004323293
