target,moment
0.2040428289529481,0.21476656417369505
0.2255852454372509,0.23712255317482278
0.0643218875038216,0.06678803949875156
0.1031564938626009,0.16666609880337577
0.0320219615813117,0.036014253429445066
0.0530585619633796,0.05691164950253324
0.018329400868127,0.017907523556082196
0.0189912032396071,0.023582507969952923
0.0265511265560509,0.02656544663509415
0.0104250119775051,0.011147262667163694
0.0209966612555152,0.021158255787129845
0.2225196168018815,0.12136984480195366
