target,moment
0.5755571595786482,0.7250293718541703
