target,moment
0.0263160991668701,0.04649817684512229
0.0172894690332003,0.01814833731914658
0.0329257011413574,0.033379469966296385
0.0137369000911713,0.0017295316768687072
0.0108138000965118,0.0007307400709011658
0.0080506998300552,0.0019706622286504187
0.0139047936829933,0.006343971697583798
