target,moment
0.0251697,0.04673849045000732
0.0170519152063842,0.016957804147552474
0.0318099,0.034180203152516686
0.0130792,0.0010043029950488917
0.0100246,0.0008320943517841093
0.0082411,0.002604153118429703
0.0142723639866622,0.005268030739266141
