target,moment
1.0,1.0
1.08968319541132,1.0742734462895476
1.17541345258769,1.1656372369820776
0.346940370796428,0.3648175973930705
0.43593184990191,0.4326502390576925
0.242070633833219,0.2425358327642173
0.611167762289279,0.6067376641717908
