target,moment
0.2165556656512729,0.1928542938711518
0.233729031160127,0.2093461007136762
0.0672049461385212,0.06267213133876344
0.1094507590702438,0.17463623174766071
0.0339758263448995,0.03182910077549144
0.0562960172915832,0.05756194050299408
0.2827877543433519,0.27110020105026245
