target,moment
0.003549953,0.003504892917047637
