target,moment
0.3499061550503732,0.9119603343609812
0.1200626194103338,0.10402677838863103
0.1211887588058545,0.10177062903832543
0.0035804162844133,0.003597991900465664
0.0004965786572176,0.0004969587105724677
0.002462693476303,0.0025510172527448646
0.0600304680464258,0.04918795448519236
