target,moment
0.0168692,0.016827934938525003
