target,moment
1.0,1.0
0.8725795027488233,0.8844935305189848
0.854808293224731,0.8952670252319561
0.621549138483011,0.8082515248327999
0.597797984767889,0.5945918249597087
0.293805456329383,0.3019635645745511
0.97595829268538,0.9234376327855764
0.7580583490804771,0.8981898107449362
0.386667563757739,0.37239121742879117
0.525456673586441,0.5240626902070672
0.569474829535268,0.4337911080253176
