target,moment
0.1723744735734453,0.163771425481658
0.2001836313003392,0.20494618595344757
0.0492327599199353,0.05131540090085189
0.1684994775206873,0.22179429575466308
0.0285436772575964,0.028135620797554193
0.0677889190917095,0.06940038784037522
0.0151000451551628,0.014265847484635594
0.0183072062654951,0.02177708785499278
0.0333863766260561,0.031781660801992226
0.0211154118936726,0.02086451454781612
0.2254680213959001,0.17194757258201326
