target,moment
0.2165556656512729,0.21422190006338238
0.233729031160127,0.21575201429708754
0.0672049461385212,0.06242934074790402
0.1094507590702438,0.14323652394766523
0.0339758263448995,0.030695651924182093
0.0562960172915832,0.05424682672868244
0.2827877543433519,0.2794177422910963
