target,moment
0.003549953,0.0033162476378093744
