target,moment
0.4750989714792567,0.42724208939777913
