target,moment
0.1723413565516609,0.1635006879553207
0.2001451715125225,0.2044618096136725
0.0492233011970225,0.051389279908587104
0.168467104972989,0.21979066673093045
0.0285381933738058,0.028321917255512627
0.0677758953123543,0.06955350307093933
0.0150971440961255,0.013388855017573897
0.0183036890385174,0.022092047687870493
0.0333799623505598,0.034616381793344565
0.0211113551470954,0.02117244886780853
0.0071838887952674,0.007339312561018167
0.2184329376520792,0.16437308953742166
