target,moment
75.15872780572799,75.2735907965167
