target,moment
0.025024299621582,0.04371927136781639
0.0173823287591547,0.017983408491450897
0.0298125004768371,0.029596304276763512
0.0121498000621796,0.0013168195732198504
0.0096342998743057,0.0008457099563923027
0.0075690001249313,0.002229444643027689
0.0144594650202218,0.00835675314634017
