target,moment
0.0168692,0.01760717967278402
