target,moment
0.003549953,0.0029779450888061483
