target,moment
53.09828038991699,53.09819642545784
