target,moment
0.2165556656512729,0.21556026076030588
0.233729031160127,0.21747520226890193
0.0672049461385212,0.0628513789949621
0.1094507590702438,0.14155478954414707
0.0339758263448995,0.03046505657036808
0.0562960172915832,0.05420650669730387
0.2827877543433519,0.2778868051640111
