target,moment
0.2165556656512729,0.2134791771487021
0.233729031160127,0.21623820519846926
0.0672049461385212,0.06233160821326012
0.1094507590702438,0.14289545921262442
0.0339758263448995,0.03064865534958155
0.0562960172915832,0.05419713105167644
0.2827877543433519,0.2802097638256862
