target,moment
0.0251697,0.04872465989816094
0.0170519152063842,0.017337650962059036
0.0318099,0.03136399906425391
0.0130792,0.012586715728048314
0.0100246,0.009310815491468631
0.0082411,0.008111157806994816
0.0142723639866622,0.014674178597734466
