target,moment
90.663631358,90.70924940894372
