target,moment
0.22779905338379539,0.2171447885259214
0.25662117447184685,0.2727373901455397
0.08930961646938672,0.09070150401014614
0.06185916391018684,0.08388621006589764
0.0384676251184579,0.04291172221145031
0.0431447992020483,0.041967509445531785
0.282798567444278,0.25065087559551297
