target,moment
1.0,1.0
0.8725795027488233,0.8677966718237697
0.854808293224731,0.8593275149563825
0.621549138483011,0.7797597806462411
0.597797984767889,0.5744273125943096
0.293805456329383,0.29618113346688785
0.97595829268538,0.8947435925554356
0.7580583490804771,0.8603688115220138
0.386667563757739,0.3643606720228479
0.525456673586441,0.5079956515953197
0.5482292772148127,0.45938100596363163
0.5726777336793948,0.5524048829967263
