target,moment
0.1723413565516609,0.15256371727531678
0.2001451715125225,0.19578839018766953
0.0492233011970225,0.048845176620068174
0.168467104972989,0.2074136973446116
0.0285381933738058,0.02732797063626132
0.0677758953123543,0.06787071499270911
0.0150971440961255,0.013843410178797217
0.0183036890385174,0.02079511498643866
0.0333799623505598,0.03137308211009416
0.0211113551470954,0.02038312036262416
0.0071838887952674,0.007220458322405182
0.2184329376520792,0.20657514698300403
