target,moment
0.2165556656512729,0.19550552130707258
0.233729031160127,0.20878593695218559
0.0672049461385212,0.0656403150855403
0.1094507590702438,0.17304223987215026
0.0339758263448995,0.03164628242928587
0.0562960172915832,0.05700820670721586
0.2827877543433519,0.2683714976465496
