target,moment
0.2165556656512729,0.19340143857860292
0.233729031160127,0.21102046735952534
0.0672049461385212,0.06047980858746559
0.1094507590702438,0.17579962070421568
0.0339758263448995,0.03195537387959548
0.0562960172915832,0.05770828975632003
0.2827877543433519,0.2696350011342749
