target,moment
0.000729426174,0.0006497294178559228
