target,moment
133.80077245805202,133.74456357854282
