target,moment
0.1723744735734453,0.1614894364311556
0.2001836313003392,0.2052047344775933
0.04923275991993533,0.05143274598279303
0.1684994775206873,0.22236815884820443
0.028543677257596444,0.028309667248536743
0.06778891909170957,0.06974662337407529
0.015100045155162806,0.014159493823309376
0.018307206265495115,0.021373661278317028
0.03338637662605613,0.03202074752930512
0.02111541189367264,0.02099030689226106
0.22546802139590016,0.1729044241144492
