target,moment
0.09277,0.09306353301542575
