target,moment
1.0,1.0
1.0930777059511088,1.090447698285185
1.17541345258769,1.1755606347816745
0.346771653959122,0.35229652346231516
0.435719747133782,0.43744926716214116
0.241952910075955,0.24236952516466906
1.00152170325136,1.0000833317791133
0.770342027427148,0.7764334018572602
0.450288180056851,0.4500889981485924
1.04371974139227,1.0462739582331075
0.653966544013067,0.6539258402342443
0.4017735881616045,0.391500283177145
