target,moment
0.0187548,0.018559588599079396
