target,moment
1.0,1.0
1.1395101474432578,1.123683126739
1.07411494663385,1.0944824075378017
0.403943679367664,0.46950559119579227
0.5841911448204488,0.6009496246985992
0.271173973731839,0.2785582625298415
1.115971708556473,1.0923176800888228
0.7834846399739507,0.859964510317692
0.5292613389552137,0.5237647770161549
1.1647727674434,1.1881896962728637
0.667362818044858,0.6670424995678754
0.2581485137111219,0.27134903318492753
0.4601528966063206,0.34524599173821957
