target,moment
0.071287577,0.07155997029248984
