target,moment
0.46833881989808673,0.4550610862512823
