target,moment
90.663631358,90.86045098066538
