target,moment
0.2040428289529481,0.203441613888166
0.2255852454372509,0.239720005022874
0.0643218875038216,0.06614278483627926
0.1031564938626009,0.13468282465198606
0.0320219615813117,0.03422841998163711
0.0530585619633796,0.05549274838708831
0.018329400868127,0.018220771505283628
0.0189912032396071,0.021331238207304714
0.0265511265560509,0.026680082769379783
0.0104250119775051,0.010896884326508687
0.0209966612555152,0.02114828383633513
0.2225196168018815,0.16801434258715728
