target,moment
0.01012152,0.010974160547990101
