target,moment
0.09277,0.09289355233369552
