target,moment
1.0,1.0
1.08968319541132,1.0813542074592302
1.17541345258769,1.1663175666812968
0.346940370796428,0.35756489464949687
0.43593184990191,0.4308981779209282
0.242070633833219,0.24098187544121363
0.611167762289279,0.6113237854751419
