target,moment
0.1200626194103338,0.2194793041303367
0.1211887588058545,0.23226904386925407
0.0035804162844133,0.031244525279973543
0.0004965786572176,0.03263021924094744
0.002462693476303,0.007857464110903677
0.0600304680464258,0.09013725149339268
0.1343304183885601,0.04642549286579523
0.0637303998720678,0.0392804750834648
0.0018651157701598,0.007348148082494062
0.0004460791327548,0.007502755341954984
0.0016008349254711,0.0023490602610796484
0.0392297139201939,0.01841868653020364
0.0400814725661333,0.015242844100293305
0.0389368166783096,0.020161496198694243
0.0006682770403912,0.005377561288120064
9.931573144352892e-05,0.0025077958360412594
0.0002592308922424,0.0005622964391299157
0.0194675666804137,0.010114353599570329
0.0304225968538796,0.009496367346953728
0.03434640990464,0.02191017566586014
0.0521424423253347,0.04485497455462746
0.0001026823664077,0.0024054255663970804
0.0003332968614545,0.0006690015934754865
0.01717320495232,0.012671716379543809
0.0103574524673225,0.005488189421914532
0.0083223216314713,0.006515266509179382
0.0012540715241598,0.002618293525193144
0.0003282469090082,0.0005915683559395635
0.0001245654936749,0.0002495456024699648
0.0041611608157356,0.0018821169214380488
0.0135473390958901,0.004002806365199669
0.0109735466657688,0.005939828919797363
0.0026175586846557,0.0032061290927761507
0.0003770631159889,0.0006204079988971559
9.258246151515408e-05,0.0009593685296533193
0.0054859316741434,0.002282829183213748
0.0671694174879853,0.03123355970584774
0.0583101175797261,0.021641509689427643
0.0318651999360339,0.025541565127559045
0.0009325578850799,0.0025407252831763714
0.0002238812251184,0.002939085077130846
0.0007995758039945,0.0008307698326789892
