target,moment
133.80077245805202,143.10773910635112
