target,moment
1.0,1.0
1.08968319541132,1.0742788755800041
1.17541345258769,1.1656317138201957
0.346940370796428,0.36481912785391485
0.43593184990191,0.43265012191653
0.242070633833219,0.2425359317956981
0.611167762289279,0.6067341207699327
