target,moment
0.2165556656512729,0.22467360719176066
0.233729031160127,0.2128301895676189
0.0672049461385212,0.06236287842141634
0.1094507590702438,0.14085337278514026
0.0339758263448995,0.029719819032691074
0.0562960172915832,0.05357349983938989
0.2827877543433519,0.27598663316198274
