target,moment
1.0,1.0
0.8725795027488233,0.8768189149670484
0.854808293224731,0.8856382563016296
0.621549138483011,0.8012877030258331
0.597797984767889,0.5890301831612154
0.293805456329383,0.29950693042045495
0.97595829268538,0.917320124076022
0.7580583490804771,0.8925328181878517
0.386667563757739,0.3687450951463372
0.525456673586441,0.5200465368082329
0.569474829535268,0.4299540936707244
