target,moment
0.4750989714792567,0.5060885162448551
