target,moment
0.2165556656512729,0.21579987735245598
0.233729031160127,0.2174307251293528
0.0672049461385212,0.06286653767992367
0.1094507590702438,0.14152081819030754
0.0339758263448995,0.03045925721736202
0.0562960172915832,0.054200448993113104
0.2827877543433519,0.2777223354374849
