target,moment
90.663631358,91.156568191501
