target,moment
0.09277,0.09116279206326523
