target,moment
0.2165556656512729,0.21127495607587174
0.233729031160127,0.2167931639024178
0.0672049461385212,0.06274172846737625
0.1094507590702438,0.1434477271077373
0.0339758263448995,0.0307227363304501
0.0562960172915832,0.05430317775739717
0.2827877543433519,0.2807165103587498
