target,moment
52.059453405938,52.085064199772575
