target,moment
1.0,1.0
0.8725795027488233,0.8770535083896935
0.854808293224731,0.8861698648231665
0.621549138483011,0.8019352401826757
0.597797984767889,0.5890937041983448
0.293805456329383,0.29957885714213217
0.97595829268538,0.9157853735507636
0.7580583490804771,0.8927444565628032
0.386667563757739,0.3685180918901483
0.525456673586441,0.5193314932139678
0.569474829535268,0.42969035038883535
