target,moment
0.48000000000000004,0.47851423293405143
