target,moment
0.003549953,0.0033371677291185718
