target,moment
0.0087725,0.008773112263234292
