target,moment
1.0,1.0
1.0793023145213338,1.0496692065864308
0.3103356632873494,0.3063885017313499
0.5054162805719256,0.6940990376114454
0.1568918838614548,0.14885440525285784
0.2599609533293794,0.26324829011743756
1.3058432504773845,1.3558801411856223
