target,moment
0.0047164777212821,0.004627874967839285
