target,moment
0.2165556656512729,0.192977165489876
0.233729031160127,0.20944924192102182
0.0672049461385212,0.0628274783836349
0.1094507590702438,0.1745949978343687
0.0339758263448995,0.03182068798811139
0.0562960172915832,0.05754132662819783
0.2827877543433519,0.27078910175478943
