target,moment
1.0,1.0
0.8725795027488233,0.8763701397733855
0.854808293224731,0.8861469495075515
0.621549138483011,0.8017323385254733
0.597797984767889,0.5886382788751205
0.293805456329383,0.2992803647558456
1.024756207319649,0.9162176413580121
0.7580583490804771,0.8936035416414421
0.386667563757739,0.3681828636497068
0.525456673586441,0.518975231246464
0.569474829535268,0.42923430422842046
