target,moment
0.0168692,0.016793705897510756
