target,moment
0.0251697,0.06451161845473627
0.0170519152063842,0.0173886677220384
0.0318099,0.033905847170372115
0.0130792,0.012631416378342423
0.0100246,0.009162902171186038
0.0082411,0.008243682448031265
0.0142723639866622,0.014635638782981629
