target,moment
0.0245001006126403,0.03784604315167101
0.0166621484278283,0.01738862522606589
0.026430299282074,0.026165272497891225
0.0056323999166488,0.00034090480716180614
0.0104751002788543,0.0003304090566051806
0.0063905000686645,0.0001928829249784629
0.016342183033445,0.0036200340846777976
