target,moment
1.0,1.0
1.1209109698812787,0.99845652696244
1.341030611104335,1.4395230456143497
0.314270668928071,0.45913599663176086
0.3603196874360089,0.42581531254228955
0.276424886167712,0.2509923040206663
0.6284594871324769,0.49008602587327854
