target,moment
0.2280441013062508,0.21679222535667508
0.2717182327344503,0.2769143407099148
0.09423725726264791,0.10653614272430587
0.044552763872564266,0.06725286546168441
0.038289963021055556,0.04627634654454866
0.040229343479575366,0.03719467784676136
0.28292833832345593,0.2490334013561097
