target,moment
0.0251696991920471,0.047202379469302225
0.0170474822517444,0.017144226649194762
0.0313091993331909,0.03241909854060122
0.0130791997909546,0.001545555751708971
0.0100246000289917,0.0006928452935288496
0.0082410997152328,0.0022448811751109876
0.0141547485772109,0.006288594369010734
