target,moment
0.23010308842169286,0.23856811936767394
0.25591829429544194,0.26277536267511237
0.08186815492696169,0.08305492023906423
0.07720670411183356,0.09653946941170254
0.03692871469115061,0.035623091935601925
0.04790678029505776,0.04724953600154412
0.2700682632578616,0.23618950036930073
