target,moment
0.1671381511151246,0.16520378246210524
0.20202058161958406,0.20440128900721877
0.04429409107196618,0.04631042180400479
0.17400114252268067,0.2191434884220679
0.025721530891192047,0.02571668336153639
0.07215834274712567,0.07450079850802109
0.01511627534172181,0.013104996890364227
0.018064861822513427,0.019749841338457027
0.03353346019796632,0.033304479708480245
0.020876772846102405,0.021335465125765517
0.22707478982402282,0.17722875337197883
