target,moment
0.003549953,0.0033766594256116277
