target,moment
0.0039049482999999998,0.0038011093277452927
