target,moment
0.0087725,0.00877204858905314
