target,moment
0.0168692,0.01745347831350517
