target,moment
1.0,1.0
1.08968319541132,1.080855176518454
1.17541345258769,1.1656024566729326
0.346940370796428,0.3573794513036213
0.43593184990191,0.43058108078213375
0.242070633833219,0.2409196717516988
0.611167762289279,0.611036529689869
