target,moment
0.0168692,0.0169810455358135
