target,moment
0.0251697,0.049871125335760734
0.0170519152063842,0.017441678568299077
0.0318099,0.03354744143123528
0.0130792,0.0010927511552992705
0.0100246,0.000866109002243336
0.0082411,0.0027416362681214226
0.0142723639866622,0.006182646403013281
