target,moment
1.0,1.0
1.08968319541132,0.8712811607020987
1.17541345258769,1.7024061497936027
0.346940370796428,0.34915585977271874
0.43593184990191,0.4104992909775966
0.242070633833219,0.24071007411730203
0.611167762289279,0.5979519814761552
