target,moment
0.0020067705080726,0.0020334108023234636
