target,moment
0.4750989714792567,0.40062968345451994
