target,moment
0.0168692,0.01905133530755391
