target,moment
0.2165556656512729,0.19903026005502153
0.233729031160127,0.20722719358205385
0.0672049461385212,0.061683965370253294
0.1094507590702438,0.17331701090771867
0.0339758263448995,0.03159524027182891
0.0562960172915832,0.05715402254369849
0.2827877543433519,0.2699923072694252
