target,moment
0.4750989714792567,0.46021969433911214
