target,moment
0.0168692,0.01623888344683374
