target,moment
0.015629,0.0157576435886206
