target,moment
0.4933725017873906,0.44980307686649534
