target,moment
0.09277,0.0926319189428087
