target,moment
0.015629,0.01527529124061586
