target,moment
0.0047710126205433,0.004975117600078759
