target,moment
0.2165556656512729,0.21468068901734452
0.233729031160127,0.21749076062139971
0.0672049461385212,0.0629040029100803
0.1094507590702438,0.1409883079180525
0.0339758263448995,0.030366684766266715
0.0562960172915832,0.05371260808093863
0.2827877543433519,0.2798569466859176
