target,moment
0.2165556656512729,0.21429272775034963
0.233729031160127,0.21719414768585688
0.0672049461385212,0.06283386156091321
0.1094507590702438,0.14089110333796315
0.0339758263448995,0.03034065159549594
0.0562960172915832,0.05367067624440961
0.2827877543433519,0.28077683182501173
