target,moment
0.0251696991920471,0.02919247321964641
0.0169424664104217,0.016824868096159608
0.0313091993331909,0.024937242726018813
0.0130791997909546,0.0019086459802591827
0.0100246000289917,0.00091298000667219
0.0082410997152328,0.0031200288392649114
0.0197126996517181,0.010098466622213965
0.0252290010452271,0.02259989373884145
0.0106797003746033,0.0012210611200009723
0.0184949994087218,0.007750365304959823
0.0039844000339508,0.0005179488142856823
0.0127844897880634,0.007024584759565987
