target,moment
1.0,1.0
1.0930777059511088,1.0881998314777035
1.17541345258769,1.1681047847525514
0.346771653959122,0.35254320796952765
0.435719747133782,0.43760358496704577
0.241952910075955,0.24246146270881366
1.00152170325136,1.005931128612519
0.770342027427148,0.879308411451165
0.450288180056851,0.45029068722074167
1.04371974139227,1.079197039933979
0.653966544013067,0.6542111818382274
0.4017735881616045,0.3917041711062643
