target,moment
0.0251697,0.05917700792021766
0.0170519152063842,0.017769938778876983
0.0318099,0.03285947011931724
0.0130792,0.012327110909350143
0.0100246,0.008804317429099116
0.0082411,0.008008647035032797
0.0142723639866622,0.014891030995694898
