target,moment
90.663631358,90.73635494089855
