target,moment
1.0,1.0
1.08968319541132,1.0564011780781302
1.17541345258769,1.1547747792294811
0.346940370796428,0.38810375845637773
0.43593184990191,0.4290518366816588
0.242070633833219,0.24329689278189415
0.611167762289279,0.601670089339957
