target,moment
0.027820599079132,0.02745304630422068
0.0201410956216747,0.02036702728407709
0.0324071002006531,0.03218630808887102
0.0205700993537903,0.0034206948558376895
0.0137092995643615,0.0007648888179678552
0.0069309997558593,0.0019778226109386948
0.0169324004650116,0.016676411555892137
0.0397819995880127,0.038822488807583176
0.0110084998607635,0.0011901809570567822
0.0042943000793457,0.0007195211098809927
0.0133872343614895,0.005688362588193468
