target,moment
0.1723744735734453,0.16488959728058192
0.2001836313003392,0.19941946181465534
0.0492327599199353,0.05034025522016159
0.1684994775206873,0.22382783247232577
0.0285436772575964,0.028517429329173737
0.0677889190917095,0.0702661790693786
0.0151000451551628,0.014092387117248905
0.0183072062654951,0.021914332912759297
0.0333863766260561,0.031222153836568362
0.0211154118936726,0.02115808466428232
0.2254680213959001,0.17435228628286434
