target,moment
0.0168692,0.0165195952490139
