target,moment
0.000729426174,0.0007014646993428792
