target,moment
0.3499061550503732,0.6053391964195035
0.1200626194103338,0.06294541073340232
0.1211887588058545,0.06376785558474021
0.0035804162844133,0.01066936714716053
0.0004965786572176,0.008657057215190963
0.002462693476303,0.0027600029508461645
0.0600304680464258,0.0319121895678031
