target,moment
1.0,1.0
1.0793023145213338,1.0489555145145097
0.3103356632873494,0.30652378430070343
0.5054162805719256,0.6935995299810674
0.1568918838614548,0.14871858518192152
0.2599609533293794,0.2629509158436536
1.3058432504773845,1.3545147670960882
