target,moment
0.1689535601455536,0.1627647432957145
0.1973908323340822,0.20369690690612088
0.0482556952420234,0.05085278074772659
0.1651554665816334,0.21911453910108233
0.0279772044685131,0.027985819050640143
0.0664435921487136,0.06890197991644473
0.0148003723198397,0.014077960457109085
0.0179438846759203,0.01971873148464615
0.0327237964786536,0.031108538906814
0.0102222385003256,0.01009334336550468
0.0206963591500438,0.020736358328497184
0.2294369979546971,0.17094829843969978
