target,moment
128.854584399499,128.06108480456822
