target,moment
0.0039297747397562,0.003578685954179072
