target,moment
0.2165556656512729,0.2142341672037239
0.233729031160127,0.2156992248458846
0.0672049461385212,0.06273981254654
0.1094507590702438,0.1432528697861242
0.0339758263448995,0.030673292213379735
0.0562960172915832,0.0542070640375987
0.2827877543433519,0.27919356936674883
