country,RD ratio pharma,RD ratio chemicals
1.0,0.17712929739727648,0.0309093581191281
2.0,0.09294391120106132,0.045945377796616435
3.0,0.10624508691985884,0.06193821448749788
4.0,0.03212437071874157,0.0738942409243912
7.0,0.04227045494022427,0.022274251706880233
8.0,0.022494820934648663,0.05284795108175147
10.0,0.15303666544078226,0.035290166477128744
12.0,0.027890609736964226,0.013340150661385015
