target,moment
0.09277,0.15399525830032978
