target,moment
0.1723413565516609,0.1609723519133796
0.2001451715125225,0.20220621557335333
0.0492233011970225,0.04955452974791049
0.168467104972989,0.1735754646230777
0.0285381933738058,0.028727574591130917
0.0677758953123543,0.06859475369264993
0.0150971440961255,0.015116834085562834
0.0183036890385174,0.018612939962552887
0.0333799623505598,0.03353749195910331
0.0211113551470954,0.021272494088058865
0.0071838887952674,0.007243852283569018
0.2184329376520792,0.22058549747965112
