target,moment
0.003549953,0.0032016212232720324
