target,moment
0.0168692,0.014703095213655206
