target,moment
90.663631358,81.69320104417983
