target,moment
0.003549953,0.0034272868213812823
