target,moment
0.5823549874673715,0.7010067348921661
