target,moment
0.027820599079132,0.027786984600152897
0.0201410956216747,0.020447262152062624
0.0324071002006531,0.03250721153297793
0.0205700993537903,0.004016023421848625
0.0137092995643615,0.0008637073470504168
0.0069309997558593,0.0023832821564870417
0.0169324004650116,0.016629021470271052
0.0397819995880127,0.038641530910719174
0.0110084998607635,0.0013693880896946322
0.0042943000793457,0.0007760113568174858
0.0073146998882293,0.002363420914832661
0.0135465587074145,0.004191354339333408
