target,moment
0.2165556656512729,0.21336358941430977
0.233729031160127,0.21608358222568466
0.0672049461385212,0.06242016348806633
0.1094507590702438,0.14312974108203713
0.0339758263448995,0.03064208242985036
0.0562960172915832,0.054180508651866056
0.2827877543433519,0.2801803327081858
