target,moment
0.0168692,0.026836815729278256
