target,moment
0.017496806,0.13625052060445078
