target,moment
0.1723744735734453,0.16248121603393814
0.2001836313003392,0.20522462152503332
0.0492327599199353,0.051441396331884444
0.1684994775206873,0.22190091678864024
0.0285436772575964,0.028193603492774597
0.0677889190917095,0.06946290431730462
0.0151000451551628,0.014263410156208509
0.0183072062654951,0.021709432282217257
0.0333863766260561,0.031886895672833336
0.0211154118936726,0.02090160274651593
0.2254680213959001,0.17253400065264973
