target,moment
1.0,1.0
1.08968319541132,1.074055845681627
1.17541345258769,1.1661108576248604
0.346940370796428,0.3646713351574837
0.43593184990191,0.4324429149932416
0.242070633833219,0.24241589847243128
0.611167762289279,0.6064456453108807
