target,moment
0.015629,0.015736663542415506
