target,moment
0.0087725,0.0086011588330032
