target,moment
0.000729426174,0.0006610491681185903
