target,moment
90.663631358,91.01683530709244
