target,moment
0.01180844,0.0124714945259494
