target,moment
0.0251697,0.05997288021508873
0.0170519152063842,0.01791145120723782
0.0318099,0.03400085081285919
0.0130792,0.01239358463560692
0.0100246,0.008895078792307847
0.0082411,0.008026325083484883
0.0142723639866622,0.014787739484276932
