target,moment
1.0,1.0
1.08968319541132,1.0813466473296272
1.17541345258769,1.166188997458352
0.346940370796428,0.35755090832689385
0.43593184990191,0.43082205286017367
0.242070633833219,0.24112940224978568
0.611167762289279,0.6113344621581457
