target,moment
0.2165556656512729,0.2165654522818583
0.233729031160127,0.2154091398486654
0.0672049461385212,0.06238927396245535
0.1094507590702438,0.14236726339626463
0.0339758263448995,0.030478926754566153
0.0562960172915832,0.05388324979083913
0.2827877543433519,0.2789066939653511
