target,moment
67.76622135984722,67.83347792289001
