target,moment
90.663631358,89.93132551131345
