target,moment
0.188316744348129,0.17587417920519494
0.1208054369835447,0.1277409845013693
0.1661803577326286,0.14343734390227456
0.0499610115268362,0.06073437987080568
0.0790051321704316,0.07906606948119119
