target,moment
1.0,1.0
0.8725795027488233,0.85911175476688
0.854808293224731,0.828098820768461
0.621549138483011,0.6807246817983962
0.597797984767889,0.5821255077164537
0.293805456329383,0.2951926412982076
0.97595829268538,0.9390220361764974
0.7580583490804771,0.7843578726699353
0.386667563757739,0.3742340372272229
0.525456673586441,0.5125155121024937
0.456857731012344,0.4534040579516632
0.5726777336793948,0.5682832379211628
