target,moment
0.0009482540261999,0.0009094570170441672
