target,moment
0.400749027516048,0.3902302652169971
0.1099457351100976,0.059863283459289846
0.0711754468984532,0.10225050081393808
