target,moment
144.805237277966,145.5950105712744
