target,moment
1.0,1.0
0.8725795027488233,0.9138441162638047
0.854808293224731,0.9242067383178161
0.621549138483011,1.0211655574161937
0.597797984767889,0.6109707256660518
0.293805456329383,0.32575401694336065
0.97595829268538,0.909216227925555
0.7580583490804771,1.019005466443736
0.386667563757739,0.3720660450583947
0.525456673586441,0.5688964859364909
0.456857731012344,0.5029642438634824
0.5726777336793948,0.5686219660598187
