target,moment
0.1723413565516609,0.16548851270023998
0.2001451715125225,0.20158328066704553
0.0492233011970225,0.049040419281522724
0.168467104972989,0.17333680458159184
0.0285381933738058,0.02863572049380282
0.0677758953123543,0.06814174798581915
0.0150971440961255,0.014827113523405575
0.0183036890385174,0.018576314798454792
0.0333799623505598,0.03341450736782109
0.0211113551470954,0.020099861157365142
0.0071838887952674,0.007228006852117312
0.2184329376520792,0.21962771059081396
