target,moment
0.2165556656512729,0.212203386632881
0.233729031160127,0.21649458909966307
0.0672049461385212,0.06255837775222259
0.1094507590702438,0.1432933633622471
0.0339758263448995,0.03068922938172064
0.0562960172915832,0.05425014611263561
0.2827877543433519,0.28051090765862996
