target,moment
90.663631358,91.49391882140108
