target,moment
0.09277,0.09282861039437336
