target,moment
90.663631358,90.97079031722865
