target,moment
0.09277,0.0929404981332731
