target,moment
0.21897057784530283,0.23014494610930958
0.2524023651304077,0.2613902047965076
0.08580388147396661,0.08820911327119725
0.06425056973424399,0.08182780936511785
0.037531196019877,0.03720029254274758
0.043447811718553705,0.04320502350131708
0.019661919822776312,0.019258323277595336
0.01745149207006431,0.019313018025955624
0.02387187137964705,0.021733779267155678
0.010856388801173641,0.011048034891347694
0.022293584871872465,0.022515364413662097
0.20345834113211453,0.16415409053808672
