target,moment
0.2040428289529481,0.21135641685562842
0.2255852454372509,0.23754166185741815
0.0643218875038216,0.06630077636002615
0.1031564938626009,0.13326378357346932
0.0320219615813117,0.03394120680462862
0.0530585619633796,0.05342196508564722
0.018329400868127,0.018115553213177638
0.0189912032396071,0.021210690002919363
0.0265511265560509,0.026485862995826573
0.0104250119775051,0.010791810604380747
0.0209966612555152,0.021013576578810762
0.2225196168018815,0.1665566960680671
