target,moment
0.015629,0.015580494511532038
