target,moment
0.2040428289529481,0.2149055560933238
0.2255852454372509,0.23729805964053638
0.0643218875038216,0.06664857130152926
0.1031564938626009,0.16504412128629523
0.0320219615813117,0.03591941413789498
0.0530585619633796,0.05683757934788524
0.018329400868127,0.017884612088457864
0.0189912032396071,0.023419222394414758
0.0265511265560509,0.026565507571679824
0.0104250119775051,0.01108490965626862
0.0209966612555152,0.02115365920417353
0.2225196168018815,0.12323878727754044
