target,moment
0.0168692,0.0190537629754604
