target,moment
0.09277,0.09294144328453383
