target,moment
0.6175624878553287,0.6599045735316463
