target,moment
54.99865898992966,54.96681079591957
