target,moment
0.0256081660588582,0.025416517547453218
0.0168903822596851,0.017230485664601093
0.028441932996114,0.028396611588495192
0.0076322664817173,0.0007881693021319193
0.0104751002788543,0.0008703435882108984
0.0072830333312352,0.001929232230035317
0.0177294667561849,0.017622639930132532
0.020837066968282,0.020521140283852442
0.0099996332327524,0.003047670723725743
0.0031739666064579,0.0003805671772471536
0.0170917991723649,0.006368135370481126
