target,moment
1.0,1.0
1.08968319541132,1.0809919581354142
1.17541345258769,1.1666193090038617
0.346940370796428,0.35751532574442585
0.43593184990191,0.43077849019013653
0.242070633833219,0.24097815797296404
0.611167762289279,0.611221047383176
