target,moment
0.2165556656512729,0.21299753117822964
0.233729031160127,0.2163875846606721
0.0672049461385212,0.062443188383064833
0.1094507590702438,0.1432425184704274
0.0339758263448995,0.030678243604632605
0.0562960172915832,0.054259868107176285
0.2827877543433519,0.2799910655957972
