target,moment
0.0168692,0.01697961691060043
