target,moment
52.059453405938,52.054472706172575
