target,moment
0.0011850513788432,0.001186619453169228
