target,moment
90.663631358,90.7783767521588
