target,moment
0.014603,0.01722091581996828
