target,moment
0.0168692,0.018073336407113547
