target,moment
0.0251697,0.06646213773429901
0.0170519152063842,0.01703649443612437
0.0318099,0.033424672613237776
0.0130792,0.012826564780208383
0.0100246,0.009466554492310052
0.0082411,0.008223776190833573
0.0142723639866622,0.014448528266821293
