target,moment
0.5418056800884126,0.6045599748229468
