target,moment
0.2165556656512729,0.21388642441609837
0.233729031160127,0.21778937127187856
0.0672049461385212,0.06296809682602238
0.1094507590702438,0.14153774117946163
0.0339758263448995,0.030430952139992255
0.0562960172915832,0.051611372826180654
0.2827877543433519,0.28177604134036627
