target,moment
0.0048014390196714,0.004545748321635835
