target,moment
0.0168692,0.0178616680527513
