target,moment
0.000729426174,0.0007366839599759867
