target,moment
0.0168692,0.017873398307134837
