target,moment
0.000729426174,0.0007174848017849195
