target,moment
0.0245001006126403,0.02813561352053943
0.0166728529938655,0.020281500986311863
0.026430299282074,0.022156973282612465
0.0056323999166488,0.0003851242383320072
0.0104751002788543,0.0005092025184777058
0.0063905000686645,0.00018945232969384802
0.0161208999156951,0.015344771782770786
0.0221616005897522,0.012781759828651673
0.0096591997146606,0.002208961052170659
0.0166322994232178,0.014357838842321408
0.0025066998600959,0.000382262711859948
0.0176854721646968,0.004246560248512129
