target,moment
90.663631358,90.73292048742384
