target,moment
0.003549953,0.003482673459122737
