target,moment
0.09277,0.09415349459617675
