target,moment
1.0,1.0
1.1093060627438938,1.1084939508056502
1.0890928723937368,1.1115628811727394
0.367043480449875,0.461888060328467
0.5085252505408143,0.5309463489552303
0.2607461688284123,0.2679263352855987
1.0641859095465398,1.1361600631381927
0.8026111746290906,0.9027208543895545
0.4870096783191633,0.4836390728585088
0.661639975707156,0.6614766170671094
0.4925138914117966,0.3688623476981883
