target,moment
0.09277,0.09519122307730157
