target,moment
136.03335466722265,134.49134015404624
