target,moment
0.2165556656512729,0.21217684589139155
0.233729031160127,0.21648951341937156
0.0672049461385212,0.06254584054109813
0.1094507590702438,0.14330701681031335
0.0339758263448995,0.030691086994436793
0.0562960172915832,0.05425094848682276
0.2827877543433519,0.28053874785656585
