,beta,alpha
0,0.6122172977622089,0.7092432377637444
1,0.38778270223779115,0.2907567622362557
