target,moment
0.6464672105053918,0.6507092486150549
