target,moment
0.0168692,0.01657001571617623
