target,moment
0.003549953,0.0035048690232450663
