target,moment
0.0251697,0.048944046031615986
0.0170519152063842,0.017218574797692097
0.0318099,0.031870491304582194
0.0130792,0.0015457798063827327
0.0100246,0.0013309128472373919
0.0082411,0.004516776531821146
0.0142723639866622,0.005412240517441951
