target,moment
0.026287899017334,0.04609799430034727
0.0171401743936322,0.017268065277531757
0.028584098815918,0.027636042950501698
0.0089315998554229,0.0007324311741815241
0.0104751002788543,0.0006387494119555997
0.0075699001550674,0.001841612187601071
0.0146352755943532,0.0040645191128601795
