target,moment
0.228724126779355,0.24021486016688895
0.2499345638660701,0.25600202265494687
0.07722795665387282,0.07701949928994009
0.08218673875280405,0.10206991267209631
0.035296989000715435,0.035138009000605076
0.04934838233887417,0.04895608016520062
0.27728124260830833,0.24059961605032198
