target,moment
0.0168692,0.016746838306693632
