target,moment
0.027820599079132,0.026818399800423297
0.0201410956216747,0.02030220478477305
0.0324071002006531,0.03165158989841105
0.0205700993537903,0.003606143599305906
0.0137092995643615,0.0008447825764561531
0.0069309997558593,0.0021065866847603766
0.0169324004650116,0.016557408397890848
0.0397819995880127,0.038235255019526064
0.0110084998607635,0.0013135684400627707
0.0042943000793457,0.004114315902019668
0.0073146998882293,0.00228105375874099
0.0135465587074145,0.005784815549888223
