target,moment
1.0,1.0
0.8725795027488233,0.8988031265633039
0.854808293224731,0.9011492735281917
0.621549138483011,0.8475464674612871
0.597797984767889,0.6230336049242929
0.293805456329383,0.30726696221896244
0.97595829268538,1.0177529808665842
0.7580583490804771,0.9137376221065335
0.386667563757739,0.3757554450159413
0.525456673586441,0.5450379695963359
0.456857731012344,0.491160576960573
0.5726777336793948,0.43806113796984586
