target,moment
0.017496806,0.017786090601924827
