target,moment
0.0087725,0.0087675566575465
