target,moment
0.015629,0.015162624446449915
