target,moment
124.97411391346365,125.22961453234547
