target,moment
0.0168692,0.01799996646315723
