target,moment
0.0168692,0.018126988300107862
