target,moment
90.663631358,90.56695801555374
