target,moment
1.0,1.0
1.0901923526701716,1.0720847165006298
1.17541345258769,1.1779367413595654
0.346771653959122,0.4278465316018048
0.435719747133782,0.4502850865553832
0.241952910075955,0.24432134764124602
0.6107967519438201,0.5146854184178953
