target,moment
0.16970101882802263,0.1667152298003137
0.20031041534616736,0.20454842876344087
0.044140755891959454,0.045690841090451635
0.17964749062312835,0.2210271957030519
0.026000583030316823,0.025109062169676007
0.07456157299532569,0.07553831846862256
0.3056381632850797,0.26137092400444334
