target,moment
0.0049881042128566,0.004752785730768277
