target,moment
0.0168692,0.017947503468152607
