target,moment
1.0,1.0
1.08968319541132,1.0953446946505379
1.17541345258769,1.1791538262797947
0.346940370796428,0.36114227814736544
0.43593184990191,0.4338268315774853
0.242070633833219,0.2428324573479878
0.611167762289279,0.6193635359666301
