target,moment
0.5418056800884126,0.5899432975121499
