target,moment
0.2165556656512729,0.21571993299261524
0.233729031160127,0.216047842553116
0.0672049461385212,0.062467816203584894
0.1094507590702438,0.1417749285450881
0.0339758263448995,0.03051261790972259
0.0562960172915832,0.05414566012667436
0.2827877543433519,0.2793312016691988
