target,moment
0.2165556656512729,0.21554248158647715
0.233729031160127,0.21530631313968834
0.0672049461385212,0.06201382878686261
0.1094507590702438,0.14284893107131294
0.0339758263448995,0.030615186482862287
0.0562960172915832,0.05402903668767532
0.2827877543433519,0.27964422224512125
