target,moment
82.198645766003,82.08226521822242
