target,moment
0.09277,0.1712470737858648
