target,moment
144.805237277966,149.6055462455946
