target,moment
0.1614240754453979,0.11022885944219665
0.0796894569609718,0.06367060586846184
0.1065140407029641,0.08963750402735718
0.0278489473370487,0.024432145607167312
0.0264310737208627,0.029271980440815124
