target,moment
0.1723413565516609,0.1662805181148003
0.2001451715125225,0.20115323516115682
0.0492233011970225,0.049250829075076406
0.168467104972989,0.17230018515584045
0.0285381933738058,0.02838191895369495
0.0677758953123543,0.0676752899412405
0.0150971440961255,0.014800876509545438
0.0183036890385174,0.018265205134344858
0.0333799623505598,0.0336072463336201
0.0211113551470954,0.020987224323279798
0.0071838887952674,0.007188560805123874
0.2184329376520792,0.22010891049227646
