target,moment
0.071287577,0.07632034135014387
