target,moment
0.0032483599077012,0.001182761712094204
0.0008911894812772,0.00010930665829373426
0.0005769283323049,0.0003416659041837255
