target,moment
0.09277,0.09274984559359989
