target,moment
0.2040428289529481,0.21097016265861857
0.2255852454372509,0.23873920426775486
0.0643218875038216,0.06671123314814563
0.1031564938626009,0.16590512530521273
0.0320219615813117,0.0361197137389683
0.0530585619633796,0.05705400686167113
0.018329400868127,0.01804307470229936
0.0189912032396071,0.023642578206523077
0.0265511265560509,0.026691584759905632
0.0104250119775051,0.011326536574104007
0.0209966612555152,0.021225946027110146
0.2225196168018815,0.12357083374968666
