target,moment
90.663631358,91.25983095152361
