target,moment
0.0251697,0.04037271498646709
0.0170519152063842,0.01707080892203033
0.0318099,0.03433748216280089
0.0130792,0.0009317464624486822
0.0100246,0.0008663493986217611
0.0082411,0.0028563973857892197
0.0142723639866622,0.005067461945965632
