target,moment
1.0,1.0
0.8725795027488233,0.8770955865540081
0.854808293224731,0.8864279403476193
0.621549138483011,0.8016000912151576
0.597797984767889,0.5887978640388235
0.293805456329383,0.29938450437119424
0.97595829268538,0.9156125060078706
0.7580583490804771,0.8932029706338849
0.386667563757739,0.3683074374375594
0.525456673586441,0.5191263550578383
0.569474829535268,0.4294160223452941
