target,moment
0.0035352995903461,0.014608056434781629
0.0011811781309409,0.0033749865768047346
