target,moment
0.09277,0.08504066500375193
