target,moment
52.059453405938,52.05807967300801
