target,moment
52.059453405938,52.03548707760476
