target,moment
0.0168692,0.017637536506948017
