target,moment
0.000729426174,0.0007306455531922333
