target,moment
0.2165556656512729,0.21468419120954632
0.233729031160127,0.2174999791862917
0.0672049461385212,0.06290746295769349
0.1094507590702438,0.14099671383518816
0.0339758263448995,0.03036857795792919
0.0562960172915832,0.05371603026739585
0.2827877543433519,0.2798270445859553
