target,moment
0.000729426174,0.0007041120380497885
