target,moment
90.663631358,90.86358263578445
