target,moment
0.0168692,0.017233337223383972
