target,moment
0.0168692,0.0328964405909462
