target,moment
1.0,1.0
0.8386289903624251,0.8413994280024852
0.943267859353054,0.9498006222582047
0.639237911047753,0.6942145404545913
0.609337424421194,0.6023914553527763
0.29960601084973,0.3002536773962658
0.5964118283763082,0.5753060914000012
