target,moment
0.0049881042128566,0.005018794083549626
