target,moment
90.663631358,90.64805983921212
