target,moment
0.0168692,0.016999275648232694
