target,moment
0.0255925989151001,0.049747509934662815
0.0172963817659247,0.017455181707560368
0.0296514010429382,0.031133762528990794
0.0105786001682281,0.0010118598091881491
0.010096800327301,0.0008436300253557569
0.0072566998004913,0.0032202401117194597
0.0149342100130899,0.005706211796788718
