target,moment
1.0,1.0
0.8451027739166077,0.8402296244282561
1.14663448655374,1.1487070344533459
0.325164705624566,0.3659146254842031
0.296996312841276,0.2996691957617666
0.206045475999345,0.2048905625608185
0.5094696891389484,0.4529043705884673
