target,moment
0.22221032417311368,0.23113569910991713
0.25027330037246054,0.25927065146549766
0.07416964477187242,0.07449780203612949
0.09195084371239225,0.11603240347607578
0.03489944844287713,0.036012925245486514
0.050812566784181064,0.050694200660498866
0.2756838717431028,0.23235631800639467
