target,moment
0.0251696991920471,0.05075163987890598
0.0169424664104217,0.016487165935840657
0.0313091993331909,0.024778874025982955
0.0130791997909546,0.0017604775035479578
0.0100246000289917,0.0008807298938349328
0.0082410997152328,0.0030415181052096253
0.0197126996517181,0.00902698964188334
0.0252290010452271,0.018135886362115394
0.0106797003746033,0.0011918118653192176
0.0184949994087218,0.0067811099519807
0.0039844000339508,0.00047932659346693166
0.0127844897880634,0.0063074524614770795
