target,moment
0.0251697,0.04743415031482379
0.0170519152063842,0.017447118547053272
0.0318099,0.03244247465340465
0.0130792,0.012666350887491169
0.0100246,0.009406209286074692
0.0082411,0.008152991943450722
0.0142723639866622,0.014512643156711146
