target,moment
0.0087725,0.008536342062369036
-0.0128385999999999,-0.012261759049618053
