target,moment
0.0251696991920471,0.04710380032114917
0.0170474822517444,0.01691701329999811
0.0313091993331909,0.03393067758089821
0.0130791997909546,0.0015199422389405512
0.0100246000289917,0.0006952520958409431
0.0082410997152328,0.0022188545170427373
0.0141547485772109,0.0059561734381219375
