target,moment
0.015629,0.01509509696570053
