target,moment
0.0168692,0.01704318748898856
