target,moment
0.0251697,0.04352063263715405
0.0170519152063842,0.01835527290982523
0.0318099,0.03628108016362983
0.0130792,0.0010558437909195975
0.0100246,0.0008949263307385702
0.0082411,0.002825239048191735
0.0142723639866622,0.005962850986831838
