target,moment
0.003549953,0.0034144984717162374
