target,moment
0.4750989714792567,0.4515413976479604
