target,moment
74.489587182063,74.57832702259749
