target,moment
0.0168692,0.017565863271615818
