target,moment
90.663631358,90.76301680783047
