target,moment
0.0168692,0.016852737131082346
