target,moment
0.027820599079132,0.02753033258291335
0.0201410956216747,0.02057336604542528
0.0324071002006531,0.032604409615285074
0.0205700993537903,0.003440411376265942
0.0137092995643615,0.0008490326963766622
0.0069309997558593,0.0021247735575711585
0.0169324004650116,0.016651344247315118
0.0397819995880127,0.03879402057462945
0.0110084998607635,0.0012788430814881751
0.0042943000793457,0.0007546550159023463
0.0073146998882293,0.0024411855534159435
0.0135465587074145,0.00359665359501029
