target,moment
0.071287577,0.07148275173255357
