target,moment
90.663631358,90.00557530465684
