target,moment
1.0,1.0
1.094511186141695,1.115176469838706
1.7472038470274134,1.7942364139173756
0.2907739168452003,0.39406508517414873
0.4460104652882923,0.49572933775656475
0.2317471444055066,0.2318686843502733
0.9018785881587456,0.8606986985882609
0.8627218139868281,1.0014396157313277
0.4652215782796514,0.39767099682934176
0.5907756950984857,0.5018623807572636
0.5010542802178617,0.40698664110336386
