target,moment
0.09277,0.09319439598467716
