target,moment
0.003549953,0.0034273674139350856
