target,moment
0.5679426726969605,0.6571958387753203
