target,moment
1.0,1.0
1.0930777059511088,1.067994869685372
1.17541345258769,1.1765959911047867
0.346771653959122,0.4303087733907143
0.435719747133782,0.4571101852203443
0.241952910075955,0.24738040827891916
1.00152170325136,0.9801806657613215
0.770342027427148,0.8502274861698615
0.450288180056851,0.446072021675478
1.04371974139227,1.070775885642659
0.653966544013067,0.652288262779915
0.4017735881616045,0.28556655896907984
