target,moment
0.000729426174,0.0007312600916790288
