target,moment
1.0,1.0
0.8725795027488233,0.868754071496069
0.854808293224731,0.8589923947576343
0.621549138483011,0.7806894123745205
0.597797984767889,0.5748850098676999
0.293805456329383,0.2962361828221755
0.97595829268538,0.8961525290180165
0.7580583490804771,0.8654616830107158
0.386667563757739,0.36474864265527873
0.525456673586441,0.5081477462538774
0.456857731012344,0.4597684847106356
0.5726777336793948,0.5526263795164064
