target,moment
0.2165556656512729,0.18925587205257446
0.233729031160127,0.21015986414099733
0.0672049461385212,0.06272181135700486
0.1094507590702438,0.1755613988511835
0.0339758263448995,0.03199702426138943
0.0562960172915832,0.0578543902739669
0.2827877543433519,0.27244963906288355
