target,moment
0.003549953,0.0034848914287172856
