target,moment
0.0251697,0.052452228935199116
0.0170519152063842,0.01684072165244731
0.0318099,0.032346667063903774
0.0130792,0.0013942416864313513
0.0100246,0.0011993921645163008
0.0082411,0.004067700667138755
0.0142723639866622,0.005270232862302379
