target,moment
133.80077245805202,134.11574063112482
