target,moment
0.027820599079132,0.027470495260780256
0.0201410956216747,0.02037624363225323
0.0324071002006531,0.03173465173566335
0.0205700993537903,0.0034284252356510995
0.0137092995643615,0.0006924484246705883
0.0069309997558593,0.0017348191373923912
0.0169324004650116,0.016786437372928602
0.0397819995880127,0.03885883529914852
0.0110084998607635,0.0010153412025393025
0.0042943000793457,0.0005550966173626531
0.0133872343614895,0.0048558744321256465
