target,moment
0.2165556656512729,0.21327154713065052
0.233729031160127,0.2161929801060136
0.0672049461385212,0.06252040678591497
0.1094507590702438,0.14309614757606684
0.0339758263448995,0.030634538684434175
0.0562960172915832,0.05416900038722744
0.2827877543433519,0.2801153793296925
