target,moment
0.000729426174,0.0007249498761095427
