target,moment
1.0,1.0
1.08968319541132,1.1289632304776007
1.17541345258769,1.1710535608030845
0.346940370796428,0.3583433900458145
0.43593184990191,0.4310302626463015
0.242070633833219,0.2422661398476303
0.611167762289279,0.6135606867560478
