target,moment
0.3499061550503732,0.5925355039690202
0.1200626194103338,0.06317273321743387
0.1211887588058545,0.06488899669855538
0.0035804162844133,0.010613243697167679
0.0004965786572176,0.008581964333781587
0.002462693476303,0.0027466616751362135
0.0600304680464258,0.03183240046993813
