target,moment
1.0,1.0
1.1694559363745385,1.0896057196872717
1.46582448028563,1.5706711600138126
0.290375033726921,0.4272500125852451
0.30970427614909,0.4169772822839653
0.243933976608377,0.24083148560787246
1.01571440390502,0.8980061883203622
0.797917089604816,0.9928823178632731
0.451563571369552,0.3398782936311752
1.02027993539952,0.9873405358805512
0.580204853145497,0.5206417305012937
0.4352803422080412,0.3359854987788163
