target,moment
0.21771152109385858,0.21533957243161947
0.2602222621178276,0.2633097231608471
0.08903782984939398,0.0983937243069144
0.049090211332040494,0.07392324826964873
0.035382415593676594,0.04836535872890935
0.039449946638348936,0.039432658066449695
0.01947360914214731,0.01730076444282823
0.014877321236274435,0.01859940893332064
0.03403495663814947,0.025825129877249622
0.010653347898141832,0.010340994099531818
0.020899014806019515,0.018863772962775433
0.2091675636541213,0.1703056447199057
