target,moment
0.018546283,0.01867613405946689
