target,moment
0.0251697,0.042750615546892
0.0170519152063842,0.01722994120392724
0.0318099,0.03189232980667855
0.0130792,0.01267898085342548
0.0100246,0.009520081212435035
0.0082411,0.008169234445749064
0.0142723639866622,0.014380647557953038
