target,moment
90.663631358,90.67979006416033
