target,moment
0.2165556656512729,0.21631311350902255
0.233729031160127,0.21559398676718425
0.0672049461385212,0.06261199886801284
0.1094507590702438,0.14214951840075973
0.0339758263448995,0.030408136816200887
0.0562960172915832,0.05379491805539941
0.2827877543433519,0.27912832758342015
