target,moment
0.027820599079132,0.02509385481001663
0.0201067607047929,0.020474779976762746
0.0324071002006531,0.029767225048416647
0.0205700993537903,0.0033583531966016526
0.0137092995643615,0.0008540959082255157
0.0069309997558593,0.0020007271639917866
0.0169324004650116,0.013183248173960571
0.0397819995880127,0.02885047329014443
0.0110084998607635,0.0012908542637473021
0.019208300113678,0.012492208783851756
0.0042943000793457,0.000726613926075029
0.0127500267224018,0.00540876471113235
