target,moment
0.015629,0.015411305992763856
