target,moment
0.0168692,0.017957273974955473
