target,moment
0.000729426174,0.0007042099685685676
