target,moment
90.663631358,90.85348773639305
