target,moment
1.0,1.0
0.6774778883492533,0.7076579152910728
1.2638172087867556,1.3459556125083971
0.5196406790704696,0.4969258299125103
0.3982804721550118,0.3521443764359182
0.32742146310842,0.3283417469038383
0.5670454549185012,0.5857517540325826
