target,moment
1.0,1.0
1.08968319541132,1.095429231928412
1.17541345258769,1.1761499945519662
0.346940370796428,0.3610989223912271
0.43593184990191,0.4338408938281817
0.242070633833219,0.24287735010560504
0.611167762289279,0.6194269079389427
