target,moment
1.0,1.0
1.0793023145213338,1.048326825060893
0.3103356632873494,0.306233601220503
0.5054162805719256,0.6942170992216283
0.1568918838614548,0.14887911147467775
0.2599609533293794,0.26322797874174586
1.3058432504773845,1.3559304269179493
