target,moment
0.0168692,0.017962913892055708
