target,moment
0.1723413565516609,0.1656431705067678
0.2001451715125225,0.19933258850541916
0.0492233011970225,0.051477687627257504
0.168467104972989,0.2164883581727885
0.0285381933738058,0.028897045137261657
0.0677758953123543,0.06672544873741193
0.0150971440961255,0.012933121773432607
0.0183036890385174,0.02060556517654493
0.0333799623505598,0.02396363167114162
0.0211113551470954,0.021407188232313988
0.0071838887952674,0.0075991554250759985
0.2184329376520792,0.18492703903458438
