target,moment
0.188316744348129,0.16906022515720237
0.1208054369835447,0.12626671432086106
0.1661803577326286,0.143576624099366
0.0499610115268362,0.05725169361196447
0.0790051321704316,0.07996169669815623
