target,moment
0.1723413565516609,0.15009481502626162
0.2001451715125225,0.1924977279404868
0.0492233011970225,0.048454171170241075
0.168467104972989,0.22492191968268171
0.0285381933738058,0.026680434270298474
0.0677758953123543,0.06751141629863719
0.0150971440961255,0.012884296596669528
0.0183036890385174,0.021823527404000915
0.0333799623505598,0.029744355374013723
0.0211113551470954,0.019691664466075808
0.0071838887952674,0.007155334062818573
0.2184329376520792,0.19854033770781468
