target,moment
0.17681238219089349,0.12694689482202773
