target,moment
1.0,1.0
1.08968319541132,1.0813478640597496
1.17541345258769,1.1662561855911915
0.346940370796428,0.3575609862235569
0.43593184990191,0.4307786353491265
0.242070633833219,0.24098663527472663
0.611167762289279,0.611405475260998
