target,moment
0.015629,0.015739133065672907
