target,moment
133.80077245805202,133.70080877195159
