target,moment
1.0,1.0
0.8725795027488233,0.867634799428628
0.854808293224731,0.8591292046139603
0.621549138483011,0.7796366881421554
0.597797984767889,0.5743218810456521
0.293805456329383,0.29612495645482245
0.97595829268538,0.8944787131703422
0.7580583490804771,0.860182781928196
0.386667563757739,0.36467019138057866
0.525456673586441,0.5079089113773374
0.456857731012344,0.45929655452718837
0.5726777336793948,0.5523106283476101
