target,moment
0.5756540535451008,0.7293519272250867
