target,moment
0.1717975396788108,0.17055776637936218
0.20047291713445403,0.19633865033911163
0.047266939120298807,0.04920050165204244
0.1734466682583403,0.22093165734196077
0.027884921647295478,0.027280061066739435
0.07095896805139926,0.07211466656227038
0.3081720461094013,0.2635766966585131
