target,moment
0.0168692,0.017143355574905025
