target,moment
0.09277,0.09283560825342883
