target,moment
0.2153279271644333,0.21524901573845018
0.2325584706340076,0.23767496666430987
0.0678793701232972,0.06845288176842956
0.1088618213684275,0.13693789334259468
0.0337930161350242,0.03496865285195651
0.0559930982359334,0.056808227648548815
0.2855862963388765,0.24990836198571043
