target,moment
0.2165556656512729,0.21231234084329406
0.233729031160127,0.21652109474415174
0.0672049461385212,0.0625373233872017
0.1094507590702438,0.14328267756601945
0.0339758263448995,0.030688801775025663
0.0562960172915832,0.05425170763976345
0.2827877543433519,0.280406054044544
