target,moment
1.0,1.0
1.08968319541132,1.074302791424336
1.17541345258769,1.1649179304668962
0.346940370796428,0.3648386473274291
0.43593184990191,0.43267461171689153
0.242070633833219,0.24256033435478133
0.611167762289279,0.6066757047436432
