target,moment
0.0253038,0.025160064036304296
