target,moment
1.0,1.0
1.08968319541132,1.0823960178168681
1.17541345258769,1.1665302978820107
0.346940370796428,0.3572368114285842
0.43593184990191,0.43053026371191305
0.242070633833219,0.24140379548679627
0.611167762289279,0.6113112884290857
