target,moment
0.09277,0.09285994336892402
