target,moment
0.0251696991920471,0.049658036284724955
0.0169424664104217,0.02008711650260348
0.0313091993331909,0.029197489208569374
0.0130791997909546,0.0020568898710259347
0.0100246000289917,0.001022457246291792
0.0082410997152328,0.003509982435630853
0.0197126996517181,0.014573424325309137
0.0252290010452271,0.02280006373944357
0.0106797003746033,0.0013772890224359158
0.0184949994087218,0.010322162080616959
0.0039844000339508,0.0005562191785435652
0.0127844897880634,0.007395942235597967
