target,moment
0.2040428289529481,0.21495215191126638
0.2255852454372509,0.23711548783625586
0.0643218875038216,0.0666406045712456
0.1031564938626009,0.1651060458944727
0.0320219615813117,0.0359310691405431
0.0530585619633796,0.05685783567086818
0.018329400868127,0.017869764859139735
0.0189912032396071,0.02340669342292879
0.0265511265560509,0.026575337866517588
0.0104250119775051,0.011095547321449503
0.0209966612555152,0.021160363468880974
0.2225196168018815,0.12328909803643164
