target,moment
0.0032232954335454,0.0025362183199655395
