target,moment
1.0,1.0
0.6774778883492533,0.7071445207407969
1.2638172087867556,1.3526329533936614
0.5196406790704696,0.496916951573453
0.3982804721550118,0.35247834424284846
0.32742146310842,0.3285038588255867
0.5670454549185012,0.5830936619051404
