target,moment
1.0,1.0
1.08968319541132,1.0942770952159426
1.17541345258769,1.179349566106676
0.346940370796428,0.3610828003127929
0.43593184990191,0.4338236734721016
0.242070633833219,0.24286876383404246
0.611167762289279,0.6193865862191356
