target,moment
1.0,1.0
1.0793023145213338,1.0491296455020385
0.3103356632873494,0.3058995006837653
0.5054162805719256,0.6940874356432603
0.1568918838614548,0.14884474779463053
0.2599609533293794,0.26318787011800776
1.3058432504773845,1.3556148623323891
