target,moment
82.198645766003,82.1611181419705
