target,moment
0.0251697,0.07520953911462684
0.0170519152063842,0.017117767288930247
0.0318099,0.033452802868418306
0.0130792,0.012522685390094703
0.0100246,0.008977340823897496
0.0082411,0.008100051986415484
0.0142723639866622,0.014585891875655156
