,beta,alpha
0,0.6213240264479628,0.6440680674837042
1,0.378675973552037,0.4068920974006916
