target,moment
0.003549953,0.0033489321606155497
