target,moment
0.5319924347316454,0.7275151625244206
