target,moment
1.0,1.0
0.6774778883492533,0.7076221289299292
1.2638172087867556,1.3475784525993613
0.5196406790704696,0.49693317396564196
0.3982804721550118,0.35221419765855994
0.32742146310842,0.32837755928828394
0.5670454549185012,0.585229298054428
