target,moment
90.663631358,90.83838302275998
