target,moment
0.0087725,0.008774479400301592
