target,moment
0.0251697,0.046360241707636085
0.0170519152063842,0.01645087359107607
0.0318099,0.033685441945395585
0.0130792,0.0008744016248665518
0.0100246,0.0007418013709440191
0.0082411,0.002317713856515114
0.0142723639866622,0.004814855229276955
