target,moment
0.0087725,0.008772502822671318
