target,moment
90.663631358,90.86347822833022
