target,moment
0.09277,0.08989033323698158
