target,moment
0.22229385118866596,0.2173768725177891
0.26540854425118116,0.26695248686765155
0.09091187273534361,0.10039496830254488
0.05012344811995622,0.07499941693702494
0.03612713460067847,0.049097301567906204
0.0402802778804035,0.040037990688868826
0.019883484121561504,0.017582154312876526
0.015190454856803903,0.019045745963702055
0.034751314712792754,0.02622154794037103
0.02133889131791143,0.01914612384341346
0.20369072621470147,0.1691453910578515
