target,moment
0.0251696991920471,0.06220729363193385
0.0169424664104217,0.019229105735576135
0.0313091993331909,0.029640199108012806
0.0130791997909546,0.0019900273587512233
0.0100246000289917,0.0009901487982938398
0.0082410997152328,0.0033902693566745788
0.0197126996517181,0.014467180303077483
0.0252290010452271,0.022408912615099995
0.0106797003746033,0.0013350716778013762
0.0184949994087218,0.01012161889492912
0.0039844000339508,0.0005316917898763197
0.0127844897880634,0.007126841092103157
