target,moment
0.015629,0.015684814041927002
