target,moment
0.000729426174,0.0006646674568869278
