target,moment
0.0251697,0.0594522759001855
0.0170519152063842,0.017871666293370673
0.0318099,0.03395674383606244
0.0130792,0.012386030189528247
0.0100246,0.008895410638368077
0.0082411,0.008022895415330824
0.0142723639866622,0.014752160963740194
