target,moment
0.0251696991920471,0.050117355991992796
0.0169424664104217,0.01635034804814705
0.0313091993331909,0.024815221665485297
0.0130791997909546,0.0017401047133545297
0.0100246000289917,0.0008710266904573883
0.0082410997152328,0.00300783777330311
0.0197126996517181,0.008935441627281326
0.0252290010452271,0.017938008445510484
0.0106797003746033,0.0011784538928250041
0.0184949994087218,0.00670178760396817
0.0039844000339508,0.0004739361729041264
0.0127844897880634,0.006233995001773473
