target,moment
0.09277,0.09336636851545035
