target,moment
0.0168692,0.017080271967595782
