target,moment
0.5700000000000003,0.5702328041547498
