target,moment
0.015629,0.01575094588720499
