target,moment
0.0168692,0.01664747113472108
