target,moment
52.686792632164,53.132020569917174
