target,moment
1.0,1.0
1.0128927789318802,0.9947227375747185
1.27102639083368,1.2696589291868179
0.338405747303475,0.39335066119666906
0.593831787818305,0.5791785105947124
0.223309251967438,0.2205532004143893
0.798816312773846,0.7950599794968684
0.553047629581002,0.5983045131753827
0.335744358578053,0.33869857504788986
0.881077121345723,0.9039215880379807
0.538604531523643,0.5489516040114316
0.10443804224376,0.11281431289762274
0.4559730645988952,0.35618607647020895
