target,moment
133.80077245805202,133.83640171999429
