target,moment
0.000729426174,0.0007181540696242859
