target,moment
0.0168692,0.01760961200314252
