target,moment
0.09277,0.09359387086907416
