target,moment
0.1723744735734453,0.16104452670553884
0.2001836313003392,0.20608260794845704
0.0492327599199353,0.05146752241687142
0.1684994775206873,0.22215047646678512
0.0285436772575964,0.02823449450750335
0.0677889190917095,0.06941202059447595
0.0151000451551628,0.014278997430243093
0.0183072062654951,0.021728643257382628
0.0333863766260561,0.03197649194461912
0.0211154118936726,0.02093902750479671
0.2254680213959001,0.1726851912233269
