target,moment
1.0,1.0
1.11043237851765,1.065879368813206
1.4972143972134937,1.5914952791536945
0.284826148650757,0.4214501648982364
0.3207191387708363,0.41858852645541184
0.2370063656795177,0.23675947410727857
1.0124883458685825,0.8896211696848276
0.803144451153576,0.9956527454724298
0.450763503237386,0.33377315165228993
0.5907308071628941,0.5072670685314317
0.5042291460730525,0.40117859483390067
