target,moment
0.0087725,0.008772218611545328
