target,moment
1.0,1.0
1.08968319541132,1.0826260791663536
1.17541345258769,1.1669636712961162
0.346940370796428,0.35734629755030073
0.43593184990191,0.4306458612444785
0.242070633833219,0.24144791941006205
0.611167762289279,0.6114842398345383
