target,moment
0.1689535601455536,0.1621362527577096
0.1973908323340822,0.20302318694444235
0.0482556952420234,0.05052862786844615
0.1651554665816334,0.21965606522056522
0.0279772044685131,0.027891281132295692
0.0664435921487136,0.06869814112382663
0.0148003723198397,0.01399269737101755
0.0179438846759203,0.021043964799195
0.0327237964786536,0.0315590494912389
0.0102222385003256,0.009987607956261602
0.0206963591500438,0.020675604821399997
0.2294369979546971,0.1708075205136012
