target,moment
0.07421839,0.08853119518714676
