target,moment
0.0032483599077012,0.001598432660367959
0.0008911894812772,0.0001554965498101705
0.0005769283323049,0.00020576035090749383
