target,moment
103.97994720522301,103.65179591516818
