target,moment
0.4933725017873906,0.47572148457917157
