target,moment
0.0251696991920471,0.04998422246313715
0.0169424664104217,0.02001210529026887
0.0313091993331909,0.02949677313763966
0.0130791997909546,0.0020500216101519892
0.0100246000289917,0.001023387500098615
0.0082410997152328,0.0035160206458378753
0.0197126996517181,0.01459149990920455
0.0252290010452271,0.022789166351353658
0.0106797003746033,0.0013793013408931302
0.0184949994087218,0.010322294372904361
0.0039844000339508,0.0005561856022284062
0.0127844897880634,0.007380232922089099
