target,moment
0.0251697,0.06573250318922899
0.0170519152063842,0.016921004569475456
0.0318099,0.03248328516309364
0.0130792,0.00037474350792602196
0.0100246,8.310915400057123e-06
0.0082411,0.0013181778491454163
0.0142723639866622,0.015921563221145785
