target,moment
0.09277,0.09117226282542258
