target,moment
1.0,1.0
1.08968319541132,1.1045407658147477
1.17541345258769,1.1839381148537342
0.346940370796428,0.3575446690896079
0.43593184990191,0.4345669067779091
0.242070633833219,0.24228888220416434
0.611167762289279,0.61258950782783
