target,moment
1.0,1.0
1.08968319541132,1.0817285152576313
1.17541345258769,1.1664641063762358
0.346940370796428,0.357704584843071
0.43593184990191,0.4310164663612353
0.242070633833219,0.24110766296349226
0.611167762289279,0.6114509549898919
