target,moment
0.015629,0.01574005576428077
