target,moment
90.663631358,91.04315515537053
