target,moment
0.1200626194103338,0.21876690203623
0.1211887588058545,0.23298256431176476
0.0035804162844133,0.03108452138388001
0.0004965786572176,0.032307738329860995
0.002462693476303,0.007823299024688125
0.0600304680464258,0.08974300174062756
0.1343304183885601,0.047372511927946344
0.0637303998720678,0.03979272431058093
0.0018651157701598,0.007315798808457766
0.0004460791327548,0.007440590600663459
0.0016008349254711,0.002337200585670068
0.0392297139201939,0.018367806854331106
0.0400814725661333,0.015408532818918448
0.0389368166783096,0.01995389107553772
0.0006682770403912,0.0052772886406356485
9.931573144352892e-05,0.002468801002303349
0.0002592308922424,0.0005568028844335465
0.0194675666804137,0.00995835591995349
0.0304225968538796,0.00970232441177212
0.03434640990464,0.021794395049536498
0.0521424423253347,0.04450118443233153
0.0001026823664077,0.002383618033384242
0.0003332968614545,0.0006652406368561083
0.01717320495232,0.012542603998785859
0.0103574524673225,0.005572395613740501
0.0083223216314713,0.006462846194640183
0.0012540715241598,0.002662829113977619
0.0003282469090082,0.0005872717138309582
0.0001245654936749,0.0002470854354487752
0.0041611608157356,0.0018683547259551296
0.0135473390958901,0.004080312175771687
0.0109735466657688,0.0059033057761241235
0.0026175586846557,0.003243890597707152
0.0003770631159889,0.0006168458886384317
9.258246151515408e-05,0.0009467432785493025
0.0054859316741434,0.0022682676934237546
0.0671694174879853,0.03161920856198428
0.0583101175797261,0.02159535105272323
0.0318651999360339,0.025494215960409003
0.0009325578850799,0.002537567856460286
0.0002238812251184,0.002917121047286219
0.0007995758039945,0.0008286884941795805
