target,moment
0.015629,0.015167318352711486
