target,moment
1.0,1.0
1.08968319541132,1.0816657046091522
1.17541345258769,1.1676237879522444
0.346940370796428,0.3576916929859126
0.43593184990191,0.4309831534003239
0.242070633833219,0.24109503835999035
0.611167762289279,0.6114427827611283
