target,moment
0.2165556656512729,0.21398566047098377
0.233729031160127,0.2159897000507721
0.0672049461385212,0.062436631574582444
0.1094507590702438,0.14297805093240584
0.0339758263448995,0.030610108859580543
0.0562960172915832,0.0541254562804881
0.2827877543433519,0.27987439183118723
