target,moment
0.0168692,0.016819296164329676
