target,moment
0.09277,0.0958570519009571
