target,moment
0.0047164777212821,0.0045879596945480345
