target,moment
0.0087725,0.01128140400814888
