target,moment
0.0251697,0.04988040917353647
0.0170519152063842,0.017367977510063207
0.0318099,0.032921965739679926
0.0130792,0.01276419181587341
0.0100246,0.009256343134227088
0.0082411,0.008206159544355267
0.0142723639866622,0.014606863173769606
