target,moment
0.027820599079132,0.02717292857671855
0.0201410956216747,0.020494948779817296
0.0324071002006531,0.03213079195067721
0.0205700993537903,0.0039027493161703205
0.0137092995643615,0.0008792555852006641
0.0069309997558593,0.0022469830870686896
0.0169324004650116,0.016651287125916358
0.0397819995880127,0.03864801128290281
0.0110084998607635,0.001364603732540504
0.0042943000793457,0.004122314474706507
0.0073146998882293,0.0024533867498468063
0.0135465587074145,0.006432050445759645
