target,moment
0.000729426174,0.0006563340722651601
