target,moment
0.0251697,0.06320093401930116
0.0170519152063842,0.016801418183486204
0.0318099,0.03635573148785494
0.0130792,0.012472499740737808
0.0100246,0.009456985284686425
0.0082411,0.008318217582738518
0.0142723639866622,0.014316931982059598
