target,moment
0.2165556656512729,0.21748971572275042
0.233729031160127,0.21483637687646284
0.0672049461385212,0.06257345860042413
0.1094507590702438,0.1422642231425356
0.0339758263448995,0.03048440865097165
0.0562960172915832,0.053899392840342286
0.2827877543433519,0.278452424166513
