target,moment
0.09277,0.09599001331133729
