target,moment
0.4750989714792567,0.3841122368478334
