target,moment
0.0168692,0.01730781945209306
