target,moment
0.000729426174,0.0005792662419331117
