target,moment
0.0251697,0.04663450314427072
0.0170519152063842,0.017005831577037462
0.0318099,0.03250944616222694
0.0130792,0.0010499801619309613
0.0100246,0.0009693908728521839
0.0082411,0.003332402251516871
0.0142723639866622,0.003514332907827503
