target,moment
0.2165556656512729,0.21369058058046903
0.233729031160127,0.21841668079641194
0.0672049461385212,0.06329698876509751
0.1094507590702438,0.14190018072507266
0.0339758263448995,0.030542641884889976
0.0562960172915832,0.05428424756015886
0.2827877543433519,0.2778686796879001
