target,moment
90.663631358,90.84569207612346
