target,moment
0.003549953,0.003437594069639397
