target,moment
0.0251697,0.04642595739531007
0.0170519152063842,0.01741645485089073
0.0318099,0.0322753229020937
0.0130792,0.012659833427652045
0.0100246,0.00940713183966195
0.0082411,0.008150619851038774
0.0142723639866622,0.014516640869129604
