target,moment
0.48000000000000004,0.480130651779408
