target,moment
0.027820599079132,0.02754133232196542
0.0201410956216747,0.020383450670225255
0.0324071002006531,0.032558984048862004
0.0205700993537903,0.003573353283007509
0.0137092995643615,0.0008020133632955693
0.0069309997558593,0.0020770206581611373
0.0169324004650116,0.016666220654210757
0.0397819995880127,0.03885785234473972
0.0110084998607635,0.001252352878829141
0.0042943000793457,0.0007574873164604796
0.0133872343614895,0.005949112977094983
