target,moment
0.0047164777212821,0.004644352975143592
