target,moment
1.0,1.0
1.08968319541132,1.0811874547920919
1.17541345258769,1.1674244757971715
0.346940370796428,0.3577031629429404
0.43593184990191,0.4310438968620343
0.242070633833219,0.241112991400028
0.611167762289279,0.6111565102223022
