target,moment
0.0251697,0.06784066294103183
0.0170519152063842,0.01749981128417738
0.0318099,0.03413743974285911
0.0130792,0.01269000490750832
0.0100246,0.0092635976005249
0.0082411,0.008331910665050499
0.0142723639866622,0.014674480812648265
