target,moment
90.663631358,91.28013148816724
