target,moment
133.80077245805202,133.96580273521107
