target,moment
0.027820599079132,0.027531654978478454
0.0201410956216747,0.020387383119024827
0.0324071002006531,0.032557330000198406
0.0205700993537903,0.0035760931668794376
0.0137092995643615,0.0008026894318714657
0.0069309997558593,0.002078692792308235
0.0169324004650116,0.016670942096649488
0.0397819995880127,0.03886824696535674
0.0110084998607635,0.0012530254304373902
0.0042943000793457,0.0007575946049920927
0.0133872343614895,0.0059518047842029905
