target,moment
0.1723744735734453,0.16722306159937297
0.2001836313003392,0.20641035832672217
0.0492327599199353,0.052778459451803796
0.1684994775206873,0.20420672308943863
0.0285436772575964,0.029011918181114184
0.0677889190917095,0.07151013704477717
0.0151000451551628,0.014637195758515867
0.0183072062654951,0.02227777486550106
0.0333863766260561,0.03287669461535435
0.0211154118936726,0.021511267980047166
0.2254680213959001,0.17755640908735254
