target,moment
0.000729426174,0.0006497163082008236
