target,moment
0.0251697,0.05006395584852269
0.0170519152063842,0.017378149297385348
0.0318099,0.03291650098938578
0.0130792,0.012764738661158074
0.0100246,0.009249965906853638
0.0082411,0.008205450248373092
0.0142723639866622,0.014616857939901053
