target,moment
0.09277,0.09518914262518519
