target,moment
0.1723744735734453,0.16242774041787025
0.2001836313003392,0.2046512063908141
0.0492327599199353,0.0513997901218827
0.1684994775206873,0.2213883536326355
0.0285436772575964,0.02840792985444436
0.0677889190917095,0.06954748223786508
0.0151000451551628,0.01426587344473556
0.0183072062654951,0.021275525749658672
0.0333863766260561,0.03193090992634759
0.0211154118936726,0.020887515227523717
0.2254680213959001,0.17381767299622236
