target,moment
1.0,1.0
1.08968319541132,1.0742770984539827
1.17541345258769,1.1656983189740373
0.346940370796428,0.3648129145241552
0.43593184990191,0.4326472028676327
0.242070633833219,0.24253390145494477
0.611167762289279,0.6067187348505281
