target,moment
0.4750989714792567,0.3948207064904878
