target,moment
0.5041542523556912,0.5123377382493854
