target,moment
0.015182280000000001,0.016986307608580956
