target,moment
0.09277,0.09297237492176616
