target,moment
0.5748805271446802,0.47160536002151565
