target,moment
53.09828038991699,52.98892611139546
