target,moment
0.0247983002662659,0.052620591938773664
0.0167409804276558,0.01807699320335401
0.0272177004814147,0.027260099631672502
0.0063872998952865,0.0004763243327882624
0.0104751002788543,0.0004916029791461503
0.006866899728775,0.0006639368469153383
0.0159226860322164,0.0047993434871186685
