target,moment
0.0168692,0.018201973945940187
