target,moment
90.663631358,91.19234002771813
