target,moment
0.0251697,0.05945984650255602
0.0170519152063842,0.017871736604793968
0.0318099,0.03395646275432396
0.0130792,0.012385860796007626
0.0100246,0.008895231511379527
0.0082411,0.008022791772727475
0.0142723639866622,0.014752120415339678
