target,moment
0.0168692,0.018717676273963122
