target,moment
0.0168692,0.0179468878908006
