target,moment
0.2165556656512729,0.21464849753249468
0.233729031160127,0.21568089975165539
0.0672049461385212,0.06244241096744778
0.1094507590702438,0.1428220624876768
0.0339758263448995,0.030632009521382793
0.0562960172915832,0.05420008209144918
0.2827877543433519,0.27957403764789335
