target,moment
0.0168692,0.017668127058399225
