target,moment
1.0,1.0
1.08968319541132,1.077652865214589
1.17541345258769,1.1614256962369156
0.346940370796428,0.3572088643789521
0.43593184990191,0.42998416905619274
0.242070633833219,0.24110699377921138
0.611167762289279,0.6106445653294653
