target,moment
1.0,1.0
1.08968319541132,1.09426872154933
1.17541345258769,1.1763543555162865
0.346940370796428,0.3611923160431834
0.43593184990191,0.4338555811216772
0.242070633833219,0.24285715028886165
0.611167762289279,0.6195645297642498
