target,moment
1.0,1.0
0.6774778883492533,0.7061324876390909
1.2638172087867556,1.3464946558010715
0.5196406790704696,0.4986600677430617
0.3982804721550118,0.35492804534642
0.32742146310842,0.3290685295565641
0.5670454549185012,0.5840233178017276
