target,moment
0.09277,0.09139984730210442
