target,moment
0.09277,0.093195135488056
