target,moment
0.015629,0.015738770139936315
