target,moment
0.22229385118866596,0.21845969854908365
0.26540854425118116,0.2676486808438499
0.09091187273534361,0.09743195753914567
0.05012344811995622,0.07521048734509078
0.03612713460067847,0.049226147604384554
0.0402802778804035,0.04015270542307906
0.019883484121561504,0.017618260585658626
0.015190454856803903,0.019089394352627673
0.034751314712792754,0.026297073083775404
0.02133889131791143,0.01919541658781731
0.20369072621470147,0.16967017808548748
