target,moment
0.000729426174,0.0007307725645795323
