target,moment
1.0,1.0
0.8725795027488233,0.8768864029228113
0.854808293224731,0.8864191141819271
0.621549138483011,0.8017844198895017
0.597797984767889,0.5887658237778634
0.293805456329383,0.2993808072226881
0.97595829268538,0.9158980288287872
0.7580583490804771,0.8931649963928302
0.386667563757739,0.36828874466728456
0.525456673586441,0.5190995780047971
0.569474829535268,0.4294060788886002
