target,moment
0.015629,0.015742032501508307
