target,moment
0.2165556656512729,0.21467549784333234
0.233729031160127,0.21748958006574687
0.0672049461385212,0.06290370028516656
0.1094507590702438,0.14098712162958993
0.0339758263448995,0.030366400812994868
0.0562960172915832,0.053712171983730524
0.2827877543433519,0.27986552737943887
