target,moment
0.20148744,1.038063468182959
