target,moment
0.0168692,0.016568273210207582
