target,moment
0.09277,0.08733401228466411
