target,moment
0.09277,0.13668882888331757
