target,moment
0.027820599079132,0.0240722190387282
0.0201410956216747,0.019308276120817598
0.0324071002006531,0.03872993814672608
0.0205700993537903,0.0031667139069298344
0.0137092995643615,0.0011343576179292515
0.0069309997558593,0.001957891984088902
0.0169324004650116,0.01190538195807127
0.0397819995880127,0.029997167344070545
0.0110084998607635,0.0016863790463511896
0.0042943000793457,0.0008282969368840142
0.0073146998882293,0.0035730100053831537
0.0135465587074145,0.003850595593247336
