target,moment
0.07725506,0.08377221245468504
