target,moment
0.0035352995903461,0.0023141599139801013
0.0011811781309409,0.0008086848904585168
