target,moment
0.0035352995903461,0.00928617208880312
0.0011811781309409,0.0017656188451148091
