target,moment
0.027820599079132,0.09817388796940556
0.0201410956216747,0.07735460639042081
0.0324071002006531,0.014977434220396381
0.0205700993537903,0.001922741890810984
0.0137092995643615,0.0004041906730532852
0.0069309997558593,4.1156830270456415e-05
0.0169324004650116,0.04161499350384375
0.0397819995880127,0.0458138326644123
0.0110084998607635,0.00027605261655442095
0.0042943000793457,8.610086991781425e-05
0.0133872343614895,0.002936630123154777
