target,moment
1.0,1.0
0.8725795027488233,0.99621292257255
0.854808293224731,0.9927725606437302
0.621549138483011,0.9909378583432549
0.597797984767889,0.9858985780939675
0.293805456329383,0.9845303338947192
0.97595829268538,0.9951176214808191
0.7580583490804771,0.9991363656565381
0.386667563757739,0.9840471910651157
0.525456673586441,0.9841088603154109
0.569474829535268,0.9813460426357358
