target,moment
0.0168692,0.01786238042718888
