target,moment
0.027820599079132,0.027400591381050214
0.0201410956216747,0.020357050678572942
0.0324071002006531,0.03230340600427093
0.0205700993537903,0.0034347779395300006
0.0137092995643615,0.0007749492148782318
0.0069309997558593,0.0019996786075854108
0.0169324004650116,0.016685473776641892
0.0397819995880127,0.03881451353651308
0.0110084998607635,0.0012058406624778882
0.0042943000793457,0.0007285860103347344
0.0133872343614895,0.00570380973084498
