target,moment
0.5823549874673715,0.691461966678484
