target,moment
0.0168692,0.016845230218647825
