target,moment
144.80523727796603,144.68590620831787
