target,moment
0.1723413565516609,0.1524959586726356
0.2001451715125225,0.19564897332752657
0.0492233011970225,0.049113359369498795
0.168467104972989,0.20735777464978145
0.0285381933738058,0.027330882948615326
0.0677758953123543,0.06786569005444881
0.0150971440961255,0.013822999882578164
0.0183036890385174,0.020806849134723113
0.0333799623505598,0.03135507566175996
0.0211113551470954,0.020366712077112555
0.0071838887952674,0.007216856340727122
0.2184329376520792,0.2066188678805927
