target,moment
52.059453405938,51.40488296584923
