target,moment
0.0087725,0.008143525598786092
