target,moment
1.0,1.0
1.0901923526701716,1.0720091101990208
1.17541345258769,1.1714074206294496
0.346771653959122,0.4856955311425642
0.435719747133782,0.4551566923250699
0.241952910075955,0.24384966139193068
0.6107967519438201,0.4672754658722576
