target,moment
0.09277,0.09296233304714424
