target,moment
0.025024299621582,0.04724866644517302
0.0173823287591547,0.017505134097682108
0.0298125004768371,0.03066307362988004
0.0121498000621796,0.0012849477606563158
0.0096342998743057,0.0008246681624463966
0.0075690001249313,0.002157632575519568
0.0144594650202218,0.006646134926756387
