target,moment
1.0,1.0
1.0893507354650147,1.083479843978735
1.24223685451,1.2407056263175391
0.340777830339792,0.35337400827616106
0.348126818034471,0.3507240868907692
0.232797023831249,0.23334998153231754
0.5770401503078696,0.5575152512265119
