target,moment
0.0251696991920471,0.05008978231977035
0.0169424664104217,0.02001275796603941
0.0313091993331909,0.02961779351617958
0.0130791997909546,0.0020485048288129645
0.0100246000289917,0.001022499779742188
0.0082410997152328,0.0035131908506028566
0.0197126996517181,0.014595285320421519
0.0252290010452271,0.02278438366368269
0.0106797003746033,0.001378078445322652
0.0184949994087218,0.010315495389250777
0.0039844000339508,0.0005554405063774311
0.0127844897880634,0.00737506932582562
