target,moment
90.663631358,91.28401876795945
