target,moment
0.1723744735734453,0.16374099952800936
0.2001836313003392,0.2055273987188291
0.0492327599199353,0.05133466704875558
0.1684994775206873,0.22190696904938348
0.0285436772575964,0.028185697487057113
0.0677889190917095,0.06932215629858596
0.0151000451551628,0.014223804534618587
0.0183072062654951,0.02069161089194568
0.0333863766260561,0.03190134274355549
0.0211154118936726,0.020904417288211376
0.2254680213959001,0.17226093641104814
