target,moment
0.000729426174,0.0006777954721345601
