target,moment
0.0087725,0.0087724000290689
