target,moment
0.6999999999999998,0.3164890079778802
