target,moment
0.09277,0.09408843501577491
