target,moment
0.2165556656512729,0.21533224566476072
0.233729031160127,0.21530052017982018
0.0672049461385212,0.06212769712695749
0.1094507590702438,0.14272143008846916
0.0339758263448995,0.03063613916770905
0.0562960172915832,0.05414712832418741
0.2827877543433519,0.2797348394480961
