target,moment
0.09277,0.09296901990225896
