target,moment
0.2165556656512729,0.1906459000481921
0.233729031160127,0.2099104307117338
0.0672049461385212,0.06273820962446856
0.1094507590702438,0.17521149822921434
0.0339758263448995,0.03193473428673504
0.0562960172915832,0.05775458083515766
0.2827877543433519,0.2718046462644984
