target,moment
90.663631358,90.95757336574015
