target,moment
0.000729426174,0.0006552583565902433
