target,moment
0.2165556656512729,0.2155379890931305
0.233729031160127,0.21748465207328316
0.0672049461385212,0.06287382060000071
0.1094507590702438,0.14153364400424298
0.0339758263448995,0.030458756692659468
0.0562960172915832,0.05418989333329281
0.2827877543433519,0.27792124420339054
