target,moment
1.1918881068170175,1.077242007056077
