target,moment
0.0087725,0.008776375880743092
-0.0128385999999999,-0.012903373065960524
