target,moment
0.1768123821908934,0.1760635626124487
