target,moment
0.1768123821908934,0.16792100460510337
