target,moment
144.805237277966,147.80801354711969
