target,moment
0.027820599079132,0.02324643046705623
0.0201410956216747,0.019454152510031335
0.0324071002006531,0.03624698572445721
0.0205700993537903,0.003052587579221672
0.0137092995643615,0.0010659681718464802
0.0069309997558593,0.001831147762701192
0.0169324004650116,0.011766672446022792
0.0397819995880127,0.02887650710261923
0.0110084998607635,0.0015589001775571704
0.0042943000793457,0.0008059942135419747
0.0073146998882293,0.0034027478214311542
0.0135465587074145,0.0034944142931201067
