target,moment
0.188316744348129,0.16974504354876785
0.1208054369835447,0.1211928840729002
0.1661803577326286,0.14155009755739434
0.0499610115268362,0.05954375389827291
0.0790051321704316,0.07822237325892989
