target,moment
0.188316744348129,0.1697714666676629
0.1208054369835447,0.12142515440338442
0.1661803577326286,0.14193844818113763
0.0499610115268362,0.059511604061139686
0.0790051321704316,0.0782527588378252
