target,moment
0.07725506,0.07713162182671819
