target,moment
0.07725506,0.07869912671099122
