target,moment
0.07725506,0.07713277188947298
