target,moment
0.0168692,0.016839323474783306
