target,moment
133.80077245805202,133.9850537246943
