target,moment
0.027820599079132,0.027430386704638515
0.0201410956216747,0.0203720380281068
0.0324071002006531,0.03241922165397723
0.0205700993537903,0.00352461411878281
0.0137092995643615,0.0007888685966473021
0.0069309997558593,0.0020104616738158046
0.0169324004650116,0.01666491910379162
0.0397819995880127,0.03878025730705533
0.0110084998607635,0.001211277271036727
0.0042943000793457,0.000730930888192174
0.0133872343614895,0.005739417888982638
