target,moment
0.017496806,0.017602376380655895
