target,moment
0.0251696991920471,0.050472568201789934
0.0169424664104217,0.016468109362332253
0.0313091993331909,0.02472207868810223
0.0130791997909546,0.0017571184094839212
0.0100246000289917,0.0008791861822802538
0.0082410997152328,0.0030351158559118194
0.0197126996517181,0.00901465400456165
0.0252290010452271,0.018091366980522293
0.0106797003746033,0.0011893011662661907
0.0184949994087218,0.006762939059057644
0.0039844000339508,0.00047899355947517256
0.0127844897880634,0.006291215921543858
