target,moment
0.0251697,0.04980638310507613
0.0170519152063842,0.017163378554310806
0.0318099,0.03240616168059671
0.0130792,0.0001375924337830686
0.0100246,1.8141426604025012e-06
0.0082411,0.0004733639488639301
0.0142723639866622,0.01246769524054961
