target,moment
1.0,1.0
0.8725795027488233,0.876648291242969
0.854808293224731,0.8844134884696652
0.621549138483011,0.8007457812362526
0.597797984767889,0.5915587534815016
0.293805456329383,0.3040802488235799
0.97595829268538,0.9222937524266421
0.7580583490804771,0.9197984638616598
0.386667563757739,0.37154482111658604
0.525456673586441,0.5271810345944118
0.569474829535268,0.4300555196548877
