target,moment
90.663631358,90.66283456244766
