target,moment
0.0251697,0.03608446411566056
0.0170519152063842,0.017460609382233535
0.0318099,0.032894968393893054
0.0130792,0.012778367161936307
0.0100246,0.00923987237745258
0.0082411,0.008202079012173452
0.0142723639866622,0.014714780583317882
