target,moment
106.11640247648732,105.6129068815962
