target,moment
0.003549953,0.0035030646754146254
