target,moment
0.0251696991920471,0.04676641638368339
0.0170474822517444,0.01669043335869555
0.0313091993331909,0.03400089057362721
0.0130791997909546,0.0015219854522635825
0.0100246000289917,0.0006782111837844493
0.0082410997152328,0.0021827359016224823
0.0141547485772109,0.006376606373858031
