target,moment
0.21532792716443333,0.21510853768791866
0.23255847063400767,0.2375312224558765
0.06787937012329721,0.06845432255606404
0.10886182136842755,0.13698385793146445
0.03379301613502426,0.034977014243863666
0.0559930982359334,0.0568273546796233
0.2855862963388765,0.25011769044518944
