target,moment
0.000729426174,0.0007219872349870009
