target,moment
0.027820599079132,0.022323286397715462
0.0201410956216747,0.015501318237874907
0.0324071002006531,0.027348815405888186
0.0205700993537903,0.002089155753183881
0.0137092995643615,0.000797787468671422
0.0069309997558593,0.001291317405883515
0.0169324004650116,0.011426998852334953
0.0397819995880127,0.022349809240369868
0.0110084998607635,0.0011134438915172762
0.0042943000793457,0.0005890126084757069
0.0073146998882293,0.0025702454724812413
0.0135465587074145,0.0028092303080669958
