target,moment
0.1614240754453979,0.06384225783142086
0.0796894569609718,0.04018954779336515
0.1065140407029641,0.06114800096105194
0.0278489473370487,0.023840265080589857
0.0264310737208627,0.031091747272198662
