target,moment
0.015629,0.015716086799308734
