target,moment
1.0,1.0
0.8725795027488233,0.8764315608737583
0.854808293224731,0.8860528735700846
0.621549138483011,0.8018173858582728
0.597797984767889,0.5886789404893761
0.293805456329383,0.2993007125750685
0.97595829268538,0.916213356777096
0.7580583490804771,0.8936692402180814
0.386667563757739,0.3682090382427145
0.525456673586441,0.5189642074074134
0.569474829535268,0.429243420202194
