target,moment
0.0253038,0.026835422160251608
