target,moment
90.663631358,90.70017856529643
