target,moment
0.09277,0.08934368871115209
