target,moment
1.0,1.0
0.8725795027488233,0.8850993992661469
0.854808293224731,0.889588494798981
0.621549138483011,0.8138316850361698
0.597797984767889,0.5981647059744796
0.293805456329383,0.3063825038786254
0.97595829268538,0.9910743759637988
0.7580583490804771,0.8933941979669983
0.386667563757739,0.3455437926541971
0.525456673586441,0.5275447456749491
0.456857731012344,0.4726412890273301
0.6872132804152737,0.4378129646811889
