target,moment
0.09277,0.09230754203603621
