target,moment
1.0,1.0
1.08968319541132,1.0840172243125992
1.17541345258769,1.1691584686345082
0.346940370796428,0.3582589565002047
0.43593184990191,0.4321003443963792
0.242070633833219,0.24117357711525111
0.611167762289279,0.6123135153334173
