target,moment
1.0,1.0
1.08968319541132,1.08273981612231
1.17541345258769,1.1672156486476348
0.346940370796428,0.35719362000463195
0.43593184990191,0.4305971671982702
0.242070633833219,0.2409719657786537
0.611167762289279,0.6117757415026082
