target,moment
0.09277,0.08957409554241114
