target,moment
0.574458206467511,0.5972756108661942
