target,moment
0.6191676010843071,0.6345293516268736
