target,moment
53.21291448343081,53.26695649572248
