target,moment
0.22872809873057534,0.2356281952977153
0.2530132370170688,0.25904203519646435
0.08402608475591143,0.08538312780842088
0.07395555430825063,0.09225963799121209
0.03733963009192188,0.03613293211892004
0.04722043793283708,0.04638171074708927
0.2757169571634349,0.2451723608401779
