target,moment
0.0168692,0.01685993356982936
