target,moment
90.663631358,90.96665996701904
