target,moment
1.0,1.0
1.08968319541132,1.0820039259879712
1.17541345258769,1.1668984533626925
0.346940370796428,0.35779492249342326
0.43593184990191,0.43115998323507604
0.242070633833219,0.2411942925023742
0.611167762289279,0.6117392802674916
