target,moment
1.0,1.0
1.0793023145213338,1.0494195041707601
0.3103356632873494,0.3056937469255952
0.5054162805719256,0.6941685740406776
0.1568918838614548,0.1488681180798006
0.2599609533293794,0.26323896217041126
1.3058432504773845,1.3557887705145153
