target,moment
0.0168692,0.019014770864471835
