target,moment
90.663631358,89.31539500391314
