target,moment
0.0251697,0.046817387283473795
0.0170519152063842,0.01695948030465913
0.0318099,0.03417847692177671
0.0130792,0.0010082663568481871
0.0100246,0.0008286953557010414
0.0082411,0.00259898972914211
0.0142723639866622,0.005304329463277267
