target,moment
0.0252245798110961,0.04231648951552623
0.016855523562874,0.018202616301098987
0.0277947597503661,0.02756569277208574
0.0069832998514174,0.0005631389891158325
0.0104751002788543,0.0004882529414948562
0.007021299958229,0.001141036917621237
0.0160149880799155,0.00487749024337176
