target,moment
0.003549953,0.0032558685007072576
