target,moment
0.5418056800884126,0.5790544775004559
