target,moment
0.0251697,0.04618746521397689
0.0170519152063842,0.016788352502113583
0.0318099,0.03433677265516441
0.0130792,0.0009488000641449607
0.0100246,0.0007912272397329499
0.0082411,0.0024778199967853123
0.0142723639866622,0.004935850752050976
