target,moment
1.0,1.0
1.08968319541132,1.074276488226122
1.17541345258769,1.1658192583979736
0.346940370796428,0.36480684319268386
0.43593184990191,0.432642482142233
0.242070633833219,0.24252944430917053
0.611167762289279,0.6066914408686226
