target,moment
137.301238224071,137.390311623372
