target,moment
82.198645766003,82.23267046444445
