target,moment
0.0251696991920471,0.04985847866736541
0.0169424664104217,0.020001714017940396
0.0313091993331909,0.029354976581486905
0.0130791997909546,0.002050129470340487
0.0100246000289917,0.001023495128931794
0.0082410997152328,0.0035164064046022433
0.0197126996517181,0.014582698939460076
0.0252290010452271,0.022784414835125066
0.0106797003746033,0.0013794977059465837
0.0184949994087218,0.010324377023214674
0.0039844000339508,0.0005564325067832877
0.0127844897880634,0.007380694364277859
