target,moment
1.0,1.0
1.0930777059511088,1.0923506758603632
1.17541345258769,1.1807039968846316
0.346771653959122,0.352276793196518
0.435719747133782,0.4374390798000891
0.241952910075955,0.24236421012265896
1.00152170325136,1.004605650555356
0.770342027427148,0.7792812438818996
0.450288180056851,0.45014789196100224
1.04371974139227,1.0535965748628107
0.653966544013067,0.6539109375472192
0.4017735881616045,0.3915056636303849
