target,moment
0.0032232954335454,0.0030056975950641276
