target,moment
1.0,1.0
1.08968319541132,1.081362686392513
1.17541345258769,1.1663228131726522
0.346940370796428,0.35757969560414776
0.43593184990191,0.43079600339070695
0.242070633833219,0.2409948947888649
0.611167762289279,0.6115413654164922
