target,moment
0.264734970074024,0.18031324923082637
