target,moment
1.0,1.0
0.8725795027488233,0.8726708995113105
0.854808293224731,0.8631413295328018
0.621549138483011,0.6835172075047373
0.597797984767889,0.5883035158365016
0.293805456329383,0.29467062898466245
0.97595829268538,0.9348838740373788
0.7580583490804771,0.7951931871738516
0.386667563757739,0.3760146351964104
0.525456673586441,0.5163541519728962
0.456857731012344,0.45606011177165384
0.5726777336793948,0.5669691675821183
