target,moment
0.1723413565516609,0.14784578193030237
0.2001451715125225,0.1911020600971998
0.0492233011970225,0.04742316383139392
0.168467104972989,0.23143729041265862
0.0285381933738058,0.02660676065783674
0.0677758953123543,0.06733034961856847
0.0150971440961255,0.012808206561040794
0.0183036890385174,0.021530676435739252
0.0333799623505598,0.02965690975627493
0.0211113551470954,0.019640775796339625
0.0071838887952674,0.007137625627260665
0.2184329376520792,0.19748039927538485
