target,moment
0.2165556656512729,0.19389860834756875
0.233729031160127,0.20911493080400087
0.0672049461385212,0.06258113768228947
0.1094507590702438,0.1743550385339226
0.0339758263448995,0.03177463971600712
0.0562960172915832,0.05745876480214977
0.2827877543433519,0.27081688011406135
