target,moment
0.45499999999999996,0.19472178521392322
