target,moment
0.5619652356268299,0.715160044583398
