target,moment
1.0,1.0
0.818073421122217,0.8181345428207903
0.969911657420431,0.9731906355212924
0.600321655824586,0.6372094738163674
0.610970605383614,0.6065035370510155
0.296677114399335,0.29581491493226764
0.5764409431011064,0.5557839982108775
