target,moment
0.0251697,0.057521445233706156
0.0170519152063842,0.01782757965975776
0.0318099,0.03391797603047778
0.0130792,0.012400116366155721
0.0100246,0.008928740376481142
0.0082411,0.008010743462109072
0.0142723639866622,0.014708055042225198
