target,moment
0.2165556656512729,0.21600979755144908
0.233729031160127,0.21555464109435538
0.0672049461385212,0.06247318282432955
0.1094507590702438,0.14245117132565016
0.0339758263448995,0.030499982559933102
0.0562960172915832,0.05394124019700582
0.2827877543433519,0.2790699844472769
