target,moment
0.015629,0.015467243600904098
