target,moment
0.09277,0.09301695456923974
