target,moment
1.0,1.0
0.8127322414135852,0.806006289216029
1.23132759368348,1.2387756450475516
0.328252107005196,0.3993972868919808
0.341445192754275,0.3501268049207556
0.204774111021752,0.20511064022531486
0.788006198347108,0.7984543226309392
0.586138648633994,0.6518574311698836
0.285321117586562,0.2843637337002003
0.712431576687775,0.7500137865889169
0.677492266358391,0.6753205655427431
0.3876911285887401,0.2774318734462944
