target,moment
90.663631358,90.73577909948574
