target,moment
0.027820599079132,0.027538084308949846
0.0201410956216747,0.020384963353943714
0.0324071002006531,0.03235087062580349
0.0205700993537903,0.0035714963932551814
0.0137092995643615,0.0007884826726129402
0.0069309997558593,0.0020514854773997213
0.0169324004650116,0.01666573235782678
0.0397819995880127,0.038834187526911215
0.0110084998607635,0.0012324950138991881
0.0042943000793457,0.0007445438117049942
0.0133872343614895,0.005921538508121997
