target,moment
1.0,1.0
1.08968319541132,1.0819185020206117
1.17541345258769,1.1665148901137619
0.346940370796428,0.35774501537804987
0.43593184990191,0.4310993063381386
0.242070633833219,0.24114376930617998
0.611167762289279,0.6115052030567799
