target,moment
90.663631358,91.15031596113216
