target,moment
52.059453405938,51.412627110947184
