target,moment
0.22811707452211027,0.2167399387936769
0.2626568240861447,0.2721556896421186
0.09113706573520838,0.09446824519302498
0.056946977174099675,0.08070036261903847
0.038163519921430536,0.046487713776409326
0.04223841971062133,0.04134920042218274
0.2807401188503851,0.248098849553549
