target,moment
0.0087725,0.010748797181167323
