target,moment
90.663631358,90.89435961162124
