target,moment
1.0,1.0
0.6774778883492533,0.6294221833231421
1.2638172087867556,1.4586276234221809
0.5196406790704696,0.4830287435532654
0.3982804721550118,0.3531896304335127
0.32742146310842,0.3292934470815466
0.5670454549185012,0.4837752183741717
