target,moment
1.0,1.0
0.6774778883492533,0.6294221560005597
1.2638172087867556,1.4586276636378337
0.5196406790704696,0.48302871083041177
0.3982804721550118,0.35318961504908364
0.32742146310842,0.3292934312653184
0.5670454549185012,0.4837751879022208
