target,moment
0.0251697,0.028996730422732337
