target,moment
0.3499061550503732,0.5812431747434446
0.1200626194103338,0.05735421430674389
0.1211887588058545,0.06170178697158371
0.0035804162844133,0.010052669284687222
0.0004965786572176,0.008277127371171974
0.002462693476303,0.002625628315143924
0.0600304680464258,0.028138094034810754
