target,moment
0.09277,0.09292139332729059
