target,moment
144.80523727796603,144.28528916396516
