target,moment
0.4750989714792567,0.45037307826888673
