target,moment
0.0087725,0.007350695174755082
