target,moment
0.027820599079132,0.024120271081955476
0.0201410956216747,0.020007064406357123
0.0324071002006531,0.0367604580366526
0.0205700993537903,0.003123564177732649
0.0137092995643615,0.0011348325874173083
0.0069309997558593,0.0019393790339486943
0.0169324004650116,0.012168769346621111
0.0397819995880127,0.029915627887189895
0.0110084998607635,0.0016752541708975595
0.0042943000793457,0.000838297874295099
0.0073146998882293,0.0036846118201647885
0.0135465587074145,0.00365609091838226
