target,moment
0.188316744348129,0.18059621111995033
0.1208054369835447,0.11346605121106781
0.1661803577326286,0.14480719260998348
0.0499610115268362,0.06010898505839922
0.0790051321704316,0.07784571328328925
