target,moment
0.2165556656512729,0.207871038061859
