target,moment
0.000729426174,0.0006573669040140602
