target,moment
0.5558077062836888,0.575324232812665
