target,moment
1.0,1.0
1.08968319541132,1.082256665677049
1.17541345258769,1.1676956329171206
0.346940370796428,0.35776045739415396
0.43593184990191,0.4311225735008322
0.242070633833219,0.24116410747087386
0.611167762289279,0.6115537759200521
