target,moment
0.0251697,0.04673851993915769
0.0170519152063842,0.016957829135338068
0.0318099,0.03418027263600388
0.0130792,0.0010043026512477117
0.0100246,0.0008320953255262332
0.0082411,0.0026041601670632637
0.0142723639866622,0.005268014447165611
