target,moment
0.6497469792909297,0.6490817890849198
