target,moment
0.4000000000000001,0.40038215273128697
