target,moment
0.4750989714792567,0.47139787453438114
