target,moment
0.0251697,0.04709875511422899
0.0170519152063842,0.01697292710376519
0.0318099,0.032935764307848794
0.0130792,0.0013763350529791905
0.0100246,0.0009817049363754825
0.0082411,0.0031509063394972365
0.0142723639866622,0.0051511207180465505
