target,moment
0.0087725,0.008772939035381521
