target,moment
82.198645766003,82.16038887384309
