target,moment
0.0251696991920471,0.049697766928179274
0.0169424664104217,0.019980455991656567
0.0313091993331909,0.029254677680885095
0.0130791997909546,0.0020476064852315815
0.0100246000289917,0.0010222827221469182
0.0082410997152328,0.0035123603175797914
0.0197126996517181,0.014571233493782122
0.0252290010452271,0.02276463441395748
0.0106797003746033,0.0013778970427929822
0.0184949994087218,0.01031659496607618
0.0039844000339508,0.0005558496865498439
0.0127844897880634,0.007371882011856506
