target,moment
0.0251697,0.050045613166939736
0.0170519152063842,0.01743100363600446
0.0318099,0.032600313438215095
0.0130792,5.8777679094240514e-05
0.0100246,1.3970476432241008e-06
0.0082411,0.0003892611731904635
0.0142723639866622,0.01036160123152844
