target,moment
0.0245001006126403,0.024715877248768274
0.0167215689711362,0.017021981660947434
0.026430299282074,0.026345837682054188
0.0056323999166487,0.00045841716537070766
0.0104751002788543,0.0004908637051381993
0.0063905000686645,0.0002500216233019208
0.0161208999156951,0.016055185546278716
0.0221616005897522,0.02125588034207062
0.0096591997146606,0.0019363791002286522
0.0025066998600959,0.00038640910002979434
0.0169932518584857,0.005657147223045521
