target,moment
0.1723744735734453,0.16281768280789238
0.2001836313003392,0.20495962330058085
0.0492327599199353,0.05130435967034246
0.1684994775206873,0.2218176037674479
0.0285436772575964,0.028208684293854647
0.0677889190917095,0.06953526172794423
0.0151000451551628,0.014229812685133382
0.0183072062654951,0.02166029832180037
0.0333863766260561,0.03191235404643926
0.0211154118936726,0.02091570135991605
0.2254680213959001,0.17263861801864847
