target,moment
0.0251697,0.04775282481295532
0.0170519152063842,0.019144320629206124
0.0318099,0.03390885140300688
0.0130792,0.0015732262883151554
0.0100246,0.0011621707502939113
0.0082411,0.0037455638369566324
0.0142723639866622,0.02489717212107531
