target,moment
0.4750989714792567,0.49560803625528266
