target,moment
0.0251697,0.05212624831559977
0.0170519152063842,0.01707907728377828
0.0318099,0.032612487998560764
0.0130792,0.0015982189476544412
0.0100246,0.001104515639640458
0.0082411,0.0035913490846508763
0.0142723639866622,0.00674306862398968
