target,moment
1.0,1.0
1.08968319541132,1.0820863940028866
1.17541345258769,1.1663553569442988
0.346940370796428,0.35720909119476413
0.43593184990191,0.4308088718891109
0.242070633833219,0.24115462281373834
0.611167762289279,0.6112019716395193
