target,moment
0.0017749765,0.0017798704513759128
