target,moment
0.2165556656512729,0.21665651697189944
0.233729031160127,0.21539254838821
0.0672049461385212,0.06241267408075587
0.1094507590702438,0.14234333861412748
0.0339758263448995,0.03047403412679328
0.0562960172915832,0.053855762115627294
0.2827877543433519,0.2788651257025866
