target,moment
1.0,1.0
0.6774778883492533,0.7075700041621541
1.2638172087867556,1.3474177520652
0.5196406790704696,0.4969289778350929
0.3982804721550118,0.3522140143550039
0.32742146310842,0.3283766215519778
0.5670454549185012,0.5852094815217388
