target,moment
0.2165556656512729,0.21655108495307884
0.233729031160127,0.21544405097441732
0.0672049461385212,0.0623035893676936
0.1094507590702438,0.14234928405688255
0.0339758263448995,0.030473521056063418
0.0562960172915832,0.053904432911274475
0.2827877543433519,0.2789740366805897
