target,moment
0.0168692,0.018128212707125772
