target,moment
90.663631358,91.07493683028693
