target,moment
0.0251697,0.04673840497564272
0.0170519152063842,0.01695803217882535
0.0318099,0.03418028892971613
0.0130792,0.0010043279525283066
0.0100246,0.000832092495587849
0.0082411,0.0026041355114505066
0.0142723639866622,0.005268092196408149
