target,moment
0.1723744735734453,0.16240649598548892
0.2001836313003392,0.20513698309020306
0.0492327599199353,0.051407048489803875
0.1684994775206873,0.22198028615192786
0.0285436772575964,0.028214034796917593
0.0677889190917095,0.06952117825762538
0.0151000451551628,0.014245899041936974
0.0183072062654951,0.021683011197311995
0.0333863766260561,0.031915404253768924
0.0211154118936726,0.0209173948568595
0.2254680213959001,0.1725722638781559
