target,moment
0.09277,0.09309817011089427
