target,moment
0.027820599079132,0.027527312934792977
0.0201410956216747,0.020391259036248794
0.0324071002006531,0.03258441949730287
0.0205700993537903,0.003551681310731869
0.0137092995643615,0.0008084533348958761
0.0069309997558593,0.0020846348745255628
0.0169324004650116,0.016676999389236398
0.0397819995880127,0.038884965817999634
0.0110084998607635,0.001260600025460924
0.0042943000793457,0.0007622475911801765
0.0133872343614895,0.005946564419757128
