target,moment
0.0047164777212821,0.004696121558214779
