target,moment
0.0168692,0.01765190226078984
