target,moment
90.663631358,90.80903250977998
