target,moment
0.015629,0.015102673065577209
