target,moment
0.017496806,0.017513593923836543
