target,moment
1.0,1.0
1.0901923526701716,1.0688328463463386
1.17541345258769,1.169842143222426
0.346771653959122,0.4260782464130379
0.435719747133782,0.4482680635041405
0.241952910075955,0.24314794954991997
0.6107967519438201,0.5121283176357091
