target,moment
0.0087725,0.008445230646590876
