target,moment
0.000729426174,0.0007123413147029073
