target,moment
1.0,1.0
1.08968319541132,1.0815686636513804
1.17541345258769,1.1666940582179897
0.346940370796428,0.3577080066055161
0.43593184990191,0.43102510788091364
0.242070633833219,0.2411133705812963
0.611167762289279,0.6114507914207101
