target,moment
0.017496806,0.017601696678136436
