target,moment
0.2165556656512729,0.2192601674997424
0.233729031160127,0.21439208215309888
0.0672049461385212,0.06184142171797648
0.1094507590702438,0.14207736459127102
0.0339758263448995,0.030424723362999083
0.0562960172915832,0.053818706160753314
0.2827877543433519,0.2781855345141587
