target,moment
0.5041542523556912,0.5270952738723075
