target,moment
1.0,1.0
1.08968319541132,1.0809909521028356
1.17541345258769,1.1666328401085746
0.346940370796428,0.3575048134164525
0.43593184990191,0.4307780619166422
0.242070633833219,0.24097827634971467
0.611167762289279,0.6111857264844806
