target,moment
0.2165556656512729,0.21540466010118445
0.233729031160127,0.21542094455517546
0.0672049461385212,0.06243495121322483
0.1094507590702438,0.14297865126407902
0.0339758263448995,0.03061982361255695
0.0562960172915832,0.05414007605755651
0.2827877543433519,0.2790008931962229
