target,moment
1.0,1.0
1.08968319541132,1.0812830485063816
1.17541345258769,1.1676420866299766
0.346940370796428,0.3574931495359155
0.43593184990191,0.4307130129498514
0.242070633833219,0.24093810351485023
0.611167762289279,0.6112543070381222
