target,moment
0.0251697,0.046847358350441896
0.0170519152063842,0.016978608124847257
0.0318099,0.034150620433236786
0.0130792,0.0010085890182803224
0.0100246,0.0008346313863912511
0.0082411,0.0026125692288585427
0.0142723639866622,0.005304247511235712
