target,moment
1.0,1.0
1.08968319541132,1.0742767339205312
1.17541345258769,1.1656266398345212
0.346940370796428,0.36482029469950755
0.43593184990191,0.4326518177858826
0.242070633833219,0.2425369105135416
0.611167762289279,0.6067403429370569
