target,moment
0.3499061550503732,0.5875664622837338
0.1200626194103338,0.06326399081323605
0.1211887588058545,0.065301265749459
0.0035804162844133,0.010592997537403082
0.0004965786572176,0.00855242376972015
0.002462693476303,0.0027418857341173575
0.0600304680464258,0.03181507425311083
