target,moment
90.663631358,91.19772180410851
