target,moment
0.2040428289529481,0.2149393826362818
0.2255852454372509,0.2372569371875734
0.0643218875038216,0.06665197957682462
0.1031564938626009,0.16503641702750438
0.0320219615813117,0.03591459871502118
0.0530585619633796,0.056835290389637735
0.018329400868127,0.017875990145890624
0.0189912032396071,0.023419169261015827
0.0265511265560509,0.026561475054239413
0.0104250119775051,0.011100713838680153
0.0209966612555152,0.021150567292253113
0.2225196168018815,0.12325747887507768
