target,moment
0.188316744348129,0.1619753785114009
0.1208054369835447,0.11594554384511521
0.1661803577326286,0.13771895028253586
0.0499610115268362,0.06127648558203629
0.0790051321704316,0.08214925864008701
