target,moment
0.1723413565516609,0.15078847848499172
0.2001451715125225,0.19113494772821238
0.0492233011970225,0.04786591766801346
0.168467104972989,0.23240365610557331
0.0285381933738058,0.02677678327970689
0.0677758953123543,0.06580952309084374
0.0150971440961255,0.01296885374892776
0.0183036890385174,0.02174406409203396
0.0333799623505598,0.02980452923235079
0.0211113551470954,0.019767410484822834
0.0071838887952674,0.007139901100638267
0.2184329376520792,0.1937959349838849
