target,moment
90.663631358,90.7795895817249
