target,moment
0.0251697,0.04967273999745365
0.0170519152063842,0.01741997234136848
0.0318099,0.03295722422406458
0.0130792,0.012700559957881843
0.0100246,0.009182847425295869
0.0082411,0.008205687830025543
0.0142723639866622,0.014622064506446448
