target,moment
0.6202637312297398,0.7743494664452567
