target,moment
90.663631358,90.70052004501274
