target,moment
0.0168692,0.016830465128351863
