target,moment
133.80077245805202,133.78229416945868
