target,moment
0.2165556656512729,0.21211056103803055
0.233729031160127,0.21660748635353935
0.0672049461385212,0.06256394515746573
0.1094507590702438,0.14323028932327053
0.0339758263448995,0.030686214261384518
0.0562960172915832,0.054252424333242295
0.2827877543433519,0.280549079533067
