target,moment
0.2165556656512729,0.21211056249351362
0.233729031160127,0.21660748613561528
0.0672049461385212,0.06256394521524869
0.1094507590702438,0.14323028882150898
0.0339758263448995,0.030686214113874778
0.0562960172915832,0.05425242407545528
0.2827877543433519,0.28054907914478333
