target,moment
0.000729426174,0.0006688513085646253
