target,moment
90.663631358,90.83971381916948
