target,moment
0.0168692,0.017866613858037353
