target,moment
0.2165556656512729,0.2132178825966589
0.233729031160127,0.2162031209964351
0.0672049461385212,0.06253107734899135
0.1094507590702438,0.14310391133304454
0.0339758263448995,0.030637383907272487
0.0562960172915832,0.05417449247640628
0.2827877543433519,0.2801321313411914
