target,moment
0.000729426174,0.0007172537916474398
