target,moment
0.2040428289529481,0.2148178984400217
0.2255852454372509,0.23740231947359858
0.0643218875038216,0.06701214406320624
0.1031564938626009,0.16480858479265997
0.0320219615813117,0.03586597658626881
0.0530585619633796,0.05675423141010451
0.018329400868127,0.017949742089440168
0.0189912032396071,0.023499139471384912
0.0265511265560509,0.026525997982428034
0.0104250119775051,0.011177608633536548
0.0209966612555152,0.02112199317497379
0.2225196168018815,0.12306436388237678
