target,moment
0.2165556656512729,0.22074557516612622
0.233729031160127,0.21326951833384664
0.0672049461385212,0.0637841621419499
0.1094507590702438,0.14167263808780994
0.0339758263448995,0.030333308012638283
0.0562960172915832,0.053576628700905723
0.2827877543433519,0.2766181695567233
