target,moment
0.0168692,0.018279944321615633
