target,moment
1.0,1.0
1.08968319541132,1.0826320538782712
1.17541345258769,1.1669632644262156
0.346940370796428,0.3573525175523788
0.43593184990191,0.43065763419906694
0.242070633833219,0.24145476902745444
0.611167762289279,0.6114910987537558
