target,moment
90.663631358,90.98916900460868
