target,moment
0.3499061550503732,0.5725235451291177
0.1200626194103338,0.06235650377175321
0.1211887588058545,0.06519671812766076
0.0035804162844133,0.010791499428622155
0.0004965786572176,0.008512223069971238
0.002462693476303,0.002791001136579
0.0600304680464258,0.03251469578861187
