target,moment
1.0,1.0
1.0793023145213338,1.0495330639488905
0.3103356632873494,0.3062206544419745
0.5054162805719256,0.6941313890349421
0.1568918838614548,0.14885924497906647
0.2599609533293794,0.2632362090628779
1.3058432504773845,1.3558238746622395
