target,moment
0.5679426726969605,0.6902537042394828
