target,moment
0.0032232954335454,0.003021226655149035
