target,moment
0.0245001006126403,0.05083797597246877
0.0166728529938655,0.016913910031028934
0.026430299282074,0.026382395542211234
0.0056323999166488,0.0004269905319818458
0.0104751002788543,0.0003606585896996028
0.0063905000686645,0.00018069087423281687
0.0158664130379464,0.004166565047260129
