target,moment
103.97994720522301,102.66920259698466
