target,moment
0.18479068708184113,0.18249389579995626
0.21596871447003935,0.21024463600692844
0.05482723265163498,0.05707034542511452
0.14112755925563505,0.17736811730315744
0.0328284289016446,0.03415538491763044
0.06079323499071051,0.06459191077354517
0.30966414264849457,0.2740757097736677
