target,moment
90.663631358,91.03802352270343
