target,moment
0.0087725,0.0080474902943416
