target,moment
90.663631358,90.70433349841878
