target,moment
1.0,1.0
0.6774778883492533,0.7095551301917893
1.2638172087867556,1.3529884909506122
0.5196406790704696,0.4971750198907452
0.3982804721550118,0.35216134143887357
0.32742146310842,0.32840339232203686
0.5670454549185012,0.5866632602673427
