target,moment
90.663631358,89.8495645608574
