target,moment
0.0251697,0.05607787873606644
0.0170519152063842,0.01714789058997378
0.0318099,0.03238556604638602
0.0130792,0.00012110405334371947
0.0100246,1.5859204493655012e-06
0.0082411,0.000419778666656684
0.0142723639866622,0.009707955706016898
