target,moment
0.014603,0.014754158789609232
