target,moment
0.36000000000000004,0.36138502350464424
