target,moment
0.017496806,0.01757351148618512
