target,moment
0.0251697,0.04571015060138403
0.0170519152063842,0.01700977345040886
0.0318099,0.03304060615777632
0.0130792,8.92418357512886e-05
0.0100246,1.0519112359244914e-06
0.0082411,0.00032058570089756137
0.0142723639866622,0.0058401107664703
