target,moment
0.000729426174,0.0006936603851325129
