target,moment
0.2165556656512729,0.21223073066378298
0.233729031160127,0.2166284163006642
0.0672049461385212,0.0626769959008184
0.1094507590702438,0.14306717817897455
0.0339758263448995,0.03063403617461601
0.0562960172915832,0.05414116407100685
0.2827877543433519,0.28062147871013693
