target,moment
0.017496806,0.017554315210997287
