target,moment
1.0,1.0
1.08968319541132,1.0742261268234383
1.17541345258769,1.165199011533143
0.346940370796428,0.3648428574467553
0.43593184990191,0.4326812551463337
0.242070633833219,0.24257114070155614
0.611167762289279,0.6067610071307095
