target,moment
0.003549953,0.00340187192468138
