target,moment
0.09277,0.09090644208591361
