target,moment
144.805237277966,144.25286613182791
