target,moment
1.0,1.0
0.8725795027488233,0.8651826702713507
0.854808293224731,0.7863259429643803
0.621549138483011,0.6810539087764407
0.597797984767889,0.6198390166925724
0.293805456329383,0.2818275851911208
0.97595829268538,0.9734149629663088
0.7580583490804771,0.7798406729886269
0.386667563757739,0.37995624094604363
0.525456673586441,0.5002926536422232
0.456857731012344,0.4425527578899733
0.5726777336793948,0.5848873232043905
