target,moment
0.0248670201301574,0.041166701455074575
0.0168355317281029,0.017962130482652557
0.0273639998435973,0.027165917258163023
0.0063234598636626,0.00047882909565936894
0.0104751002788543,0.00044293823477336615
0.0067854199409484,0.0008344919690934846
0.0161199810611994,0.004765956903194521
