target,moment
1.0,1.0
1.0646047589816932,1.0538854070198331
1.500599425622776,1.5016375084581142
0.3369427884406334,0.413717940171667
0.5652312040602047,0.5417932736125816
0.2309227698520977,0.22442625250790832
0.5927063124348875,0.5097347305120898
