target,moment
0.09277,0.09293517111306838
