target,moment
0.20704909106671346,0.20612697518590964
0.23013020092962974,0.23058456457778762
0.06444733811282127,0.066373038352811
0.11479758120423614,0.146008235006056
0.03286654204393231,0.03383588163414911
0.05660501180852681,0.058210411632560174
0.29410423483414033,0.25886089361072656
