target,moment
90.663631358,90.22245381268587
