target,moment
1.0,1.0
1.08968319541132,1.0866187338377518
1.17541345258769,1.1787182986130782
0.346940370796428,0.3590145616411734
0.43593184990191,0.43074557020837545
0.242070633833219,0.24183723490394693
0.611167762289279,0.623070731459178
