target,moment
0.5319924347316454,0.7266262147137862
