target,moment
0.2165556656512729,0.19284793887429746
0.233729031160127,0.20935547573889338
0.0672049461385212,0.06267357985010308
0.1094507590702438,0.1746325081187097
0.0339758263448995,0.03182821856140035
0.0562960172915832,0.05756093433298029
0.2827877543433519,0.27110134452361573
