target,moment
0.400749027516048,0.6070203598100323
0.1099457351100976,0.033420682915279235
0.0711754468984532,0.0657563875020532
