target,moment
1.0,1.0
0.8725795027488233,0.7189683394281312
0.854808293224731,0.7364002277424365
0.621549138483011,0.7637703712749133
0.597797984767889,0.48678380304399427
0.293805456329383,0.25855243773617304
0.97595829268538,0.6947834094840419
0.7580583490804771,0.7970535392456264
0.386667563757739,0.29416988501010677
0.525456673586441,0.3549849853716153
0.456857731012344,0.42681664726518465
0.5726777336793948,0.44253979906370516
