target,moment
0.1723413565516609,0.13429793402578297
0.2001451715125225,0.2067925880074879
0.0492233011970225,0.04985150190077803
0.168467104972989,0.18536916826874814
0.0285381933738058,0.028666795143887407
0.0677758953123543,0.06853988738395647
0.0150971440961255,0.015472082766832991
0.0183036890385174,0.019060963258934867
0.0333799623505598,0.03373227053046197
0.0211113551470954,0.025707510173705046
0.0071838887952674,0.006790568100881596
0.2184329376520792,0.22571873043854263
