target,moment
1.0,1.0
1.089728616099639,1.0782697686831282
1.23136637665237,1.2499429950559322
0.461395025505642,0.5305566759354475
0.648127151254736,0.6677475203777715
0.281728071880857,0.29161927397588316
1.05174000524888,1.0684129858592395
0.6487597973264,0.7461372810187045
0.441611101309372,0.439066123844474
1.06211603592991,1.2564957170392543
0.550121508121508,0.55206921680467
0.281960504473917,0.30309208531563947
0.4658225241119839,0.35139410273889926
