target,moment
0.01463,0.015777935761482342
