target,moment
1.0,1.0
1.08968319541132,1.1112820746069674
1.17541345258769,1.1679001325446121
0.346940370796428,0.356978218691691
0.43593184990191,0.4315478051961796
0.242070633833219,0.24230057465907767
0.611167762289279,0.6216967809513636
