target,moment
1.0,1.0
1.08968319541132,1.0809897088190676
1.17541345258769,1.165613982615373
0.346940370796428,0.35751072916648347
0.43593184990191,0.43071013213630566
0.242070633833219,0.24095452322490404
0.611167762289279,0.6112624471831897
