target,moment
0.5418056800884126,0.5878981358101383
