target,moment
0.000729426174,0.0007251708199946123
