target,moment
0.0251697,0.049570755250665635
0.0170519152063842,0.0171370298330695
0.0318099,0.03240045668008822
0.0130792,0.00013680117197559949
0.0100246,1.8904631030341892e-06
0.0082411,0.0004630038517092148
0.0142723639866622,0.009568642160155027
