target,moment
0.09277,0.09597091110031833
