target,moment
133.80077245805202,133.81602162610355
