target,moment
0.1723413565516609,0.15333280321300477
0.2001451715125225,0.19546254669006066
0.0492233011970225,0.04922442515248626
0.168467104972989,0.20744307614618515
0.0285381933738058,0.02733415946643558
0.0677758953123543,0.06777259549040711
0.0150971440961255,0.013865018178102134
0.0183036890385174,0.02083877061299098
0.0333799623505598,0.03134512929400744
0.0211113551470954,0.02036978638967128
0.0071838887952674,0.007216458091735233
0.2184329376520792,0.20579523127491334
