target,moment
0.0251697,0.04596502537259944
0.0170519152063842,0.017350267740283892
0.0318099,0.032178622013818096
0.0130792,0.01270045596007112
0.0100246,0.009491528498586924
0.0082411,0.008166281672449517
0.0142723639866622,0.014477640784572535
