target,moment
0.0168692,0.020140233280154123
