target,moment
0.09277,0.09564823989580327
