target,moment
1.0,1.0
1.11043237851765,1.0540948750917338
1.4972143972134937,1.576618291247545
0.284826148650757,0.42202115136628254
0.3207191387708363,0.41832315201136266
0.2370063656795177,0.24265676268153286
1.0124883458685825,0.8902472345421303
0.803144451153576,0.9937444436006497
0.450763503237386,0.3332208401355539
0.5907308071628941,0.5104368672086488
0.5042291460730525,0.402879117731421
