target,moment
0.5332440948838924,0.51024798498492
