target,moment
1.0,1.0
1.0901923526701716,1.0871882329483982
1.17541345258769,1.1963388651944518
0.346771653959122,0.3549097503371492
0.435719747133782,0.43755051443025667
0.241952910075955,0.24179195929355668
0.6107967519438201,0.5974411790681396
