target,moment
0.2153279271644333,0.22113897540286115
0.2325584706340076,0.23621896444926044
0.0678793701232972,0.06782333041814409
0.1088618213684275,0.1638996080373543
0.0337930161350242,0.03607835186708208
0.0559930982359334,0.057353765738911766
0.2855862963388765,0.2174870040863863
