target,moment
90.663631358,90.74742714998806
