target,moment
0.0168692,0.01685591042989497
