target,moment
0.0033888447763523,0.003372534935809552
