target,moment
90.663631358,90.73378229451983
