target,moment
0.2165556656512729,0.21471339518635488
0.233729031160127,0.21748355292667995
0.0672049461385212,0.06290255713467847
0.1094507590702438,0.14098939917983733
0.0339758263448995,0.03036686146074112
0.0562960172915832,0.053714078917246035
0.2827877543433519,0.2798301551944622
