target,moment
0.4750989714792567,0.48882212987838836
