target,moment
0.013495360000000001,0.01406142113144555
