target,moment
90.663631358,91.0397577780589
