target,moment
0.2165556656512729,0.21556456572722912
0.233729031160127,0.21747597514850409
0.0672049461385212,0.06285283128595015
0.1094507590702438,0.1415530449516937
0.0339758263448995,0.030464672002504675
0.0562960172915832,0.05420576625113617
0.2827877543433519,0.27788314463298197
