target,moment
0.0168692,0.01796820555021908
