target,moment
1.0,1.0
0.6774778883492533,0.7087972826431934
1.2638172087867556,1.3520253696911466
0.5196406790704696,0.4959188258743814
0.3982804721550118,0.350609819144954
0.32742146310842,0.32810121513675794
0.5670454549185012,0.5858780304793982
