target,moment
0.0020067705080726,0.0020334090633335493
