target,moment
140.19866773275,131.56030731010978
