target,moment
0.0288111245632171,0.04865883764923369
0.0203712943381452,0.020019800825408426
0.0318386995792388,0.03106069980090004
0.0210348749160766,0.003985161490913636
0.0123562249541282,0.0005675139308343035
0.0067117498815059,0.0013825630779570235
0.0157519645049778,0.0064521997303927615
