target,moment
0.071287577,0.07325575979265384
