target,moment
0.2165556656512729,0.22142768031549412
0.233729031160127,0.2131056807655164
0.0672049461385212,0.06252790039021909
0.1094507590702438,0.1418518181303318
0.0339758263448995,0.03043080573566003
0.0562960172915832,0.05377540972772149
0.2827877543433519,0.276880704935057
