target,moment
0.0168692,0.019059083797361296
