target,moment
1.0,1.0
1.08968319541132,1.0742757919097308
1.17541345258769,1.165631962058209
0.346940370796428,0.3648170163508244
0.43593184990191,0.43264954776185827
0.242070633833219,0.2425354094492328
0.611167762289279,0.6067338603787785
