target,moment
0.0168692,0.0181418658882185
