target,moment
0.2165556656512729,0.2190561406541073
0.233729031160127,0.21442373562340628
0.0672049461385212,0.06185241740523813
0.1094507590702438,0.14214088846576434
0.0339758263448995,0.03043851640608423
0.0562960172915832,0.05383351116018025
0.2827877543433519,0.2782547902852195
