target,moment
133.80077245805202,133.3562748271791
