target,moment
0.0798774897070738,0.09083894491908821
0.0762090955852672,0.09509975290872907
0.0778492272618195,0.0932618526402396
0.1283519101701561,0.09778031147199526
0.1207272748036752,0.08684524386972972
0.116978231681413,0.0918668890746788
0.0489899426171668,0.07254052673027803
0.0797938538184914,0.08750560040536966
0.0489732005767849,0.0733995525760361
0.1218594800682688,0.1012508476260255
0.0632566665624709,0.0804305796485265
0.0815879312468818,0.09119714892575259
