target,moment
0.4361486759670805,0.5894899848392612
0.1457215335577039,0.12655616190641972
