target,moment
0.2165556656512729,0.2132580016618437
0.233729031160127,0.21620005974013712
0.0672049461385212,0.06254625786642894
0.1094507590702438,0.1430931813508327
0.0339758263448995,0.030633488545050803
0.0562960172915832,0.054159617322582315
0.2827877543433519,0.28010939351312425
