target,moment
0.0139999999999999,0.01362726208447323
