target,moment
0.0168692,0.017458845335175287
