target,moment
0.0168692,0.017858238799360954
