target,moment
0.1200626194103338,0.20545286306877944
0.1211887588058545,0.21889133156823506
0.0035804162844133,0.024115595281687306
0.0004965786572176,0.019448851215054287
0.002462693476303,0.006186526157269924
0.0600304680464258,0.061756636773836325
0.1343304183885601,0.05195246458217249
0.0637303998720678,0.05541506137715381
0.0018651157701598,0.008522681905933308
0.0004460791327548,0.006842169962220788
0.0016008349254711,0.0023144913610100974
0.0392297139201939,0.021101967761158368
0.0400814725661333,0.01586502973256047
0.0389368166783096,0.03162470185694318
0.0006682770403912,0.00460530253505698
9.931573144352892e-05,0.0030388575845540916
0.0002592308922424,0.0009384630517408685
0.0194675666804137,0.010656905618811007
0.0304225968538796,0.009499544185520629
0.03434640990464,0.02808461085882963
0.0521424423253347,0.03728150088406672
0.0001026823664077,0.0025193053946052143
0.0003332968614545,0.0008294309747320474
0.01717320495232,0.009358498450801004
0.0103574524673225,0.00521721017701949
0.0083223216314713,0.00661876064514118
0.0012540715241598,0.00296467845243987
0.0003282469090082,0.0006964145856836454
0.0001245654936749,0.00020252453735248495
0.0041611608157356,0.001829299648706151
0.0135473390958901,0.004691560577902224
0.0109735466657688,0.006360996168697721
0.0026175586846557,0.004716986081381856
0.0003770631159889,0.0006889209935925076
9.258246151515408e-05,0.000608014941580535
0.0054859316741434,0.001866783642267864
0.0671694174879853,0.06497475936938973
0.0583101175797261,0.026283809051896288
0.0318651999360339,0.029878161202670374
0.0009325578850799,0.0029095563542125575
0.0002238812251184,0.0023970240762091074
0.0007995758039945,0.0007917473511234374
