target,moment
0.0168692,0.017711885969364415
