target,moment
0.000729426174,0.0007179345017754368
