target,moment
1.0,1.0
1.0793023145213338,1.0494034216107913
0.3103356632873494,0.3062814232671237
0.5054162805719256,0.6941883699845764
0.1568918838614548,0.14887529221040116
0.2599609533293794,0.2629749040710319
1.3058432504773845,1.3557534069581887
