target,moment
0.2165556656512729,0.2166492635664169
0.233729031160127,0.21537800847885558
0.0672049461385212,0.06241160646773227
0.1094507590702438,0.14234174990456086
0.0339758263448995,0.030473617942945487
0.0562960172915832,0.053883960165062854
0.2827877543433519,0.27886179347442597
