target,moment
90.663631358,90.73564983182617
