target,moment
1.0,1.0
1.08968319541132,1.1083957528878636
1.17541345258769,1.168148968232481
0.346940370796428,0.35749079239474046
0.43593184990191,0.4315470901233719
0.242070633833219,0.24218988722262977
0.611167762289279,0.6166362028353088
