target,moment
90.663631358,90.73592972779407
