target,moment
0.2165556656512729,0.21735002668455772
0.233729031160127,0.21487386175000345
0.0672049461385212,0.06267904698398143
0.1094507590702438,0.14224571763038887
0.0339758263448995,0.030479137662058634
0.0562960172915832,0.05389893905847586
0.2827877543433519,0.278473270230534
