target,moment
0.2165556656512729,0.21553867644528965
0.233729031160127,0.2175165861539092
0.0672049461385212,0.06285876926971316
0.1094507590702438,0.14156283164705924
0.0339758263448995,0.03046623214388126
0.0562960172915832,0.05420684205150887
0.2827877543433519,0.27785006228863857
