target,moment
0.2165556656512729,0.19289537829500797
0.233729031160127,0.2093798051403095
0.0672049461385212,0.06277443008292401
0.1094507590702438,0.17460063465465744
0.0339758263448995,0.0318228721224845
0.0562960172915832,0.057549851033521365
0.2827877543433519,0.2709770286710953
