target,moment
0.09277,0.0930731757713562
