target,moment
0.0251697,0.04670516312790003
0.0170519152063842,0.016656632882781092
0.0318099,0.03401622624150335
0.0130792,0.0009504547407002781
0.0100246,0.0008070891369910267
0.0082411,0.0025409225592232455
0.0142723639866622,0.005122424368956166
