target,moment
0.09277,0.09295961394465084
