target,moment
0.0245001006126403,0.02465720425732026
0.0166728529938655,0.016888007420956648
0.026430299282074,0.026320842588071786
0.0056323999166488,0.00037639821727761627
0.0104751002788543,0.000481627921997551
0.0063905000686645,0.00017685478859792697
0.0161208999156951,0.016070096232861198
0.0221616005897522,0.02123047713099142
0.0096591997146606,0.0018903455052088
0.0025066998600959,0.00038502510091757014
0.0175709563918923,0.005510245209697334
