target,moment
0.2165556656512729,0.21469733629438503
0.233729031160127,0.21399340124726404
0.0672049461385212,0.06136643833801529
0.1094507590702438,0.14274632354171848
0.0339758263448995,0.030448660210286065
0.0562960172915832,0.05386801264438486
0.2827877543433519,0.2828798277239461
