target,moment
0.6374316702539873,0.7707473599747073
