target,moment
0.09277,0.09273197586591882
