target,moment
0.2165556656512729,0.19285395145177225
0.233729031160127,0.20934459717406284
0.0672049461385212,0.06267198733242925
0.1094507590702438,0.17463617406589182
0.0339758263448995,0.031829030711140266
0.0562960172915832,0.05756160743584204
0.2827877543433519,0.27110265182886173
