target,moment
1.0,1.0
1.08968319541132,1.0816508307732668
1.17541345258769,1.1664075577349189
0.346940370796428,0.3577441676477425
0.43593184990191,0.4310944177709325
0.242070633833219,0.2411435674965149
0.611167762289279,0.6116884743925927
