target,moment
0.060000000000000005,0.0592655148760433
