target,moment
1.0,1.0
1.08968319541132,1.0831013124774027
1.17541345258769,1.168128995901181
0.346940370796428,0.3578893145663639
0.43593184990191,0.4312591202525911
0.242070633833219,0.24124662650432996
0.611167762289279,0.6120476370131436
