target,moment
0.0234435,0.0231834796648428
