target,moment
0.0168692,0.0160722169546796
