target,moment
52.059453405937994,52.088174177249336
