target,moment
0.22137241763618884,0.21377923363151285
0.2636085913128428,0.26946807574355347
0.09041775951974637,0.0977943267432016
0.049927083319377875,0.07554021283947948
0.03671088276898511,0.048542607956764613
0.04004488352920303,0.04148526940637687
0.01991900346112428,0.01760073491501488
0.01522049003266172,0.018930612383997802
0.03552731225240794,0.02645874987641623
0.022576966231319443,0.019623812687923667
0.009139396410045653,0.00929092216024564
0.19553521352609696,0.16148544165551293
