target,moment
0.0015611059454019,0.0015387525286662243
