target,moment
0.29093510476226836,0.6479998091392551
