target,moment
1.0,1.0
0.8725795027488233,0.9054075828425878
0.854808293224731,0.9191708533937458
0.621549138483011,0.8046760427857507
0.597797984767889,0.5886240149233583
0.293805456329383,0.299039975295988
0.97595829268538,0.937191818779789
0.7580583490804771,0.9003987962442747
0.386667563757739,0.374127003382703
0.525456673586441,0.5188495791852171
0.569474829535268,0.42925760728686074
