target,moment
0.0168692,0.017546456184542564
