target,moment
0.015629,0.015484551892688712
