target,moment
0.000729426174,0.0006690237893407997
