target,moment
0.0245995004971821,0.025289649458880042
0.0168588644715405,0.019872647237658535
0.0266927663485209,0.021423487570232564
0.0058840332428613,0.0004676038947113268
0.0104751002788543,0.0005210334049240079
0.0065492999553679,0.0005524254156669141
0.0161267999807993,0.011985963454930516
0.0222687339782715,0.014173543865952765
0.0099185999234516,0.0013530890012184384
0.0025917998949686,0.00038393374486498733
0.0169672633392265,0.0047344054825776034
