target,moment
0.2165556656512729,0.21645506389886204
0.233729031160127,0.2154241811372784
0.0672049461385212,0.06237857414303384
0.1094507590702438,0.14238752651821798
0.0339758263448995,0.030487592236654093
0.0562960172915832,0.0539221637782909
0.2827877543433519,0.2789448982876628
