target,moment
0.0168692,0.016449164675365804
