target,moment
1.0,1.0
1.0930777059511088,1.0912861655436805
1.17541345258769,1.178092453868155
0.346771653959122,0.35225487374040637
0.435719747133782,0.4374306001019237
0.241952910075955,0.24235779619746822
1.00152170325136,1.0024236444396504
0.770342027427148,0.7778668174391016
0.450288180056851,0.45007419027555745
1.04371974139227,1.049818052549089
0.653966544013067,0.6539020512566455
0.4017735881616045,0.39147365696366193
