target,moment
0.0251697,0.04970664540110277
0.0170519152063842,0.017185148720989803
0.0318099,0.03240902596396626
0.0130792,0.00013772426896952684
0.0100246,1.8162261100131713e-06
0.0082411,0.0004807865108232484
0.0142723639866622,0.012616860350360205
