target,moment
1.0,1.0
1.08968319541132,1.0824040120125453
1.17541345258769,1.1665389694930879
0.346940370796428,0.3572391052233563
0.43593184990191,0.43053286323494167
0.242070633833219,0.2414051080639047
0.611167762289279,0.6113149446658434
