target,moment
0.0251697,0.0481051625925456
0.0170519152063842,0.017173996148610364
0.0318099,0.03379086605295585
0.0130792,0.0010308169324630854
0.0100246,0.0008369147055175513
0.0082411,0.0026348896345677266
0.0142723639866622,0.005593405504486324
