target,moment
0.0168692,0.016863858532368044
