target,moment
0.2256646882526229,0.23472115577775426
0.2505302153388435,0.26160344549191805
0.07761999294408718,0.07879755557646345
0.07823933887355441,0.09901647025457672
0.03507653717837017,0.03463460965349115
0.048126484349042556,0.048188105305215535
0.019825604702701848,0.019953960162940643
0.018428750053579187,0.020601338386488005
0.020716367660861587,0.020569745897845992
0.024197618926322884,0.02469314561628861
0.20157440172001367,0.1572204678770175
