target,moment
0.0087725,0.008777949941735927
-0.0128385999999999,-0.012766026745235134
