target,moment
0.0168692,0.018114106409869858
