target,moment
0.2165556656512729,0.21910036371280295
0.233729031160127,0.21447319033115647
0.0672049461385212,0.061907175054530555
0.1094507590702438,0.14210772537936434
0.0339758263448995,0.030437009510459617
0.0562960172915832,0.053732029066903206
0.2827877543433519,0.278242506944783
