target,moment
1.0,1.0
1.08968319541132,1.1222609933576526
1.17541345258769,1.3085788482472092
0.346940370796428,0.36707887855611476
0.43593184990191,0.4488247065354044
0.242070633833219,0.24156119782908186
0.611167762289279,0.6204835992247416
