target,moment
0.6287736153001804,0.6475635459615894
