target,moment
0.0254964995384216,0.02547873803006495
0.0172458404949436,0.017062588612146313
0.0284671998023986,0.02809601101580488
0.0074962997436523,0.0006180162272891643
0.0104751002788543,0.0007025223287346241
0.0072412997484207,0.001296425344391073
0.0164625533968843,0.005142118743681854
