target,moment
0.23207038265491375,0.24007316844835883
0.25165006962985875,0.2586636674767332
0.07852737204218908,0.07900508255889094
0.07999720901257705,0.10016519912166266
0.035706761601735804,0.03457230687014539
0.05018423023266074,0.049766311847327764
0.27186397482606495,0.23775426367688135
