target,moment
0.09277,0.20689480241795855
