target,moment
1.0,1.0
0.8725795027488233,0.8768812320770588
0.854808293224731,0.8532097604156904
0.621549138483011,0.6945190270263945
0.597797984767889,0.5823320131266625
0.293805456329383,0.2969487483740493
0.97595829268538,0.9390138616860259
0.7580583490804771,0.7852646914572755
0.386667563757739,0.3807699021047029
0.525456673586441,0.5229102423039304
0.456857731012344,0.46973445032362376
0.5726777336793948,0.5800990997709288
