target,moment
0.6076414285046692,0.7839243277449864
