target,moment
1.0,1.0
1.08968319541132,1.0702201155869038
1.17541345258769,1.1581232124961336
0.346940370796428,0.3533540404757989
0.43593184990191,0.4260506728408117
0.242070633833219,0.23873570397189608
0.611167762289279,0.6044192318863071
