target,moment
0.0251697,0.03517553766655391
0.0170519152063842,0.016931746559809224
0.0318099,0.0330711625674054
0.0130792,0.0009833600312731151
0.0100246,0.0009035951523721989
0.0082411,0.0028432121242133166
0.0142723639866622,0.004731646371085378
