target,moment
0.2165556656512729,0.18890493373826925
0.233729031160127,0.21035323667740552
0.0672049461385212,0.0627769379351898
0.1094507590702438,0.17567290554196466
0.0339758263448995,0.032020697170883766
0.0562960172915832,0.05791485049312304
0.2827877543433519,0.27235643844316404
