target,moment
0.5332440948838922,0.6601973919931928
