target,moment
82.198645766003,82.14617076114864
