target,moment
0.2040428289529481,0.21575100698417132
0.2255852454372509,0.23681534597197818
0.0643218875038216,0.06644216010932547
0.1031564938626009,0.16505027129577804
0.0320219615813117,0.03592029673752725
0.0530585619633796,0.056842819822167164
0.018329400868127,0.017812751964921776
0.0189912032396071,0.0233633116120386
0.0265511265560509,0.026568136504303112
0.0104250119775051,0.01104198544266027
0.0209966612555152,0.021155330611098117
0.2225196168018815,0.12323658294403077
