target,moment
0.5319924347316454,0.72683650704518
