target,moment
0.003549953,0.003509233804594194
