target,moment
0.2165556656512729,0.21691254889181477
0.233729031160127,0.21467602541280764
0.0672049461385212,0.062343388133888594
0.1094507590702438,0.14253468337109143
0.0339758263448995,0.03045699661692798
0.0562960172915832,0.05391160716754899
0.2827877543433519,0.27916475040592054
