target,moment
1.0,1.0
1.08968319541132,1.0819212342461515
1.17541345258769,1.1659755897789894
0.346940370796428,0.3585563647789328
0.43593184990191,0.43102964239144265
0.242070633833219,0.24112311191315644
0.611167762289279,0.6117019755867427
