target,moment
1.0,1.0
1.08968319541132,1.082027766952949
1.17541345258769,1.166242001218918
0.346940370796428,0.35713049063042934
0.43593184990191,0.430404702392495
0.242070633833219,0.24133242849546896
0.611167762289279,0.6111462759672027
