target,moment
0.2165556656512729,0.21417557604533385
0.233729031160127,0.21728687013292303
0.0672049461385212,0.06286113817227029
0.1094507590702438,0.14093283883701163
0.0339758263448995,0.030349512647729462
0.0562960172915832,0.05368627996232349
0.2827877543433519,0.2807077842024082
