target,moment
0.09277,0.08924033743828486
