target,moment
1.0,1.0
1.08968319541132,1.0942312849157931
1.17541345258769,1.1764766422266009
0.346940370796428,0.3611724759913669
0.43593184990191,0.4338549754720343
0.242070633833219,0.24311268094121707
0.611167762289279,0.6194703554645555
