target,moment
0.3499061550503732,0.5929558509469207
0.1200626194103338,0.06365081234752887
0.1211887588058545,0.06543507226196649
0.0035804162844133,0.01052811086475905
0.0004965786572176,0.008575834085040687
0.002462693476303,0.0027257409667836795
0.0600304680464258,0.03158045336008875
