target,moment
0.09277,0.0941832131905935
