target,moment
1.0,1.0
1.08968319541132,1.0830811486846468
1.17541345258769,1.1683915481426987
0.346940370796428,0.3576187359094599
0.43593184990191,0.4312221232139579
0.242070633833219,0.2413698711775166
0.611167762289279,0.6114108710451527
