target,moment
0.003549953,0.0025017001936732206
