target,moment
0.0087725,0.008755748674362974
-0.0158656,-0.015922219059962467
-0.0098115999999999,-0.009834555761301066
