target,moment
0.027820599079132,0.026749409987919113
0.0201410956216747,0.020865693592062435
0.0324071002006531,0.03383851462304235
0.0205700993537903,0.0038232529412725595
0.0137092995643615,0.0008427659463909764
0.0069309997558593,0.0013683453266740016
0.0169324004650116,0.011482537471811256
0.0397819995880127,0.024748208178065053
0.0110084998607635,0.0012750654759262634
0.0042943000793457,0.0006350943806862447
0.0073146998882293,0.002400714163388703
0.0135465587074145,0.0037847582018739464
