target,moment
0.2040428289529481,0.20316060813940426
0.2255852454372509,0.24016272024313148
0.0643218875038216,0.06634301888884178
0.1031564938626009,0.1344494099993778
0.0320219615813117,0.03414294310854849
0.0530585619633796,0.0554116727618016
0.018329400868127,0.018238439961553953
0.0189912032396071,0.021345265410205008
0.0265511265560509,0.026643061375904494
0.0104250119775051,0.01088002679675327
0.0209966612555152,0.021127502250150837
0.2225196168018815,0.16809533106432697
