target,moment
0.17286697273208274,0.16634785938050214
0.20010408386858317,0.20398830541988539
0.050561088947631824,0.05252607893391973
0.16557704171496598,0.21055196053681707
0.03178706344284612,0.031154805512869272
0.06626678476686587,0.06950030327261682
0.3128369645270242,0.2659306869433896
