target,moment
0.4933725017873906,0.47021906790845325
