target,moment
0.5787819164750729,0.7276297881080797
