target,moment
0.0284584999084473,0.04908011296121057
0.0198960712188659,0.020555242933415787
0.0310665988922119,0.030856275572803283
0.0210033011436462,0.0038669364958874874
0.0128637003898621,0.000586928226733787
0.0066983997821807,0.0014552983095936364
0.0161647070313868,0.007099941804286912
