target,moment
0.0251697,0.06714585023838701
0.0170519152063842,0.017347907232246124
0.0318099,0.03378707874927023
0.0130792,0.012606361134257772
0.0100246,0.009114171712425343
0.0082411,0.008208646413117625
0.0142723639866622,0.014629339625865113
