target,moment
1.0,1.0
1.0901923526701716,1.0693793093668635
1.17541345258769,1.175025100444439
0.346771653959122,0.4257481966633355
0.435719747133782,0.44803171471723563
0.241952910075955,0.24296297878756468
0.6107967519438201,0.5111725373968403
