target,moment
90.663631358,90.72924775998167
