target,moment
0.0251697,0.05273252181867481
0.0170519152063842,0.015200989767950009
0.0318099,0.030968423558841444
0.0130792,0.012309742031586175
0.0100246,0.009212958048960957
0.0082411,0.008158604660980206
0.0142723639866622,0.012367125501559181
