target,moment
0.0251697,0.05207990629593063
0.0170519152063842,0.016819209994150933
0.0318099,0.032354114516625496
0.0130792,0.001369329105759581
0.0100246,0.0011741321198307435
0.0082411,0.003991362426769885
0.0142723639866622,0.00515648682539704
