target,moment
1.0,1.0
1.08968319541132,1.0821142531328418
1.17541345258769,1.1670205889205785
0.346940370796428,0.357331214354445
0.43593184990191,0.43066453123886456
0.242070633833219,0.24108338143545474
0.611167762289279,0.612995688683779
