target,moment
90.663631358,91.32181590733909
