target,moment
1.0,1.0
1.08968319541132,1.080992109463443
1.17541345258769,1.1665898736702651
0.346940370796428,0.35750935277051454
0.43593184990191,0.4307748260245971
0.242070633833219,0.24098262551731567
0.611167762289279,0.6111945610199258
