target,moment
0.2040428289529481,0.21487556432819888
0.2255852454372509,0.23736920096482444
0.0643218875038216,0.06670695939409792
0.1031564938626009,0.1649936011909277
0.0320219615813117,0.03590757194661886
0.0530585619633796,0.05682062811131339
0.018329400868127,0.017889822623317307
0.0189912032396071,0.02343312499429272
0.0265511265560509,0.02655717004387485
0.0104250119775051,0.01109263818156891
0.0209966612555152,0.021146510592782546
0.2225196168018815,0.12320720762818255
