target,moment
0.0032232954335454,0.00301319452364925
