target,moment
0.5041542523556912,0.5232123912685627
