target,moment
0.09277,0.09295134846412484
