target,moment
0.003549953,0.0035035398151363286
