target,moment
90.663631358,90.64393983332432
