target,moment
0.09277,0.09348018523839538
