target,moment
0.2165556656512729,0.1928833294394421
0.233729031160127,0.20963399104630104
0.0672049461385212,0.06328142743337993
0.1094507590702438,0.17423122743629418
0.0339758263448995,0.03175453876640845
0.0562960172915832,0.05742889585601068
0.2827877543433519,0.27078659002216354
