target,moment
0.0087725,0.008772902227056704
