target,moment
0.0168692,0.017351668004559426
