target,moment
0.000729426174,0.0006803396723488059
