target,moment
0.5770710564691189,0.683877142038804
