target,moment
0.0284120996793111,0.028118309442477826
0.0202079769340558,0.020388202380688728
0.0317124327023824,0.03160093587181457
0.0209112334251403,0.004337085932234056
0.0125826664765675,0.000840883897907971
0.0067632331450779,0.0020502155271284765
0.0170258998870849,0.01678904562334845
0.0408576663335164,0.03982966080372197
0.0110430002212524,0.001470651397578287
0.0038184333841005,0.0007052409530775122
0.0138958669030895,0.00606802489068157
