target,moment
0.16943057173922424,0.16454180061663945
0.20205246277161176,0.20428265696445239
0.0469417357183435,0.04880858410091642
0.16947838862713632,0.21865059467044595
0.02697277539503856,0.026915424343921662
0.0697821098568123,0.07171411959392758
0.01513125540346706,0.013694402217312999
0.018228511464898723,0.020777966420924106
0.03272909500326394,0.031950291531649445
0.021213406917776484,0.021475700203569023
0.22803968710242717,0.17718845933624086
