target,moment
90.663631358,90.86119351135044
