target,moment
0.2165556656512729,0.20760847173524605
