,delta_dom,delta_int,welfare
USA,0.01,0.01,12.274197864571207
EUR,0.01,0.01,10.473559038349194
JAP,0.01,0.01,11.642282824673103
CHN,12.0,12.0,14.515162475950191
BRA,12.0,12.0,14.888028792615614
IND,12.0,12.0,14.662003317295927
CAN,0.01,0.01,11.338293473014389
KOR,0.01,0.01,11.863655906838133
RUS,12.0,12.0,16.17536101171089
MEX,12.0,12.0,16.39271602420041
ZAF,12.0,12.0,15.421805527993143
ROW,12.0,12.0,15.80352435357291
Negishi,,,13.003751775595603
Equal,,,15.082808485127302
