target,moment
0.09277,0.09308470666055761
