target,moment
0.0251696991920471,0.05115952006764188
0.0169424664104217,0.016588871729432058
0.0313091993331909,0.024738201253005826
0.0130791997909546,0.0017758324001171974
0.0100246000289917,0.0008881004101062724
0.0082410997152328,0.0030670299196616417
0.0197126996517181,0.00909674805231559
0.0252290010452271,0.01828453637296373
0.0106797003746033,0.0012019527314757093
0.0184949994087218,0.006841463930327974
0.0039844000339508,0.00048350824815253135
0.0127844897880634,0.006362596415976941
