target,moment
0.003549953,0.0035033635682972324
