target,moment
0.6552063296244461,0.7535245678510332
