target,moment
0.5041542523556912,0.4721769388175682
