target,moment
0.09277,0.09324704857291059
