target,moment
0.0251696991920471,0.04768454328072822
0.0169424664104217,0.020608485144575018
0.0313091993331909,0.029576819715451445
0.0130791997909546,0.00206268557564874
0.0100246000289917,0.001033298276046774
0.0082410997152328,0.003544383526337823
0.0197126996517181,0.014778989037164477
0.0252290010452271,0.02294597528584338
0.0106797003746033,0.0013920248227867196
0.0184949994087218,0.01038027365076981
0.0039844000339508,0.0005644191680411757
0.0127844897880634,0.007431814005649762
