target,moment
1.0,1.0
1.0930777059511088,1.0928619649097586
1.17541345258769,1.1811470191596547
0.346771653959122,0.35227156252911085
0.435719747133782,0.4374486932450972
0.241952910075955,0.24237514219903988
1.00152170325136,1.005139681946327
0.770342027427148,0.7797576384904704
0.450288180056851,0.45008658951651653
1.04371974139227,1.0531243472590128
0.653966544013067,0.6539278157423201
0.4017735881616045,0.3915883388214962
