target,moment
0.015629,0.015730490387601773
