target,moment
0.0168692,0.02053865380037252
