target,moment
0.000729426174,0.0007002997232511337
