target,moment
90.663631358,90.89230161700729
