target,moment
0.3499061550503732,0.5859948577820209
0.1200626194103338,0.05940902357485432
0.1211887588058545,0.06310673275057369
0.0035804162844133,0.010268123074804342
0.0004965786572176,0.008405753651612054
0.002462693476303,0.002674979191754045
0.0600304680464258,0.029196732016635307
