target,moment
1.0,1.0
1.0793023145213338,1.0466097957204263
0.3103356632873494,0.30803334442082986
0.5054162805719256,0.6935499218035548
0.1568918838614548,0.14876886952384885
0.2599609533293794,0.2630636106532402
1.3058432504773845,1.3504321380648368
