target,moment
0.0251697,0.052196522345904564
0.0170519152063842,0.016873473593397467
0.0318099,0.032402163327510426
0.0130792,0.0014292511738743618
0.0100246,0.001195533794427724
0.0082411,0.003999749441963903
0.0142723639866622,0.005435508519323169
