target,moment
0.0168692,0.016840759863892097
