target,moment
0.5152253259851384,0.5150666747198976
