target,moment
1.0,1.0
1.007873082857902,1.0124112805970686
0.972696106350949,1.0052225421832999
0.611851720421537,0.7636681409991594
0.770591189898789,0.7475099559714535
0.300710932885399,0.307814546378653
0.6833093521959515,0.5578985913403466
