target,moment
0.09277,0.09405958383366891
