target,moment
1.0,1.0
0.8725795027488233,0.8952826077480281
0.854808293224731,0.8795876018341925
0.621549138483011,0.7926260435772139
0.597797984767889,0.5826583613828118
0.293805456329383,0.2964358909705994
0.97595829268538,0.9099289111366361
0.7580583490804771,0.8856567523570393
0.386667563757739,0.3576784623162873
0.525456673586441,0.513716176078938
0.569474829535268,0.42444513356236735
