target,moment
0.0047164777212821,0.004544320353273254
