target,moment
90.663631358,90.98544291914747
