target,moment
0.46833881989808673,0.5055282689566041
