target,moment
0.09277,0.0929490547190069
