target,moment
151.91034289697,149.3267723596639
