target,moment
0.20635399296825824,0.20645044044172745
0.2292830631016558,0.22949831570125334
0.06424219380066479,0.06579538980004943
0.11683006937766531,0.14870150700639087
0.03334712326413958,0.034250251322467555
0.05701297781262358,0.05817310516015162
0.2929305796749927,0.25713099056795974
