target,moment
0.0251697,0.02979879913075253
0.0170519152063842,0.017912162137795413
0.0318099,0.034764991609598596
0.0130792,0.0014841887781880637
0.0100246,0.0011599600804277986
0.0082411,0.003573247614701093
0.0142723639866622,0.008456208973150218
