target,moment
0.0251696991920471,0.05029768532448854
0.0169424664104217,0.01645011497089408
0.0313091993331909,0.024998273732712267
0.0130791997909546,0.0017434851580040123
0.0100246000289917,0.0008721708597163433
0.0082410997152328,0.0030253201969566235
0.0197126996517181,0.00876055161480806
0.0252290010452271,0.017799844144944368
0.0106797003746033,0.0011827888458234629
0.0184949994087218,0.00663295118459571
0.0039844000339508,0.0004704321513801728
0.0127844897880634,0.00627322440725539
