target,moment
0.1200626194103338,0.10166575564766098
0.1211887588058545,0.05292704205087354
0.0035804162844133,0.0029082434774230807
0.0004965786572176,0.0004829695113665288
0.002462693476303,0.001470600107227153
0.0600304680464258,0.047149070918878794
0.1343304183885601,0.2497108746760652
0.0637303998720678,0.05292704205087354
0.0018651157701598,0.0029082434774230807
0.0004460791327548,0.0005427292660750673
0.0016008349254711,0.0019772768529424146
0.0392297139201939,0.04886278729141757
0.0400814725661333,0.020364543680026298
0.0389368166783096,0.026555111786986562
0.0006682770403912,0.0009544480802204437
9.931573144352892e-05,0.00012867179827512763
0.0002592308922424,0.0003774702690807903
0.0194675666804137,0.013576547822423181
0.0304225968538796,0.016547752227239577
0.03434640990464,0.03325456975504316
0.0521424423253347,0.026462136729715983
0.0001026823664077,0.00015171001483959022
0.0003332968614545,0.00047262029198220245
0.01717320495232,0.017303623889530145
0.0103574524673225,0.009818810609799484
0.0083223216314713,0.007947591186397658
0.0012540715241598,0.0026893159908013622
0.0003282469090082,0.00020600978747977808
0.0001245654936749,0.00011760745149662351
0.0041611608157356,0.0033595446346603697
0.0135473390958901,0.012758733383717937
0.0109735466657688,0.011193423109011422
0.0026175586846557,0.005458084704629218
0.0003770631159889,0.000297963215717308
9.258246151515408e-05,5.4038439605668436e-05
0.0054859316741434,0.005089276873172229
0.0671694174879853,0.15840947314419573
0.0583101175797261,0.03670832464107716
0.0318651999360339,0.024508534309671273
0.0009325578850799,0.0009990768023483503
0.0002238812251184,0.00016735674124607075
0.0007995758039945,0.000534993301382282
