target,moment
0.0251696991920471,0.04962216494156019
0.0169424664104217,0.019971744883055084
0.0313091993331909,0.029248327763766666
0.0130791997909546,0.002046163135735183
0.0100246000289917,0.0010216423105181517
0.0082410997152328,0.003510047938123784
0.0197126996517181,0.014569843293462411
0.0252290010452271,0.02275566400480671
0.0106797003746033,0.0013769996663379252
0.0184949994087218,0.010310962758455425
0.0039844000339508,0.0005555413304522499
0.0127844897880634,0.007366537611524776
