target,moment
0.2040428289529481,0.21491699463697603
0.2255852454372509,0.23707672331015942
0.0643218875038216,0.0667056444291257
0.1031564938626009,0.16507842868202793
0.0320219615813117,0.03592551799438488
0.0530585619633796,0.056849263577815404
0.018329400868127,0.017872750443253493
0.0189912032396071,0.0234460829317986
0.0265511265560509,0.02657033371702341
0.0104250119775051,0.011133105025732334
0.0209966612555152,0.02115715831034009
0.2225196168018815,0.12326799694136288
