target,moment
0.2165556656512729,0.18603593974434518
0.233729031160127,0.21066359119727104
0.0672049461385212,0.06262425825470867
0.1094507590702438,0.17665970189599134
0.0339758263448995,0.03220631096472121
0.0562960172915832,0.05830882675151806
0.2827877543433519,0.2735013711914446
