target,moment
0.0087725,0.008746199735639969
