target,moment
90.663631358,90.40080821130395
