target,moment
0.0251697,0.0496740504653793
0.0170519152063842,0.017152870207966787
0.0318099,0.03221095733381518
0.0130792,0.0004240410760192952
0.0100246,4.374931248587262e-05
0.0082411,0.00118669779493967
0.0142723639866622,0.007334898452143898
