target,moment
0.1723744735734453,0.16283393518070843
0.2001836313003392,0.20516746719698106
0.0492327599199353,0.05133836628802041
0.1684994775206873,0.22185992620600614
0.0285436772575964,0.028226332489648936
0.0677889190917095,0.06955378236077901
0.0151000451551628,0.014215749107436537
0.0183072062654951,0.021632127018859294
0.0333863766260561,0.03192658381214097
0.0211154118936726,0.02092475220569139
0.2254680213959001,0.17232097813372788
