target,moment
0.0047164777212821,0.004636019740817079
