target,moment
0.0031783741199109,0.0031242791246934294
