target,moment
90.663631358,90.89543902000186
