target,moment
0.2165556656512729,0.21224696456424888
0.233729031160127,0.21648431768809606
0.0672049461385212,0.06255381402019577
0.1094507590702438,0.14329805956456035
0.0339758263448995,0.030690745340425755
0.0562960172915832,0.054234116350715435
0.2827877543433519,0.2804919824717578
