target,moment
0.6076414285046692,0.7685036937307607
