target,moment
0.0168692,0.017081156050370486
