target,moment
0.0251697,0.048586961925014674
0.0170519152063842,0.01710282178799546
0.0318099,0.03249616566953294
0.0130792,0.0001257122128851964
0.0100246,1.6966664484281536e-06
0.0082411,0.0004312189558538571
0.0142723639866622,0.00852581229995178
