target,moment
1.0,1.0
1.08968319541132,1.1085923490915444
1.17541345258769,1.1760119188959568
0.346940370796428,0.3610202884287967
0.43593184990191,0.4338197478184735
0.242070633833219,0.2428658826631178
0.611167762289279,0.6191770379335084
