target,moment
1.0,1.0
0.8791807952301394,0.8686075009253255
1.36310037600348,1.36481819951304
0.3288783179342496,0.3819755284848983
0.3868099153890323,0.3881749778066423
0.212285316790425,0.21223491050943638
0.8053769884188956,0.8216967937627961
0.627428145492635,0.7021285614290036
0.2566287254373696,0.25434727460219264
0.783058103478024,0.8041327717619308
0.6374076467654234,0.641790810316002
0.1551924469537443,0.16522314935463828
0.4195811075069722,0.32451128982997823
