target,moment
0.01463,0.015324423215047749
