target,moment
0.5787819164750738,0.6770121372918577
