target,moment
0.0168692,0.01904700411919548
