target,moment
1.0,1.0
1.0930777059511088,1.0957624790875278
1.17541345258769,1.171940876305284
0.346771653959122,0.35157310758162463
0.435719747133782,0.438336131486561
0.241952910075955,0.24196147138647106
1.00152170325136,0.998565536021268
0.770342027427148,0.7745395243019839
0.450288180056851,0.4603622528655568
1.04371974139227,1.0439241329945848
0.653966544013067,0.6553572936618192
0.4017735881616045,0.3911540500323311
