target,moment
0.015629,0.015770372756262675
