,beta,alpha
0,0.6214162289734912,0.7225523605934017
1,0.37858377102650864,0.27744763940659833
