target,moment
1.0,1.0
0.8725795027488233,0.9073909297787845
0.854808293224731,1.0861615558588933
0.621549138483011,0.815760892387471
0.597797984767889,0.5996639362932862
0.293805456329383,0.30615440653746095
0.97595829268538,1.0089285275423947
0.7580583490804771,1.0136280700436016
0.386667563757739,0.37103489666521755
0.525456673586441,0.5213089500448895
0.456857731012344,0.4690679705271201
0.5726777336793948,0.5777623500007831
