target,moment
1.0,1.0
1.067414829963087,1.110362113086688
1.07007403311972,1.1144469947377178
0.359286148834362,0.4198452281292547
0.505066680632501,0.5144904227260839
0.248941333843596,0.25281878676330044
0.6202428131713247,0.5484755011923657
