target,moment
0.015629,0.015116545939726956
