target,moment
0.5545696775912603,0.5340871528276137
