target,moment
90.663631358,90.66515110965021
