target,moment
1.0,1.0
1.08968319541132,1.1188516275138298
1.17541345258769,1.1699206604413974
0.346940370796428,0.367462467526669
0.43593184990191,0.43107877672342804
0.242070633833219,0.24193030395069073
0.611167762289279,0.6123933870246984
