target,moment
0.0087725,0.008772499382750737
