target,moment
90.663631358,90.67456970183164
