target,moment
0.0251697,0.04673385646192426
0.0170519152063842,0.017011345194845835
0.0318099,0.03418502769354551
0.0130792,0.001004792358898441
0.0100246,0.0008315522945237977
0.0082411,0.002602170522726524
0.0142723639866622,0.005252806462572354
