target,moment
0.000729426174,0.0007248657705878003
