target,moment
0.1200626194103338,0.08029623771818858
0.1211887588058545,0.09693577830966679
0.0035804162844133,0.0019231853481685686
0.0004965786572176,0.00039352788582367734
0.002462693476303,0.0002741626796658599
0.0600304680464258,0.014630347483494325
0.1343304183885601,0.17485383685340633
0.0637303998720678,0.09545256405263931
0.0018651157701598,0.0023253654045266156
0.0004460791327548,0.0004992868303908947
0.0016008349254711,0.0004344224686864084
0.0392297139201939,0.014162794020333103
0.0400814725661333,0.054422093961211684
0.0389368166783096,0.045190261983003216
0.0006682770403912,0.0019470396197124491
9.931573144352892e-05,0.0002393886061113024
0.0002592308922424,6.221561411348186e-05
0.0194675666804137,0.007810232638948388
0.0304225968538796,0.0356033939797191
0.03434640990464,0.03208032261100842
0.0521424423253347,0.0665348830028103
0.0001026823664077,0.0001271869174636604
0.0003332968614545,8.191823929941974e-05
0.01717320495232,0.008203069862123652
0.0103574524673225,0.019526967603761273
0.0083223216314713,0.010688259496460122
0.0012540715241598,0.006481598161394002
0.0003282469090082,0.00016112274245955608
0.0001245654936749,4.24869027537098e-05
0.0041611608157356,0.001313574383697937
0.0135473390958901,0.018599393702045615
0.0109735466657688,0.01144830786522703
0.0026175586846557,0.008695440644394158
0.0003770631159889,0.00021107049598758526
9.258246151515408e-05,5.5546443886752773e-05
0.0054859316741434,0.002206855496538897
0.0671694174879853,0.10473277585282709
0.0583101175797261,0.03476953493314938
0.0318651999360339,0.04549029150694162
0.0009325578850799,0.0007586538135018506
0.0002238812251184,0.00014631483452272817
0.0007995758039945,0.00018828902993530086
