target,moment
1.0,1.0
1.08968319541132,1.07440204274138
1.17541345258769,1.1663358715259273
0.346940370796428,0.36482510920174427
0.43593184990191,0.43265418831565033
0.242070633833219,0.24253460153231746
0.611167762289279,0.6067382425018737
