target,moment
0.003549953,0.0034600503904677476
