target,moment
0.0168692,0.016832627982979863
