target,moment
1.0,1.0
0.8134490375839495,0.8249686924417465
0.937019852749371,0.9739398469529615
0.619016865086131,0.7554167792368213
0.683573647953481,0.6693608981155463
0.320344811894241,0.3206219857716695
0.5942672595223446,0.5008914724673138
