target,moment
0.2165556656512729,0.18534183127588552
0.233729031160127,0.2108943277506737
0.0672049461385212,0.06259972662833677
0.1094507590702438,0.1767486603608542
0.0339758263448995,0.03221632777099497
0.0562960172915832,0.05826108920659627
0.2827877543433519,0.2739380370066586
