target,moment
0.0168692,0.01709793840514158
