target,moment
82.198645766003,82.21284087284936
