target,moment
0.2040428289529481,0.2149427601091037
0.2255852454372509,0.2373561894457826
0.0643218875038216,0.06672853004494822
0.1031564938626009,0.16493679735228808
0.0320219615813117,0.03589505915612521
0.0530585619633796,0.056800357105103935
0.018329400868127,0.017912255401506948
0.0189912032396071,0.023464983146871423
0.0265511265560509,0.02654764051007234
0.0104250119775051,0.011111504982688822
0.0209966612555152,0.02113918904204507
0.2225196168018815,0.12316473370346351
