target,moment
0.0168692,0.017837827341397158
