target,moment
1.0,1.0
1.08968319541132,1.0815860061281142
1.17541345258769,1.1667721604077004
0.346940370796428,0.3577060430974295
0.43593184990191,0.43101650524170476
0.242070633833219,0.2411086869557559
0.611167762289279,0.6114551158728373
