target,moment
0.49000000000000027,0.4901975871171521
