target,moment
0.014603,0.01470895141208067
