target,moment
0.0168692,0.016591180328739647
