target,moment
0.000729426174,0.0007040073750672519
