target,moment
1.0,1.0
0.6774778883492533,0.7075973175078447
1.2638172087867556,1.3474654240849158
0.5196406790704696,0.49693285785544006
0.3982804721550118,0.35221464996900503
0.32742146310842,0.3283777081444733
0.5670454549185012,0.5852320051919015
