target,moment
1.0,1.0
1.0,1.0
1.0,1.0
1.0,1.0
1.0,1.0
1.0,1.0
0.3839041310068457,0.31556852843374505
0.5258771564297025,1.6946373620595383
0.5209214856605547,2.461754230263458
0.8983050847457628,2.403227354879235
0.6500341763499659,3.0424572453072005
0.6534967191969042,2.1640709199020534
0.1145492069448253,0.04395890732005011
0.324304241149667,0.35751045913681906
0.1866478608368594,0.6336427042227878
0.2,0.30828909385590014
0.1052631578947368,0.28573820587058446
0.324294767539678,0.4323154382235477
0.0869450177276816,0.03206770998040603
0.2860708026638626,0.3962574639239986
0.4302580770619774,0.7360147911086596
0.2067796610169491,0.30356958332180756
0.1353383458646616,0.3426541467800421
0.2860748135270035,0.5340537507164648
0.0296006581131204,0.010493009242965222
0.06931650893796,0.08381051697093966
0.0103480845626024,0.03445687918243955
0.0916784203102961,0.056068871200545274
0.050580997949419,0.08882390089210054
0.0693174807918793,0.06105429661547812
0.0387170642766769,0.013434197920730646
0.0913985278654048,0.13046889183434385
0.0215990221407339,0.07139241555260684
0.1053126469205453,0.09868561161467963
0.1864406779661017,0.13971261324861498
0.0913857887947955,0.12230955970940922
0.1919640924244829,0.10740657260125604
0.485664213109008,0.6732143099887048
0.2629385782148512,0.7774338696102047
0.2604607428302773,0.5639092149276728
0.4508474576271186,0.6178227717798801
0.3246753246753247,0.714849417679368
