target,moment
0.0251697,0.058492655053537485
0.0170519152063842,0.017847401178701865
0.0318099,0.03393240303719811
0.0130792,0.012409146066529212
0.0100246,0.008928166418289921
0.0082411,0.008023232836539952
0.0142723639866622,0.014733137092113978
