target,moment
1.0,1.0
1.08968319541132,1.0813690860500353
1.17541345258769,1.1662864675919375
0.346940370796428,0.3575885736166316
0.43593184990191,0.430814425193309
0.242070633833219,0.24100226371141828
0.611167762289279,0.611615437231987
