target,moment
1.0,1.0
1.08968319541132,1.0813690868546177
1.17541345258769,1.1662864690577823
0.346940370796428,0.35758857555850737
0.43593184990191,0.43081442902627926
0.242070633833219,0.24100226422278456
0.611167762289279,0.6116154404282356
