target,moment
0.1200626194103338,0.19174960952903325
0.1211887588058545,0.2076131280542369
0.0035804162844133,0.02240221462959617
0.0004965786572176,0.018882692805398837
0.002462693476303,0.005805269916571077
0.0600304680464258,0.05629060733725523
0.1343304183885601,0.05388027153418296
0.0637303998720678,0.06117754111052509
0.0018651157701598,0.009290010485131785
0.0004460791327548,0.00779306296171649
0.0016008349254711,0.0025512053876795707
0.0392297139201939,0.022559215787295733
0.0400814725661333,0.01770138827863052
0.0389368166783096,0.03767372751432942
0.0006682770403912,0.005486913390568635
9.931573144352892e-05,0.0037640603900388606
0.0002592308922424,0.001122605759465794
0.0194675666804137,0.012434363494614117
0.0304225968538796,0.009324697886420997
0.03434640990464,0.029444658919311334
0.0521424423253347,0.03980568308668597
0.0001026823664077,0.002742209041841317
0.0003332968614545,0.0008734000876185397
0.01717320495232,0.009597111773867746
0.0103574524673225,0.005050154423108348
0.0083223216314713,0.006739214463476297
0.0012540715241598,0.003022698513972807
0.0003282469090082,0.0007044381917564226
0.0001245654936749,0.00020744640512033386
0.0041611608157356,0.0018170197521184305
0.0135473390958901,0.004505816982112723
0.0109735466657688,0.006431364769587439
0.0026175586846557,0.004817302695936154
0.0003770631159889,0.0006926203248789221
9.258246151515408e-05,0.0006400071700104667
0.0054859316741434,0.0018434530510756742
0.0671694174879853,0.06705047798386016
0.0583101175797261,0.027818675065284345
0.0318651999360339,0.032146262929163914
0.0009325578850799,0.0030643693677037983
0.0002238812251184,0.0026397544257671032
0.0007995758039945,0.0008432743230502698
