target,moment
90.663631358,91.1618465766191
