target,moment
0.0251697,0.060255086330576385
0.0170519152063842,0.01793423645454419
0.0318099,0.034014760514907184
0.0130792,0.012398058780604663
0.0100246,0.008894937351314199
0.0082411,0.008028582949571626
0.0142723639866622,0.014809906413018343
