target,moment
0.2165556656512729,0.21649977880261836
0.233729031160127,0.215415552985291
0.0672049461385212,0.062371438173711755
0.1094507590702438,0.14237937616099414
0.0339758263448995,0.030483569419381507
0.0562960172915832,0.053922824361832926
0.2827877543433519,0.2789274600961703
