target,moment
0.0251697,0.04770493353900826
0.0170519152063842,0.01736921400457266
0.0318099,0.03174657787111008
0.0130792,0.012619467027626964
0.0100246,0.009354232798611646
0.0082411,0.008129155152358675
0.0142723639866622,0.014601307267796527
