target,moment
0.7800000000000001,0.2880090092038987
