target,moment
0.0251116331418355,0.02506101707266004
0.0167581703888748,0.017049577774213853
0.0279864668846129,0.027962798452257295
0.0067841664950052,0.0006243584165278011
0.0104751002788543,0.0007372438114628005
0.0070486998558044,0.0013449003341420766
0.0169140668710073,0.016800613390252978
0.0212474338213602,0.02091262911502451
0.0099793334801991,0.0021803139222623985
0.0030741999546686,0.00044217551230760704
0.0177402848510259,0.005823657875001418
