target,moment
1.0,1.0
1.004699342451023,0.9926529117853676
1.3615278352664666,1.365231934897813
0.3376011624990636,0.41710405411049534
0.53821018692013,0.5201618941757146
0.2267592378617186,0.22319041651720195
0.8224717023018396,0.8165926648949833
0.658887646957495,0.7295791116870627
0.3470100976874156,0.34888769585760476
0.5574288194925017,0.5680122779484829
0.4975024256593083,0.3820407114295792
