target,moment
1.0,1.0
0.8708918904661864,0.8892190832205902
0.854808293224731,0.9009058601636604
0.621549138483011,0.8085727088941855
0.597797984767889,0.5941190512043361
0.293805456329383,0.3018863764900911
0.97595829268538,0.9275112125274286
0.7580583490804771,0.9035355596199273
0.386667563757739,0.3718811177151991
1.22613445378151,1.21344106945912
0.525456673586441,0.5238536697941217
0.4908529160875781,0.3598991032385736
