target,moment
0.018546283,0.018972941253037518
