target,moment
1.0,1.0
1.08968319541132,1.075570282448237
1.17541345258769,1.1659684689176648
0.346940370796428,0.36464368308545597
0.43593184990191,0.43237724227176394
0.242070633833219,0.2423585239789764
0.611167762289279,0.6064411677332889
