target,moment
0.0251697,0.06353259634055484
0.0170519152063842,0.016929704751095943
0.0318099,0.0367207940842934
0.0130792,0.01229648455652022
0.0100246,0.009175870671011492
0.0082411,0.008298681229243774
0.0142723639866622,0.014345532555429927
