target,moment
0.5679426726969605,0.6561086707482234
