target,moment
0.0251696991920471,0.024723602624586574
0.0169424664104217,0.018187311543278094
0.0313091993331909,0.029315226020031532
0.0130791997909546,0.0019314398480484106
0.0100246000289917,0.0009934726045129714
0.0082410997152328,0.0033239223121175224
0.0197126996517181,0.016834955263653743
0.0252290010452271,0.02469848033552619
0.0106797003746033,0.001330986536404999
0.0184949994087218,0.012796390143314317
0.0039844000339508,0.0005850547589905374
0.0127844897880634,0.007131781239940318
