target,moment
0.0251697,0.04970426967156091
0.0170519152063842,0.01718201396096048
0.0318099,0.032396941965455214
0.0130792,0.00013780796285684473
0.0100246,1.8168455028682482e-06
0.0082411,0.0004808589318329594
0.0142723639866622,0.012637383525989246
