target,moment
0.1200626194103338,0.10135889964540584
0.1211887588058545,0.10674850468253579
0.0035804162844133,0.0026679279526390922
0.0004965786572176,0.0004590084213979202
0.002462693476303,0.0013671213661859006
0.0600304680464258,0.045263067769873
0.1343304183885601,0.1332234799037376
0.0637303998720678,0.10054325619426466
0.0018651157701598,0.0035934985458307912
0.0004460791327548,0.0006146323093409938
0.0016008349254711,0.002234915702697327
0.0392297139201939,0.052584275178060316
0.0400814725661333,0.02433071313945575
0.0389368166783096,0.028459011332215126
0.0006682770403912,0.0013339099020826554
9.931573144352892e-05,0.00012658639126589965
0.0002592308922424,0.0003548848192221233
0.0194675666804137,0.015456921357741456
0.0304225968538796,0.017328765187014712
0.03434640990464,0.032882350098514784
0.0521424423253347,0.06221826953023171
0.0001026823664077,0.0001229433426282803
0.0003332968614545,0.00040223548527417173
0.01717320495232,0.0200302931767354
0.0103574524673225,0.0088676092392041
0.0083223216314713,0.009051121973175506
0.0012540715241598,0.003925744400256112
0.0003282469090082,0.0001645810939863564
0.0001245654936749,0.0001274129837432558
0.0041611608157356,0.0029542134303991033
0.0135473390958901,0.010396741993311923
0.0109735466657688,0.013619599018758788
0.0026175586846557,0.007371947917038209
0.0003770631159889,0.0002519656043966389
9.258246151515408e-05,5.922189440890208e-05
0.0054859316741434,0.00564931319166284
0.0671694174879853,0.08014990580659101
0.0583101175797261,0.04720175103908492
0.0318651999360339,0.05465922130406251
0.0009325578850799,0.0010169245441590622
0.0002238812251184,0.00018703812145478486
0.0007995758039945,0.0006402150099545322
