target,moment
0.0168692,0.016986814261719548
