target,moment
0.0017059226123088444,0.0016673342176065319
