target,moment
0.09277,0.0928363846547498
