target,moment
90.663631358,90.76450625255353
