target,moment
0.09277,0.09296147591920673
