target,moment
0.2165556656512729,0.1911323925052761
0.233729031160127,0.20973757639257312
0.0672049461385212,0.06271944488429344
0.1094507590702438,0.17503404810648948
0.0339758263448995,0.03190090187984019
0.0562960172915832,0.05769238486819081
0.2827877543433519,0.271783251363337
