target,moment
0.5679426726969605,0.8149300669852295
