target,moment
0.2040428289529481,0.2148165684214774
0.2255852454372509,0.2373816168859987
0.0643218875038216,0.0669648813735122
0.1031564938626009,0.16487406691012893
0.0320219615813117,0.03589066490384096
0.0530585619633796,0.05679269204096792
0.018329400868127,0.017941222023435344
0.0189912032396071,0.02350568698879725
0.0265511265560509,0.02654383982044653
0.0104250119775051,0.011007127448688427
0.0209966612555152,0.021136593021980357
0.2225196168018815,0.12314504016072589
