target,moment
0.015629,0.015736041932108407
