target,moment
0.6698735869864653,0.655441055188983
