target,moment
0.22229385118866596,0.21733900109745175
0.26540854425118116,0.2669144904892432
0.09091187273534361,0.10042903730652447
0.05012344811995622,0.07501325096611576
0.03612713460067847,0.049096364732698274
0.0402802778804035,0.04004506886046039
0.019883484121561504,0.01757403689596035
0.015190454856803903,0.019034602127709428
0.034751314712792754,0.026229764655356914
0.02133889131791143,0.019104952616956546
0.20369072621470147,0.16921943025152286
