target,moment
0.0251696991920471,0.050201841552750676
0.0169424664104217,0.019365851022794322
0.0313091993331909,0.029399664842871463
0.0130791997909546,0.002018290789066506
0.0100246000289917,0.0010097970659764576
0.0082410997152328,0.0034610479734829614
0.0197126996517181,0.014606329531613746
0.0252290010452271,0.02268100670913642
0.0106797003746033,0.001361007716480375
0.0184949994087218,0.010256829911282914
0.0039844000339508,0.0005506303715777312
0.0127844897880634,0.0072775626059341
