target,moment
0.015629,0.01575609049459834
