target,moment
0.0087725,0.008969944510801636
-0.0128385999999999,-0.012784899832728455
