target,moment
0.0168692,0.015784916128502247
