target,moment
0.071287577,0.07743347708904373
