target,moment
0.0168692,0.016791863330733486
