target,moment
133.80077245805202,131.16613178023857
