target,moment
1.0,1.0
0.8725795027488233,0.8852239916184582
0.854808293224731,0.8890028593940936
0.621549138483011,0.8136723010859526
0.597797984767889,0.5984983593540855
0.293805456329383,0.3062360274510585
0.97595829268538,0.9911818594424969
0.7580583490804771,0.8934218894427695
0.386667563757739,0.34521696233174237
0.525456673586441,0.5271085305898318
0.456857731012344,0.4722513696637453
0.5726777336793948,0.4374965126314477
