target,moment
1.0,1.0
0.6774778883492533,0.7081402913051789
1.2638172087867556,1.3457793698753997
0.5196406790704696,0.4960864408968857
0.3982804721550118,0.35097212668394867
0.32742146310842,0.3279897923420134
0.5670454549185012,0.5858206095288858
