target,moment
0.0251697,0.029383564616308318
