target,moment
1.0,1.0
1.0793023145213338,1.0499138147072027
0.3103356632873494,0.30632103691243723
0.5054162805719256,0.6943413874801236
0.1568918838614548,0.14890553407263896
0.2599609533293794,0.26331697475199245
1.3058432504773845,1.3562025635360437
