target,moment
146.82727489592,146.65872867501744
