target,moment
0.01463,0.015566794935499784
