target,moment
0.0049524654650227,0.004714926377304593
