target,moment
90.663631358,90.70256633098889
