target,moment
90.663631358,90.73074093506436
