target,moment
0.0251697,0.06665880714738613
0.0170519152063842,0.01695318924172263
0.0318099,0.033304860772394675
0.0130792,0.012829108368007054
0.0100246,0.009487227556845553
0.0082411,0.008202913267894619
0.0142723639866622,0.014400549939052798
