target,moment
0.09277,0.09271911307918301
