target,moment
53.323381771899,53.310686747595255
