target,moment
0.0245001006126403,0.05188245982420993
0.0168089557142675,0.01741476110964846
0.026430299282074,0.026626776564596395
0.0056323999166488,0.0004368815199655088
0.0104751002788543,0.0003284701835971048
0.0063905000686645,0.000490656468555773
0.0167485603667746,0.004818835172620563
