target,moment
0.015629,0.015176222607542629
