target,moment
52.827038522584665,52.79713175075944
