target,moment
0.2165556656512729,0.19310940077197952
0.233729031160127,0.20946332213730862
0.0672049461385212,0.063198094473474
0.1094507590702438,0.17444286347202673
0.0339758263448995,0.03179437894874795
0.0562960172915832,0.057491994588008986
0.2827877543433519,0.27049994560845425
