target,moment
0.0168692,0.018043018779191237
