target,moment
1.0,1.0
0.6774778883492533,0.7072300554137214
1.2638172087867556,1.3488663728980554
0.5196406790704696,0.4968814029509082
0.3982804721550118,0.352300766371574
0.32742146310842,0.32842050211522483
0.5670454549185012,0.5842553621555135
