target,moment
1.0,1.0
1.0793023145213338,1.0487027030504028
0.3103356632873494,0.30568512223370187
0.5054162805719256,0.6940012595192997
0.1568918838614548,0.14881694420815794
0.2599609533293794,0.2631149172264682
1.3058432504773845,1.355517163009827
