target,moment
0.1649368753838419,0.16160076699905246
0.19154612608926022,0.20409634907832516
0.04710846924940473,0.05115765570856252
0.16122907731016542,0.2206828241879342
0.027312077253868083,0.028038440143458382
0.06486396894416435,0.06907949608347007
0.014448509773033753,0.014184697859649141
0.017517288585955814,0.021589210725603204
0.03194582426813653,0.031711464660211075
0.020204326011770288,0.020786172689018688
0.2588874571303988,0.1770729218647153
