target,moment
1.0,1.0
1.08968319541132,1.081664575348464
1.17541345258769,1.1676839884438146
0.346940370796428,0.3577104763398714
0.43593184990191,0.4310201923397118
0.242070633833219,0.2411123633380006
0.611167762289279,0.6114652410847696
