target,moment
0.0087725,0.008684815292233514
