target,moment
1.0,1.0
1.08968319541132,1.074273406705527
1.17541345258769,1.1656524648047986
0.346940370796428,0.36481796340804706
0.43593184990191,0.43265064539336484
0.242070633833219,0.2425361631372319
0.611167762289279,0.6067349437470728
