target,moment
0.5823549874673715,0.6912695651439815
