target,moment
133.80077245805202,133.90942158921308
