target,moment
1.0,1.0
1.0585438778421723,1.0505920623782388
1.40934084214663,1.4207308947228552
0.342504655658612,0.4214629392516909
0.611325100318041,0.5872268672529838
0.2322131129643723,0.22600558047399502
0.5964853444100956,0.5168320742353897
