target,moment
0.4000000000000001,0.42367233812854227
