target,moment
0.027820599079132,0.02716516336858609
0.0201410956216747,0.02047482418582715
0.0324071002006531,0.03205269575033334
0.0205700993537903,0.0038611438508818095
0.0137092995643615,0.0008856179796873649
0.0069309997558593,0.0022501632825909974
0.0169324004650116,0.01665341195237997
0.0397819995880127,0.038657471074765484
0.0110084998607635,0.001376718850100637
0.0042943000793457,0.004122863496699071
0.0073146998882293,0.0029509186296965096
0.0135465587074145,0.006395354464990294
