target,moment
0.1723413565516609,0.15244736492906966
0.2001451715125225,0.1956563119231008
0.0492233011970225,0.049063062227527265
0.168467104972989,0.20741481260886072
0.0285381933738058,0.027341576187367565
0.0677758953123543,0.06788134703077177
0.0150971440961255,0.013837701539372175
0.0183036890385174,0.020767286954589036
0.0333799623505598,0.031366806131404336
0.0211113551470954,0.020377385384710064
0.0071838887952674,0.00721944952860111
0.2184329376520792,0.20662689555462563
