target,moment
0.071287577,0.0715096240358578
