target,moment
0.08029173,0.08042630733584386
