target,moment
1.0,1.0
0.6774778883492533,0.7076540721768171
1.2638172087867556,1.3391860863605516
0.5196406790704696,0.496858773324092
0.3982804721550118,0.3518500517176741
0.32742146310842,0.3281859323316947
0.5670454549185012,0.5878232855655401
