target,moment
0.0251697,0.07019016392633574
0.0170519152063842,0.0176238072374273
0.0318099,0.03457102168311421
0.0130792,0.012703234798799276
0.0100246,0.008720381720621628
0.0082411,0.008112931797487611
0.0142723639866622,0.015188252938962678
