target,moment
0.5667798517209529,0.6497248462073695
