target,moment
0.0168692,0.018026462863250485
