target,moment
0.2165556656512729,0.19281835964282348
0.233729031160127,0.20964705788319404
0.0672049461385212,0.06326511584677723
0.1094507590702438,0.17418598859832923
0.0339758263448995,0.03174561758920776
0.0562960172915832,0.057414951989574706
0.2827877543433519,0.27092290845009354
