target,moment
0.071287577,0.07658683516276063
