target,moment
0.07421839,0.07436930591203922
