target,moment
1.0,1.0
0.8725795027488233,0.9071367615585474
0.854808293224731,1.4343781857597797
0.621549138483011,0.49238251993989174
0.597797984767889,0.33654845874941997
0.293805456329383,0.19111107087322998
0.97595829268538,1.0534471114425057
0.7580583490804771,1.6450238394635188
0.386667563757739,0.37199327724010317
0.525456673586441,0.40691553956028015
0.456857731012344,0.3910271038241827
0.5726777336793948,0.4573147233913379
