target,moment
0.0047203001064472,0.0036733901783245386
