target,moment
0.09277,0.09467775737430509
