target,moment
1.0,1.0
1.1653886874577344,1.0216125191038388
1.46582448028563,1.5335410393475646
0.290375033726921,0.4080220066911755
0.30970427614909,0.40355182875938445
0.243933976608377,0.2315106521379061
0.6319552448743309,0.4958596582252586
