target,moment
0.0168692,0.019330865911303605
