target,moment
0.09277,0.09298154848334993
