target,moment
90.663631358,90.72519656590337
