target,moment
0.003549953,0.0035113744398726737
