target,moment
0.2165556656512729,0.21342117055303117
0.233729031160127,0.21616094300706437
0.0672049461385212,0.06246697875831186
0.1094507590702438,0.14307124116292072
0.0339758263448995,0.030627884749264814
0.0562960172915832,0.054164051801596544
0.2827877543433519,0.2800877299678107
