target,moment
0.2165556656512729,0.2122341302841984
0.233729031160127,0.21651389212483815
0.0672049461385212,0.06252376080858518
0.1094507590702438,0.1432842829011942
0.0339758263448995,0.030689274852560223
0.0562960172915832,0.05425397068562037
0.2827877543433519,0.2805006883430034
