target,moment
0.0087725,0.011641396706059792
