target,moment
0.0168692,0.023524852882325878
