target,moment
0.3499061550503732,0.5761786469691624
0.1200626194103338,0.05528402801325681
0.1211887588058545,0.06014160286140832
0.0035804162844133,0.009819476393980401
0.0004965786572176,0.00813273841391785
0.002462693476303,0.002570383524889588
0.0600304680464258,0.027165768546717546
