target,moment
0.0251697,0.04975999204278116
0.0170519152063842,0.017147617151891847
0.0318099,0.03242194144204308
0.0130792,0.00013863846487581797
0.0100246,1.9321037801405552e-06
0.0082411,0.00046879124656209694
0.0142723639866622,0.00973961818860614
