target,moment
0.0168692,0.017506438276220573
