target,moment
1.0,1.0
1.1653886874577344,1.0121671985519927
1.46582448028563,1.503238019523564
0.290375033726921,0.4071647739538461
0.30970427614909,0.39842771844032293
0.243933976608377,0.23103328255927702
0.6319552448743309,0.4941156015842505
