target,moment
144.805237277966,158.6769968856652
