target,moment
0.0035352995903461,0.0003051206814403928
0.0011811781309409,0.002212005569257097
