target,moment
0.0251697,0.05461442746400905
0.0170519152063842,0.017663986453075244
0.0318099,0.033221326039085675
0.0130792,0.012492218319931001
0.0100246,0.008744733343160968
0.0082411,0.008098353069633541
0.0142723639866622,0.015436324696128184
