target,moment
0.0168692,0.015591512100791644
