target,moment
1.0,1.0
0.8725795027488233,0.916394436633865
0.854808293224731,1.0451565425364004
0.621549138483011,0.8408680071456742
0.597797984767889,0.606799965593038
0.293805456329383,0.33340853578970275
0.97595829268538,0.8885862557908312
0.7580583490804771,1.0204388949773964
0.386667563757739,0.36940452947847624
0.525456673586441,0.5211180215987314
0.456857731012344,0.45260973601396276
0.5726777336793948,0.5595324996733366
