target,moment
0.07421839,0.09935784900805779
