target,moment
0.0032483599077012,0.0007559375441467064
0.0008911894812772,0.0009510349741932861
0.0005769283323049,0.000340990136211227
