target,moment
60.49124440916833,60.55733831383707
