target,moment
1.0,1.0
0.8725795027488233,0.8849863506822448
0.854808293224731,0.8894799446313443
0.621549138483011,0.8136903791170619
0.597797984767889,0.5980413640562281
0.293805456329383,0.3063176169982192
0.97595829268538,0.9909137380900661
0.7580583490804771,0.8932648328751842
0.386667563757739,0.3454714495551353
0.525456673586441,0.5275341961475019
0.456857731012344,0.4725286801581018
0.5726777336793948,0.43770529699184213
