target,moment
0.0251696991920471,0.024934838987979376
0.0169424664104217,0.018295208474666383
0.0313091993331909,0.02947846553873553
0.0130791997909546,0.001952184108908861
0.0100246000289917,0.0010027372251905757
0.0082410997152328,0.0033573400181617663
0.0197126996517181,0.016845121251380397
0.0252290010452271,0.024817011018098824
0.0106797003746033,0.0013439868256836472
0.0184949994087218,0.012862215296596292
0.0039844000339508,0.0005906354431913815
0.0127844897880634,0.007210298571052992
