target,moment
1.0,1.0
1.0930777059511088,1.0709857907574012
1.17541345258769,1.179419979437021
0.346771653959122,0.43123799232488513
0.435719747133782,0.4589350188081904
0.241952910075955,0.24891152921805101
1.00152170325136,0.983689166796373
0.770342027427148,0.857140426650849
0.450288180056851,0.4474808100557229
1.04371974139227,1.0814722459968802
0.653966544013067,0.6566706474635469
0.4017735881616045,0.2861435514276159
