target,moment
0.5573705482336494,0.5763675534285799
