target,moment
0.5818702095245367,0.6801832467173924
