target,moment
0.027820599079132,0.02751961149206375
0.0201410956216747,0.020376088358202864
0.0324071002006531,0.032454189598125176
0.0205700993537903,0.0035667096627653456
0.0137092995643615,0.0007929886896946215
0.0069309997558593,0.0020588753193430363
0.0169324004650116,0.01666810800877639
0.0397819995880127,0.03883509118281043
0.0110084998607635,0.0012383595139358573
0.0042943000793457,0.0007486171272071654
0.0133872343614895,0.0059116538901387615
