target,moment
0.015629,0.015176601018442063
