target,moment
0.0272743662198384,0.02708238907318128
0.0191153019071468,0.019169921289320706
0.0316134333610534,0.0316519052084223
0.0180206664403279,0.002462548851502173
0.0114213999112446,0.0007803694928956465
0.0076250000794728,0.0029218497723142306
0.0179491333166758,0.0176998848957541
0.0358605662981668,0.03487329113167391
0.010577700138092,0.00112219328214034
0.0046236667037009,0.0006671643656038153
0.013763501101202,0.005536400722162034
