target,moment
0.1732684110416257,0.16891065174162417
0.20640819372872207,0.21444740361800382
0.05156029204965419,0.05369996179284411
0.1534477098413522,0.19403782112092877
0.03242180530873301,0.03253170208765807
0.06267097580075952,0.06735442947687402
0.01575696321622245,0.014754408904039926
0.018045392360030707,0.02143932805120863
0.03591728198899308,0.03372174780003141
0.020919186813704842,0.02104070155184835
0.22958378785020234,0.17806184385493878
