target,moment
0.2165556656512729,0.21730474270632533
0.233729031160127,0.21485153135932347
0.0672049461385212,0.06254844287645367
0.1094507590702438,0.1423565190808713
0.0339758263448995,0.030516882793269168
0.0562960172915832,0.053913013454790264
0.2827877543433519,0.27850886772896677
