target,moment
1.0,1.0
1.0930777059511088,1.091773653443802
1.17541345258769,1.1808359206433379
0.346771653959122,0.3523355486893076
0.435719747133782,0.43743466342870974
0.241952910075955,0.24237181397347077
1.00152170325136,1.0061837123089168
0.770342027427148,0.778989727812209
0.450288180056851,0.4500727247029251
1.04371974139227,1.056259513442976
0.653966544013067,0.6539010998844731
0.4017735881616045,0.39153324373040027
