target,moment
0.0251697,0.046738310495997026
0.0170519152063842,0.016957750658816467
0.0318099,0.03418002010153982
0.0130792,0.0010042962224084142
0.0100246,0.0008320925952220187
0.0082411,0.0026041339759913136
0.0142723639866622,0.005267950778849565
