target,moment
0.003549953,0.003504895473742914
