target,moment
0.09277,0.09864534339569295
