target,moment
0.0251697,0.04985365151137887
0.0170519152063842,0.017147502845267674
0.0318099,0.03235416966881426
0.0130792,0.00014153611082889301
0.0100246,1.982315690583563e-06
0.0082411,0.00047673057079090605
0.0142723639866622,0.010079820523488754
