target,moment
0.7800000000000001,0.16682936754296337
