target,moment
0.000729426174,0.0006992556388803668
