target,moment
1.0,1.0
1.08968319541132,1.0931256047412599
1.17541345258769,1.1771189424988882
0.346940370796428,0.36091168855495526
0.43593184990191,0.433756873019021
0.242070633833219,0.24278600439766246
0.611167762289279,0.6185392555581032
