target,moment
1.0,1.0
1.0793023145213338,1.0434485388265435
0.3103356632873494,0.3063682495344334
0.5054162805719256,0.6930553914251667
0.1568918838614548,0.14871732634170307
0.2599609533293794,0.26297894301679053
1.3058432504773845,1.3470822140752177
