target,moment
0.7383254745060487,0.860835594802798
