target,moment
0.0168692,0.018068013249129357
