target,moment
0.09277,0.09493057015515194
