target,moment
0.027820599079132,0.027455479671212986
0.0201410956216747,0.02049356752265316
0.0324071002006531,0.031804269820366785
0.0205700993537903,0.003413944660470354
0.0137092995643615,0.0008819019482147491
0.0069309997558593,0.0021059655759502337
0.0169324004650116,0.016801127273735676
0.0397819995880127,0.039056046874096466
0.0110084998607635,0.0013757435802992642
0.0042943000793457,0.004135706772866093
0.0073146998882293,0.0027360379011139727
0.0135465587074145,0.005710749731368566
