target,moment
133.80077245805202,134.98384643571174
