target,moment
0.1723744735734453,0.16404846288355313
0.2001836313003392,0.20503494389684185
0.0492327599199353,0.05046999654765378
0.1684994775206873,0.22181568131795093
0.0285436772575964,0.02829180668709895
0.0677889190917095,0.06967833267698632
0.0151000451551628,0.01427929673668218
0.0183072062654951,0.02177027251307515
0.0333863766260561,0.03092935761286057
0.0211154118936726,0.02097943024638851
0.2254680213959001,0.17270241888090868
