target,moment
90.663631358,90.74120812405123
