target,moment
0.0168692,0.017757473603155424
