target,moment
90.663631358,90.86183025469583
