target,moment
1.0,1.0
0.6774778883492533,0.7078763348980518
1.2638172087867556,1.3427135024261123
0.5196406790704696,0.49695400630771086
0.3982804721550118,0.3519917735005495
0.32742146310842,0.3282512875749572
0.5670454549185012,0.5871370581159392
