target,moment
1.0,1.0
1.08968319541132,1.0942769534273484
1.17541345258769,1.1762228723478698
0.346940370796428,0.3611404817212837
0.43593184990191,0.43387930394687785
0.242070633833219,0.2428853282848662
0.611167762289279,0.6195268479082607
