target,moment
0.2040428289529481,0.21013423498556444
0.2255852454372509,0.23846625367521862
0.0643218875038216,0.06755136745531971
0.1031564938626009,0.1658601040607633
0.0320219615813117,0.03608920861047487
0.0530585619633796,0.05709072599465455
0.018329400868127,0.018134243340227656
0.0189912032396071,0.023689294112453112
0.0265511265560509,0.026685766157271598
0.0104250119775051,0.011320598935162527
0.0209966612555152,0.021244339813635084
0.2225196168018815,0.12373386285925463
