target,moment
0.3000000000000001,0.30006330337244325
