target,moment
0.0168692,0.017095863563626666
