target,moment
0.2165556656512729,0.2112739235788244
0.233729031160127,0.22018019712170794
0.0672049461385212,0.0637620114095112
0.1094507590702438,0.14136960488071182
0.0339758263448995,0.03068153184558406
0.0562960172915832,0.050981821958219965
0.2827877543433519,0.2817509092054406
