target,moment
0.0251697,0.04776457282074371
0.0170519152063842,0.016799305733927846
0.0318099,0.03412413161455017
0.0130792,0.0009803936662967753
0.0100246,0.0007357342678072982
0.0082411,0.0022863877438646903
0.0142723639866622,0.005378765769439177
