target,moment
1.0,1.0
1.08968319541132,1.0742633921630693
1.17541345258769,1.1661763702736052
0.346940370796428,0.3648279622724566
0.43593184990191,0.4326503326193599
0.242070633833219,0.24252483268989006
0.611167762289279,0.6067780818647631
