target,moment
0.09277,0.09342991743682763
