target,moment
1.0,1.0
0.8725795027488233,0.9029681443615873
0.854808293224731,0.8993556851058633
0.621549138483011,0.8108387717492762
0.597797984767889,0.588245972831954
0.293805456329383,0.32235986054763416
0.97595829268538,0.8997767118849183
0.7580583490804771,0.9296591245635921
0.386667563757739,0.37680150340237545
0.525456673586441,0.49938431644020836
0.456857731012344,0.46803504811472213
0.5726777336793948,0.5585753964199724
