target,moment
0.5986058460612553,0.5576039527999282
