target,moment
90.663631358,91.05226465220255
