target,moment
0.0168692,0.019061496756900855
