target,moment
0.0251697,0.04604785497686547
0.0170519152063842,0.016644627851154857
0.0318099,0.033580262133333344
0.0130792,0.0009670064216212036
0.0100246,0.0009031818228576934
0.0082411,0.0029519435305538962
0.0142723639866622,0.0045218024151265045
