target,moment
0.0251697,0.04398050887349363
0.0170519152063842,0.017336822755037517
0.0318099,0.03181452423217069
0.0130792,0.012644082940139275
0.0100246,0.009409981050257527
0.0082411,0.008144473022238741
0.0142723639866622,0.014536041132466478
