target,moment
0.0251697,0.0547817168428355
0.0170519152063842,0.01769617589736059
0.0318099,0.03191295309718109
0.0130792,0.012401728900193774
0.0100246,0.008450050294383305
0.0082411,0.007997429585746507
0.0142723639866622,0.015054966624675634
