target,moment
0.0251697,0.04957258078117717
0.0170519152063842,0.0171373456552017
0.0318099,0.0324093366163327
0.0130792,0.00013646241808727501
0.0100246,1.8802398260157138e-06
0.0082411,0.0004623112829513122
0.0142723639866622,0.009577038634735448
