target,moment
0.2165556656512729,0.21675153795316993
0.233729031160127,0.21097825633568548
0.0672049461385212,0.06328916673979591
0.1094507590702438,0.14231675783999428
0.0339758263448995,0.030644292639781325
0.0562960172915832,0.054100862052439
0.2827877543433519,0.281919126439134
