target,moment
1.0,1.0
0.8725795027488233,0.8778199718305668
0.854808293224731,0.8864595671921832
0.621549138483011,0.8018885780399859
0.597797984767889,0.589090580666069
0.293805456329383,0.29956175569003707
0.97595829268538,0.915743187209327
0.7580583490804771,0.892667099964926
0.386667563757739,0.36853721589544425
0.525456673586441,0.5198967991202202
0.569474829535268,0.4297352390884095
