target,moment
0.0245001006126403,0.024933292061923396
0.0167215689711362,0.017113386576199336
0.026430299282074,0.026188891635131942
0.0056323999166487,0.0004647152168234973
0.0104751002788543,0.0005313586858439137
0.0063905000686645,0.00030523900163975936
0.0161208999156951,0.01608898597669362
0.0221616005897522,0.02124162950333357
0.0096591997146606,0.0017529046243383594
0.0025066998600959,0.00037743123007912433
0.0052693998813629,0.005944538283243359
0.0175742767524153,0.00403403110906937
