target,moment
0.0015611059454019,0.0015410185116432635
