target,moment
0.000729426174,0.0006669146931851576
