target,moment
1.0,1.0
1.08968319541132,1.0813726618003694
1.17541345258769,1.1661934727356553
0.346940370796428,0.357558104145953
0.43593184990191,0.430788004527139
0.242070633833219,0.24099131791432082
0.611167762289279,0.6113498212906132
