target,moment
1.0,1.0
1.08968319541132,1.0813726612401615
1.17541345258769,1.1661934714842233
0.346940370796428,0.3575581025247756
0.43593184990191,0.43078800073750656
0.242070633833219,0.24099131726211936
0.611167762289279,0.611349818359283
