target,moment
0.3499061550503732,0.5776928873918316
0.1200626194103338,0.06313167765226436
0.1211887588058545,0.06523655588213075
0.0035804162844133,0.010642258628105646
0.0004965786572176,0.008457028676217377
0.002462693476303,0.0027590232168102887
0.0600304680464258,0.032057170686601244
