target,moment
0.0251697,0.046736725583842446
0.0170519152063842,0.016958963345292826
0.0318099,0.0341791002692925
0.0130792,0.0010044424108873247
0.0100246,0.0008320575357941637
0.0082411,0.0026038367594623155
0.0142723639866622,0.005268113702984334
