target,moment
0.017496806,0.017569209897869826
