target,moment
82.198645766003,82.20769986966057
