target,moment
0.0087725,0.008775176537575372
