target,moment
0.003549953,0.0028888551750357538
