,labor_IND,delta_opti_USA,delta_opti_EUR,delta_opti_JAP,delta_opti_CHN,delta_opti_BRA,delta_opti_IND,delta_opti_CAN,delta_opti_KOR,delta_opti_RUS,delta_opti_MEX,delta_opti_ZAF,delta_opti_ROW
1,2.848410228,0.01,0.01,0.01,1.2946738370842774,0.4333779955289902,3.9232326529618677,0.01,0.01,0.23162123308657537,0.01,0.21993367411945036,1.5447540482000195
2,3.837885464,0.01,0.01,0.01,0.7735458153544572,0.3907565717659031,4.8947287544074305,0.01,0.01,0.18801856441183717,0.01,0.20146525024667805,1.5401998160449517
3,4.332623082,0.01000001771596884,0.01000001771596884,0.01000001771596884,0.15312187205323177,0.38206476276258833,4.682878841211641,0.01,0.01000001771596884,0.11514444814519276,0.01,0.20012589161129657,1.551548486086075
4,4.579991891,0.01,0.01,0.010000478858064514,0.12602457464338626,0.8443668210621151,10.799207910924116,0.01,0.01,0.010000478858064514,0.01,0.2238898749623885,1.595346481713845
5,4.703676295499999,0.01,0.01,0.01,0.10693311002469329,1.0021779081208766,12.0,0.01,0.01,0.01,0.01,0.624470121606006,2.815028739083959
6,4.76551849775,0.01,0.01,0.01,0.09587183470292476,0.27603510123375324,3.383855737969415,0.01,0.01,0.18180191270680307,0.01,0.1787198868816961,1.5261983448246534
7,4.796439598875,0.01,0.01,0.01,0.08935648375874246,0.283439239420139,5.891941737114662,0.01,0.01,0.1801785678390933,0.01,0.17843554158348954,1.5270501613331509
