target,moment
1.0,1.0
0.8725795027488233,0.8677997481874533
0.854808293224731,0.8593290316776179
0.621549138483011,0.7797626871302697
0.597797984767889,0.5744297822012316
0.35256654759525957,0.2961826594062763
0.97595829268538,0.8947471141546024
0.7580583490804771,0.8603711759586935
0.386667563757739,0.3643622128527739
0.525456673586441,0.5079973142838549
0.456857731012344,0.4593829631990132
0.5726777336793948,0.5524074374630845
