target,moment
0.0168692,0.016784695029416867
