target,moment
142.33129949098267,137.2821253441049
