target,moment
1.0,1.0
1.08968319541132,1.0820359926535283
1.17541345258769,1.1698892308113664
0.346940370796428,0.35751564907475153
0.43593184990191,0.4307068988270753
0.242070633833219,0.24101126183017074
0.611167762289279,0.6112935301652701
