target,moment
0.4361486759670805,0.5323962094470418
0.1457215335577039,0.1298878192805757
