target,moment
0.09277,0.08835088393084194
