target,moment
0.0035352995903461,0.014851597241670048
0.0011811781309409,0.003623319520921232
