target,moment
0.2165556656512729,0.2178128289898326
0.233729031160127,0.21475788023779935
0.0672049461385212,0.062456333651326246
0.1094507590702438,0.14221193596555484
0.0339758263448995,0.03046703615828869
0.0562960172915832,0.053882351052994194
0.2827877543433519,0.27841163394420404
