target,moment
0.09277,0.09137428373898591
