target,moment
1.0,1.0
1.1453250843644345,1.1352356785994988
1.1278790611447331,1.1553431412278312
0.437979971591424,0.5427489585763312
0.6318779683611937,0.655472498912205
0.282102886410926,0.2939109242034485
1.1123659439685367,1.086189706874175
0.730144327891238,0.8374097163105068
0.5217779738185033,0.5146649705896149
0.6319003174734994,0.6307153228091515
0.5374131093685289,0.39508964715027356
