target,moment
0.01463,0.01534767298006017
