target,moment
0.0168692,0.016806573037543737
