target,moment
0.4750989714792567,0.28030481804173085
