target,moment
0.0168692,0.02377356707581256
