target,moment
90.663631358,91.89766899380155
