target,moment
90.663631358,91.86558083438203
