target,moment
0.0251697,0.0473429590112098
0.0170519152063842,0.017203607483689393
0.0318099,0.0326125601326925
0.0130792,0.001356128126773761
0.0100246,0.0010437996375463963
0.0082411,0.003451156581246048
0.0142723639866622,0.004807212913529089
