target,moment
1.0,1.0
1.08968319541132,1.0655233110990363
1.17541345258769,1.1579707243657122
0.346940370796428,0.35590125835780234
0.43593184990191,0.42643111416180934
0.242070633833219,0.2483171140591948
0.611167762289279,0.6082014134186584
