target,moment
0.2165556656512729,0.21402302292497324
0.233729031160127,0.21408511648611972
0.0672049461385212,0.07075340389852454
0.1094507590702438,0.141094344184914
0.0339758263448995,0.030229198716242984
0.0562960172915832,0.05362419508876684
0.2827877543433519,0.2761907187004587
