target,moment
0.09277,0.09319488259130906
