target,moment
1.0,1.0
1.0930777059511088,1.0721383415491241
1.17541345258769,1.1840849215079
0.346771653959122,0.4316767141698243
0.435719747133782,0.45936489125660324
0.241952910075955,0.24797380161379437
1.00152170325136,0.9897773562434982
0.770342027427148,0.8583546395473411
0.450288180056851,0.4478486633646881
1.04371974139227,1.082817707548917
0.653966544013067,0.6535531099197529
0.4017735881616045,0.28633802383324336
