target,moment
0.2040428289529481,0.20346745222287477
0.2255852454372509,0.24013879189278733
0.0643218875038216,0.06627842025491328
0.1031564938626009,0.13444009064223686
0.0320219615813117,0.034154334932983955
0.0530585619633796,0.0554141382666007
0.018329400868127,0.01822460412891814
0.0189912032396071,0.021313599965863343
0.0265511265560509,0.02664700688571221
0.0104250119775051,0.010853952669801133
0.0209966612555152,0.021133927660266665
0.2225196168018815,0.16793368047704157
