target,moment
0.2165556656512729,0.21897433344386397
0.233729031160127,0.21443945677422155
0.0672049461385212,0.06179260216763184
0.1094507590702438,0.1421834687586157
0.0339758263448995,0.030447126741542558
0.0562960172915832,0.05383792965649163
0.2827877543433519,0.27832508245763254
