target,moment
0.2165556656512729,0.21674396646489746
0.233729031160127,0.2153309504926422
0.0672049461385212,0.06239642873526473
0.1094507590702438,0.14234142848693296
0.0339758263448995,0.030475431869435313
0.0562960172915832,0.05389566905605877
0.2827877543433519,0.2788161248947687
