target,moment
1.0,1.0
1.08968319541132,1.074309382894205
1.17541345258769,1.1652162733793214
0.346940370796428,0.36484966250808476
0.43593184990191,0.4326724996266429
0.242070633833219,0.2425499357769842
0.611167762289279,0.6068388995643927
