target,moment
0.003549953,0.003516187277077096
