target,moment
0.6837046469862266,0.6638617866247146
