target,moment
0.09277,0.09280074254807873
