target,moment
0.2040428289529481,0.21488781790936276
0.2255852454372509,0.23729889690589165
0.0643218875038216,0.06666792419713176
0.1031564938626009,0.16505457916930774
0.0320219615813117,0.03592072423895081
0.0530585619633796,0.056843305714170775
0.018329400868127,0.01786271758400551
0.0189912032396071,0.02340258261563034
0.0265511265560509,0.026566967633574697
0.0104250119775051,0.011080154757094373
0.0209966612555152,0.021154325053565882
0.2225196168018815,0.1232600042213137
