target,moment
0.015629,0.015723518150653235
