target,moment
1.0,1.0
0.8725795027488233,0.8762991287963737
0.854808293224731,0.8862272787451819
0.621549138483011,0.8016882943996949
0.597797984767889,0.5885983720946196
0.293805456329383,0.299262230085562
0.97595829268538,0.916154781346894
0.7580583490804771,0.8935749699056847
0.386667563757739,0.36815388192357235
0.525456673586441,0.5189288145198424
0.569474829535268,0.4291998024961697
