target,moment
1.0,1.0
1.08968319541132,1.07434660839365
1.17541345258769,1.1656416608150317
0.346940370796428,0.36481924945256755
0.43593184990191,0.4326516025820485
0.242070633833219,0.24253658885123658
0.611167762289279,0.6067341048572353
