target,moment
1.0,1.0
1.0930777059511088,1.090633262886479
1.17541345258769,1.1758569517724424
0.346771653959122,0.3523025762054618
0.435719747133782,0.437454845107646
0.241952910075955,0.24237148693846247
1.00152170325136,1.0016642474096702
0.770342027427148,0.776555442809484
0.450288180056851,0.4500956328973777
1.04371974139227,1.0463281969565845
0.653966544013067,0.6539338702213233
0.4017735881616045,0.3915020346219026
