target,moment
0.0256454992294312,0.04931407978396891
0.0175339575668117,0.01756619342314222
0.0299320006370544,0.032046631356616596
0.0112037003040314,0.0012315314070492666
0.0099939000606536,0.0008802726126380219
0.0071929001808166,0.002627280735113323
0.0147625169915284,0.0064272840773994715
