target,moment
1.0,1.0
0.9951178371478128,0.9912806849552971
1.20395813979566,1.2080362693030517
0.327172251471012,0.3328918308778191
0.315325472959351,0.3229895174908284
0.221078856578465,0.21994518004462038
0.5380168453726247,0.5260257506157934
