target,moment
1.0,1.0
1.08968319541132,1.074271699546642
1.17541345258769,1.1656381158500428
0.346940370796428,0.36481674156488064
0.43593184990191,0.4326495518270968
0.242070633833219,0.24253526020417387
0.611167762289279,0.606730359286068
