target,moment
0.1723413565516609,0.15240769944498786
0.2001451715125225,0.19569000579495935
0.0492233011970225,0.049064893424134476
0.168467104972989,0.2074516405454676
0.0285381933738058,0.02734412284436424
0.0677758953123543,0.0678867499607815
0.0150971440961255,0.013746363723922723
0.0183036890385174,0.020770196371943054
0.0333799623505598,0.0313713123693966
0.0211113551470954,0.020380596985712984
0.0071838887952674,0.007220099855818735
0.2184329376520792,0.20666631867851107
