target,moment
0.5332440948838922,0.65280240034893
