target,moment
0.0168692,0.016885319435362693
