target,moment
0.0168692,0.016819355283488983
