target,moment
1.0,1.0
0.8725795027488233,1.0446298105185003
0.854808293224731,1.2948911042895819
0.621549138483011,0.5705830600558172
0.597797984767889,0.3818401679307178
0.293805456329383,0.21575676059734997
0.97595829268538,0.9946313392395065
0.7580583490804771,1.4329565839716254
0.386667563757739,0.2782468018012026
0.525456673586441,0.40057279529649764
0.456857731012344,0.34142244037374725
0.5726777336793948,0.4860473141672648
