target,moment
0.2165556656512729,0.21237275627630936
0.233729031160127,0.21648610881000177
0.0672049461385212,0.0625528506198414
0.1094507590702438,0.14325021132587312
0.0339758263448995,0.030681295588283107
0.0562960172915832,0.05423505301915671
0.2827877543433519,0.28042172436053464
