target,moment
0.000729426174,0.0007252299609934334
