target,moment
0.2165556656512729,0.2149636217390936
0.233729031160127,0.21628442206787088
0.0672049461385212,0.0627809469146061
0.1094507590702438,0.1413017304836409
0.0339758263448995,0.030421941746998013
0.0562960172915832,0.053891335967281954
0.2827877543433519,0.28035600108050857
