target,moment
0.0251697,0.04998651145104756
0.0170519152063842,0.017312006595973293
0.0318099,0.03288746341164944
0.0130792,0.012823173707085168
0.0100246,0.009344370969116386
0.0082411,0.008210967258505298
0.0142723639866622,0.014576587808350834
