target,moment
0.0168692,0.01844617431619588
