target,moment
0.000729426174,0.0006521143431829165
