target,moment
1.0,1.0
1.0930777059511088,1.094443326510173
1.17541345258769,1.1826744699508167
0.346771653959122,0.3523502398953817
0.435719747133782,0.43748184783829863
0.241952910075955,0.24238676918490348
1.00152170325136,1.004685138569441
0.770342027427148,0.7810664102393223
0.450288180056851,0.45011832348096326
1.04371974139227,1.0523973505442386
0.653966544013067,0.6539730441496304
0.4017735881616045,0.3915355247306429
