target,moment
0.015629,0.015471362567556135
