target,moment
0.027820599079132,0.027625638449894588
0.0201410956216747,0.0204439536514766
0.0324071002006531,0.03270119421674964
0.0205700993537903,0.0037989955084942874
0.0137092995643615,0.0008734496303444914
0.0069309997558593,0.0022377591194107627
0.0169324004650116,0.016644448300010953
0.0397819995880127,0.0388349459807421
0.0110084998607635,0.001321030451264496
0.0042943000793457,0.0007802931546665553
0.0073146998882293,0.002433830773025693
0.0135465587074145,0.003936391466313014
