target,moment
90.663631358,90.91873962703139
