target,moment
0.0251697,0.0435295506410961
0.0170519152063842,0.013954092961578568
0.0318099,0.028994107143903276
0.0130792,0.012070301971810537
0.0100246,0.009679032389702798
0.0082411,0.008143158234154006
0.0142723639866622,0.011138966147432249
