target,moment
0.2165556656512729,0.2133273601017609
0.233729031160127,0.2158966916950071
0.0672049461385212,0.062451564350647366
0.1094507590702438,0.1435312382398347
0.0339758263448995,0.03076647437844419
0.0562960172915832,0.05434610237197543
0.2827877543433519,0.27968056886233017
