target,moment
0.0047164777,0.0050082476768379056
