target,moment
0.0168692,0.017041410178203913
