target,moment
0.003549953,0.003296753531117156
