target,moment
0.4000000000000001,0.403703691875051
