target,moment
0.09277,0.0939482674561167
