target,moment
90.663631358,90.17573510222023
