target,moment
90.663631358,90.66308754895144
