target,moment
1.0,1.0
1.08968319541132,1.0815520350227439
1.17541345258769,1.1667614937660782
0.346940370796428,0.3577057589628614
0.43593184990191,0.43101723209232684
0.242070633833219,0.2411081957458581
0.611167762289279,0.6114892850207352
