target,moment
1.0,1.0
1.0793023145213338,1.048981504942955
0.3103356632873494,0.3058991675215923
0.5054162805719256,0.6942909336879592
0.1568918838614548,0.14890059020815158
0.2599609533293794,0.2632891230719923
1.3058432504773845,1.356094742873342
