target,moment
0.20148744,0.17723277137917604
