target,moment
0.2165556656512729,0.21918304787880297
0.233729031160127,0.21446405069978114
0.0672049461385212,0.06194732937748635
0.1094507590702438,0.14207636846062716
0.0339758263448995,0.030427554032956255
0.0562960172915832,0.053787002777046296
0.2827877543433519,0.27811464677329967
