target,moment
0.09277,0.09185244546761812
