target,moment
0.09277,0.09275799567116665
