target,moment
112.50740314449499,108.46781368365119
