target,moment
0.01855612,0.019882763343583177
