target,moment
1.0,1.0
0.6774778883492533,0.7077575863703642
1.2638172087867556,1.3491587962555274
0.5196406790704696,0.49786101673339705
0.3982804721550118,0.35235610914516335
0.32742146310842,0.3290134233272549
0.5670454549185012,0.5856150299379576
