target,moment
1.0,1.0
0.6774778883492533,0.7077576023056655
1.2638172087867556,1.3491587800434888
0.5196406790704696,0.49786103582861657
0.3982804721550118,0.35235611816546175
0.32742146310842,0.3290134325285991
0.5670454549185012,0.5856150488702746
