target,moment
0.3499061550503732,0.588639720886847
0.1200626194103338,0.06323248107503844
0.1211887588058545,0.06518772004689465
0.0035804162844133,0.010604195917321911
0.0004965786572176,0.008558448359241331
0.002462693476303,0.002744508344836057
0.0600304680464258,0.03183522969410453
