target,moment
0.0251697,0.049704738396772294
0.0170519152063842,0.017185206321211205
0.0318099,0.03240845294753495
0.0130792,0.00013775295438838312
0.0100246,1.8165721933145227e-06
0.0082411,0.00048086698382910335
0.0142723639866622,0.012623977856616795
