target,moment
0.0168692,0.018207653982689944
