,beta,alpha
0,0.6166300891972436,0.7240852801006977
1,0.3833699108027566,0.2759147198993024
