target,moment
0.1744871301503526,0.1790728948784621
0.20212774212417153,0.1872320983100206
0.051524062363732095,0.053771897816342035
0.16236260447403406,0.20799543215395772
0.03218940324668636,0.031879289150447215
0.06605440288052762,0.07051107135201104
0.3112546547604957,0.26953731633875927
