target,moment
1.0,1.0
1.08968319541132,1.082730244711468
1.17541345258769,1.1665010664329012
0.346940370796428,0.35773626072616765
0.43593184990191,0.43108215928123456
0.242070633833219,0.24115119223342818
0.611167762289279,0.6115068628798508
