target,moment
0.0245001006126403,0.04389650383113101
0.0170402152197769,0.017748962996878684
0.026430299282074,0.026175756056543424
0.0056323999166488,0.0004190046674956917
0.0104751002788543,0.00040674799434642876
0.0063905000686645,0.00025388981180839295
0.0151602405007725,0.005059508773745596
