target,moment
0.000729426174,0.0007175325003412382
