target,moment
1.0,1.0
1.1408024232485316,1.053625239129199
1.3826285674980998,1.5089190880254801
0.3063054571943543,0.45808506010993416
0.3434478836737026,0.4278584612046122
0.265594582981267,0.2528134263134655
1.05332929836061,0.8978073714525074
0.7983591196743517,1.0113703908234484
0.4436147923616083,0.3109058902799247
0.5302543814687506,0.49658005106261377
0.5057453132824672,0.3967187585154927
