target,moment
0.2165556656512729,0.21552881660534895
0.233729031160127,0.21746840646263285
0.0672049461385212,0.06284122674418588
0.1094507590702438,0.14156550754087177
0.0339758263448995,0.0304673654750312
0.0562960172915832,0.05421113901705131
0.2827877543433519,0.27791753815487796
