target,moment
0.2165556656512729,0.19285417004314362
0.233729031160127,0.20934530743749935
0.0672049461385212,0.06267225669748734
0.1094507590702438,0.1746360560453483
0.0339758263448995,0.031828928844912584
0.0562960172915832,0.05756174903889563
0.2827877543433519,0.2711015318927133
