target,moment
0.09277,0.09601903709417739
