target,moment
0.0010211966436,0.0009020807474251479
