target,moment
0.2165556656512729,0.21906095471197803
0.233729031160127,0.21443941980957446
0.0672049461385212,0.06187573748533584
0.1094507590702438,0.14213177225817358
0.0339758263448995,0.030435685994132163
0.0562960172915832,0.05382753650625461
0.2827877543433519,0.2782288932345513
