target,moment
1.0,1.0
1.08968319541132,1.074365949539539
1.17541345258769,1.1658086122057443
0.346940370796428,0.36485229336584507
0.43593184990191,0.432702267839468
0.242070633833219,0.2425630316081702
0.611167762289279,0.6067974731106418
