target,moment
0.4750989714792567,0.45081086217390914
