target,moment
90.663631358,90.67350261008936
