target,moment
1.0,1.0
1.08968319541132,1.080859356507448
1.17541345258769,1.1650481816256366
0.346940370796428,0.35675140711340364
0.43593184990191,0.42997223781083266
0.242070633833219,0.24109355041233074
0.611167762289279,0.6105607176408336
