target,moment
0.0251697,0.029925951641434172
0.0170519152063842,0.017988093182374758
0.0318099,0.03501097122894291
0.0130792,0.0014766000342505965
0.0100246,0.0011847517646204023
0.0082411,0.0036632653882677025
0.0142723639866622,0.008405175024445448
