target,moment
0.0251697,0.06358428773865597
0.0170519152063842,0.01696217465536379
0.0318099,0.03679882394732514
0.0130792,0.012264131155460012
0.0100246,0.009134799753103624
0.0082411,0.008298972970938226
0.0142723639866622,0.01435142003939581
