target,moment
1.0,1.0
1.08968319541132,1.074266189982467
1.17541345258769,1.1650795302471029
0.346940370796428,0.3648589356864638
0.43593184990191,0.4326786844112269
0.242070633833219,0.24255410466796815
0.611167762289279,0.6068751085994095
