target,moment
0.2165556656512729,0.19275951090774082
0.233729031160127,0.20921283457899456
0.0672049461385212,0.062382786592203414
0.1094507590702438,0.17473210076797635
0.0339758263448995,0.03184554054710559
0.0562960172915832,0.057589832618153036
0.2827877543433519,0.2714773939878262
