target,moment
0.014603,0.014682986719544306
