target,moment
0.0087725,0.005999889130795126
