target,moment
0.0251697,0.04592757579553372
0.0170519152063842,0.017125217798345607
0.0318099,0.03451356012422185
0.0130792,0.0009810559378901746
0.0100246,0.0008144523696712293
0.0082411,0.002553425197238338
0.0142723639866622,0.005279304246388647
