target,moment
0.2165556656512729,0.19255172368275708
0.233729031160127,0.20945920308874302
0.0672049461385212,0.06272762503167502
0.1094507590702438,0.1746704188703499
0.0339758263448995,0.0318349442154772
0.0562960172915832,0.05757012627965888
0.2827877543433519,0.2711859588313388
