target,moment
0.000729426174,0.0006199971892996188
