target,moment
90.663631358,91.23771629832903
