target,moment
0.09277,0.0906119168556529
