target,moment
1.0,1.0
1.0908973925276646,1.0682278945647132
1.24223685451,1.2448565157022642
0.340777830339792,0.41853128255006267
0.348126818034471,0.3691438641353886
0.232797023831249,0.2400807302843384
0.947472713297464,0.9444389718145405
0.693877302413299,0.7707645681849279
0.401139986115932,0.4028463040187814
0.970813771517997,0.995123205452218
0.619013468013468,0.6192339769287819
0.3808675261105451,0.27522444032589855
