target,moment
90.663631358,90.73685616833775
