target,moment
1.0,1.0
0.8725795027488233,0.8766945989198994
0.854808293224731,0.8863103387100567
0.621549138483011,0.8015854681789351
0.597797984767889,0.5884695031348386
0.293805456329383,0.29909936545862087
0.97595829268538,0.9167805242624211
0.7580583490804771,0.8935891839351374
0.386667563757739,0.3681459670491355
0.525456673586441,0.5187723211616068
0.569474829535268,0.4290807148639055
