target,moment
0.1723744735734453,0.1624574226312864
0.2001836313003392,0.20513287543987113
0.0492327599199353,0.051435053474014544
0.1684994775206873,0.22194242624899277
0.0285436772575964,0.02820079898655066
0.0677889190917095,0.06950225327213948
0.0151000451551628,0.014343643293395254
0.0183072062654951,0.021706136775234718
0.0333863766260561,0.03188922394498208
0.0211154118936726,0.020908572518431222
0.2254680213959001,0.17248159341510202
