target,moment
0.000729426174,0.0007303951710228339
