target,moment
0.0087725,0.008773092887980349
