target,moment
0.0168692,0.01744675194679132
