target,moment
0.2165556656512729,0.21980410779860626
0.233729031160127,0.21397670583966236
0.0672049461385212,0.06123809807057206
0.1094507590702438,0.14225368266520816
0.0339758263448995,0.030468897551799278
0.0562960172915832,0.053813484595394014
0.2827877543433519,0.278445023478758
