target,moment
0.0168692,0.019052966692797005
