target,moment
90.663631358,90.73651903262272
