target,moment
0.2165556656512729,0.19285376867038376
0.233729031160127,0.20934528313096146
0.0672049461385212,0.06267202735880108
0.1094507590702438,0.17463586400124
0.0339758263448995,0.03182904923460947
0.0562960172915832,0.05756184218558025
0.2827877543433519,0.2711021654184241
