target,moment
0.2165556656512729,0.21429249104242548
0.233729031160127,0.21719436495367778
0.0672049461385212,0.06283390049970522
0.1094507590702438,0.1408913296126418
0.0339758263448995,0.030340701469778106
0.0562960172915832,0.053670763576498436
0.2827877543433519,0.28077644884527314
