target,moment
0.09277,0.09297766581054746
