target,moment
0.0251697,0.04743769229954983
0.0170519152063842,0.01715118677157726
0.0318099,0.03388187195324188
0.0130792,0.0009782774715056401
0.0100246,0.0008496074341702786
0.0082411,0.002633138377170715
0.0142723639866622,0.004690504109327247
