target,moment
0.2165556656512729,0.21744521252453852
0.233729031160127,0.21484994282016562
0.0672049461385212,0.06261943258362188
0.1094507590702438,0.14224320398896156
0.0339758263448995,0.03047685777627666
0.0562960172915832,0.05389686477835302
0.2827877543433519,0.2784684855280826
