target,moment
0.0251697,0.04967124979928564
0.0170519152063842,0.017159190175240258
0.0318099,0.03239167646160775
0.0130792,0.0001379849600126896
0.0100246,1.8195933826609775e-06
0.0082411,0.0004816434796712743
0.0142723639866622,0.012824731614348665
