target,moment
0.2165556656512729,0.21428430296408646
0.233729031160127,0.21715799590698434
0.0672049461385212,0.06282671353462695
0.1094507590702438,0.1408772842131405
0.0339758263448995,0.030337560839652587
0.0562960172915832,0.05366501349672274
0.2827877543433519,0.2808511290447863
