target,moment
0.09277,0.09242144418880789
