target,moment
133.80077245805202,133.52733536321065
