target,moment
0.0251697,0.04980348600551252
0.0170519152063842,0.017364981196178037
0.0318099,0.03292746521277512
0.0130792,0.012764031473722308
0.0100246,0.009257780952565296
0.0082411,0.008206402030179291
0.0142723639866622,0.014602215164820222
