target,moment
0.2165556656512729,0.21923446699184207
0.233729031160127,0.21441086389067943
0.0672049461385212,0.06188202373075986
0.1094507590702438,0.14208584757671416
0.0339758263448995,0.030425577090596373
0.0562960172915832,0.05381227444434534
0.2827877543433519,0.27814894627506287
