target,moment
0.2165556656512729,0.21633190728827212
0.233729031160127,0.21558403981883306
0.0672049461385212,0.06260232366391622
0.1094507590702438,0.14214210321416867
0.0339758263448995,0.03041289130957242
0.0562960172915832,0.05380893753519147
0.2827877543433519,0.2791177971700461
