target,moment
0.5319924347316454,0.7474142411912171
