target,moment
1.0,1.0
1.08968319541132,1.0897570216994377
1.17541345258769,1.1686531670382214
0.346940370796428,0.3642271223099029
0.43593184990191,0.4318960903347932
0.242070633833219,0.24204087928004142
0.611167762289279,0.6056091719567366
