target,moment
0.01463,0.014659444097365259
