target,moment
0.09277,0.09457573943059197
