target,moment
0.09277,0.09425553160379009
