target,moment
0.00282988663276926,0.002850974848031813
