target,moment
0.2165556656512729,0.21542654433131864
0.233729031160127,0.21581918280325008
0.0672049461385212,0.06252826310819806
0.1094507590702438,0.14233293822080367
0.0339758263448995,0.0305358462771733
0.0562960172915832,0.05400208460060197
0.2827877543433519,0.27935514065865413
