target,moment
0.0168692,0.017682089403079825
