target,moment
0.2206596657722921,0.21413342919114825
0.2649483002941364,0.26939068961591967
0.09097163194384991,0.10242289101150653
0.04525811128876252,0.06995118892305256
0.036585438154627774,0.047098189547610414
0.03918808798586141,0.03943441410924278
0.020190077333790562,0.017400033819222952
0.014374998393669182,0.018708331497683948
0.039892810869818336,0.02839732908789758
0.020929158790089507,0.020015924891302408
0.20700171917310234,0.173047578305413
