target,moment
0.0087725,0.008569164766015321
-0.0128385999999999,-0.012546876541667024
