target,moment
1.0,1.0
0.8725795027488233,0.876055447807972
0.854808293224731,0.7625729501392333
0.621549138483011,0.6870529032375985
0.597797984767889,0.5916769227104309
0.293805456329383,0.29690958576332066
0.97595829268538,1.1003730534799658
0.7580583490804771,0.7922540078725219
0.386667563757739,0.37737086148408167
0.525456673586441,0.5187249687903265
0.456857731012344,0.45849595908138474
0.5726777336793948,0.5702009065662675
