target,moment
0.5332440948838922,0.625575865308711
