target,moment
82.198645766003,82.27701805130523
