target,moment
0.0168692,0.01758843751063326
