target,moment
1.0,1.0
1.08968319541132,1.0816778200851314
1.17541345258769,1.1665095399919523
0.346940370796428,0.357739768223116
0.43593184990191,0.4310924707252421
0.242070633833219,0.24124015347549188
0.611167762289279,0.6114878670203392
