target,moment
0.24000000000000002,0.24004846576552002
