target,moment
0.2165556656512729,0.21219879746207065
0.233729031160127,0.21653349681486003
0.0672049461385212,0.0625556664488013
0.1094507590702438,0.1432897695177965
0.0339758263448995,0.030688540346210436
0.0562960172915832,0.054226422538535955
0.2827877543433519,0.2805073068717251
