target,moment
0.0168692,0.017079239422686753
