target,moment
1.0,1.0
1.0901923526701716,1.0685972830493065
1.17541345258769,1.1679320849880503
0.346771653959122,0.4261746798103461
0.435719747133782,0.4483417277073376
0.241952910075955,0.24320532207779513
0.6107967519438201,0.5124558404441591
