target,moment
1.0,1.0
1.08968319541132,1.093112669108087
1.17541345258769,1.1772369927380433
0.346940370796428,0.36098776709314423
0.43593184990191,0.4337719249416873
0.242070633833219,0.2427961974891033
0.611167762289279,0.6186435507236138
