target,moment
0.3499061550503732,0.5748429450495098
0.1200626194103338,0.05461710704684739
0.1211887588058545,0.05958597925587596
0.0035804162844133,0.009742803645237217
0.0004965786572176,0.008085243143933628
0.002462693476303,0.002551788100909625
0.0600304680464258,0.026875699705300904
