target,moment
0.2165556656512729,0.21960509497531971
0.233729031160127,0.2142498669522009
0.0672049461385212,0.06194205418351975
0.1094507590702438,0.14202277416045034
0.0339758263448995,0.030411695939420932
0.0562960172915832,0.05375066962897638
0.2827877543433519,0.278017844160112
