target,moment
0.2040428289529481,0.21487845005076606
0.2255852454372509,0.237269823896692
0.0643218875038216,0.0668700087852832
0.1031564938626009,0.16494081660018728
0.0320219615813117,0.03590381743445484
0.0530585619633796,0.05681370485061458
0.018329400868127,0.017884753010853748
0.0189912032396071,0.023440315629834948
0.0265511265560509,0.02655415574449199
0.0104250119775051,0.01110847963722847
0.0209966612555152,0.021144359374316146
0.2225196168018815,0.1231913149852766
