target,moment
0.0251697,0.05025001417211047
0.0170519152063842,0.017161902900387372
0.0318099,0.032279837601374206
0.0130792,0.00014841847928581531
0.0100246,2.1094576693014878e-06
0.0082411,0.0004977906558045895
0.0142723639866622,0.01092952463842675
