target,moment
0.0087725,0.008772804757840461
