target,moment
0.0251697,0.05236053970372167
0.0170519152063842,0.0168355653635081
0.0318099,0.03235854500739852
0.0130792,0.0013851238465614375
0.0100246,0.0011904938548027914
0.0082411,0.004042248195863356
0.0142723639866622,0.005227117795822409
