target,moment
1.0,1.0
1.08968319541132,1.0796012660064978
1.17541345258769,1.1654971694009435
0.346940370796428,0.35704305177082796
0.43593184990191,0.43023068710042933
0.242070633833219,0.24111763774843537
0.611167762289279,0.6106610248265295
