target,moment
0.2165556656512729,0.21509871836831687
0.233729031160127,0.21793670396983902
0.0672049461385212,0.06291076059098595
0.1094507590702438,0.14152967523101556
0.0339758263448995,0.0304740731287679
0.0562960172915832,0.05415097670952164
0.2827877543433519,0.277899092001553
