target,moment
0.0251697,0.04662246727404138
0.0170519152063842,0.016877004460345464
0.0318099,0.03420156366129703
0.0130792,0.0009655779087123134
0.0100246,0.0008020182692789659
0.0082411,0.002513551326471702
0.0142723639866622,0.0050632018839145525
