target,moment
1.0,1.0
1.08968319541132,1.0742734290787816
1.17541345258769,1.1656828564632358
0.346940370796428,0.3648151292168229
0.43593184990191,0.4326487493038697
0.242070633833219,0.2425376693806289
0.611167762289279,0.6067148319438942
