target,moment
0.6271933781660521,0.6329349474288468
