target,moment
52.059453405938,52.090839805740195
