target,moment
0.2165556656512729,0.21650866231613927
0.233729031160127,0.2158124989231889
0.0672049461385212,0.061383551300369266
0.1094507590702438,0.14230798986265425
0.0339758263448995,0.030438479053650533
0.0562960172915832,0.05408254338061544
0.2827877543433519,0.2794662751633824
