target,moment
1.0,1.0
1.08968319541132,1.0817393114790894
1.17541345258769,1.1666361173856927
0.346940370796428,0.35782565399299143
0.43593184990191,0.43111959666925914
0.242070633833219,0.24114346897952496
0.611167762289279,0.6116031745882996
