target,moment
0.570755300166544,0.7134137268452891
