target,moment
0.5704138697186568,0.7258783998744582
