target,moment
1.0,1.0
0.8233838163561972,0.8390902936570344
0.9500664565076188,1.0039699112026652
0.6195254773194899,0.768772582746688
0.6346272259194297,0.6181967658457642
0.3055426457144353,0.30691289541832323
0.589040010333253,0.496119147424013
