target,moment
0.17031839709963825,0.1685367079964768
0.20229259889111986,0.20607411388856686
0.045721317024998376,0.04641004836964994
0.17532427202967427,0.21626124620650425
0.02640601573875262,0.025778729311097006
0.07263182442108201,0.07338256293699541
0.30730557479473447,0.26355659129070974
