target,moment
0.0245001006126403,0.024643361847441824
0.0169595319360521,0.01730655050326369
0.026430299282074,0.026288760998872146
0.0056323999166487,0.0005037106993609655
0.0104751002788543,0.0004970513445659042
0.0063905000686645,0.00041036858979625105
0.0161208999156951,0.015979884427984082
0.0221616005897522,0.021660389243398345
0.0096591997146606,0.0015838286688533735
0.0025066998600959,0.0004267110793660791
0.0163094067355351,0.005385378835633282
