target,moment
1.0,1.0
1.1274714196024822,1.1228014917864197
1.7226948883444433,1.7376327844556598
0.319029058542619,0.4100598136866607
0.5461525338715817,0.5548220641841239
0.2371531459427943,0.23698938146907184
0.883203974992962,0.8556119462868913
0.8982773231541623,1.0206300687764107
0.472765896937581,0.4425664578816541
0.5327084209692217,0.49760244263795617
0.5164219509463633,0.41792619478747073
