target,moment
0.0168692,0.01970769574948623
