target,moment
0.09277,0.09305884869257895
