target,moment
0.2165556656512729,0.21467473985462587
0.233729031160127,0.21748911009820113
0.0672049461385212,0.06290313488487918
0.1094507590702438,0.14098802928229257
0.0339758263448995,0.03036660515098756
0.0562960172915832,0.05371246464679247
0.2827877543433519,0.2798659160822212
