target,moment
0.003549953,0.0034837830012773995
