target,moment
0.0245001006126403,0.024752389082361846
0.0167215689711362,0.01705423833703013
0.026430299282074,0.026287719872516577
0.0056323999166487,0.0004770572004275664
0.0104751002788543,0.0005274913935745665
0.0063905000686645,0.00025415702062802384
0.0161208999156951,0.01608872188500313
0.0221616005897522,0.02130579238673461
0.0096591997146606,0.0020426127186088565
0.0025066998600959,0.0004473032691418915
0.0169932518584857,0.005293053658489958
