target,moment
0.5679426726969605,0.8525112389673847
