target,moment
0.015629,0.015739313577442425
