target,moment
0.015629,0.015467533509282962
