target,moment
1.0,1.0
1.08968319541132,1.0819180368369978
1.17541345258769,1.1665144474957971
0.346940370796428,0.3577450908993631
0.43593184990191,0.4310992165471321
0.242070633833219,0.24114470343667144
0.611167762289279,0.6114956131859333
