target,moment
0.027820599079132,0.027506043231531597
0.0201410956216747,0.020369730692613296
0.0324071002006531,0.03253437187186264
0.0205700993537903,0.0035776370419065458
0.0137092995643615,0.0008067059171928153
0.0069309997558593,0.002085837822212328
0.0169324004650116,0.01665908657963888
0.0397819995880127,0.038832250524845506
0.0110084998607635,0.0012597804343843896
0.0042943000793457,0.0007629804242099441
0.0133872343614895,0.005947341545131133
