target,moment
0.1723744735734453,0.16429479365519695
0.2001836313003392,0.1891541782314858
0.0492327599199353,0.05243968123468156
0.1684994775206873,0.227862579944027
0.0285436772575964,0.02868454529868139
0.0677889190917095,0.0706757094530812
0.0151000451551628,0.014519024536169088
0.0183072062654951,0.022105249577893844
0.0333863766260561,0.03264680983624774
0.0211154118936726,0.0212573297541925
0.2254680213959001,0.17636009847834286
