target,moment
0.2165556656512729,0.21229407079139048
0.233729031160127,0.21651953707132293
0.0672049461385212,0.06255824245232094
0.1094507590702438,0.14324427613898424
0.0339758263448995,0.030678737762896167
0.0562960172915832,0.054235534963640614
0.2827877543433519,0.28046960081944466
