target,moment
0.0251696991920471,0.0444638682677712
0.0170474822517444,0.0175057087228118
0.0313091993331909,0.03103067851255362
0.0130791997909546,0.0016151383526744666
0.0100246000289917,0.0007205507911938278
0.0082410997152328,0.00235194285486555
0.0141547485772109,0.00736799024259238
