target,moment
0.09277,0.0950136094515037
