target,moment
133.80077245805202,134.09651123433326
