target,moment
90.663631358,91.08124711527456
