target,moment
0.0168692,0.019102771254345237
