target,moment
1.0,1.0
1.08968319541132,1.0742718658317938
1.17541345258769,1.1657979440667712
0.346940370796428,0.3648070369249914
0.43593184990191,0.43264292804932725
0.242070633833219,0.24252952769257022
0.611167762289279,0.6066899762049941
