target,moment
0.003549953,0.003503199170110099
