target,moment
0.4750989714792567,0.5055790679226881
