target,moment
1.0,1.0
1.08968319541132,1.082284429786777
1.17541345258769,1.1672056040379382
0.346940370796428,0.357271795709467
0.43593184990191,0.4307525108312028
0.242070633833219,0.24112887627322976
0.611167762289279,0.6108306416369498
