target,moment
66.60831919898834,66.6950283948545
