target,moment
0.1723744735734453,0.1624598340141197
0.2001836313003392,0.20497883395883862
0.0492327599199353,0.05145004326654973
0.1684994775206873,0.22191775423061974
0.0285436772575964,0.028189622878647687
0.0677889190917095,0.06945277838316669
0.0151000451551628,0.014268212806580196
0.0183072062654951,0.021725345384167382
0.0333863766260561,0.03187836288373675
0.0211154118936726,0.020897069665177525
0.2254680213959001,0.17278214252839577
