target,moment
0.0251697,0.059459793681454015
0.0170519152063842,0.01787175125771041
0.0318099,0.03395649501687535
0.0130792,0.01238586575400799
0.0100246,0.008895237377890481
0.0082411,0.008022796876060253
0.0142723639866622,0.014752126273642542
