target,moment
0.09277,0.0930072487671556
