target,moment
0.0168692,0.01746870825957162
