target,moment
0.0251697,0.04671656860590492
0.0170519152063842,0.016957032744148722
0.0318099,0.03417742312127795
0.0130792,0.0010038454777935785
0.0100246,0.0008329570858630812
0.0082411,0.002607955574218449
0.0142723639866622,0.005262896122023234
