target,moment
1.0,1.0
1.08968319541132,1.0742751254751224
1.17541345258769,1.1656347534450846
0.346940370796428,0.36481790509291884
0.43593184990191,0.4326501011786525
0.242070633833219,0.24253602960985957
0.611167762289279,0.6067327701933237
