target,moment
1.0,1.0
1.08968319541132,1.0685781068380613
1.17541345258769,1.162139940365165
0.346940370796428,0.37189324018722997
0.43593184990191,0.4314806257961611
0.242070633833219,0.2427494719208676
0.611167762289279,0.6051017085134586
