target,moment
0.025420799255371,0.043681640927691806
0.017404222697297,0.018084942325148012
0.0297986340522765,0.02955853380899289
0.0113107001781463,0.0011786763822729581
0.0099083334207534,0.0008403407985333272
0.0073395333687464,0.0026089017828538415
0.0147187306749467,0.007423753325598162
