target,moment
0.09277,0.08933034588605661
