target,moment
0.4750989714792567,0.4507529688148467
