target,moment
0.2165556656512729,0.21470776301603003
0.233729031160127,0.21750668178300786
0.0672049461385212,0.06290174911750661
0.1094507590702438,0.14100023282063814
0.0339758263448995,0.030369640994309586
0.0562960172915832,0.05371472951481981
0.2827877543433519,0.27979920275368797
