target,moment
0.09277,0.09320127496402632
