target,moment
0.0168692,0.017979014046013365
