target,moment
0.000729426174,0.0007243768607244352
