target,moment
0.5818702095245356,0.6651199643356057
