target,moment
0.015629,0.015697642953496682
