target,moment
0.4000000000000001,0.3914947683356036
