target,moment
0.5653052340795305,0.6832409950244567
