target,moment
0.0281270003318787,0.025473690554431296
0.0187775636701461,0.020379639980479636
0.0319589996337891,0.028014880739688917
0.0166480004787445,0.00246935140103309
0.0111865997314452,0.0010225685476873336
0.0083314001560211,0.0034143868575837854
0.019174200296402,0.01712016669527591
0.0314668989181519,0.024669207569007923
0.012519199848175,0.0011184510319871732
0.0240111994743347,0.024993338034291077
0.0047953999042511,0.0005194887491686782
0.0103551927385006,0.005782142516485897
