target,moment
0.015629,0.015845902001579277
