target,moment
0.0251697,0.05005518150756577
0.0170519152063842,0.01737620584277924
0.0318099,0.032908281017467324
0.0130792,0.012763576600233376
0.0100246,0.009248367498231463
0.0082411,0.008205052869681269
0.0142723639866622,0.014616119815574598
