target,moment
0.5663467378423179,0.6797164358107167
