target,moment
0.09277,0.09298088748730289
