target,moment
90.663631358,90.76962824977053
