target,moment
0.8728053142868051,0.703532962895226
