target,moment
0.5679426726969605,0.6343865334491903
