target,moment
0.003549953,0.0035362455750070085
