target,moment
0.02024304,0.02017736564346732
