target,moment
1.0,1.0
0.8725795027488233,0.8762517738391209
0.854808293224731,0.8860246276801288
0.621549138483011,0.8014089519422811
0.597797984767889,0.5927529489955646
0.293805456329383,0.3017918866161024
0.97595829268538,0.9231116969144203
0.7580583490804771,0.9208121943341931
0.386667563757739,0.3717447070222148
0.525456673586441,0.523824202214801
0.569474829535268,0.4313594492483331
