target,moment
0.0087725,0.00858498897469034
-0.0158656,-0.015624348102030311
-0.0098115999999999,-0.009375744251527676
