target,moment
0.0168692,0.016168961758197136
