target,moment
0.2165556656512729,0.2120947126723099
0.233729031160127,0.2165602112302764
0.0672049461385212,0.06255622815105441
0.1094507590702438,0.14330492057849023
0.0339758263448995,0.030680831898989708
0.0562960172915832,0.054254599981436065
0.2827877543433519,0.28054849548744315
