target,moment
0.2040428289529481,0.2149831364567172
0.2255852454372509,0.236934566376415
0.0643218875038216,0.06680722119822238
0.1031564938626009,0.1650729945932298
0.0320219615813117,0.03592504260060803
0.0530585619633796,0.056847346127074726
0.018329400868127,0.017856701699946277
0.0189912032396071,0.023418200584221567
0.0265511265560509,0.026570043011199775
0.0104250119775051,0.011161588435616624
0.0209966612555152,0.021156802639513108
0.2225196168018815,0.12326635627723544
