target,moment
0.09277,0.09302288220989266
