target,moment
0.2165556656512729,0.2188895241511037
0.233729031160127,0.21448129810073546
0.0672049461385212,0.061861163285728764
0.1094507590702438,0.14216727415104868
0.0339758263448995,0.03044536980922193
0.0562960172915832,0.05384839129652371
0.2827877543433519,0.2783069792056377
