target,moment
90.663631358,90.75294841748737
