target,moment
82.198645766003,82.11001081988827
