target,moment
0.2040428289529481,0.21492072899836537
0.2255852454372509,0.2369609895471405
0.0643218875038216,0.06683258648580712
0.1031564938626009,0.165085888741921
0.0320219615813117,0.03592614563716485
0.0530585619633796,0.05685017574141419
0.018329400868127,0.017873682722505013
0.0189912032396071,0.02341633591195283
0.0265511265560509,0.026570930745556446
0.0104250119775051,0.011135143876196605
0.0209966612555152,0.02115745729609326
0.2225196168018815,0.1232699342958828
