target,moment
0.000729426174,0.0006543614792759454
