target,moment
0.027820599079132,0.027562487590563428
0.0201410956216747,0.020370770598795097
0.0324071002006531,0.0325648971617218
0.0205700993537903,0.0035706536356940356
0.0137092995643615,0.0008928325790382175
0.0069309997558593,0.002226051724227893
0.0169324004650116,0.01667203230066053
0.0397819995880127,0.03883713240195877
0.0110084998607635,0.0013427409419574552
0.0042943000793457,0.0007918792505236273
0.0073146998882293,0.0025702235884846685
0.0135465587074145,0.003753390196089864
