target,moment
0.0168692,0.01719472935139776
