target,moment
0.2165556656512729,0.21024861003614448
0.233729031160127,0.21706792719387086
0.0672049461385212,0.06262362886211906
0.1094507590702438,0.14344722614398353
0.0339758263448995,0.030712465709410275
0.0562960172915832,0.05432903466777991
0.2827877543433519,0.28157110738669183
