target,moment
0.2165556656512729,0.21024861083481966
0.233729031160127,0.21706792750029422
0.0672049461385212,0.06262362898077853
0.1094507590702438,0.1434472258717981
0.0339758263448995,0.030712465672152897
0.0562960172915832,0.054329034600339395
0.2827877543433519,0.28157110653981726
