target,moment
0.0168692,0.01648498404574257
