target,moment
0.01463,0.015627054919323452
