target,moment
0.09277,0.1454567389129394
