target,moment
1.0,1.0
0.8342799040923491,0.8310622466867144
1.2711354980886098,1.263042991733873
0.327426530347679,0.39457379292777156
0.3509245588724173,0.35301061778896675
0.207533565517414,0.20538029763303645
0.5252453394728159,0.443861562476334
