target,moment
0.002635930470888,0.0026670583632997687
