,beta,alpha,UUPCOSTS
0,0.6150706821634753,0.6307266838061869,0.0
1,0.355083660964369,0.4099049628855321,0.001659977417779684
2,0.029845656872155717,0.40030401392897524,0.0006038410924588376
