target,moment
0.0168692,0.018406847829703758
