target,moment
1.0,1.0
1.08968319541132,1.0747708067320156
1.17541345258769,1.1652082395879022
0.346940370796428,0.36520290311352027
0.43593184990191,0.4331771967882231
0.242070633833219,0.24288310676600036
0.611167762289279,0.6073519392944203
