target,moment
0.5679426726969605,0.816769861283349
