target,moment
0.0168692,0.01634411900097062
