target,moment
82.198645766003,82.14080614450587
