target,moment
0.0087725,0.038448680758177
-0.0158656,0.08784931779965598
-0.0098115999999999,0.029885886332991708
