target,moment
0.09277,0.04479267607612949
