target,moment
0.027820599079132,0.025690440719633296
0.0201410956216747,0.03534427736855901
0.0324071002006531,0.042489066151101665
0.0205700993537903,0.009335335065600697
0.0137092995643615,0.0019570156453001873
0.0069309997558593,0.0031469987409999153
0.0169324004650116,0.021006551959340026
0.0397819995880127,0.04399953885256442
0.0110084998607635,0.003118692542579874
0.0042943000793457,0.0014180336620429818
0.0073146998882293,0.0051152787547588206
0.0135465587074145,0.008686048984364246
