target,moment
1.0,1.0
0.8725795027488233,0.6716109027969211
0.854808293224731,0.6810429531315613
0.621549138483011,0.7917691877663324
0.597797984767889,0.4754088822835395
0.293805456329383,0.2554073915573433
0.97595829268538,0.6501010513877707
0.7580583490804771,0.7579429188139909
0.386667563757739,0.2728061179284088
0.525456673586441,0.4253562103920265
0.456857731012344,0.39014290517120875
0.5726777336793948,0.43220395566144104
