target,moment
1.0,1.0
0.8725795027488233,0.9160363110501643
0.854808293224731,0.923187472741875
0.621549138483011,1.043971830757541
0.597797984767889,0.6195148900966718
0.293805456329383,0.33000164640932833
0.97595829268538,0.8990000633816568
0.7580583490804771,1.0385407608416715
0.386667563757739,0.37632469806412233
0.525456673586441,0.5487157473072054
0.456857731012344,0.5079906051650446
0.5726777336793948,0.5716872719802495
