target,moment
0.1723413565516609,0.16601493851529234
0.2001451715125225,0.207068304999739
0.0492233011970225,0.05021014180356073
0.168467104972989,0.16963861130792593
0.0285381933738058,0.02791043141241012
0.0677758953123543,0.06662479434917892
0.0150971440961255,0.015059076423384991
0.0183036890385174,0.01882407563164923
0.0333799623505598,0.032725866721810874
0.0211113551470954,0.02059312754432185
0.0071838887952674,0.007091295735312644
0.2184329376520792,0.21823933555541344
