target,moment
0.07421839,0.12654799080990833
