target,moment
0.0032483599077012,0.0008004463027668406
0.0008911894812772,0.0007396447940407571
0.0005769283323049,0.00032844566903421807
