target,moment
0.0032483599077012,0.00017569588073233569
0.0008911894812772,1.4983135873028373e-05
0.0005769283323049,9.5772334072562e-05
