target,moment
0.0087725,0.015179392403257455
