target,moment
0.000729426174,0.000698772908339757
