target,moment
1.0,1.0
1.08968319541132,1.0814469959849413
1.17541345258769,1.1679414907563588
0.346940370796428,0.35780372188954795
0.43593184990191,0.431254663878676
0.242070633833219,0.2411950460664236
0.611167762289279,0.6111858689827765
