target,moment
0.2165556656512729,0.212637938052385
0.233729031160127,0.2160727742537229
0.0672049461385212,0.06264508548467744
0.1094507590702438,0.14365281708992264
0.0339758263448995,0.030794906288735997
0.0562960172915832,0.054376000968513374
0.2827877543433519,0.2798204778620427
