target,moment
0.09277,0.09316954760386695
