target,moment
0.6097819325904917,0.7882363849182871
