target,moment
0.5748805271446802,0.5243304300082424
