target,moment
1.0,1.0
1.08968319541132,1.0818030019950902
1.17541345258769,1.167332464256299
0.346940370796428,0.35778878460942615
0.43593184990191,0.43114817203596745
0.242070633833219,0.2411788185829162
0.611167762289279,0.6115451865897993
