,beta,alpha
0,0.615554506096235,0.6460426761643729
1,0.384445493903765,0.3850518635969567
