target,moment
0.0087725,0.008425518098176852
