target,moment
0.0251697,0.05371071808416589
0.0170519152063842,0.01961044928553477
0.0318099,0.03575616590470361
0.0130792,0.012702909332283695
0.0100246,0.00933786269948396
0.0082411,0.008348110054850805
0.0142723639866622,0.016090278539467633
