target,moment
0.0168692,0.018437025868385557
