target,moment
0.0251697,0.0578141901583548
0.0170519152063842,0.017801179309241105
0.0318099,0.03380061698343801
0.0130792,0.012375399694778423
0.0100246,0.008897965935338177
0.0082411,0.008019764362641261
0.0142723639866622,0.014701446452594689
