target,moment
0.0251697,0.049433673604090456
0.0170519152063842,0.017125065831489296
0.0318099,0.032516724916970316
0.0130792,9.424272813905565e-05
0.0100246,8.209038630972502e-07
0.0082411,0.0003695364180345673
0.0142723639866622,0.009258182648521024
