target,moment
0.4750989714792567,0.44055813039246594
