target,moment
0.000729426174,0.0007371641143222618
