target,moment
0.2165556656512729,0.21586715675441007
0.233729031160127,0.21745703944823375
0.0672049461385212,0.06291150713982231
0.1094507590702438,0.14151978130735077
0.0339758263448995,0.030459977387365226
0.0562960172915832,0.054150724917321334
0.2827877543433519,0.27763381304549645
