target,moment
0.071287577,0.07557135819355534
