target,moment
0.07421839,0.0821323819356316
