target,moment
0.5080658008884097,0.4624450040334621
