target,moment
0.0168692,0.017128810501017878
