target,moment
0.2040428289529481,0.21474821455873003
0.2255852454372509,0.237597579916744
0.0643218875038216,0.06649513512832742
0.1031564938626009,0.16127220620080926
0.0320219615813117,0.035704470655672595
0.0530585619633796,0.05667431510736096
0.018329400868127,0.017857780431150223
0.0189912032396071,0.023105736695746712
0.0265511265560509,0.026572485119755702
0.0104250119775051,0.011031851172178088
0.0209966612555152,0.02114791333259222
0.2225196168018815,0.1277923116809328
