target,moment
0.0251697,0.04673852186532845
0.0170519152063842,0.016957818200966913
0.0318099,0.034180251556400004
0.0130792,0.0010043022749842542
0.0100246,0.0008320947238405057
0.0082411,0.0026041563765853903
0.0142723639866622,0.005268014548352694
