target,moment
0.0251697,0.04523938219563081
0.0170519152063842,0.017283016525822748
0.0318099,0.03297868224478422
0.0130792,0.000951257672243703
0.0100246,0.0009797588160341832
0.0082411,0.0032044884984824126
0.0142723639866622,0.004310222029325277
