target,moment
0.2165556656512729,0.19382544783566524
0.233729031160127,0.2076364990367006
0.0672049461385212,0.06298446873595828
0.1094507590702438,0.17401057416241555
0.0339758263448995,0.03164507769986428
0.0562960172915832,0.05796760939920925
0.2827877543433519,0.2719303231301868
