target,moment
0.0168692,0.017645292225378473
