target,moment
0.003549953,0.0033009298756927034
