target,moment
0.0251697,0.0669764836347327
0.0170519152063842,0.01740456848352299
0.0318099,0.03386921396457592
0.0130792,0.012623610793519105
0.0100246,0.00913432025750565
0.0082411,0.008226494946996113
0.0142723639866622,0.014655479301058039
