target,moment
0.2165556656512729,0.21893295904893847
0.233729031160127,0.21444523293617065
0.0672049461385212,0.06179233758036176
0.1094507590702438,0.14218711441283943
0.0339758263448995,0.03044829839252534
0.0562960172915832,0.053852476441191476
0.2827877543433519,0.2783415811879729
