target,moment
52.059453405937994,52.10524818998304
