target,moment
0.0245001006126403,0.02487270769401262
0.0167215689711362,0.017198241230377293
0.026430299282074,0.026408529071034144
0.0056323999166487,0.00044957883102721044
0.0104751002788543,0.0005204009752402438
0.0063905000686645,0.0003002236275069301
0.0161208999156951,0.01612749781778948
0.0221616005897522,0.02131198975515858
0.0096591997146606,0.0016764162407993503
0.0025066998600959,0.0024135367141636726
0.0052693998813629,0.0061681636557536544
0.0175742767524153,0.006119725834021955
