target,moment
0.0015611059454019,0.001526978672776845
