target,moment
82.198645766003,82.17982054941432
