target,moment
0.0251696991920471,0.050289451169419415
0.0170474822517444,0.017658951434155266
0.0313091993331909,0.03207142395258482
0.0130791997909546,0.0017780834628322861
0.0100246000289917,0.0007762512315464705
0.0082410997152328,0.002559408329557387
0.0141547485772109,0.007645528600910558
