target,moment
1.0,1.0
1.08968319541132,1.0834744502449265
1.17541345258769,1.1755288719190062
0.346940370796428,0.3575548473446463
0.43593184990191,0.43074681770274575
0.242070633833219,0.24106660966780788
0.611167762289279,0.6113580583313508
