target,moment
0.2165556656512729,0.21885656662650582
0.233729031160127,0.21445845765427204
0.0672049461385212,0.06178168937789649
0.1094507590702438,0.1422127080275203
0.0339758263448995,0.030454532824409575
0.0562960172915832,0.05384065952487466
0.2827877543433519,0.278395385964521
