target,moment
0.0047203001064472,0.00479261642691144
