target,moment
0.0251697,0.04172133270799169
0.0170519152063842,0.016633245754383887
0.0318099,0.03480453939472198
0.0130792,0.0009136989032693215
0.0100246,0.0007549478581622743
0.0082411,0.0023666886460935736
0.0142723639866622,0.0053952027476691766
