target,moment
1.0,1.0
1.08968319541132,1.0738360634086774
1.17541345258769,1.1647898089065885
0.346940370796428,0.36421218373858905
0.43593184990191,0.4320725559906397
0.242070633833219,0.24226403444997166
0.611167762289279,0.6063494611364345
