target,moment
133.80077245805202,134.01291531687883
