target,moment
0.0251697,0.026260265688718903
0.0170519152063842,0.016583286682316564
0.0318099,0.031974712170903585
0.0130792,0.0009912748976350343
0.0100246,0.001095603106756068
0.0082411,0.003670031004827313
0.0142723639866622,0.0058483982449363614
