target,moment
0.2165556656512729,0.18546273664323726
0.233729031160127,0.21069645667002818
0.0672049461385212,0.06257275500734945
0.1094507590702438,0.17666001733428713
0.0339758263448995,0.03220611238613068
0.0562960172915832,0.05828460966255847
0.2827877543433519,0.27411731229640884
