target,moment
0.0087725,0.008754127309698803
-0.0128385999999999,-0.01253633192286103
