target,moment
0.0251697,0.04681425711540775
0.0170519152063842,0.016966242139673435
0.0318099,0.03421469734671416
0.0130792,0.0010028267474365131
0.0100246,0.000832048762223736
0.0082411,0.002602746737494201
0.0142723639866622,0.005270076743953502
