target,moment
0.0087725,0.008768396725877125
