target,moment
0.09277,0.09061253963866815
