target,moment
144.80523727796603,144.64143668069454
