target,moment
0.0168692,0.016835300287043782
