target,moment
0.0168692,0.01685398536845683
