target,moment
0.4933725017873906,0.4571520990069378
