target,moment
0.0168692,0.017112314824326014
