target,moment
0.2165556656512729,0.20914717851454195
0.233729031160127,0.2173250249056179
0.0672049461385212,0.06280310326425956
0.1094507590702438,0.14384174583741613
0.0339758263448995,0.03079237546981087
0.0562960172915832,0.05445299551190262
0.2827877543433519,0.28163757649645094
