target,moment
0.015629,0.015735112218251173
