target,moment
0.0168692,0.01765389265375478
