target,moment
1.0,1.0
1.08968319541132,1.0817086297610679
1.17541345258769,1.167550424993067
0.346940370796428,0.35775748645896344
0.43593184990191,0.43111899941154064
0.242070633833219,0.24114500270079378
0.611167762289279,0.6114855144469287
