target,moment
0.000729426174,0.000664587058973149
