target,moment
0.027820599079132,0.02755092234736523
0.0201410956216747,0.020357104600317713
0.0324071002006531,0.03225397380755242
0.0205700993537903,0.0034077326882090237
0.0137092995643615,0.0007766583246686462
0.0069309997558593,0.002001446911027494
0.0169324004650116,0.016687132005649325
0.0397819995880127,0.038889873758345836
0.0110084998607635,0.001208609151623225
0.0042943000793457,0.0007291778628574685
0.0133872343614895,0.0056899674458480995
