target,moment
0.0168692,0.018043272129498574
