,beta,alpha
0,0.6273175775396721,0.6464807868487672
1,0.3726824224603278,0.42329377073192526
