target,moment
0.017496806,0.01760763148127004
