target,moment
1.0,1.0
1.08968319541132,1.129444074544311
1.17541345258769,1.1709499681082576
0.346940370796428,0.3577444182059728
0.43593184990191,0.4310323937291192
0.242070633833219,0.24220837310470741
0.611167762289279,0.612211794290295
