target,moment
0.2165556656512729,0.2121919623181989
0.233729031160127,0.21653238043465042
0.0672049461385212,0.0625554073357262
0.1094507590702438,0.14328586190232387
0.0339758263448995,0.030687127931309146
0.0562960172915832,0.05424711608854339
0.2827877543433519,0.280500143989248
