target,moment
1.0,1.0
1.0930777059511088,1.0903254392420207
1.17541345258769,1.1756820547586349
0.346771653959122,0.35227917002324244
0.435719747133782,0.4375367256622425
0.241952910075955,0.24240923137389653
1.00152170325136,1.000302743438316
0.770342027427148,0.7765694476478858
0.450288180056851,0.45018515861278074
1.04371974139227,1.0465285339513068
0.653966544013067,0.6540734052728342
0.4017735881616045,0.39150306462036366
