target,moment
0.015629,0.015588553248540644
