target,moment
0.0168692,0.0174346312087265
