target,moment
90.663631358,91.05776051375088
