target,moment
0.0251697,0.04751292422867781
0.0170519152063842,0.017463433337534945
0.0318099,0.03237143259574621
0.0130792,0.01265707293049945
0.0100246,0.009385291189174349
0.0082411,0.008147161143283978
0.0142723639866622,0.014549683095201188
