target,moment
1.0,1.0
1.08968319541132,1.081692266477751
1.17541345258769,1.1663943438348259
0.346940370796428,0.35774518646383685
0.43593184990191,0.43109530402765806
0.242070633833219,0.2411430538246875
0.611167762289279,0.6114906785191617
