target,moment
0.1200626194103338,0.21846745820258523
0.1211887588058545,0.23276494036607914
0.0035804162844133,0.031035402653889665
0.0004965786572176,0.03224808272400448
0.002462693476303,0.007812611398939504
0.0600304680464258,0.08961626594617457
0.1343304183885601,0.04718435164078801
0.0637303998720678,0.03986304640720981
0.0018651157701598,0.007339880831562774
0.0004460791327548,0.007461614100361916
0.0016008349254711,0.0023449793673346736
0.0392297139201939,0.018431122073058703
0.0400814725661333,0.015450011199767794
0.0389368166783096,0.020166912131627104
0.0006682770403912,0.005335584694177652
9.931573144352892e-05,0.0024950274330927543
0.0002592308922424,0.000563006124919715
0.0194675666804137,0.010070483811309275
0.0304225968538796,0.009646891967890472
0.03434640990464,0.021869552312748133
0.0521424423253347,0.04464484698516069
0.0001026823664077,0.0023917589716955165
0.0003332968614545,0.0006678817322337624
0.01717320495232,0.012593881133624148
0.0103574524673225,0.005541863385642002
0.0083223216314713,0.006471870924587121
0.0012540715241598,0.002661431172969208
0.0003282469090082,0.0005883402305836741
0.0001245654936749,0.00024753980058674427
0.0041611608157356,0.0018719978157307915
0.0135473390958901,0.004057659761085964
0.0109735466657688,0.005912353297629728
0.0026175586846557,0.0032441542183694783
0.0003770631159889,0.0006180229032902153
9.258246151515408e-05,0.000948095672866742
0.0054859316741434,0.0022728345413483234
0.0671694174879853,0.03163425652968209
0.0583101175797261,0.021632780455213062
0.0318651999360339,0.025536596510800508
0.0009325578850799,0.002542587588634483
0.0002238812251184,0.002921646377124907
0.0007995758039945,0.000830374603619304
