target,moment
1.0,1.0
1.08968319541132,1.0820986762316245
1.17541345258769,1.17108597754091
0.346940370796428,0.35755409383889303
0.43593184990191,0.43082625348272324
0.242070633833219,0.24100626653772778
0.611167762289279,0.6112981337248897
