target,moment
0.09277,0.09276727622891447
