target,moment
0.09277,0.09461234227910044
