target,moment
53.56057907977233,54.92031712800821
