target,moment
0.0168692,0.018810193161396566
