target,moment
0.1723744735734453,0.16250590610004945
0.2001836313003392,0.2048529378003831
0.0492327599199353,0.05145805032884696
0.1684994775206873,0.22204547178850578
0.0285436772575964,0.028209876301039445
0.0677889190917095,0.06953564444589483
0.0151000451551628,0.014346794249332011
0.0183072062654951,0.021718481458217396
0.0333863766260561,0.03189387157315578
0.0211154118936726,0.02091351146340715
0.2254680213959001,0.17251945449116804
