target,moment
0.017496806,0.017615206283933912
