target,moment
0.000729426174,0.0006844134567883654
