target,moment
0.0168692,0.01790057226937392
