target,moment
1.0,1.0
1.08968319541132,1.0874432638422908
1.17541345258769,1.1724388158944477
0.346940370796428,0.3556095190772066
0.43593184990191,0.42957095162540654
0.242070633833219,0.23981841284240146
0.611167762289279,0.6095326509982147
