target,moment
0.1723413565516609,0.14923776032776004
0.2001451715125225,0.19509589456385645
0.0492233011970225,0.050633781427300975
0.168467104972989,0.23130704137665678
0.0285381933738058,0.02645716464150237
0.0677758953123543,0.06175362643378597
0.0150971440961255,0.012933655441464999
0.0183036890385174,0.02228862094123647
0.0333799623505598,0.030039015751497405
0.0211113551470954,0.01961984779952266
0.0071838887952674,0.007027884474618123
0.2184329376520792,0.19360570682079775
