target,moment
0.0251697,0.02828418468933769
