target,moment
1.0,1.0
1.08968319541132,1.1026514887607222
1.17541345258769,1.186275149621624
0.346940370796428,0.3659897865838458
0.43593184990191,0.4413795785896802
0.242070633833219,0.24640250473241115
0.611167762289279,0.6235719522318994
