target,moment
0.5428261658659178,0.5725603075544816
