target,moment
1.0,1.0
1.0930777059511088,1.0904391608990605
1.17541345258769,1.1755828685695953
0.346771653959122,0.3522958263605716
0.435719747133782,0.43744823343603
0.241952910075955,0.24236889305357529
1.00152170325136,1.0000792115436012
0.770342027427148,0.7764276697288471
0.450288180056851,0.45008816265981405
1.04371974139227,1.0462681168512884
0.653966544013067,0.6539248993991242
0.4017735881616045,0.3914986400869851
