target,moment
133.80077245805202,134.21462318949895
