target,moment
0.027820599079132,0.027500250569778034
0.0201410956216747,0.020375582083016562
0.0324071002006531,0.032453121465358385
0.0205700993537903,0.0035748385252325015
0.0137092995643615,0.0007914916866047301
0.0069309997558593,0.002057518151460754
0.0169324004650116,0.016666721897363575
0.0397819995880127,0.0388298288297402
0.0110084998607635,0.0012367380127647951
0.0042943000793457,0.0007475788384976834
0.0133872343614895,0.005919006805447874
