target,moment
0.0251697,0.0632860267347633
0.0170519152063842,0.016846849407072238
0.0318099,0.0365195820293639
0.0130792,0.012362219512009677
0.0100246,0.00934154618035541
0.0082411,0.008315951846454672
0.0142723639866622,0.014314926718920264
