target,moment
0.5818702095245367,0.6849188836445309
