target,moment
133.80077245805202,133.4072412631957
