target,moment
0.027820599079132,0.02762494885204629
0.0201410956216747,0.020353181065237206
0.0324071002006531,0.032323828366890836
0.0205700993537903,0.0033896202377310526
0.0137092995643615,0.0007772834401180449
0.0069309997558593,0.002002585625718558
0.0169324004650116,0.01668636004149908
0.0397819995880127,0.038886125040225296
0.0110084998607635,0.0012094256307732564
0.0042943000793457,0.0007297231154590741
0.0133872343614895,0.0056885182734896745
