target,moment
0.5319924347316454,0.5628878028116213
