target,moment
0.5887859407552132,0.5468826699226924
