target,moment
0.0245001006126403,0.05236168357183759
0.0166066153242035,0.017141678485733843
0.026430299282074,0.026135109294615797
0.0056323999166488,0.00040906869113535794
0.0104751002788543,0.0003112527852835341
0.0063905000686645,0.00027041141275674146
0.0160602919329674,0.004188355680925603
