target,moment
0.09277,0.09116176736034029
