target,moment
0.027820599079132,0.027572119628935313
0.0201410956216747,0.020364138175763685
0.0324071002006531,0.03255771152030844
0.0205700993537903,0.003585213871923952
0.0137092995643615,0.0008918697961237207
0.0069309997558593,0.00222705157840344
0.0169324004650116,0.016662499336691106
0.0397819995880127,0.038811812466266214
0.0110084998607635,0.0013422469683866654
0.0042943000793457,0.0007930178971548399
0.0073146998882293,0.0025539308761156117
0.0135465587074145,0.003759709826160103
