target,moment
0.071287577,0.07155946896488319
