target,moment
0.0251697,0.02781958534413618
