target,moment
1.0,1.0
1.08968319541132,1.0953921788600034
1.17541345258769,1.1759784423743669
0.346940370796428,0.36118297664360555
0.43593184990191,0.43393183820244974
0.242070633833219,0.24308692784274566
0.611167762289279,0.6196137019837779
