target,moment
1.0,1.0
1.0793023145213338,1.0492979310886104
0.3103356632873494,0.3057910977036334
0.5054162805719256,0.695112520092853
0.1568918838614548,0.14913418789315427
0.2599609533293794,0.2635273800392839
1.3058432504773845,1.3574685368083512
