target,moment
0.22137241763618884,0.2039364032410492
0.2636085913128428,0.25783865451602717
0.09041775951974637,0.09449158503481661
0.049927083319377875,0.07278733324105695
0.03671088276898511,0.04715079639019725
0.04004488352920303,0.04039961649114759
0.01991900346112428,0.01718830007088872
0.01522049003266172,0.018323663548713794
0.03552731225240794,0.0261033606393992
0.022576966231319443,0.019151568324310142
0.009139396410045653,0.009049003212542754
0.19553521352609696,0.19357971528985057
