target,moment
1.0,1.0
1.08968319541132,1.0810079317167185
1.17541345258769,1.1665944619493664
0.346940370796428,0.3575103262460924
0.43593184990191,0.43077636559062027
0.242070633833219,0.240982803399243
0.611167762289279,0.6111952018460068
