target,moment
90.663631358,91.32125130578267
