target,moment
0.09277,0.09292928712334814
