target,moment
0.015629,0.015659598644086413
