target,moment
0.0047164777,0.004637956573746091
