target,moment
0.09277,0.09587130203139489
