target,moment
0.0273836994171142,0.02712916736369402
0.0198057939068089,0.019992658024211234
0.0329585003852844,0.03267485745709369
0.0202576661109924,0.0031349283540191685
0.0127876996994018,0.0007256994471908856
0.0070036999384561,0.0020663652162459904
0.0170427000522613,0.01680276411969524
0.0400243330001831,0.03896185394635337
0.0106686000029246,0.0011137274817726013
0.0042991999785105,0.0006585003612597341
0.0132463542155575,0.00562287502628406
