target,moment
0.17033568699281337,0.16536336906260596
0.19924437260374767,0.2044648658066798
0.04934389334256094,0.0518633410673408
0.16562078804889427,0.21598041129594653
0.030309831335220992,0.028718284136318925
0.06614531454469595,0.06938390183944568
0.015438151104520313,0.014494901017406464
0.017638487747157455,0.021161977357811546
0.035902556874238094,0.03301943946369138
0.020906154566245626,0.02076213126760062
0.22911476283990556,0.17478737768515226
