target,moment
52.059453405938,52.01973957481689
