target,moment
0.0015244091830588,0.0015574410878930354
