target,moment
0.0251696991920471,0.04965390313618692
0.0169424664104217,0.01998495599468452
0.0313091993331909,0.02927742075786779
0.0130791997909546,0.0020482249107606613
0.0100246000289917,0.0010227589517385358
0.0082410997152328,0.0035135630953128387
0.0197126996517181,0.014577313124224727
0.0252290010452271,0.022769398216005304
0.0106797003746033,0.0013784645291772715
0.0184949994087218,0.010317814757514332
0.0039844000339508,0.0005562538533215417
0.0127844897880634,0.007373400054827892
