target,moment
1.0,1.0
1.0930777059511088,1.0932555822275905
1.17541345258769,1.183907994669576
0.346771653959122,0.35229798118798406
0.435719747133782,0.43745355065445024
0.241952910075955,0.24237127025140884
1.00152170325136,1.007423343822511
0.770342027427148,0.7809523924705767
0.450288180056851,0.45008831108837855
1.04371974139227,1.0581463259421664
0.653966544013067,0.6539267510868805
0.4017735881616045,0.3915143033779296
