target,moment
0.015629,0.015739717115526505
