,beta,alpha
0,0.6159699646930227,0.6632123824173449
1,0.3840300353069772,0.4316927948053539
