target,moment
0.2165556656512729,0.20956015484409468
0.233729031160127,0.2171793738855994
0.0672049461385212,0.06262066445277448
0.1094507590702438,0.1436269512468357
0.0339758263448995,0.030753763877304646
0.0562960172915832,0.05440349076512056
0.2827877543433519,0.28185560092827056
