target,moment
0.027820599079132,0.02752679910758749
0.0201410956216747,0.020376694047783157
0.0324071002006531,0.032355272518998106
0.0205700993537903,0.003646854132575719
0.0137092995643615,0.0007927402134498656
0.0069309997558593,0.0020416649829886092
0.0169324004650116,0.01665520768716873
0.0397819995880127,0.03875252291108073
0.0110084998607635,0.001221735081640043
0.0042943000793457,0.0007370294357624574
0.0133872343614895,0.005849373204236176
