target,moment
0.0251697,0.0467398897315202
0.0170519152063842,0.016947404910107086
0.0318099,0.03417498116621454
0.0130792,0.001003157331252792
0.0100246,0.0008321927380871308
0.0082411,0.0026048886411197294
0.0142723639866622,0.005264540747192523
