target,moment
52.059453405938,52.059392165927704
