target,moment
1.0,1.0
1.08968319541132,1.081660027760796
1.17541345258769,1.1666325546299918
0.346940370796428,0.35775115059185786
0.43593184990191,0.43109776243817965
0.242070633833219,0.24114725479645713
0.611167762289279,0.6115042115499973
