target,moment
0.0168692,0.018250057649520868
