target,moment
0.0251697,0.029189721031534156
