target,moment
0.04000000000000001,0.03894881933402004
