target,moment
90.663631358,90.93899517186176
