target,moment
133.80077245805202,132.89755671547337
