target,moment
0.4000000000000001,0.406343607183047
