target,moment
0.0168692,0.01820059235693675
