,beta,alpha
0,0.6153489225003669,0.6633918344847888
1,0.384651077499633,0.4317852747929603
