target,moment
0.0168692,0.017798878033072976
