target,moment
0.000729426174,0.0007258628106405788
