target,moment
0.0251696991920471,0.0497161996391079
0.0169424664104217,0.019986011544532004
0.0313091993331909,0.029289712516553042
0.0130791997909546,0.0020481143343396204
0.0100246000289917,0.0010225779258555639
0.0082410997152328,0.003513225185670875
0.0197126996517181,0.014575823606614025
0.0252290010452271,0.022769244891564237
0.0106797003746033,0.0013782578262565355
0.0184949994087218,0.010317683729612689
0.0039844000339508,0.0005560251531569292
0.0127844897880634,0.007373459666004885
