target,moment
0.003549953,0.0034730710239229594
