target,moment
74.489587182063,75.22368263739455
