target,moment
0.1723744735734453,0.1695126007042312
0.2001836313003392,0.18151881381986776
0.0492327599199353,0.05223027547013644
0.1684994775206873,0.22887777572393278
0.0285436772575964,0.028783663466185994
0.0677889190917095,0.07110556422712694
0.0151000451551628,0.01431372090831682
0.0183072062654951,0.022174501497296436
0.0333863766260561,0.03257616442661682
0.0211154118936726,0.02133280545027209
0.2254680213959001,0.17757411430601677
