target,moment
0.015629,0.015474613859785009
