target,moment
90.663631358,91.19313489206205
