target,moment
0.0251697,0.05945820571066977
0.0170519152063842,0.017871765482099355
0.0318099,0.03395696710353134
0.0130792,0.01238594611204512
0.0100246,0.00889532567897992
0.0082411,0.008022865142109252
0.0142723639866622,0.01475210990911446
