target,moment
0.0251697,0.05945820571849124
0.0170519152063842,0.01787176557008466
0.0318099,0.0339569672822384
0.0130792,0.012385946221687923
0.0100246,0.008895325817985486
0.0082411,0.008022865267399973
0.0142723639866622,0.014752109988975802
