target,moment
0.2165556656512729,0.21668415638608057
0.233729031160127,0.21540635429029945
0.0672049461385212,0.0624131839846752
0.1094507590702438,0.14230546268620003
0.0339758263448995,0.030479550328620462
0.0562960172915832,0.053909076148486106
0.2827877543433519,0.27880221617563816
