target,moment
133.80077245805202,134.54450762534304
