target,moment
0.027820599079132,0.02686517773610574
0.0201410956216747,0.020682118362931604
0.0324071002006531,0.0323762362211032
0.0205700993537903,0.0039755765888273035
0.0137092995643615,0.0008106861979433604
0.0069309997558593,0.0020958512654026353
0.0169324004650116,0.016740049968244197
0.0397819995880127,0.03905875009698982
0.0110084998607635,0.001264528096523608
0.0042943000793457,0.0007593331008501393
0.0133872343614895,0.006310295188769688
