target,moment
0.2040428289529481,0.2161060079522216
0.2255852454372509,0.23653388869940625
0.0643218875038216,0.06712050700150793
0.1031564938626009,0.16465142445484393
0.0320219615813117,0.03583977424556173
0.0530585619633796,0.056694290634480886
0.018329400868127,0.017958657769200106
0.0189912032396071,0.023529958709305843
0.0265511265560509,0.026506073902709003
0.0104250119775051,0.011059875752549499
0.0209966612555152,0.021105651558603278
0.2225196168018815,0.12289388931960984
