target,moment
0.5418056800884126,0.578767918235248
