target,moment
0.0168692,0.01683510091389619
