target,moment
1.0,1.0
1.1694559363745385,1.089317774007741
1.46582448028563,1.5727272910629013
0.290375033726921,0.42703807826147444
0.30970427614909,0.4167768509550236
0.243933976608377,0.2407049023797593
1.01571440390502,0.8978272247519381
0.797917089604816,0.9922101287301491
0.451563571369552,0.3396775332337892
1.02027993539952,0.9874014634979235
0.580204853145497,0.5204076447093163
0.4352803422080412,0.33580957365256625
