target,moment
0.5818702095245367,0.6759752346439214
