target,moment
0.013495360000000001,0.013477904591099219
