target,moment
0.017496806,0.01756660833755293
