target,moment
1.0,1.0
1.08968319541132,1.0944012268294514
1.17541345258769,1.1793060078185962
0.346940370796428,0.36110786807984707
0.43593184990191,0.43386063877799935
0.242070633833219,0.24284260813688907
0.611167762289279,0.6193880373456772
