target,moment
0.5319924347316454,0.8162368319720394
