target,moment
1.0,1.0
1.08968319541132,1.0718741565713972
1.17541345258769,1.1744180320685358
0.346940370796428,0.3639822765003803
0.43593184990191,0.43179448298055473
0.242070633833219,0.2420391276105593
0.611167762289279,0.6053201503080442
