target,moment
1.0,1.0
1.08968319541132,1.0813991265574283
1.17541345258769,1.168092491783252
0.346940370796428,0.357519746842958
0.43593184990191,0.43078315852505333
0.242070633833219,0.24098262237420395
0.611167762289279,0.6112273794534377
