target,moment
1.0,1.0
1.08968319541132,1.0826473650107549
1.17541345258769,1.1669795909867546
0.346940370796428,0.35735726387514394
0.43593184990191,0.43066327605864424
0.242070633833219,0.24145783355151978
0.611167762289279,0.6114983209270524
