target,moment
0.0168692,0.016451222659852733
