target,moment
82.198645766003,80.78476273742764
