target,moment
0.0087725,0.014730851065187239
