target,moment
1.0,1.0
1.08968319541132,1.0816451212142393
1.17541345258769,1.16874949896602
0.346940370796428,0.3577998388859457
0.43593184990191,0.4312366798834222
0.242070633833219,0.24119183431067645
0.611167762289279,0.6112054961186623
