target,moment
0.2165556656512729,0.213321818501385
0.233729031160127,0.21618061533201005
0.0672049461385212,0.06245648246028033
0.1094507590702438,0.14310308847029285
0.0339758263448995,0.030636373688896153
0.0562960172915832,0.054172777777926125
0.2827877543433519,0.28012884376920943
