target,moment
1.0,1.0
1.1653886874577344,1.0119586287230038
1.46582448028563,1.5040123908666985
0.290375033726921,0.40792305987852534
0.30970427614909,0.39936453767082747
0.243933976608377,0.2314868745394627
0.6319552448743309,0.494743622926789
