target,moment
0.22917583058361105,0.21469206705948096
0.27075076637761153,0.27206623823054527
0.09372640688271189,0.10155507304143724
0.0516752163552025,0.07559824054949651
0.037245591969565665,0.04926638933337166
0.04152731211420391,0.04026910771244999
0.2758988757170934,0.24655288407321826
