target,moment
1.0,1.0
1.08968319541132,1.123944088910744
1.17541345258769,1.1681311104913548
0.346940370796428,0.35806603356937006
0.43593184990191,0.43099646686736715
0.242070633833219,0.24228635848206737
0.611167762289279,0.6150713701273192
