target,moment
1.0,1.0
1.08968319541132,1.0826540599476087
1.17541345258769,1.1669872106697203
0.346940370796428,0.3573586719293855
0.43593184990191,0.43066517413993016
0.242070633833219,0.24145889797862874
0.611167762289279,0.6115003241772958
