target,moment
0.0251697,0.029351392785677548
