target,moment
1.0,1.0
1.0793023145213338,1.0493458405616294
0.3103356632873494,0.3042709972762561
0.5054162805719256,0.6942204249938418
0.1568918838614548,0.14888125172562777
0.2599609533293794,0.26314871870421896
1.3058432504773845,1.3558120290049502
