target,moment
0.2040428289529481,0.21596082355275512
0.2255852454372509,0.2363991355464276
0.0643218875038216,0.06649102642317296
0.1031564938626009,0.1651451511871662
0.0320219615813117,0.035950102956576364
0.0530585619633796,0.05685831138706717
0.018329400868127,0.017812954117523056
0.0189912032396071,0.023328625119116056
0.0265511265560509,0.02658754991378035
0.0104250119775051,0.011127793415124966
0.0209966612555152,0.021173970471753734
0.2225196168018815,0.12316455590953648
