target,moment
1.0,1.0
1.08968319541132,1.0817500069359443
1.17541345258769,1.1666423963878774
0.346940370796428,0.35774421202491313
0.43593184990191,0.4310976719663324
0.242070633833219,0.2411454026916528
0.611167762289279,0.6114962228849783
