target,moment
0.071287577,0.07151407303611049
