target,moment
0.0251696991920471,0.04954143416381726
0.0169424664104217,0.020558750782995978
0.0313091993331909,0.029388273031385862
0.0130791997909546,0.0020710654596613086
0.0100246000289917,0.0010314573147039959
0.0082410997152328,0.0035520114459458825
0.0197126996517181,0.014530905259417647
0.0252290010452271,0.02282727044281271
0.0106797003746033,0.0013902142394134653
0.0184949994087218,0.010360264827566384
0.0039844000339508,0.0005590991755691458
0.0127844897880634,0.007449623702578418
