target,moment
1.0,1.0
1.0901923526701716,1.0738460558877616
1.17541345258769,1.176788966461709
0.346771653959122,0.42841259513217295
0.435719747133782,0.4511080337966677
0.241952910075955,0.2446628546210018
0.6107967519438201,0.5151072930220543
