target,moment
0.0168692,0.01758624860857241
