target,moment
0.0168692,0.017586250419897524
