target,moment
90.663631358,91.09514841107587
