target,moment
0.0168692,0.019029011829814802
