target,moment
0.07200000000000001,0.07220945634582071
