target,moment
0.2165556656512729,0.2191669941630477
0.233729031160127,0.21441087116031457
0.0672049461385212,0.061855740975428536
0.1094507590702438,0.1421136334521567
0.0339758263448995,0.03043177713801671
0.0562960172915832,0.05381575529117184
0.2827877543433519,0.278205227819864
