target,moment
0.5854084707051879,0.4997308868772998
