target,moment
0.22609074273896182,0.23036044016611384
0.2551896976756327,0.26223270751616
0.08758244917390792,0.08913100559586057
0.06722496921966038,0.08624465384088781
0.03874790344201137,0.03966026270764186
0.04468959721081904,0.04360335149650541
0.2804746405390067,0.24876757867683055
