target,moment
0.1200626194103338,0.22207061914867843
0.1211887588058545,0.23593102909329491
0.0035804162844133,0.03133242849427743
0.0004965786572176,0.035745911972213724
0.002462693476303,0.007861453663294918
0.0600304680464258,0.08614638545413938
0.1343304183885601,0.03915449016935779
0.0637303998720678,0.04011359363558095
0.0018651157701598,0.007763283685256714
0.0004460791327548,0.00857472179901999
0.0016008349254711,0.0025078574169342853
0.0392297139201939,0.018551147940832836
0.0400814725661333,0.012038662823301011
0.0389368166783096,0.020640045198266423
0.0006682770403912,0.0055998571738206495
9.931573144352892e-05,0.002649372389329036
0.0002592308922424,0.0005421656444091772
0.0194675666804137,0.00987150852298445
0.0304225968538796,0.007587294352113588
0.03434640990464,0.023506051974412617
0.0521424423253347,0.04987479137551138
0.0001026823664077,0.002668522091868599
0.0003332968614545,0.0006910597526930225
0.01717320495232,0.013037329536895945
0.0103574524673225,0.0046751560609606625
0.0083223216314713,0.006989174668529344
0.0012540715241598,0.0025735948756971704
0.0003282469090082,0.0006132644370946028
0.0001245654936749,0.00026604046891084396
0.0041611608157356,0.0018905955590359496
0.0135473390958901,0.0032961928465364983
0.0109735466657688,0.006212999658658532
0.0026175586846557,0.003178069970728745
0.0003770631159889,0.000636293250530596
9.258246151515408e-05,0.0011029588652910034
0.0054859316741434,0.002256907405325749
0.0671694174879853,0.027853658743513292
0.0583101175797261,0.021411506266609405
0.0318651999360339,0.026057640893898386
0.0009325578850799,0.0024972306989227274
0.0002238812251184,0.0031978125792649654
0.0007995758039945,0.0008313194420041878
