target,moment
0.5557005885700225,0.5277618352555031
