target,moment
1.0,1.0
1.1546430942052794,1.17736288127647
1.0217911314738,1.04571699620053
0.395072638556141,0.41083440493440193
0.58478932385616,0.5854145941842995
0.291344262565686,0.2907221083436818
0.656273137230364,0.6314531062020012
