target,moment
0.0035583036420041,0.0035725512273675516
