target,moment
0.2165556656512729,0.2175963468232037
0.233729031160127,0.21480636906508668
0.0672049461385212,0.062218402219697475
0.1094507590702438,0.14232584586655586
0.0339758263448995,0.030492530678618
0.0562960172915832,0.05393226194485234
0.2827877543433519,0.27862824340198594
