target,moment
0.2040428289529481,0.21507500718142306
0.2255852454372509,0.23698833001209282
0.0643218875038216,0.06672130419049754
0.1031564938626009,0.1608891346218542
0.0320219615813117,0.03570445302089619
0.0530585619633796,0.05669787355936711
0.018329400868127,0.01779394503404462
0.0189912032396071,0.022975187060756724
0.0265511265560509,0.026527721719752713
0.0104250119775051,0.01096918834416677
0.0209966612555152,0.021162487457950272
0.2225196168018815,0.12849536779719797
