target,moment
0.0168692,0.01685031061652117
