target,moment
90.663631358,90.76993301363042
