target,moment
1.0,1.0
1.08968319541132,1.0742743345600432
1.17541345258769,1.1656831463847097
0.346940370796428,0.364817436676109
0.43593184990191,0.43266400580734915
0.242070633833219,0.24253376901363838
0.611167762289279,0.6067520308302996
