target,moment
0.5861310057846925,0.7079575743740936
