target,moment
0.5719771065902162,0.6999817217250929
