target,moment
0.0251697,0.04928186900024825
0.0170519152063842,0.017107190533036814
0.0318099,0.032527490400054815
0.0130792,8.432638007713607e-05
0.0100246,6.435695658865676e-07
0.0082411,0.0003483345432008674
0.0142723639866622,0.009158877586044376
