target,moment
90.663631358,91.0502304901424
