target,moment
1.0,1.0
1.08968319541132,1.0823282918680937
1.17541345258769,1.1671590568943693
0.346940370796428,0.35727890988050054
0.43593184990191,0.4307484095022052
0.242070633833219,0.2411249795512414
0.611167762289279,0.6109268528632951
