target,moment
0.000729426174,0.0006401260056965231
