target,moment
0.0251697,0.07227746198375612
0.0170519152063842,0.016440876077797754
0.0318099,0.032173526691203214
0.0130792,0.012132124487371193
0.0100246,0.008624791620654248
0.0082411,0.007867395798606338
0.0142723639866622,0.014163562976115233
