target,moment
1.0,1.0
1.08968319541132,1.0770521191426645
1.17541345258769,1.1578257255180018
0.346940370796428,0.3578301522771451
0.43593184990191,0.43071392633458966
0.242070633833219,0.24089087363332218
0.611167762289279,0.6115055526265177
