target,moment
0.000729426174,0.0007175607900124219
