target,moment
0.0087725,0.013429117545475818
