target,moment
0.0255764007568359,0.026137440424728375
0.0172453812036475,0.01768495082807418
0.032276599407196,0.03216980009591705
0.0136854004859924,0.0015692288737093741
0.0098807001113891,0.0007436224701023162
0.0080472999811172,0.0021281299105575455
0.0147122941745253,0.006228457588529364
