target,moment
0.0087725,0.010507235425639305
