target,moment
0.017496806,0.01649393467621626
