target,moment
1.0,1.0
1.08968319541132,1.0809106039284448
1.17541345258769,1.1667278323071215
0.346940370796428,0.35747502758555216
0.43593184990191,0.4307618172587704
0.242070633833219,0.240952357962218
0.611167762289279,0.611137981913615
