target,moment
0.0168692,0.01684260811984762
