target,moment
1.0,1.0
1.08968319541132,1.081072182211164
1.17541345258769,1.1668836766557529
0.346940370796428,0.35749289719964256
0.43593184990191,0.4306857110476529
0.242070633833219,0.2409380603921508
0.611167762289279,0.6112517458065418
