target,moment
1.0,1.0
0.6774778883492533,0.7051499705667894
1.2638172087867556,1.3492729566633053
0.5196406790704696,0.49556973698143325
0.3982804721550118,0.3513457749351157
0.32742146310842,0.327740846401663
0.5670454549185012,0.5814162489123006
