target,moment
0.0251697,0.05542501406881176
0.0170519152063842,0.01717922379446673
0.0318099,0.032406396738109744
0.0130792,0.00012523355783755836
0.0100246,1.6492907667614328e-06
0.0082411,0.00043135478383749155
0.0142723639866622,0.010046090332768178
