target,moment
0.0168692,0.01764865717069831
