target,moment
1.0,1.0
1.08968319541132,1.0826539132828976
1.17541345258769,1.1669857892373616
0.346940370796428,0.3573596137238973
0.43593184990191,0.4306660553152921
0.242070633833219,0.24145933583027002
0.611167762289279,0.6115019238206749
