target,moment
0.000729426174,0.00022747842841696123
