target,moment
0.015629,0.015468247220362283
