target,moment
1.0,1.0
0.8725795027488233,0.8677912377143523
0.854808293224731,0.8593164838936866
0.621549138483011,0.7797562218436697
0.597797984767889,0.5744245122643283
0.293805456329383,0.2961794829014493
0.97595829268538,0.8947370090831422
0.7580583490804771,0.8603621274240384
0.386667563757739,0.3643591634402223
0.525456673586441,0.5079943237873424
0.456857731012344,0.4593788039563435
0.5726777336793948,0.5524026179733539
