target,moment
0.4750989714792567,0.5073434812438025
