target,moment
0.2165556656512729,0.18580944423387877
0.233729031160127,0.2108783101085595
0.0672049461385212,0.06267447584737866
0.1094507590702438,0.17666135322365753
0.0339758263448995,0.03220815892022
0.0562960172915832,0.058272080079638584
0.2827877543433519,0.27349617758666706
