target,moment
0.5464680866190679,0.5602390134690671
