target,moment
1.0,1.0
1.08968319541132,1.110153474240949
1.17541345258769,1.1766450995441209
0.346940370796428,0.3574900128864148
0.43593184990191,0.43177235882234777
0.242070633833219,0.24132118130816052
0.611167762289279,0.6130679283372698
