target,moment
0.0087725,0.008772490932768055
