target,moment
1.0,1.0
1.08968319541132,1.072303333375152
1.17541345258769,1.155487754551799
0.346940370796428,0.35753122457142844
0.43593184990191,0.42987899619109105
0.242070633833219,0.2410510484228626
0.611167762289279,0.61114186181511
