target,moment
0.0168692,0.01751832173793425
