target,moment
0.0168692,0.01717243139722373
