target,moment
0.0251697,0.06010230586520087
0.0170519152063842,0.0178964318628096
0.0318099,0.033997993855935986
0.0130792,0.012389749979148486
0.0100246,0.008894608093439596
0.0082411,0.008024146182358962
0.0142723639866622,0.014770145921836555
