target,moment
0.0168692,0.018941910288782258
