target,moment
0.0168692,0.01676539202173253
