target,moment
1.0,1.0
0.8725795027488233,0.9091376561420323
0.854808293224731,0.933648325051378
0.621549138483011,0.7785652204349972
0.597797984767889,0.5988205838546974
0.293805456329383,0.30190706797971784
0.97595829268538,0.9764223742942497
0.7580583490804771,0.8963203373803421
0.386667563757739,0.40469404553533156
1.22613445378151,1.2909054271450895
0.525456673586441,0.5628113661388509
0.3251320413337539,0.3363196844907871
0.5039548648608148,0.39525158880190586
