target,moment
1.0,1.0
1.08968319541132,1.074272950432772
1.17541345258769,1.1656311037138263
0.346940370796428,0.3648176638084204
0.43593184990191,0.4326516056532441
0.242070633833219,0.24253617944823783
0.611167762289279,0.6067377146602818
