target,moment
90.663631358,90.99046031162035
