target,moment
1.0,1.0
1.08968319541132,1.0819564796794394
1.17541345258769,1.1668380441394424
0.346940370796428,0.3577605639581076
0.43593184990191,0.43111012309454955
0.242070633833219,0.24116411417968892
0.611167762289279,0.6117075508236806
