target,moment
1.0,1.0
0.818073421122217,0.834943207404905
0.969911657420431,1.0017040811394777
0.600321655824586,0.7612079654359891
0.610970605383614,0.5979324833755995
0.296677114399335,0.29780491387411845
0.5764409431011064,0.48448265108888866
