target,moment
0.6552063296244458,0.635292393860853
