target,moment
0.09277,0.09283014573996912
