target,moment
0.000729426174,0.0006495274088431393
