target,moment
0.4000000000000001,0.4433884864412539
