target,moment
0.22779905338379539,0.23063305412432691
0.25662117447184685,0.27034032084549714
0.08930961646938672,0.09014308433546774
0.06185916391018684,0.10495768632708792
0.0384676251184579,0.04649748152749839
0.0431447992020483,0.04072838787649707
0.282798567444278,0.21669998496362475
