target,moment
90.663631358,90.8009891402854
