target,moment
1.0,1.0
1.08968319541132,1.0745639202750685
1.17541345258769,1.1657724308559652
0.346940370796428,0.36496456050936177
0.43593184990191,0.432867387448742
0.242070633833219,0.24265535844616257
0.611167762289279,0.6069785511434572
