target,moment
0.2165556656512729,0.1893452923033463
0.233729031160127,0.21010294388198655
0.0672049461385212,0.06273795716473514
0.1094507590702438,0.17545636713884324
0.0339758263448995,0.03197773553418634
0.0562960172915832,0.057835409649013604
0.2827877543433519,0.27254429432788874
