target,moment
0.003549953,0.0034694834058738543
