delt_dom,delt_int,growth,World Equal,World Negishi,USA,EUR,JAP,CHN,BRA,IND,CAN,KOR,RUS,MEX,ZAF,ROW
0.09999999999999908,1.0,,,,1.0001856179150508,1.0002092267093496,1.000210979949307,1.0002079898511305,1.0002122247919176,1.0002123860774492,0.9991358643524354,1.0002112827676957,1.000214699944973,1.0002140293240402,1.0002129435616736,1.0002166932436045
0.2511886431509565,1.0,,,,1.0001343011212986,1.0001429976771257,1.0001442054304694,1.0001422001906677,1.0001450963542395,1.0001452295181767,0.9993789117005101,1.000144310797632,1.0001467249919984,1.0001463741812757,1.000145586027552,1.000148147735372
0.6309573444801928,1.0,,,,1.0000466145096634,1.0000466560418124,1.00004705593557,1.0000464059524499,1.0000473524615552,1.0000474039423177,0.9997835370433336,1.0000470555722978,1.0000478627367009,1.0000477702513362,1.0000475115499317,1.0000483459020457
1.584893192461113,1.0,,,,0.9999627499624074,0.9999627149924938,0.9999623871443739,0.9999629302079888,0.9999621774025578,0.9999621325604552,1.0001790356812046,0.999962374844362,0.9999617601904793,0.9999618813336966,0.9999620460208087,0.9999613824505987
3.9810717055349727,1.0,,,,0.9999235992359248,0.9999235119537212,0.9999228131447133,0.9999240028794718,0.999922466916028,0.9999223740955396,1.0003864193548961,0.9999227555773503,0.9999215868175954,0.999921977760074,0.9999221887680937,0.9999208339138024
10.0,1.0,,,,0.9999137577265982,0.9999136477517412,0.9999128341183013,0.9999142502935384,0.9999125228643111,0.9999124166134795,1.0004539920207236,0.9999127359122473,0.9999115019803128,0.9999120810374285,0.9999121989925096,0.9999106808906927
