target,moment
0.0168692,0.016743080852927347
