target,moment
0.09277,0.09315729617170636
