target,moment
0.0168692,0.016321150884844756
