target,moment
0.0168692,0.01962565926139867
