target,moment
0.0251697,0.04782965897967885
0.0170519152063842,0.016816243372402038
0.0318099,0.03510333691140073
0.0130792,0.0009818929090416718
0.0100246,0.000772162105157124
0.0082411,0.002384486618666945
0.0142723639866622,0.004917742478158529
