target,moment
0.003549953,0.0035239047080778702
