target,moment
0.35000000000000003,0.3485578580703747
