target,moment
1.0,1.0
1.11043237851765,1.053868545422388
1.4972143972134937,1.548496812819188
0.284826148650757,0.41169403779888436
0.3207191387708363,0.4108550730199001
0.2370063656795177,0.23799177446241926
1.0124883458685825,0.8721378598096442
0.803144451153576,0.9661785570143827
0.450763503237386,0.330200280414338
0.5907308071628941,0.5001060610046091
0.532313262392555,0.5267396105225698
0.5025108501809825,0.48606605668962455
