target,moment
90.663631358,90.85038856465138
