target,moment
1.0,1.0
1.0,1.0
1.0,1.0
1.0,1.0
1.0,1.0
1.0,1.0
0.3839041310068457,0.2948920047762078
0.5258771564297025,1.648734355360252
0.5209214856605547,2.4090224587251976
0.8983050847457628,2.352471517111307
0.6500341763499659,2.9920746991326306
0.6534967191969042,2.1103241660606513
0.1145492069448253,0.04592078059462231
0.324304241149667,0.39341567774024855
0.1866478608368594,0.7104314575553897
0.2,0.3398287882800538
0.1052631578947368,0.31350930264224713
0.324294767539678,0.4798770234550257
0.0869450177276816,0.030573787719999548
0.2860708026638626,0.40131771761233137
0.4302580770619774,0.7568486979430952
0.2067796610169491,0.3061459742680311
0.1353383458646616,0.3459783763543308
0.2860748135270035,0.5454127355060836
0.0296006581131204,0.01013560852643799
0.06931650893796,0.08514295117113264
0.0103480845626024,0.034166958636412566
0.0916784203102961,0.056448800621633134
0.050580997949419,0.09036347561116059
0.0693174807918793,0.06155391192441258
0.0387170642766769,0.01290055346482725
0.0913985278654048,0.13246641033194215
0.0215990221407339,0.07125087493729788
0.1053126469205453,0.09949154642728807
0.1864406779661017,0.141923743898716
0.0913857887947955,0.12396214883270329
0.1919640924244829,0.10293540893417066
0.485664213109008,0.6753246614391852
0.2629385782148512,0.7815589039132579
0.2604607428302773,0.5624536661710835
0.4508474576271186,0.61712121017172
0.3246753246753247,0.7173586669271901
