target,moment
0.4750989714792567,0.45036766287200414
