target,moment
0.2165556656512729,0.21468612272384172
0.233729031160127,0.2174920868941343
0.0672049461385212,0.0629045467591734
0.1094507590702438,0.1409890222644077
0.0339758263448995,0.03036686155156739
0.0562960172915832,0.053712891976778136
0.2827877543433519,0.2798484678300973
