target,moment
0.0168692,0.01826010004015136
