target,moment
0.0251697,0.06031953108069339
0.0170519152063842,0.01788763973858223
0.0318099,0.033957630801554714
0.0130792,0.012366423063352339
0.0100246,0.008869086023494439
0.0082411,0.008022840673200447
0.0142723639866622,0.014766955077378643
