target,moment
0.5041542523556912,0.4996351322860447
