target,moment
0.2165556656512729,0.21348571352089626
0.233729031160127,0.21970370617722634
0.0672049461385212,0.06382513166684516
0.1094507590702438,0.14111824617885355
0.0339758263448995,0.030364801441894206
0.0562960172915832,0.054014263773662655
0.2827877543433519,0.2774881372406219
