target,moment
90.663631358,91.05614775755075
