target,moment
0.4750989714792567,0.45072633519315713
