target,moment
1.0,1.0
1.08968319541132,1.0823959929613782
1.17541345258769,1.166530200701518
0.346940370796428,0.3572367882332451
0.43593184990191,0.430530233097837
0.242070633833219,0.24140377727852647
0.611167762289279,0.6113112639161042
