target,moment
90.663631358,90.93623390442485
