target,moment
90.663631358,90.70557935017388
