target,moment
1.0,1.0
1.08968319541132,1.0815145657097065
1.17541345258769,1.1661654722855863
0.346940370796428,0.3577341445491247
0.43593184990191,0.4310816173964677
0.242070633833219,0.24113777200616318
0.611167762289279,0.6114781368817613
