target,moment
0.2165556656512729,0.1928538198140146
0.233729031160127,0.20934583264804196
0.0672049461385212,0.06267229694427481
0.1094507590702438,0.17463579316357405
0.0339758263448995,0.031829040514881675
0.0562960172915832,0.05756179773860195
0.2827877543433519,0.27110141917661107
