target,moment
144.80523727796603,144.25135218911709
