target,moment
0.027820599079132,0.027571960176050323
0.0201410956216747,0.02036471449965137
0.0324071002006531,0.03255262751165584
0.0205700993537903,0.003585029350796437
0.0137092995643615,0.000891756882630095
0.0069309997558593,0.002226876556758061
0.0169324004650116,0.016662374439729913
0.0397819995880127,0.03881228184741675
0.0110084998607635,0.0013420461456360772
0.0042943000793457,0.0007929895494305406
0.0073146998882293,0.0025535627540022197
0.0135465587074145,0.003759625822654933
