target,moment
1.0,1.0
0.8725795027488233,0.867789919708024
0.854808293224731,0.8593318818670757
0.621549138483011,0.7797496038818991
0.597797984767889,0.5744195135533102
0.293805456329383,0.29617679256337165
0.97595829268538,0.8947369596060598
0.7580583490804771,0.8603639473606345
0.386667563757739,0.36435544882813087
0.525456673586441,0.5079893296757735
0.456857731012344,0.4593746324546955
0.5726777336793948,0.552396698925456
