target,moment
0.09277,0.09033836699308731
