target,moment
0.027820599079132,0.027548136579998928
0.0201410956216747,0.02038893704451755
0.0324071002006531,0.03262882339958663
0.0205700993537903,0.0036282891565753957
0.0137092995643615,0.0008162872369468913
0.0069309997558593,0.0021134087271960167
0.0169324004650116,0.016661387194259813
0.0397819995880127,0.038867661631302446
0.0110084998607635,0.001275902484925807
0.0042943000793457,0.0007725975715540721
0.0133872343614895,0.0060436487967329405
