target,moment
0.022745847799999996,0.022825421519781303
