target,moment
0.0047164777212821,0.004685848515190877
