target,moment
0.2165556656512729,0.19895900490850885
0.233729031160127,0.20762314281411967
0.0672049461385212,0.06505364894782048
0.1094507590702438,0.17267699528671987
0.0339758263448995,0.03147435430450824
0.0562960172915832,0.056905461987973235
0.2827877543433519,0.2673073917503498
