target,moment
0.2040428289529481,0.2159399271199743
0.2255852454372509,0.23646535962103174
0.0643218875038216,0.06654484148241496
0.1031564938626009,0.16508256574673366
0.0320219615813117,0.035935966909750955
0.0530585619633796,0.056836811846051265
0.018329400868127,0.017824076940485295
0.0189912032396071,0.023366753833602986
0.0265511265560509,0.026577182021013317
0.0104250119775051,0.011136586910156142
0.0209966612555152,0.021165502117405678
0.2225196168018815,0.12312442545137953
