target,moment
0.5823549874673715,0.6876027073691474
