target,moment
1.0,1.0
1.08968319541132,1.093941875754396
1.17541345258769,1.1767105330684622
0.346940370796428,0.3610652854094691
0.43593184990191,0.4338165317555144
0.242070633833219,0.24283036698817584
0.611167762289279,0.6192492500695834
