target,moment
0.0168692,0.017167430908435376
