target,moment
0.5418056800884126,0.592390224956863
