target,moment
0.020243040000000004,0.021823837780076117
