target,moment
0.0251697,0.04920795457181788
0.0170519152063842,0.017124341772208555
0.0318099,0.03244636549558523
0.0130792,0.00013145100704648106
0.0100246,1.7883796081005128e-06
0.0082411,0.00044757680437926327
0.0142723639866622,0.009033629865965363
