target,moment
0.071287577,0.07149568313123666
