target,moment
0.0168692,0.019078572838500882
