target,moment
0.09277,0.2123558105308057
