target,moment
0.1723744735734453,0.15882066987627336
0.2001836313003392,0.20284142394025756
0.0492327599199353,0.05014618598334888
0.1684994775206873,0.22551451420960186
0.0285436772575964,0.02889480638809153
0.0677889190917095,0.07057403031679663
0.0151000451551628,0.014140042620679763
0.0183072062654951,0.02068216205232787
0.0333863766260561,0.032425308440442197
0.0211154118936726,0.02108799026006162
0.2254680213959001,0.1748728659121188
