target,moment
0.2165556656512729,0.21108336382264298
0.233729031160127,0.21690604716353118
0.0672049461385212,0.06262223509869146
0.1094507590702438,0.1432525499508205
0.0339758263448995,0.03066849575609529
0.0562960172915832,0.054249844705676155
0.2827877543433519,0.2812174635025424
