target,moment
1.0,1.0
1.1082445315180345,1.1185246932277881
1.2114854124605332,1.2520607764773413
0.4701846971093082,0.5764793726329005
0.7000101260276296,0.7207343347191848
0.2917851452816537,0.3076294406370011
1.1315740981049267,1.1215602118391368
0.6963951020711837,0.8213353613351342
0.513212227403386,0.5056156860838219
0.6096723682101429,0.6116140908472527
0.5621994745071552,0.4172679354990292
