target,moment
0.027820599079132,0.027559875691701916
0.0201410956216747,0.020338388292983265
0.0324071002006531,0.03231403444866086
0.0205700993537903,0.0034763389970594027
0.0137092995643615,0.0008053136323779332
0.0069309997558593,0.0020672678519554144
0.0169324004650116,0.016679787156355704
0.0397819995880127,0.03883332129197429
0.0110084998607635,0.0012549475156065667
0.0042943000793457,0.0007590575710791824
0.0133872343614895,0.005803818620329894
