target,moment
1.0,1.0
0.8725795027488233,0.8760003909507382
0.854808293224731,0.8856656265527425
0.621549138483011,0.801937580320365
0.597797984767889,0.588928945096944
0.293805456329383,0.29931323798992693
0.97595829268538,0.9162640511187943
0.7580583490804771,0.8922889331973552
0.386667563757739,0.36832864692074907
0.525456673586441,0.5192203959043713
0.569474829535268,0.4308158539822519
