target,moment
0.0087725,0.008775292800706908
