target,moment
1.0,1.0
0.8725795027488233,0.8763109393185389
0.854808293224731,0.8862291365074993
0.621549138483011,0.8017262239005759
0.597797984767889,0.5886331773000855
0.293805456329383,0.2992818922849027
0.97595829268538,0.916150437441687
0.7580583490804771,0.8935562764883065
0.386667563757739,0.3681777735777915
0.525456673586441,0.5189571754937816
0.569474829535268,0.429230570920137
