target,moment
0.22689979891085096,0.22353881702554615
0.2583059389113301,0.2691042577653217
0.08940670701955283,0.09092480214903746
0.06245368591156951,0.0835164254367744
0.038834045074871974,0.0422236174782085
0.04345222411179873,0.0426535186177733
0.2806476000600259,0.24803856152733858
