target,moment
0.0012161117475787,0.0014492586202720756
