target,moment
0.0168692,0.018282069140497816
