target,moment
90.663631358,91.11779990031725
