target,moment
1.0,1.0
1.08968319541132,1.0812973619039772
1.17541345258769,1.1662044180904916
0.346940370796428,0.35755666596961766
0.43593184990191,0.43084923864998304
0.242070633833219,0.24098506132217049
0.611167762289279,0.611314241739467
