target,moment
0.0168692,0.016401658580091218
