target,moment
1.0,1.0
1.08968319541132,1.0742066446780933
1.17541345258769,1.1651667588828098
0.346940370796428,0.3648470662742379
0.43593184990191,0.43269034872388124
0.242070633833219,0.24256200039663137
0.611167762289279,0.606683378029756
