target,moment
0.015629,0.015738186378153638
