target,moment
1.0,1.0
1.08968319541132,1.081403115094812
1.17541345258769,1.1659811700184288
0.346940370796428,0.35770490840208463
0.43593184990191,0.43104250718989984
0.242070633833219,0.24113745207573026
0.611167762289279,0.6114363293697395
