target,moment
0.0032483599077012,0.004999530460737881
0.0008911894812772,0.0003591356942458037
0.0005769283323049,0.0005468573547340652
