target,moment
0.2040428289529481,0.2149969082172074
0.2255852454372509,0.23667791092452514
0.0643218875038216,0.06706550544656392
0.1031564938626009,0.16497641940504199
0.0320219615813117,0.03590082254600641
0.0530585619633796,0.05681000899622131
0.018329400868127,0.01797747769020172
0.0189912032396071,0.023521921750822128
0.0265511265560509,0.026551033492985415
0.0104250119775051,0.01118929531227668
0.0209966612555152,0.02114236243861171
0.2225196168018815,0.12319033377953617
