target,moment
1.0,1.0
1.08968319541132,1.0823960278183182
1.17541345258769,1.166530308627158
0.346940370796428,0.3572368137910228
0.43593184990191,0.43053026683251405
0.242070633833219,0.2414037970084828
0.611167762289279,0.6113112919297863
