target,moment
0.027820599079132,0.027543741105884603
0.0201410956216747,0.020378235762230253
0.0324071002006531,0.03239160780995802
0.0205700993537903,0.0035634771586343355
0.0137092995643615,0.0007880331827514048
0.0069309997558593,0.0020498400174965977
0.0169324004650116,0.016664091674211616
0.0397819995880127,0.038827626275096484
0.0132101998329162,0.001231681942098276
0.0042943000793457,0.0007442978446544585
0.0133872343614895,0.005909978763329971
