target,moment
1.0,1.0
0.8725795027488233,0.8677917130790815
0.854808293224731,0.8593226302069417
0.621549138483011,0.7797441995451756
0.597797984767889,0.574419010618728
0.293805456329383,0.29617630830977165
0.97595829268538,0.8947308801592817
0.7580583490804771,0.8603616383044884
0.386667563757739,0.36435632711256166
0.525456673586441,0.5080137726329379
0.456857731012344,0.45937461308096156
0.5726777336793948,0.5523966197742011
