target,moment
0.1723413565516609,0.15256093726277362
0.2001451715125225,0.19578589109382885
0.0492233011970225,0.0488447163820657
0.168467104972989,0.20741448029533127
0.0285381933738058,0.02732804833796604
0.0677758953123543,0.0678709578354835
0.0150971440961255,0.013843404904043757
0.0183036890385174,0.0207948215317892
0.0333799623505598,0.03137308917569912
0.0211113551470954,0.020388267519869222
0.0071838887952674,0.00722045844160345
0.2184329376520792,0.20657492721954634
