target,moment
0.0047203001064472,0.00479357563221214
