target,moment
0.0168692,0.019054217993103157
