target,moment
52.059453405938,52.059487497272926
