target,moment
1.0,1.0
1.1653886874577344,1.013814220715018
1.46582448028563,1.5089219741827444
0.290375033726921,0.4086778573837132
0.30970427614909,0.39993569169279813
0.243933976608377,0.2319546236405085
0.6319552448743309,0.4953460942389314
