target,moment
0.22917583058361105,0.21782610515066758
0.27075076637761153,0.27099567916544093
0.09372640688271189,0.10127475263006293
0.0516752163552025,0.0753012237416058
0.037245591969565665,0.04909615418672993
0.04152731211420391,0.0401184545201436
0.2758988757170934,0.24538763060534913
