target,moment
1.0,1.0
1.08968319541132,1.0824306751229198
1.17541345258769,1.1694670595321164
0.346940370796428,0.35772710912657485
0.43593184990191,0.4310333750636201
0.242070633833219,0.2411205885888321
0.611167762289279,0.6115131352364402
