target,moment
0.5319924347316454,0.5574676732644475
