target,moment
0.5418056800884126,0.6444133832370409
