target,moment
0.0251697,0.024235970734554434
0.0170519152063842,0.017325019553876275
0.0318099,0.031833015432902935
0.0130792,0.0010237837907138977
0.0100246,0.0007220943105486007
0.0082411,0.002296739698267758
0.0142723639866622,0.006978391162349568
