target,moment
1.0,1.0
1.08968319541132,1.0817661311372349
1.17541345258769,1.1698043175021957
0.346940370796428,0.35750619270850104
0.43593184990191,0.43068018358509114
0.242070633833219,0.2409401593081787
0.611167762289279,0.6113298881259634
