target,moment
0.0251697,0.04672951282095488
0.0170519152063842,0.016951712569863345
0.0318099,0.03417042938924102
0.0130792,0.0010001354445648733
0.0100246,0.0008279032854850988
0.0082411,0.002592072524030235
0.0142723639866622,0.005260288810874963
