target,moment
0.5850000000000001,0.3376094071822113
