target,moment
0.0168692,0.01896706231634206
