target,moment
90.663631358,90.82885894377497
