target,moment
1.0,1.0
1.08968319541132,1.0742749001075598
1.17541345258769,1.165643537006065
0.346940370796428,0.3648169885605299
0.43593184990191,0.4326594965140016
0.242070633833219,0.242531011117545
0.611167762289279,0.6067277591817459
