target,moment
0.003549953,0.0034479902851245253
