target,moment
1.0,1.0
1.08968319541132,1.0819487609848586
1.17541345258769,1.1680911647707428
0.346940370796428,0.35771253758025273
0.43593184990191,0.4310225078449985
0.242070633833219,0.24141370004387866
0.611167762289279,0.6114658070117578
