target,moment
0.2165556656512729,0.21554890414324532
0.233729031160127,0.2091293608784283
0.0672049461385212,0.05938972520202828
0.1094507590702438,0.14535886117944516
0.0339758263448995,0.03113239260266743
0.0562960172915832,0.055029547625137454
0.2827877543433519,0.28441120836904804
