target,moment
1.0,1.0
1.08968319541132,1.0818954158191934
1.17541345258769,1.1665111078166777
0.346940370796428,0.3577898762931944
0.43593184990191,0.43110504787445697
0.242070633833219,0.24115350064881247
0.611167762289279,0.6115096536265264
