target,moment
0.2165556656512729,0.21196947789276108
0.233729031160127,0.216621255198356
0.0672049461385212,0.06258535418865224
0.1094507590702438,0.1432709827945176
0.0339758263448995,0.030688644978679652
0.0562960172915832,0.054259602285825236
0.2827877543433519,0.2806046826612082
