target,moment
0.0087725,0.00877216205323158
