target,moment
0.0251697,0.04316535872997088
0.0170519152063842,0.01640267432434435
0.0318099,0.03429382640264396
0.0130792,0.0008236491235066293
0.0100246,0.0007898113453120475
0.0082411,0.002600176458787722
0.0142723639866622,0.0038944790326386636
