target,moment
1.0,1.0
1.08968319541132,1.0743103450542908
1.17541345258769,1.1666257465658414
0.346940370796428,0.3646766188704854
0.43593184990191,0.43250885367299097
0.242070633833219,0.242472106219154
0.611167762289279,0.6064138867930374
