target,moment
0.0251696991920471,0.04956258389556896
0.0169424664104217,0.019939654989562166
0.0313091993331909,0.029200633329888044
0.0130791997909546,0.0020445096673854927
0.0100246000289917,0.001022251648254103
0.0082410997152328,0.003512827210665712
0.0197126996517181,0.014567872924816918
0.0252290010452271,0.0227489858995409
0.0106797003746033,0.001378075316541505
0.0184949994087218,0.010313759944696287
0.0039844000339508,0.0005559727578763601
0.0127844897880634,0.007363037029148577
