target,moment
0.0251697,0.04663078162730505
0.0170519152063842,0.016652821203208035
0.0318099,0.03419640828448451
0.0130792,0.0010292901192184465
0.0100246,0.0008389398088936799
0.0082411,0.0026463599055729964
0.0142723639866622,0.0056499798410893365
