target,moment
0.2165556656512729,0.19272265931831803
0.233729031160127,0.2091386245283807
0.0672049461385212,0.06268489468515451
0.1094507590702438,0.17464519475765117
0.0339758263448995,0.031839090417802224
0.0562960172915832,0.057596547150501116
0.2827877543433519,0.27137298914219227
