target,moment
0.6476262586832875,0.6498960126588805
