target,moment
0.0087725,0.008772102140043168
