target,moment
0.09277,0.09273418817236646
