target,moment
0.0251697,0.052874613698135155
0.0170519152063842,0.017945812993926384
0.0318099,0.03367290365823082
0.0130792,0.0011844763191599117
0.0100246,0.0008986626092172059
0.0082411,0.002813862191550255
0.0142723639866622,0.006430813929013073
