target,moment
0.2165556656512729,0.19356048509143098
0.233729031160127,0.2089006866092916
0.0672049461385212,0.062068825486692424
0.1094507590702438,0.17460039782051193
0.0339758263448995,0.031819006854517384
0.0562960172915832,0.0575719224513064
0.2827877543433519,0.2714786756862492
