target,moment
0.5663467378423179,0.6747405864426016
