target,moment
0.5679426726969619,0.7483073087020349
