target,moment
0.09277,0.09061923216918114
