target,moment
144.80523727796603,144.63922598927348
