target,moment
0.003549953,0.0033054031823517237
