target,moment
0.2040428289529481,0.2103087394134031
0.2255852454372509,0.2391408341875559
0.0643218875038216,0.06775854030088042
0.1031564938626009,0.16637131380490222
0.0320219615813117,0.03619758011208879
0.0530585619633796,0.05678985895597537
0.018329400868127,0.018239340804563766
0.0189912032396071,0.02377279624211075
0.0265511265560509,0.026763793440946586
0.0104250119775051,0.011371481819447457
0.0209966612555152,0.021307101382769537
0.2225196168018815,0.12197861953535606
