target,moment
0.0032232954335454,0.003044824785094279
