target,moment
0.0025654414868022,0.0026154826185082326
