target,moment
90.663631358,90.73577670322729
