target,moment
0.003549953,0.003504867820101833
