target,moment
0.0251697,0.047650843526937346
0.0170519152063842,0.017454019600729478
0.0318099,0.03247782646006636
0.0130792,0.012667785577192014
0.0100246,0.009406014283909333
0.0082411,0.008153491701306985
0.0142723639866622,0.014512318019165537
