target,moment
0.000729426174,0.0006699751344004856
