target,moment
0.5332440948838924,0.5279421493238176
