target,moment
0.2165556656512729,0.21655938942359126
0.233729031160127,0.2154002989546782
0.0672049461385212,0.06238661805082244
0.1094507590702438,0.14236272902709643
0.0339758263448995,0.030481093670764924
0.0562960172915832,0.053913765128333214
0.2827877543433519,0.27889610574471346
