target,moment
0.000729426174,0.0006877512848825835
