target,moment
0.2165556656512729,0.21163755140070625
0.233729031160127,0.21669435286223981
0.0672049461385212,0.06267233136781009
0.1094507590702438,0.14338781357212707
0.0339758263448995,0.03070957684385166
0.0562960172915832,0.0542636192364015
0.2827877543433519,0.28063475471686367
