target,moment
0.027820599079132,0.0241833146474317
0.0201410956216747,0.01906760120765028
0.0324071002006531,0.03910430464514861
0.0205700993537903,0.003140118770017932
0.0137092995643615,0.0011238167626284271
0.0069309997558593,0.001947899577826439
0.0169324004650116,0.011880424946381613
0.0397819995880127,0.02980350170531347
0.0110084998607635,0.0016944888650915662
0.0042943000793457,0.0008242955699506755
0.0073146998882293,0.0035656395265317837
0.0135465587074145,0.0037546472669176736
