target,moment
1.0,1.0
0.8725795027488233,0.8413344942651066
0.854808293224731,0.8251930795214922
0.621549138483011,0.6734341539888192
0.597797984767889,0.585135000996006
0.293805456329383,0.2929319874974984
0.97595829268538,0.9201025324517773
0.7580583490804771,0.7787519182437322
0.386667563757739,0.3727088843477917
0.525456673586441,0.5095295630451079
0.456857731012344,0.4553885957818394
0.5726777336793948,0.5656669222721152
