target,moment
0.0087725,0.008773349596533971
