target,moment
0.017496806,0.017570982288444805
