target,moment
0.0245001006126403,0.029531042548745074
0.0167176815314532,0.0210990546837723
0.026430299282074,0.024590049435032933
0.0056323999166488,0.0003597460586847196
0.0104751002788543,0.0005525983578183723
0.0063905000686645,0.00013782052428623666
0.0161208999156951,0.015392091015136514
0.0221616005897522,0.011796454281504446
0.0096591997146606,0.0022089460250920754
0.0166322994232178,0.013687435992509428
0.0025066998600959,0.0007775164504542678
0.0189455874181779,0.0024522853134118154
