target,moment
0.0087725,0.008780831789015762
