target,moment
1.0,1.0
1.08968319541132,1.0812886326679538
1.17541345258769,1.1664426856511534
0.346940370796428,0.3576568893702228
0.43593184990191,0.4310355889591763
0.242070633833219,0.24105256250092635
0.611167762289279,0.6112406794975858
