target,moment
1.0,1.0
1.08968319541132,1.0823274460875574
1.17541345258769,1.1671544993691703
0.346940370796428,0.35727842887847955
0.43593184990191,0.4307478531490867
0.242070633833219,0.2411248872950462
0.611167762289279,0.6109262041013453
