target,moment
0.2165556656512729,0.21561693677344132
0.233729031160127,0.21748860414279583
0.0672049461385212,0.06287097243996077
0.1094507590702438,0.1415343704122528
0.0339758263448995,0.030460597319089094
0.0562960172915832,0.05419759697695522
0.2827877543433519,0.277830921935505
