target,moment
0.021929960000000002,0.02183184651996747
