target,moment
1.0,1.0
0.8725795027488233,0.8796676304099035
0.854808293224731,0.8888891759938738
0.621549138483011,0.8022338756376507
0.597797984767889,0.5886880112545068
0.293805456329383,0.29920035866851935
0.97595829268538,0.919307047657917
0.7580583490804771,0.8974515552190816
0.386667563757739,0.3681458437002685
0.525456673586441,0.518961354774174
0.569474829535268,0.4290694119434022
