target,moment
0.014603,0.014737600810347756
