target,moment
62.808996230724404,62.63297984332397
