target,moment
1.0,1.0
1.08968319541132,1.082458610100347
1.17541345258769,1.1664924881750707
0.346940370796428,0.35723392292778
0.43593184990191,0.4305260037692344
0.242070633833219,0.24140112970084587
0.611167762289279,0.6113089870972689
