target,moment
0.0168692,0.01828468680673515
