target,moment
0.0168692,0.01768637690402423
