target,moment
90.663631358,90.88478225687005
