target,moment
82.198645766003,82.23380544207193
