target,moment
0.2040428289529481,0.21596233812611934
0.2255852454372509,0.23639421947967304
0.0643218875038216,0.06649062382428012
0.1031564938626009,0.16514656201469502
0.0320219615813117,0.035950407848883065
0.0530585619633796,0.05685764505682476
0.018329400868127,0.017813031715432973
0.0189912032396071,0.023328054191834553
0.0265511265560509,0.026587804798594926
0.0104250119775051,0.011127965767389893
0.0209966612555152,0.02117414151362151
0.2225196168018815,0.12316720566265081
