target,moment
0.0168692,0.016271446292351402
