target,moment
144.805237277966,149.05630892724412
