target,moment
1.0,1.0
1.08968319541132,1.0196457733146846
1.17541345258769,1.1712029860523339
0.346940370796428,0.8520892595020061
0.43593184990191,0.4794886027307653
0.242070633833219,0.08574615094957307
0.611167762289279,0.4594989667626995
