target,moment
0.2165556656512729,0.18123618431656188
0.233729031160127,0.20219906991004338
0.0672049461385212,0.05381024296220488
0.1094507590702438,0.050360526628322674
0.0339758263448995,0.023193267874255154
0.0562960172915832,0.12872161301903168
0.2827877543433519,0.3604790952895803
