target,moment
0.09277,0.09293229162476159
