target,moment
0.0251697,0.04673208183411268
0.0170519152063842,0.017015441685048108
0.0318099,0.03418340947669869
0.0130792,0.0010047868810257917
0.0100246,0.0008314878240716633
0.0082411,0.002601835129267021
0.0142723639866622,0.005251081290587695
