target,moment
1.0,1.0
1.08968319541132,1.0744424091045923
1.17541345258769,1.1656344391870042
0.346940370796428,0.3648183126630131
0.43593184990191,0.43265088257464646
0.242070633833219,0.24253746561073822
0.611167762289279,0.606732471025856
