target,moment
0.0047164777212821,0.0047447288245807484
