target,moment
0.0168692,0.01672097591780749
