target,moment
0.09277,0.09388990704348005
