target,moment
0.0251697,0.0520570920389756
0.0170519152063842,0.0171581914209146
0.0318099,0.030808285763427104
0.0130792,0.012280761241901602
0.0100246,0.008681050019914791
0.0082411,0.007985515632666529
0.0142723639866622,0.014280361651197029
