target,moment
52.059453405938,52.01559202430785
