target,moment
1.0,1.0
1.169779356955504,1.0835802125959642
1.46582448028563,1.5699726820870041
0.290375033726921,0.42459018727616926
0.30970427614909,0.4146002743866711
0.243933976608377,0.2395230998406373
1.01571440390502,0.9001441864914831
0.797917089604816,0.9963634987579916
0.451563571369552,0.3379922028673704
0.580204853145497,0.5175829972744388
0.5121257436313819,0.4034970369982193
