target,moment
0.22229385118866596,0.2176937731472398
0.26540854425118116,0.2668627289547443
0.09091187273534361,0.10042326521590982
0.05012344811995622,0.07498774192114205
0.03612713460067847,0.049097745334885215
0.0402802778804035,0.040034821030284495
0.019883484121561504,0.01747850445663804
0.015190454856803903,0.01903245045622233
0.034751314712792754,0.026218265885406534
0.02133889131791143,0.01914618888567253
0.20369072621470147,0.169024514711855
