target,moment
0.0010892108654425,0.001110715165231782
