target,moment
1.0,1.0
0.8725795027488233,0.8745943383466557
0.854808293224731,0.8861838357949274
0.621549138483011,0.8005415098685968
0.597797984767889,0.5872230337512302
0.293805456329383,0.29872956213729984
0.97595829268538,0.9159257749710757
0.7580583490804771,0.8936151998468015
0.386667563757739,0.36707811966929443
0.525456673586441,0.5175960648685938
0.569474829535268,0.42801235184390196
