target,moment
0.1723744735734453,0.1622613003357683
0.2001836313003392,0.20535100831723146
0.0492327599199353,0.051374898888671805
0.1684994775206873,0.22188161371584067
0.0285436772575964,0.028217427235613192
0.0677889190917095,0.06948119503683704
0.0151000451551628,0.014247607027384236
0.0183072062654951,0.021681742370807118
0.0333863766260561,0.031932911757293035
0.0211154118936726,0.020924188919772425
0.2254680213959001,0.17264610639478067
