target,moment
0.0245001006126403,0.024964061168303294
0.0167215689711362,0.017121431512586188
0.026430299282074,0.026203764912810748
0.0056323999166487,0.00044181041215825934
0.0104751002788543,0.0004946457121863562
0.0063905000686645,0.00028381048611837543
0.0161208999156951,0.016068828311505568
0.0221616005897522,0.021204794427261028
0.0096591997146606,0.0016436236125488472
0.0025066998600959,0.0003469367317056751
0.0052693998813629,0.005403078544929661
0.0175742767524153,0.00396872335062697
