target,moment
0.027820599079132,0.027562123217962434
0.0201410956216747,0.020388573237065274
0.0324071002006531,0.03237075046565777
0.0205700993537903,0.0035729497773017145
0.0137092995643615,0.000789740278783599
0.0069309997558593,0.0020216303419630524
0.0169324004650116,0.016663899427190446
0.0397819995880127,0.03881496614512103
0.0110084998607635,0.0012157223758424598
0.0042943000793457,0.0007329164395865451
0.0133872343614895,0.0058024892577658894
