target,moment
0.017496806,0.017571940321484344
