target,moment
0.09277,0.09105496534557861
