target,moment
90.663631358,90.75309972893942
