target,moment
1.0,1.0
1.08968319541132,1.2203722451310457
1.17541345258769,1.1357735064516656
0.346940370796428,0.35793915208095856
0.43593184990191,0.43118164872358233
0.242070633833219,0.241362591764105
0.611167762289279,0.6113732279748493
