target,moment
0.0251697,0.02939860864407185
