target,moment
0.000729426174,0.0007136200144272994
