target,moment
0.1200626194103338,0.2223874848344632
0.1211887588058545,0.2303211507221401
0.0035804162844133,0.03184573270000036
0.0004965786572176,0.03378444766677387
0.002462693476303,0.00798380111251772
0.0600304680464258,0.0916390195259597
0.1343304183885601,0.04411344223597815
0.0637303998720678,0.03759482773289676
0.0018651157701598,0.0073929697625460585
0.0004460791327548,0.007649609085067804
0.0016008349254711,0.0023676546081269
0.0392297139201939,0.01843319676311637
0.0400814725661333,0.01464273765935319
0.0389368166783096,0.020264521045908573
0.0006682770403912,0.005541189631622865
9.931573144352892e-05,0.002560702608916944
0.0002592308922424,0.0005630753834131951
0.0194675666804137,0.010312795655715867
0.0304225968538796,0.009016925395927067
0.03434640990464,0.022094174937894114
0.0521424423253347,0.04557459840864621
0.0001026823664077,0.0024529496984297986
0.0003332968614545,0.0006740039886818378
0.01717320495232,0.012955008937945631
0.0103574524673225,0.0053090787832603134
0.0083223216314713,0.0066572835800253905
0.0012540715241598,0.0024902745995227515
0.0003282469090082,0.0006020812322468618
0.0001245654936749,0.0002560287947285202
0.0041611608157356,0.0019157456972282833
0.0135473390958901,0.0038257294693244998
0.0109735466657688,0.0060329468333885795
0.0026175586846557,0.003089224173971668
0.0003770631159889,0.000628508196635635
9.258246151515408e-05,0.000996262844345052
0.0054859316741434,0.002317255242422725
0.0671694174879853,0.03008686161839449
0.0583101175797261,0.021696395442263556
0.0318651999360339,0.025562592542404963
0.0009325578850799,0.002537618177523959
0.0002238812251184,0.002997242730927082
0.0007995758039945,0.0008328499393435017
