target,moment
0.030000000000000002,0.029540762409124698
