target,moment
0.0031907984753287,0.003118501335424591
