target,moment
82.198645766003,82.38136731066436
