target,moment
0.000729426174,0.0007387011022425314
