target,moment
1.0,1.0
1.11043237851765,1.0548649095756997
1.4972143972134937,1.578944922213239
0.284826148650757,0.42176276169450505
0.3207191387708363,0.41801483453711386
0.2370063656795177,0.24249538670243836
1.0124883458685825,0.8919004192077742
0.803144451153576,0.9945108113097701
0.450763503237386,0.3329613611414589
0.5907308071628941,0.5101108520772084
0.5042291460730525,0.40238215643612857
