target,moment
144.80523727796603,144.2430071039655
