target,moment
0.027820599079132,0.02756468387866921
0.0201410956216747,0.020357899671170833
0.0324071002006531,0.03254058066097462
0.0205700993537903,0.0035779862869260537
0.0137092995643615,0.0008907749305160634
0.0069309997558593,0.0022238627079990024
0.0169324004650116,0.01665902936408626
0.0397819995880127,0.038799907684178916
0.0110084998607635,0.0013405946605078783
0.0042943000793457,0.0007922153270987772
0.0073146998882293,0.0030583610805827617
0.0135465587074145,0.0037522667950417947
