target,moment
0.1723413565516609,0.1525583922314367
0.2001451715125225,0.19578187445815115
0.0492233011970225,0.0488428025427295
0.168467104972989,0.20741688392702
0.0285381933738058,0.027328526193312924
0.0677758953123543,0.06787295933156712
0.0150971440961255,0.01384357203158328
0.0183036890385174,0.020794191940209244
0.0333799623505598,0.031373477945399346
0.0211113551470954,0.02038317229650153
0.0071838887952674,0.007226210940748456
0.2184329376520792,0.20657793616134057
