target,moment
0.01463,0.014649342889099057
