target,moment
0.015629,0.015725181316709993
