target,moment
0.0087725,0.008770144917083103
