target,moment
0.000729426174,0.0006659778702646349
