target,moment
0.0284120996793111,0.028642451222122667
0.0202507224936482,0.019869173771739024
0.0317124327023824,0.031211595106187227
0.0209112334251403,0.0036429488209363367
0.0125826664765675,0.0005318000040504735
0.0067632331450779,0.0013635522234812904
0.0155372266936765,0.006058479973577504
