target,moment
0.027820599079132,0.02752294526377731
0.0201410956216747,0.020387185762259265
0.0324071002006531,0.032381317871048726
0.0205700993537903,0.0035287272365313403
0.0137092995643615,0.0007907198957038354
0.0069309997558593,0.0020151961308333727
0.0169324004650116,0.016667079769007196
0.0397819995880127,0.03881066469100723
0.0110084998607635,0.001214189844907305
0.0042943000793457,0.0007324143567202593
0.0133872343614895,0.005753493708830183
