target,moment
1.0,1.0
0.8725795027488233,0.8767129569741882
0.854808293224731,0.8845450065709239
0.621549138483011,0.8008729955219009
0.597797984767889,0.5916582277283232
0.293805456329383,0.30414828690789075
0.97595829268538,0.9223767631672014
0.7580583490804771,0.9198550350235284
0.386667563757739,0.3716085602304356
0.525456673586441,0.5272709549328097
0.569474829535268,0.4301435006857486
