target,moment
0.09277,0.09328076324749693
