target,moment
82.198645766003,82.24980268530653
