target,moment
0.0251696991920471,0.046652879081399055
0.0169424664104217,0.021043580282882363
0.0313091993331909,0.029904883185604098
0.0130791997909546,0.0020733911378688305
0.0100246000289917,0.0010405899307930888
0.0082410997152328,0.0035664995103339243
0.0197126996517181,0.01491459920117296
0.0252290010452271,0.023071504877488224
0.0106797003746033,0.0014014689812928967
0.0184949994087218,0.010423767404467045
0.0039844000339508,0.0005696032586183401
0.0127844897880634,0.007475207166986098
