target,moment
0.2040428289529481,0.21336146412942628
0.2255852454372509,0.23810732209414348
0.0643218875038216,0.06709752173805318
0.1031564938626009,0.16500423848821397
0.0320219615813117,0.03591721566358385
0.0530585619633796,0.05683272703454307
0.018329400868127,0.017996288213522844
0.0189912032396071,0.023538154668870635
0.0265511265560509,0.02656042502435176
0.0104250119775051,0.011193513992737053
0.0209966612555152,0.021151530777552406
0.2225196168018815,0.12323959817500134
