target,moment
0.015629,0.01572073866460066
