target,moment
0.09277,0.08666933011418662
