target,moment
133.80077245805202,133.45719617343264
