target,moment
0.0087725,0.008779436353442298
