target,moment
0.0251697,0.04988491864623726
0.0170519152063842,0.017368329801102828
0.0318099,0.03292284955475628
0.0130792,0.01276418148970008
0.0100246,0.009256245753222174
0.0082411,0.008206154267839171
0.0142723639866622,0.014607014703164452
