target,moment
0.33999999999999997,0.34012960382952306
