target,moment
0.000729426174,0.0007239989248036623
