target,moment
0.5776661762953224,0.7446366810353932
