target,moment
0.0168692,0.016973738268134787
