target,moment
0.0268926689027311,0.04546624752304209
0.041115980022573,0.05448593999542378
0.0596663170296645,0.040458793106471554
0.0221120641897875,0.024954669617170105
0.0525740584495689,0.03541215025596125
