target,moment
0.0168692,0.018394591318712815
