target,moment
0.0168692,0.016834487310390955
