target,moment
0.2165556656512729,0.21591617801253796
0.233729031160127,0.21467900926249625
0.0672049461385212,0.06312841952967711
0.1094507590702438,0.14136897357254177
0.0339758263448995,0.03048851603841703
0.0562960172915832,0.05395126873515791
0.2827877543433519,0.28046763484917214
