target,moment
0.0251697,0.046731785091603355
0.0170519152063842,0.01695687909742685
0.0318099,0.0341762687487811
0.0130792,0.0010044487630147003
0.0100246,0.0008320882606146661
0.0082411,0.002604260017825225
0.0142723639866622,0.005267707243239891
