target,moment
90.663631358,90.75202127664164
