target,moment
0.5418056800884126,0.5934603443089977
