target,moment
133.80077245805202,131.20307070222682
