target,moment
0.0251696991920471,0.051035689097522215
0.0170474822517444,0.01778909121031924
0.0313091993331909,0.03202920681745882
0.0130791997909546,0.001837337846378006
0.0100246000289917,0.000797603535498225
0.0082410997152328,0.0026395463259750326
0.0141547485772109,0.008017213033494048
