target,moment
0.0168692,0.019055910049027326
