target,moment
1.0,1.0
1.08968319541132,1.0816484236024597
1.17541345258769,1.1664816592312033
0.346940370796428,0.3577453911289255
0.43593184990191,0.4310900289101786
0.242070633833219,0.24113815322157842
0.611167762289279,0.6114931378253078
