target,moment
0.6988259849608457,0.7033328450222417
