target,moment
0.027820599079132,0.02778986617420892
0.0201410956216747,0.020349617461641198
0.0324071002006531,0.03260142921563421
0.0205700993537903,0.003620751225848411
0.0137092995643615,0.0008950832103160128
0.0069309997558593,0.0022532638948526886
0.0169324004650116,0.016653088414515464
0.0397819995880127,0.03882350051852989
0.0110084998607635,0.0013504327885766358
0.0042943000793457,0.0007972592231644354
0.0073146998882293,0.0025514556581102354
0.0135465587074145,0.0038038450112289437
