target,moment
1.0,1.0
0.8725795027488233,0.8679814978711109
0.854808293224731,0.8550176714575501
0.621549138483011,0.779685741576351
0.597797984767889,0.5740728248446614
0.293805456329383,0.2963353965829402
0.97595829268538,0.8948456284505008
0.7580583490804771,0.860877326020653
0.386667563757739,0.3643708819329862
0.525456673586441,0.508066009821824
0.456857731012344,0.4593862950792538
0.5726777336793948,0.5521893626855822
