target,moment
0.0168692,0.02019944395657952
