target,moment
1.0,1.0
1.08968319541132,1.0808693535916065
1.17541345258769,1.1557241291266558
0.346940370796428,0.38572438196164727
0.43593184990191,0.43657317357485176
0.242070633833219,0.2591844234270323
0.611167762289279,0.6924386879646685
