target,moment
0.5823549874673715,0.7432719313150076
