target,moment
0.027820599079132,0.027292366462833235
0.0201410956216747,0.021922541443406652
0.0324071002006531,0.031199743307670245
0.0205700993537903,0.013331823658636366
0.0137092995643615,0.007558242331408219
0.0069309997558593,0.012258485381137774
0.0169324004650116,0.017126043223154426
0.0397819995880127,0.03852880270030656
0.0110084998607635,0.005543577807197446
0.0042943000793457,0.00446068125792407
0.0073146998882293,0.013538692457199065
0.0135465587074145,0.008407593680693118
