target,moment
0.2165556656512729,0.21186075032505738
0.233729031160127,0.21662053374184978
0.0672049461385212,0.06256148003014476
0.1094507590702438,0.14339039112913965
0.0339758263448995,0.030708477246068733
0.0562960172915832,0.0542898541571328
0.2827877543433519,0.28056851337060695
