target,moment
0.31800000000000006,0.3344935193811026
