target,moment
0.027820599079132,0.0275544426427159
0.0201410956216747,0.020399755535592826
0.0324071002006531,0.03263088552126468
0.0205700993537903,0.003636313861619224
0.0137092995643615,0.0008175764825923284
0.0069309997558593,0.0020841598361984017
0.0169324004650116,0.016659364940324765
0.0397819995880127,0.038843478397657276
0.0110084998607635,0.0012577757495538353
0.0042943000793457,0.0007595002806183152
0.0133872343614895,0.0059584290399904444
