target,moment
0.0251697,0.046428543454828754
0.0170519152063842,0.017416654366271378
0.0318099,0.032276497279443185
0.0130792,0.012659703501855845
0.0100246,0.009406828730128092
0.0082411,0.00815056313956325
0.0142723639866622,0.014516687270300144
