target,moment
0.2165556656512729,0.21221107466857858
0.233729031160127,0.21655809582605018
0.0672049461385212,0.062465327955746025
0.1094507590702438,0.14329876961233837
0.0339758263448995,0.030690407251927145
0.0562960172915832,0.054251828562994625
0.2827877543433519,0.2805244961223651
