target,moment
0.0087725,0.008773384570694577
