target,moment
0.09277,0.09367988897864488
