target,moment
1.0,1.0
0.8725795027488233,0.8640977605467048
0.854808293224731,0.8744794583157143
0.621549138483011,0.7981548123308981
0.597797984767889,0.5828717205770034
0.293805456329383,0.2969857121453389
0.97595829268538,0.9046613645386354
0.7580583490804771,0.8951025052107714
0.386667563757739,0.36414710152806196
0.525456673586441,0.513908160196387
0.569474829535268,0.42541224117582055
