target,moment
0.6786370529182437,0.6642153751792228
