target,moment
0.0245001006126403,0.02489793991340489
0.0167215689711362,0.017097977101870384
0.026430299282074,0.026222047731864668
0.0056323999166487,0.0004553958274195674
0.0104751002788543,0.0005194392124683257
0.0063905000686645,0.00029825216338407183
0.0161208999156951,0.016083729371274145
0.0221616005897522,0.021235437846752647
0.0096591997146606,0.001700216510140204
0.0025066998600959,0.0003671959393439696
0.0052693998813629,0.005818898079970753
0.0175742767524153,0.003966740086565258
