target,moment
1.0,1.0
1.08968319541132,1.0771172221812957
1.17541345258769,1.1669687246774927
0.346940370796428,0.3650599035479634
0.43593184990191,0.4329494175430205
0.242070633833219,0.24250860263333732
0.611167762289279,0.6064663000092151
