target,moment
0.0251697,0.046429170770988966
0.0170519152063842,0.017416437236239018
0.0318099,0.03227535843325086
0.0130792,0.01265975986646835
0.0100246,0.009406961516382957
0.0082411,0.008150592371355486
0.0142723639866622,0.014516578826835793
