,beta,alpha
0,0.6261182871242391,0.6501916115341004
1,0.3738817128757609,0.426570191938285
