target,moment
0.0168692,0.016331975254210172
