target,moment
0.0087725,0.008745631307715985
