target,moment
1.0,1.0
1.0930777059511088,1.1284138794008869
1.17541345258769,1.2467148368268137
0.346771653959122,0.35256549320456376
0.435719747133782,0.43764343866229344
0.241952910075955,0.24243469410220347
1.00152170325136,1.0622250305571124
0.770342027427148,0.8186337015249967
0.450288180056851,0.45018603320885253
1.04371974139227,1.1273314350352097
0.653966544013067,0.6542160591041446
0.4017735881616045,0.39362330541570156
