target,moment
0.0251697,0.06117445404975316
0.0170519152063842,0.017933409801165853
0.0318099,0.034048450626402806
0.0130792,0.012394626468660165
0.0100246,0.008892847469538074
0.0082411,0.008025543646720808
0.0142723639866622,0.014797058827244025
