target,moment
0.2165556656512729,0.21680281894414835
0.233729031160127,0.215335549477087
0.0672049461385212,0.06234646730495178
0.1094507590702438,0.1423274150740407
0.0339758263448995,0.030475590185219014
0.0562960172915832,0.053903725215083784
0.2827877543433519,0.27880843379946946
