target,moment
0.2165556656512729,0.21173776752987747
0.233729031160127,0.216703243809879
0.0672049461385212,0.06257391560741456
0.1094507590702438,0.14332282672163316
0.0339758263448995,0.03069587462016402
0.0562960172915832,0.05427170687597388
0.2827877543433519,0.28069466483505784
