target,moment
1.0,1.0
1.08968319541132,1.0747891642349146
1.17541345258769,1.1657197565626656
0.346940370796428,0.36515138866719343
0.43593184990191,0.4331654743438602
0.242070633833219,0.24282417740992918
0.611167762289279,0.6069709695660758
