target,moment
0.2165556656512729,0.18603871168001132
0.233729031160127,0.21095295028698102
0.0672049461385212,0.06277550608925782
0.1094507590702438,0.17657856305531597
0.0339758263448995,0.0321885585174067
0.0562960172915832,0.05823504103751214
0.2827877543433519,0.2732306693335151
