target,moment
0.0009249999999999993,0.0008348131920053403
