target,moment
0.000729426174,0.000649386763636886
