target,moment
90.663631358,91.27374073273039
