target,moment
144.805237277966,134.47906793573478
