target,moment
1.0,1.0
0.8725795027488233,0.6600453567162484
0.854808293224731,0.6717842745015467
0.621549138483011,0.7582050893202339
0.597797984767889,0.4491653611248823
0.293805456329383,0.23842599902752534
0.97595829268538,0.6322627122454904
0.7580583490804771,0.7297001824003175
0.386667563757739,0.2709218116476792
0.525456673586441,0.40883767062793014
0.456857731012344,0.3784760311768359
0.5726777336793948,0.4019174897853549
