target,moment
0.07421839,0.07445338649307659
