target,moment
0.0032483599077012,0.0026093853099017315
0.0008911894812772,0.00025669285613148085
0.0005769283323049,0.0003085879204836849
