target,moment
0.2165556656512729,0.21253384087292324
0.233729031160127,0.21643258680463162
0.0672049461385212,0.06252650226420628
0.1094507590702438,0.14323016895132412
0.0339758263448995,0.0306780927537269
0.0562960172915832,0.05423256045921785
0.2827877543433519,0.28036624789396997
