target,moment
1.0,1.0
1.08968319541132,1.0808427819248716
1.17541345258769,1.1653661533974118
0.346940370796428,0.35741832607843393
0.43593184990191,0.43055970251584097
0.242070633833219,0.24087329524867152
0.611167762289279,0.6111750765964595
