target,moment
0.0168692,0.017800012476735728
