target,moment
0.09277,0.0928305670222935
