target,moment
0.0251697,0.05947282013894091
0.0170519152063842,0.017871583678201998
0.0318099,0.03395673676104844
0.0130792,0.012385692059968981
0.0100246,0.00889507925801387
0.0082411,0.00802271155004308
0.0142723639866622,0.014751895988292393
