target,moment
1.0,1.0
1.08968319541132,1.0813559297030204
1.17541345258769,1.1662904805201506
0.346940370796428,0.35755031658246333
0.43593184990191,0.43079567417513365
0.242070633833219,0.24098685666554737
0.611167762289279,0.6113332273846833
