target,moment
0.2165556656512729,0.2166462874695352
0.233729031160127,0.2153848087944634
0.0672049461385212,0.062408730451992765
0.1094507590702438,0.14233741251756815
0.0339758263448995,0.03047160252981453
0.0562960172915832,0.05389712634826365
0.2827877543433519,0.2788540318883623
