target,moment
0.0251697,0.06739277232427444
0.0170519152063842,0.017267979845981336
0.0318099,0.033675546383642244
0.0130792,0.012586029225575834
0.0100246,0.009089238621077907
0.0082411,0.008173566057622301
0.0142723639866622,0.014588177473023635
