target,moment
0.0168692,0.017887994501763562
