target,moment
0.2040428289529481,0.21583297027749335
0.2255852454372509,0.23622892184579392
0.0643218875038216,0.06724677667947472
0.1031564938626009,0.16525136574167948
0.0320219615813117,0.03598434026177139
0.0530585619633796,0.05690583020761026
0.018329400868127,0.01754542580794002
0.0189912032396071,0.023231447462937736
0.0265511265560509,0.02661166141589334
0.0104250119775051,0.0107404167927702
0.0209966612555152,0.021195129432738376
0.2225196168018815,0.12322571407389722
