target,moment
0.0087725,0.01386211432881005
