target,moment
0.2165556656512729,0.21687997674566467
0.233729031160127,0.2154835953163925
0.0672049461385212,0.062242497990286805
0.1094507590702438,0.1424589468634846
0.0339758263448995,0.030442097902804638
0.0562960172915832,0.053866010917092
0.2827877543433519,0.27862687426427485
