target,moment
0.0006564835565999,0.0006351155837291902
