target,moment
0.3499061550503732,0.5827745509563622
0.1200626194103338,0.06320284260285515
0.1211887588058545,0.06527119370404358
0.0035804162844133,0.010617567029310838
0.0004965786572176,0.008506269513884127
0.002462693476303,0.0027503861166739657
0.0600304680464258,0.03193461914209895
