target,moment
0.0251697,0.048729140463681826
0.0170519152063842,0.01710624479123939
0.0318099,0.03254827686206549
0.0130792,0.000124837664217228
0.0100246,1.660869525228534e-06
0.0082411,0.0004274841604665089
0.0142723639866622,0.008351782913983676
