target,moment
0.09277,0.09114761722667626
