target,moment
1.0,1.0
1.08968319541132,1.0942085195514624
1.17541345258769,1.1761443524976631
0.346940370796428,0.36112204397198155
0.43593184990191,0.43385850533630665
0.242070633833219,0.24289878437122497
0.611167762289279,0.6194853112958241
