target,moment
0.0168692,0.01772609223629788
