target,moment
0.0251697,0.049883810796219015
0.0170519152063842,0.017368394225103494
0.0318099,0.03292309422519915
0.0130792,0.012764215724953076
0.0100246,0.009256324681824163
0.0082411,0.008206163708329852
0.0142723639866622,0.014607052762415756
