target,moment
0.000729426174,0.0006613021557980083
