target,moment
1.0,1.0
1.08968319541132,1.0817435025223965
1.17541345258769,1.1702990263453399
0.346940370796428,0.35772186528984656
0.43593184990191,0.4310300783071827
0.242070633833219,0.24111732939638278
0.611167762289279,0.6114987335195387
