target,moment
1.0,1.0
1.08968319541132,1.083107233631728
1.17541345258769,1.1741183333485525
0.346940370796428,0.3575493241676417
0.43593184990191,0.43074873965491217
0.242070633833219,0.240975149903055
0.611167762289279,0.6113595167171992
