target,moment
0.09277,0.09282306239191393
