target,moment
90.663631358,90.70100791388842
