target,moment
0.0168692,0.017855678158741842
