target,moment
0.0251697,0.04959045569008215
0.0170519152063842,0.01733959794585777
0.0318099,0.032894800150695166
0.0130792,0.012787094913381076
0.0100246,0.00930569685586625
0.0082411,0.0082137640285547
0.0142723639866622,0.014585713071168181
