target,moment
0.027820599079132,0.027533726797371264
0.0201410956216747,0.02037672070394849
0.0324071002006531,0.032412389355757285
0.0205700993537903,0.0035673898542442684
0.0137092995643615,0.0007918557221311357
0.0069309997558593,0.002057636059463945
0.0169324004650116,0.016666863665389504
0.0397819995880127,0.038839510360755995
0.0110084998607635,0.0012368673143271366
0.0042943000793457,0.0007478702594759639
0.0133872343614895,0.005918846511575647
