target,moment
0.1723744735734453,0.1624864857972439
0.2001836313003392,0.20524938199779294
0.0492327599199353,0.05145267198734007
0.1684994775206873,0.2219287224589351
0.0285436772575964,0.02819661441257419
0.0677889190917095,0.06946927871284968
0.0151000451551628,0.01426504203056753
0.0183072062654951,0.021712030790189255
0.0333863766260561,0.03189036188550651
0.0211154118936726,0.020903363972652054
0.2254680213959001,0.1724460459543487
