target,moment
0.017496806,0.01757544370628935
