target,moment
0.227376970881536,0.20585234102833228
0.26208456644126604,0.2780114907812595
0.09006742321036136,0.09264569231416371
0.0568240636359868,0.08280343292454198
0.037734696268940354,0.04784938015876784
0.04200290962366248,0.042044311794965296
0.2839093699382469,0.2507933509979694
