target,moment
0.09277,0.09318433864177869
