target,moment
1.0,1.0
0.8725795027488233,0.8763438911657432
0.854808293224731,0.8861694930571918
0.621549138483011,0.8017178466778047
0.597797984767889,0.5886284482711989
0.293805456329383,0.2992753944625023
0.97595829268538,0.9161899073266163
0.7580583490804771,0.8935860070714359
0.386667563757739,0.3681763661858089
0.525456673586441,0.5189608874858939
0.569474829535268,0.42922598470390166
