target,moment
0.5332440948838922,0.671356827987004
