target,moment
1.0,1.0
0.8725795027488233,0.8767233681269624
0.854808293224731,0.8844316996827515
0.621549138483011,0.8008255754263459
0.597797984767889,0.5916191847069652
0.293805456329383,0.30411839983556327
0.97595829268538,0.9223878372615857
0.7580583490804771,0.9198539124487026
0.386667563757739,0.37158360701325777
0.525456673586441,0.5272467387675952
0.569474829535268,0.43010764026485815
