target,moment
0.0168692,0.017972887782816298
