target,moment
90.663631358,90.91851741399967
