,beta,alpha
0,0.6227353355797332,0.620029943608874
1,0.37726466442026674,0.4098883331899761
