target,moment
0.1723744735734453,0.16368321394369545
0.2001836313003392,0.20434905413038054
0.0492327599199353,0.05073505124382439
0.1684994775206873,0.22212166478285164
0.0285436772575964,0.028263564081341532
0.0677889190917095,0.06965878352460177
0.0151000451551628,0.014187779355169747
0.0183072062654951,0.021739800251935445
0.0333863766260561,0.0314248241012908
0.0211154118936726,0.020957675935715094
0.2254680213959001,0.17287858864919356
