target,moment
0.1768123821908934,0.16233310802117507
