target,moment
90.663631358,90.54462316687729
