target,moment
0.0251697,0.04793483717050511
0.0170519152063842,0.016428157716531187
0.0318099,0.0307984123628612
0.0130792,0.012160038934240218
0.0100246,0.00894377572072964
0.0082411,0.008023658597519218
0.0142723639866622,0.013229178954173734
