
[16.0] kind=destination
  dest inflow share before: [0.3212 0.074  0.0853 0.2322 0.0342 0.06   0.0565 0.0736 0.0234 0.0262
 0.0066 0.0068]
  dest inflow share after : [0.3691 0.085  0.0981 0.1779 0.0262 0.0459 0.0649 0.0846 0.0179 0.0201
 0.0051 0.0052]
  US-origin share before/after: 0.2305 -> 0.2205
  calib_parameters=['eta', 'k', 'fe', 'T', 'zeta', 'g_0', 'delta', 'nu', 'fo', 'theta']
  list_of_moments=['GPDIFF', 'GROWTH', 'KM', 'OUT', 'RD', 'RP', 'SRGDP', 'SINNOVPATUS', 'TO', 'SPFLOW', 'UUPCOST', 'DOMPATINUS', 'TE']

[16.0] recalibrating ...
fe :  [0.08263491] fo :  [0.05270316] delta :  [[0.0796478 ]
 [0.08649414]
 [0.09691331]
 [0.13603759]
 [0.15560797]
 [0.2222137 ]
 [0.06533472]
 [0.05940816]
 [0.21006018]
 [0.18912276]
 [0.15536466]
 [1.40461998]] nu :  [0.05386976] k : [1.10274735 1.25136328] theta : [6.23952397] sigma : [2.9] zeta : [0.00858743] rho : 0.02 kappa : 0.5
   Iteration     Total nfev        Cost      Cost reduction    Step norm     Optimality   
       0              1         6.8501e-01                                    1.50e+05    
       1              2         6.7523e-01      9.78e-03       6.44e+03       2.59e+05    
       2              3         6.5453e-01      2.07e-02       1.16e+04       2.50e+05    
fe :  [0.08326112] fo :  [0.0528649] delta :  [[0.07915506]
 [0.08608593]
 [0.09654487]
 [0.1561332 ]
 [0.17638495]
 [0.24775581]
 [0.06501582]
 [0.05906527]
 [0.23579341]
 [0.21232307]
 [0.17531676]
 [1.52903545]] nu :  [0.05374344] k : [1.06652887 1.25049846] theta : [6.25425335] sigma : [2.9] zeta : [0.00851611] rho : 0.02 kappa : 0.5
       3              5         6.1581e-01      3.87e-02       6.13e+02       4.02e+05    
       4              7         5.9549e-01      2.03e-02       4.32e+03       9.05e+05    
       5             10         5.9415e-01      1.34e-03       6.64e+02       7.15e+05    
fe :  [0.08787231] fo :  [0.04551744] delta :  [[0.08137006]
 [0.08923166]
 [0.09960054]
 [0.18770881]
 [0.2068254 ]
 [0.28651781]
 [0.06765166]
 [0.05991248]
 [0.27306927]
 [0.24701998]
 [0.20774109]
 [1.72515365]] nu :  [0.05382384] k : [1.00585457 1.23697319] theta : [6.31230316] sigma : [2.9] zeta : [0.00860715] rho : 0.02 kappa : 0.5
       6             11         5.8802e-01      6.12e-03       2.39e+00       2.92e+04    
       7             17         5.8764e-01      3.83e-04       8.38e-03       1.43e+05    
       8             18         5.8734e-01      2.95e-04       1.81e-03       6.66e+03    
       9             19         5.8702e-01      3.21e-04       2.79e-03       1.01e+03    
fe :  [0.0875418] fo :  [0.04811016] delta :  [[0.08052296]
 [0.0905707 ]
 [0.10491797]
 [0.19159983]
 [0.21063148]
 [0.2913414 ]
 [0.06960075]
 [0.06172324]
 [0.27754748]
 [0.25149119]
 [0.21174507]
 [1.72953821]] nu :  [0.05372678] k : [1.00595382 1.23651488] theta : [6.31084816] sigma : [2.9] zeta : [0.00863939] rho : 0.02 kappa : 0.5
      10             20         5.8659e-01      4.35e-04       4.36e-03       1.85e+04    
      11             21         5.8593e-01      6.53e-04       5.53e-03       1.76e+04    
      12             26         5.8593e-01      4.39e-06       6.90e-05       9.55e+02    
fe :  [0.08759787] fo :  [0.04731261] delta :  [[0.0807274 ]
 [0.09051415]
 [0.10323501]
 [0.19138183]
 [0.21029506]
 [0.29098264]
 [0.0694489 ]
 [0.06163951]
 [0.27749338]
 [0.25112227]
 [0.21146509]
 [1.73426655]] nu :  [0.05364853] k : [1.00605274 1.23568614] theta : [6.30895035] sigma : [2.9] zeta : [0.00861436] rho : 0.02 kappa : 0.5
      13             28         5.8593e-01      2.20e-06       1.94e-05       3.91e-02    
`xtol` termination condition is satisfied.
Function evaluations 28, initial cost 6.8501e-01, final cost 5.8593e-01, first-order optimality 3.91e-02.
   Iteration     Total nfev        Cost      Cost reduction    Step norm     Optimality   
       0              1         5.8593e-01                                    8.52e+02    
       1             19         5.8593e-01      0.00e+00       0.00e+00       8.52e+02    
`xtol` termination condition is satisfied.
Function evaluations 19, initial cost 5.8593e-01, final cost 5.8593e-01, first-order optimality 8.52e+02.
   Iteration     Total nfev        Cost      Cost reduction    Step norm     Optimality   
       0              1         5.8593e-01                                    4.65e+01    
fe :  [0.0875977] fo :  [0.04730746] delta :  [[0.08073098]
 [0.09051412]
 [0.10322392]
 [0.19138188]
 [0.21029419]
 [0.29098182]
 [0.06944885]
 [0.06163916]
 [0.27749272]
 [0.2511222 ]
 [0.21146499]
 [1.7342936 ]] nu :  [0.05364818] k : [1.00605274 1.23568059] theta : [6.30893775] sigma : [2.9] zeta : [0.00861429] rho : 0.02 kappa : 0.5
       1             15         5.8593e-01      1.22e-06       3.34e-05       1.69e+04    
       2             21         5.8593e-01      0.00e+00       0.00e+00       1.69e+04    
`xtol` termination condition is satisfied.
Function evaluations 21, initial cost 5.8593e-01, final cost 5.8593e-01, first-order optimality 1.69e+04.
   Iteration     Total nfev        Cost      Cost reduction    Step norm     Optimality   
       0              1         5.8593e-01                                    1.71e+04    
       1             19         5.8593e-01      0.00e+00       0.00e+00       1.71e+04    
`xtol` termination condition is satisfied.
Function evaluations 19, initial cost 5.8593e-01, final cost 5.8593e-01, first-order optimality 1.71e+04.
   Iteration     Total nfev        Cost      Cost reduction    Step norm     Optimality   
       0              1         5.8593e-01                                    1.71e+04    
fe :  [0.0875977] fo :  [0.04731755] delta :  [[0.08073098]
 [0.09051411]
 [0.10322393]
 [0.19138188]
 [0.21029419]
 [0.29098182]
 [0.06944885]
 [0.06163916]
 [0.27749272]
 [0.2511222 ]
 [0.21146499]
 [1.7342936 ]] nu :  [0.05364822] k : [1.00605274 1.23568059] theta : [6.30893775] sigma : [2.9] zeta : [0.00861429] rho : 0.02 kappa : 0.5
       1             19         5.8593e-01      3.72e-07       1.01e-05       5.42e-02    
       2             20         5.8593e-01      6.61e-10       6.38e-09       5.04e-02    
`ftol` termination condition is satisfied.
Function evaluations 20, initial cost 5.8593e-01, final cost 5.8593e-01, first-order optimality 5.04e-02.
   Iteration     Total nfev        Cost      Cost reduction    Step norm     Optimality   
       0              1         5.8593e-01                                    5.42e+02    
fe :  [0.08759771] fo :  [0.04731755] delta :  [[0.08073098]
 [0.09051411]
 [0.10322392]
 [0.19138188]
 [0.21029419]
 [0.29098182]
 [0.06944885]
 [0.06163916]
 [0.27749272]
 [0.2511222 ]
 [0.21146499]
 [1.7342936 ]] nu :  [0.05364822] k : [1.00605274 1.23568059] theta : [6.30893775] sigma : [2.9] zeta : [0.00861429] rho : 0.02 kappa : 0.5
       1             24         5.8593e-01      1.76e-10       1.29e-08       2.56e-02    
`ftol` termination condition is satisfied.
Function evaluations 24, initial cost 5.8593e-01, final cost 5.8593e-01, first-order optimality 2.56e-02.
   Iteration     Total nfev        Cost      Cost reduction    Step norm     Optimality   
       0              1         5.8593e-01                                    5.12e+02    
       1             24         5.8593e-01      1.68e-10       1.29e-08       2.55e-02    
`ftol` termination condition is satisfied.
Function evaluations 24, initial cost 5.8593e-01, final cost 5.8593e-01, first-order optimality 2.55e-02.
fe :  [0.08759772] fo :  [0.04731755] delta :  [[0.08073098]
 [0.09051411]
 [0.10322392]
 [0.1913819 ]
 [0.21029419]
 [0.29098182]
 [0.06944885]
 [0.06163916]
 [0.27749272]
 [0.2511222 ]
 [0.21146499]
 [1.7342936 ]] nu :  [0.05364822] k : [1.00605274 1.23568059] theta : [6.30893775] sigma : [2.9] zeta : [0.00861429] rho : 0.02 kappa : 0.5
   Iteration     Total nfev        Cost      Cost reduction    Step norm     Optimality   
       0              1         5.8593e-01                                    4.82e+02    
       1             24         5.8593e-01      1.60e-10       1.29e-08       2.54e-02    
`ftol` termination condition is satisfied.
Function evaluations 24, initial cost 5.8593e-01, final cost 5.8593e-01, first-order optimality 2.54e-02.
   Iteration     Total nfev        Cost      Cost reduction    Step norm     Optimality   
       0              1         5.8593e-01                                    4.53e+02    
fe :  [0.08759773] fo :  [0.04731755] delta :  [[0.08073098]
 [0.09051411]
 [0.10322392]
 [0.19138188]
 [0.21029419]
 [0.29098182]
 [0.06944885]
 [0.06163916]
 [0.27749272]
 [0.2511222 ]
 [0.21146499]
 [1.7342936 ]] nu :  [0.05364822] k : [1.00605274 1.23568059] theta : [6.30893775] sigma : [2.9] zeta : [0.00861429] rho : 0.02 kappa : 0.5
       1             24         5.8593e-01      1.68e-10       1.29e-08       2.59e-02    
`ftol` termination condition is satisfied.
Function evaluations 24, initial cost 5.8593e-01, final cost 5.8593e-01, first-order optimality 2.59e-02.
[16.0] calibration done obj=1.0825 (successful) -> calibration_results_matched_economy/baseline_2000_variations/16.0/
12  countries,  2  sectors 
Solving time : 0.00038079198566265404 
Iterations :  1 
Deviation norm :  TODO 
Status :  successful 
Hit the bounds  0  times
0
[12.] USA -0.9987476641919417
[6.005] USA -0.9986831601741841
[0.01] USA -0.9710832650211882
[12.] USA -0.9987432454771816
[11.99999999] USA -0.998743319002486
[7.06580035] USA -0.9987312337917567
[9.53290139] USA -0.9987180480736589
[10.76645325] USA -0.9987545434064897
[11.38322548] USA -0.9987459763718816
[11.69161246] USA -0.9987600534339445
[11.84580453] USA -0.9987235712432
[11.92290426] USA -0.9987284038450328
[11.96145363] USA -0.9987187071769899
[11.9807293] USA -0.9987447855684091
[11.9903645] USA -0.9987237558156591
[11.99518422] USA -0.9987440774966804
[12.] EUR -0.992813939797044
[6.005] EUR -0.9927925020405313
[0.01] EUR -0.9543192246707052
[12.] EUR -0.9928134591078542
[11.99999999] EUR -0.9928196746640882
[6.00500002] EUR -0.9928042872696892
[9.00250002] EUR -0.9927913326940812
[10.50125004] EUR -0.9928303621220279
[11.250625] EUR -0.9927994815010884
[11.62531252] EUR -0.9928102774685417
[11.81265626] EUR -0.9928204113644219
[11.90632812] EUR -0.9928159620220587
[11.95316406] EUR -0.9928054131036365
[11.97658204] EUR -0.9928268120743114
[11.988291] EUR -0.9928360257083276
[11.99414547] EUR -0.9928123255290455
[11.99414549] EUR -0.9927668707741654
[6.00536785] EUR -0.9927800545699633
[8.99975667] EUR -0.992811749910368
[10.49695107] EUR -0.9928022020798614
[11.24554827] EUR -0.9928151099222984
[11.61984687] EUR -0.9928076553469406
[11.80699618] EUR -0.992819936510885
[11.90057082] EUR -0.9928326336746652
[11.94735815] EUR -0.9928447977590648
[11.9707518] EUR -0.9928423094059529
[11.98244863] EUR -0.9927993833632598
[11.98829706] EUR -0.9928306884745283
[11.98829707] EUR -0.9928345828406653
[11.98875858] EUR -0.992797490612363
[11.98852776] EUR -0.992800085718567
[11.98841235] EUR -0.9928083077784507
[11.98835466] EUR -0.9928094284012924
[11.98832582] EUR -0.9927888417803081
[11.98831136] EUR -0.9928185971687242
[11.98830418] EUR -0.9928212720675722
[11.9883006] EUR -0.9928047077045513
[11.98829878] EUR -0.9928091786715313
[11.98829788] EUR -0.9928035153854754
[11.98829742] EUR -0.9928096141226477
[12.] JAP -0.9888968232359168
[6.005] JAP -0.9888544294621994
[0.01] JAP -0.9432463325967934
[12.] JAP -0.9889016908516673
[11.99999999] JAP -0.9888939785734981
[12.] CHN -0.9847077504458682
[6.005] CHN -0.9846964515503108
[0.01] CHN -0.9167248590787123
[12.] CHN -0.9847149125380272
[11.99999999] CHN -0.9847023045974408
[12.] BRA -0.9816037854718697
[6.005] BRA -0.9815863044028087
[0.01] BRA -0.9355744224757014
[12.] BRA -0.9816049988413786
[11.99999999] BRA -0.9815934053125049
[12.] IND -0.9804029028420072
[6.005] IND -0.9803953938520876
[0.01] IND -0.9290574083553096
[12.] IND -0.9803976811200555
[11.99999999] IND -0.9803962391351472
[12.] CAN -0.9961666835975702
[6.005] CAN -0.9961071131498249
[0.01] CAN -0.9445104378904319
[12.] CAN -0.9962055114257548
[11.99999999] CAN -0.9961667573195807
[12.] KOR -0.9998815951171913
[6.005] KOR -0.9998390309701831
[0.01] KOR -0.940194427285388
[12.] KOR -0.9999088170686491
[11.99999999] KOR -0.9998754108914311
[12.] RUS -0.9794806567867779
[6.005] RUS -0.9794706300624225
[0.01] RUS -0.9340955652453763
[12.] RUS -0.9794769220678375
[11.99999999] RUS -0.9794787672783802
[6.005] RUS -0.979473909291191
[9.00250001] RUS -0.979473302049853
[10.50125002] RUS -0.9794800720229923
[11.250625] RUS -0.9794753497627784
[11.62531251] RUS -0.9794761880775816
[11.81265626] RUS -0.9794762652425971
[11.90632813] RUS -0.9794764545437616
[11.95316407] RUS -0.9794728712951921
[11.97658205] RUS -0.9794773906570245
[11.98829102] RUS -0.9794801764603522
[11.9941455] RUS -0.9794733060846793
[11.99414551] RUS -0.9794767513081438
[11.99795805] RUS -0.9794799956431083
[11.99605179] RUS -0.979476388676253
[11.99509865] RUS -0.9794739071676715
[11.99462208] RUS -0.9794757143904634
[11.99438379] RUS -0.9794771213961384
[11.99426465] RUS -0.9794827488793219
[11.9942051] RUS -0.9794737187365881
[11.9941753] RUS -0.9794746362067726
[11.9941604] RUS -0.9794729367711686
[11.99415295] RUS -0.9794764536272986
[11.99414923] RUS -0.9794728962092413
[12.] MEX -0.9805985646759265
[6.005] MEX -0.9805866651033986
[0.01] MEX -0.9388047756155542
[12.] MEX -0.9805935407338365
[11.99999999] MEX -0.9805944804698721
[6.005] MEX -0.9805855115970157
[9.00250006] MEX -0.9805910380048859
[10.50125005] MEX -0.9805896953449388
[11.25062506] MEX -0.9805975240989607
[11.6253125] MEX -0.9805968602806461
[11.81265622] MEX -0.9806018177371016
[11.90632805] MEX -0.9805946475328446
[11.95316401] MEX -0.9805951634559764
[11.97658199] MEX -0.9805984454868298
[11.98829096] MEX -0.9806002667100385
[11.99414543] MEX -0.9805868380574031
[11.99414544] MEX -0.9806006814139665
[11.99962783] MEX -0.9805937549972716
[11.99688663] MEX -0.9806026974056443
[11.99551604] MEX -0.9805969778029859
[11.99483074] MEX -0.9806008184562338
[11.99448809] MEX -0.9805952796741948
[11.99431676] MEX -0.9805967284367273
[11.9942311] MEX -0.980596187382076
[11.99418827] MEX -0.9806022805905772
[11.99416685] MEX -0.9806022680464324
[11.99415615] MEX -0.9805901009502042
[11.99415079] MEX -0.9806042517493803
[11.9941508] MEX -0.9805917195873141
[11.99414824] MEX -0.9805918190014212
[11.99414952] MEX -0.980595850282891
[11.99415016] MEX -0.9805936830995393
[11.99415048] MEX -0.980590428937641
[11.99415064] MEX -0.9805980559474371
[11.99415072] MEX -0.9805993943071677
[11.99415076] MEX -0.9805950640606844
[11.99415078] MEX -0.9805961400466537
[11.99415079] MEX -0.9805877217053369
[11.99415079] MEX -0.9806036666973219
[11.99415079] MEX -0.9805900566300126
[12.] ZAF -0.9804384971121379
[6.005] ZAF -0.9804319520185969
[0.01] ZAF -0.9479601590275158
[12.] ZAF -0.9804357675801858
[11.99999999] ZAF -0.9804460376069625
[6.005] ZAF -0.9804331269775428
[9.0025] ZAF -0.9804366111279802
[10.50125] ZAF -0.9804405749670293
[11.250625] ZAF -0.9804422263997753
[11.62531249] ZAF -0.9804392558953674
[11.81265624] ZAF -0.9804437485378936
[11.90632812] ZAF -0.9804428435396553
[11.95316405] ZAF -0.9804397478942632
[11.97658202] ZAF -0.9804459876690617
[11.988291] ZAF -0.9804413650836055
[11.9941455] ZAF -0.9804444750329447
[11.99414551] ZAF -0.9804373424428134
[11.98083598] ZAF -0.9804354275771417
[11.98749075] ZAF -0.9804475458786746
[11.99081812] ZAF -0.9804432165417961
[11.99248181] ZAF -0.9804445281514509
[11.99331365] ZAF -0.9804450719682782
[11.99372958] ZAF -0.9804334588106566
[11.99393755] ZAF -0.9804377144937779
[11.99404153] ZAF -0.9804389575759271
[11.99409352] ZAF -0.9804381023052818
[11.99411952] ZAF -0.9804424626928674
[11.99413251] ZAF -0.9804348716788508
[11.99413252] ZAF -0.9804438258012721
[11.99413974] ZAF -0.9804403072195956
[11.99413613] ZAF -0.9804413287197153
[11.99413432] ZAF -0.9804346705805681
[11.99413342] ZAF -0.9804387110175632
[11.99413297] ZAF -0.9804416160978626
[11.99413274] ZAF -0.9804423237922216
[11.99413263] ZAF -0.9804371899290854
[11.99413257] ZAF -0.9804405995445356
[12.] ROW -0.9775050903184187
[6.005] ROW -0.9775016954757381
[0.01] ROW -0.9235195225336318
[12.] ROW -0.9775042765445707
[11.99999999] ROW -0.9775047120492564
[6.005] ROW -0.9775031928880371
[9.00250002] ROW -0.9775053877849547
[10.50124999] ROW -0.9775049834918353
[11.25062498] ROW -0.9775050052828332
[11.62531248] ROW -0.9775032724405383
[11.81265626] ROW -0.9775049856190882
[11.90632812] ROW -0.9775040678160151
[11.95316406] ROW -0.9775052121027579
[11.97658201] ROW -0.9775035478127193
[11.98829102] ROW -0.9775048890461882
[11.9941455] ROW -0.9775044019119314
ROW [[11.99518422]
 [11.98829742]
 [12.        ]
 [12.        ]
 [12.        ]
 [12.        ]
 [12.        ]
 [12.        ]
 [11.99414923]
 [11.99415079]
 [11.99413257]
 [11.9941455 ]]
0.0
[16.0] NASH done in 919s -> 2000_16.0_nash/
not parallel
[0.08073098 0.09051411 0.10322392 0.19138188 0.21029419 0.29098182
 0.06944885 0.06163916 0.27749272 0.2511222  0.21146499 1.7342936 ]
[0.08073098 0.09051411 0.10322392 0.19138188 0.21029419 0.29098182
 0.06944885 0.06163916 0.27749272 0.2511222  0.21146499 1.7342936 ] 0.9999999996989892
[0.08073099 0.09051411 0.10322392 0.19138188 0.21029419 0.29098182
 0.06944885 0.06163916 0.27749272 0.2511222  0.21146499 1.7342936 ]
[0.08073099 0.09051411 0.10322392 0.19138188 0.21029419 0.29098182
 0.06944885 0.06163916 0.27749272 0.2511222  0.21146499 1.7342936 ] 0.9999999980082881
[0.08073098 0.09051412 0.10322392 0.19138188 0.21029419 0.29098182
 0.06944885 0.06163916 0.27749272 0.2511222  0.21146499 1.7342936 ]
[0.08073098 0.09051412 0.10322392 0.19138188 0.21029419 0.29098182
 0.06944885 0.06163916 0.27749272 0.2511222  0.21146499 1.7342936 ] 0.9999999987111496
[0.08073098 0.09051411 0.10322393 0.19138188 0.21029419 0.29098182
 0.06944885 0.06163916 0.27749272 0.2511222  0.21146499 1.7342936 ]
[0.08073098 0.09051411 0.10322393 0.19138188 0.21029419 0.29098182
 0.06944885 0.06163916 0.27749272 0.2511222  0.21146499 1.7342936 ] 0.9999999988248214
[0.08073098 0.09051411 0.10322392 0.19138189 0.21029419 0.29098182
 0.06944885 0.06163916 0.27749272 0.2511222  0.21146499 1.7342936 ]
[0.08073098 0.09051411 0.10322392 0.19138189 0.21029419 0.29098182
 0.06944885 0.06163916 0.27749272 0.2511222  0.21146499 1.7342936 ] 1.0000000006458993
[0.08073098 0.09051411 0.10322392 0.19138188 0.2102942  0.29098182
 0.06944885 0.06163916 0.27749272 0.2511222  0.21146499 1.7342936 ]
[0.08073098 0.09051411 0.10322392 0.19138188 0.2102942  0.29098182
 0.06944885 0.06163916 0.27749272 0.2511222  0.21146499 1.7342936 ] 0.9999999998550715
[0.08073098 0.09051411 0.10322392 0.19138188 0.21029419 0.29098183
 0.06944885 0.06163916 0.27749272 0.2511222  0.21146499 1.7342936 ]
[0.08073098 0.09051411 0.10322392 0.19138188 0.21029419 0.29098183
 0.06944885 0.06163916 0.27749272 0.2511222  0.21146499 1.7342936 ] 0.9999999991685655
[0.08073098 0.09051411 0.10322392 0.19138188 0.21029419 0.29098182
 0.06944886 0.06163916 0.27749272 0.2511222  0.21146499 1.7342936 ]
[0.08073098 0.09051411 0.10322392 0.19138188 0.21029419 0.29098182
 0.06944886 0.06163916 0.27749272 0.2511222  0.21146499 1.7342936 ] 0.9999999988458927
[0.08073098 0.09051411 0.10322392 0.19138188 0.21029419 0.29098182
 0.06944885 0.06163917 0.27749272 0.2511222  0.21146499 1.7342936 ]
[0.08073098 0.09051411 0.10322392 0.19138188 0.21029419 0.29098182
 0.06944885 0.06163917 0.27749272 0.2511222  0.21146499 1.7342936 ] 0.9999999990935966
[0.08073098 0.09051411 0.10322392 0.19138188 0.21029419 0.29098182
 0.06944885 0.06163916 0.27749273 0.2511222  0.21146499 1.7342936 ]
[0.08073098 0.09051411 0.10322392 0.19138188 0.21029419 0.29098182
 0.06944885 0.06163916 0.27749273 0.2511222  0.21146499 1.7342936 ] 0.99999999891983
[0.08073098 0.09051411 0.10322392 0.19138188 0.21029419 0.29098182
 0.06944885 0.06163916 0.27749272 0.25112221 0.21146499 1.7342936 ]
[0.08073098 0.09051411 0.10322392 0.19138188 0.21029419 0.29098182
 0.06944885 0.06163916 0.27749272 0.25112221 0.21146499 1.7342936 ] 0.9999999993797954
[0.08073098 0.09051411 0.10322392 0.19138188 0.21029419 0.29098182
 0.06944885 0.06163916 0.27749272 0.2511222  0.211465   1.7342936 ]
[0.08073098 0.09051411 0.10322392 0.19138188 0.21029419 0.29098182
 0.06944885 0.06163916 0.27749272 0.2511222  0.211465   1.7342936 ] 1.0000000002563816
[0.08073098 0.09051411 0.10322392 0.19138188 0.21029419 0.29098182
 0.06944885 0.06163916 0.27749272 0.2511222  0.21146499 1.73429361]
[0.08073098 0.09051411 0.10322392 0.19138188 0.21029419 0.29098182
 0.06944885 0.06163916 0.27749272 0.2511222  0.21146499 1.73429361] 0.9999999996010835
[0.01       0.01       0.01580714 0.28607289 0.22590242 0.23793945
 0.01       0.01       0.1995768  0.21920282 0.26720422 1.72450303]
[0.01       0.01       0.01580714 0.28607289 0.22590242 0.23793945
 0.01       0.01       0.1995768  0.21920282 0.26720422 1.72450303] 1.0475218293046675
[0.01000001 0.01       0.01580714 0.28607289 0.22590242 0.23793945
 0.01       0.01       0.1995768  0.21920282 0.26720422 1.72450303]
[0.01000001 0.01       0.01580714 0.28607289 0.22590242 0.23793945
 0.01       0.01       0.1995768  0.21920282 0.26720422 1.72450303] 1.0475217639113
[0.01       0.01000001 0.01580714 0.28607289 0.22590242 0.23793945
 0.01       0.01       0.1995768  0.21920282 0.26720422 1.72450303]
[0.01       0.01000001 0.01580714 0.28607289 0.22590242 0.23793945
 0.01       0.01       0.1995768  0.21920282 0.26720422 1.72450303] 1.047521902528217
[0.01       0.01       0.01580715 0.28607289 0.22590242 0.23793945
 0.01       0.01       0.1995768  0.21920282 0.26720422 1.72450303]
[0.01       0.01       0.01580715 0.28607289 0.22590242 0.23793945
 0.01       0.01       0.1995768  0.21920282 0.26720422 1.72450303] 1.0475219390916921
[0.01       0.01       0.01580714 0.2860729  0.22590242 0.23793945
 0.01       0.01       0.1995768  0.21920282 0.26720422 1.72450303]
[0.01       0.01       0.01580714 0.2860729  0.22590242 0.23793945
 0.01       0.01       0.1995768  0.21920282 0.26720422 1.72450303] 1.0475218616333102
[0.01       0.01       0.01580714 0.28607289 0.22590243 0.23793945
 0.01       0.01       0.1995768  0.21920282 0.26720422 1.72450303]
[0.01       0.01       0.01580714 0.28607289 0.22590243 0.23793945
 0.01       0.01       0.1995768  0.21920282 0.26720422 1.72450303] 1.0475218055830848
[0.01       0.01       0.01580714 0.28607289 0.22590242 0.23793946
 0.01       0.01       0.1995768  0.21920282 0.26720422 1.72450303]
[0.01       0.01       0.01580714 0.28607289 0.22590242 0.23793946
 0.01       0.01       0.1995768  0.21920282 0.26720422 1.72450303] 1.0475217370603531
[0.01       0.01       0.01580714 0.28607289 0.22590242 0.23793945
 0.01000001 0.01       0.1995768  0.21920282 0.26720422 1.72450303]
[0.01       0.01       0.01580714 0.28607289 0.22590242 0.23793945
 0.01000001 0.01       0.1995768  0.21920282 0.26720422 1.72450303] 1.0475217316270964
[0.01       0.01       0.01580714 0.28607289 0.22590242 0.23793945
 0.01       0.01000001 0.1995768  0.21920282 0.26720422 1.72450303]
[0.01       0.01       0.01580714 0.28607289 0.22590242 0.23793945
 0.01       0.01000001 0.1995768  0.21920282 0.26720422 1.72450303] 1.0475219264182178
[0.01       0.01       0.01580714 0.28607289 0.22590242 0.23793945
 0.01       0.01       0.19957681 0.21920282 0.26720422 1.72450303]
[0.01       0.01       0.01580714 0.28607289 0.22590242 0.23793945
 0.01       0.01       0.19957681 0.21920282 0.26720422 1.72450303] 1.0475216708934016
[0.01       0.01       0.01580714 0.28607289 0.22590242 0.23793945
 0.01       0.01       0.1995768  0.21920283 0.26720422 1.72450303]
[0.01       0.01       0.01580714 0.28607289 0.22590242 0.23793945
 0.01       0.01       0.1995768  0.21920283 0.26720422 1.72450303] 1.0475218708414045
[0.01       0.01       0.01580714 0.28607289 0.22590242 0.23793945
 0.01       0.01       0.1995768  0.21920282 0.26720423 1.72450303]
[0.01       0.01       0.01580714 0.28607289 0.22590242 0.23793945
 0.01       0.01       0.1995768  0.21920282 0.26720423 1.72450303] 1.0475219322757505
[0.01       0.01       0.01580714 0.28607289 0.22590242 0.23793945
 0.01       0.01       0.1995768  0.21920282 0.26720422 1.72450304]
[0.01       0.01       0.01580714 0.28607289 0.22590242 0.23793945
 0.01       0.01       0.1995768  0.21920282 0.26720422 1.72450304] 1.0475216816205761
[1.00000000e-02 7.33235494e+00 1.09945096e+01 3.51893716e+00
 1.00000000e-02 1.00000000e-02 1.00000000e-02 9.72135503e+00
 1.00000000e-02 4.37287651e+00 1.05643125e+01 1.00000000e-02]
[1.00000000e-02 7.33235494e+00 1.09945096e+01 3.51893716e+00
 1.00000000e-02 1.00000000e-02 1.00000000e-02 9.72135503e+00
 1.00000000e-02 4.37287651e+00 1.05643125e+01 1.00000000e-02] 1.0238642898936963
[1.00000100e-02 7.33235494e+00 1.09945096e+01 3.51893716e+00
 1.00000000e-02 1.00000000e-02 1.00000000e-02 9.72135503e+00
 1.00000000e-02 4.37287651e+00 1.05643125e+01 1.00000000e-02]
[1.00000100e-02 7.33235494e+00 1.09945096e+01 3.51893716e+00
 1.00000000e-02 1.00000000e-02 1.00000000e-02 9.72135503e+00
 1.00000000e-02 4.37287651e+00 1.05643125e+01 1.00000000e-02] 1.0238616713110544
[1.00000000e-02 7.33235495e+00 1.09945096e+01 3.51893716e+00
 1.00000000e-02 1.00000000e-02 1.00000000e-02 9.72135503e+00
 1.00000000e-02 4.37287651e+00 1.05643125e+01 1.00000000e-02]
[1.00000000e-02 7.33235495e+00 1.09945096e+01 3.51893716e+00
 1.00000000e-02 1.00000000e-02 1.00000000e-02 9.72135503e+00
 1.00000000e-02 4.37287651e+00 1.05643125e+01 1.00000000e-02] 1.0238616588731644
[1.00000000e-02 7.33235494e+00 1.09945096e+01 3.51893716e+00
 1.00000000e-02 1.00000000e-02 1.00000000e-02 9.72135503e+00
 1.00000000e-02 4.37287651e+00 1.05643125e+01 1.00000000e-02]
[1.00000000e-02 7.33235494e+00 1.09945096e+01 3.51893716e+00
 1.00000000e-02 1.00000000e-02 1.00000000e-02 9.72135503e+00
 1.00000000e-02 4.37287651e+00 1.05643125e+01 1.00000000e-02] 1.0238627348902554
[1.00000000e-02 7.33235494e+00 1.09945096e+01 3.51893717e+00
 1.00000000e-02 1.00000000e-02 1.00000000e-02 9.72135503e+00
 1.00000000e-02 4.37287651e+00 1.05643125e+01 1.00000000e-02]
[1.00000000e-02 7.33235494e+00 1.09945096e+01 3.51893717e+00
 1.00000000e-02 1.00000000e-02 1.00000000e-02 9.72135503e+00
 1.00000000e-02 4.37287651e+00 1.05643125e+01 1.00000000e-02] 1.0238643951367132
[1.00000000e-02 7.33235494e+00 1.09945096e+01 3.51893716e+00
 1.00000100e-02 1.00000000e-02 1.00000000e-02 9.72135503e+00
 1.00000000e-02 4.37287651e+00 1.05643125e+01 1.00000000e-02]
[1.00000000e-02 7.33235494e+00 1.09945096e+01 3.51893716e+00
 1.00000100e-02 1.00000000e-02 1.00000000e-02 9.72135503e+00
 1.00000000e-02 4.37287651e+00 1.05643125e+01 1.00000000e-02] 1.0238629195851499
[1.00000000e-02 7.33235494e+00 1.09945096e+01 3.51893716e+00
 1.00000000e-02 1.00000100e-02 1.00000000e-02 9.72135503e+00
 1.00000000e-02 4.37287651e+00 1.05643125e+01 1.00000000e-02]
[1.00000000e-02 7.33235494e+00 1.09945096e+01 3.51893716e+00
 1.00000000e-02 1.00000100e-02 1.00000000e-02 9.72135503e+00
 1.00000000e-02 4.37287651e+00 1.05643125e+01 1.00000000e-02] 1.0238620203472322
[1.00000000e-02 7.33235494e+00 1.09945096e+01 3.51893716e+00
 1.00000000e-02 1.00000000e-02 1.00000100e-02 9.72135503e+00
 1.00000000e-02 4.37287651e+00 1.05643125e+01 1.00000000e-02]
[1.00000000e-02 7.33235494e+00 1.09945096e+01 3.51893716e+00
 1.00000000e-02 1.00000000e-02 1.00000100e-02 9.72135503e+00
 1.00000000e-02 4.37287651e+00 1.05643125e+01 1.00000000e-02] 1.023863111665905
[1.00000000e-02 7.33235494e+00 1.09945096e+01 3.51893716e+00
 1.00000000e-02 1.00000000e-02 1.00000000e-02 9.72135504e+00
 1.00000000e-02 4.37287651e+00 1.05643125e+01 1.00000000e-02]
[1.00000000e-02 7.33235494e+00 1.09945096e+01 3.51893716e+00
 1.00000000e-02 1.00000000e-02 1.00000000e-02 9.72135504e+00
 1.00000000e-02 4.37287651e+00 1.05643125e+01 1.00000000e-02] 1.0238638638067084
[1.00000000e-02 7.33235494e+00 1.09945096e+01 3.51893716e+00
 1.00000000e-02 1.00000000e-02 1.00000000e-02 9.72135503e+00
 1.00000100e-02 4.37287651e+00 1.05643125e+01 1.00000000e-02]
[1.00000000e-02 7.33235494e+00 1.09945096e+01 3.51893716e+00
 1.00000000e-02 1.00000000e-02 1.00000000e-02 9.72135503e+00
 1.00000100e-02 4.37287651e+00 1.05643125e+01 1.00000000e-02] 1.0238610871991103
[1.00000000e-02 7.33235494e+00 1.09945096e+01 3.51893716e+00
 1.00000000e-02 1.00000000e-02 1.00000000e-02 9.72135503e+00
 1.00000000e-02 4.37287652e+00 1.05643125e+01 1.00000000e-02]
[1.00000000e-02 7.33235494e+00 1.09945096e+01 3.51893716e+00
 1.00000000e-02 1.00000000e-02 1.00000000e-02 9.72135503e+00
 1.00000000e-02 4.37287652e+00 1.05643125e+01 1.00000000e-02] 1.0238627887232474
[1.00000000e-02 7.33235494e+00 1.09945096e+01 3.51893716e+00
 1.00000000e-02 1.00000000e-02 1.00000000e-02 9.72135503e+00
 1.00000000e-02 4.37287651e+00 1.05643125e+01 1.00000000e-02]
[1.00000000e-02 7.33235494e+00 1.09945096e+01 3.51893716e+00
 1.00000000e-02 1.00000000e-02 1.00000000e-02 9.72135503e+00
 1.00000000e-02 4.37287651e+00 1.05643125e+01 1.00000000e-02] 1.0238627623468475
[1.00000000e-02 7.33235494e+00 1.09945096e+01 3.51893716e+00
 1.00000000e-02 1.00000000e-02 1.00000000e-02 9.72135503e+00
 1.00000000e-02 4.37287651e+00 1.05643125e+01 1.00000100e-02]
[1.00000000e-02 7.33235494e+00 1.09945096e+01 3.51893716e+00
 1.00000000e-02 1.00000000e-02 1.00000000e-02 9.72135503e+00
 1.00000000e-02 4.37287651e+00 1.05643125e+01 1.00000100e-02] 1.0238616003767969
[0.01       4.23325302 6.34790094 2.1506648  0.1013782  0.10647273
 0.01       5.61113649 0.09023619 2.61488223 6.2061807  0.73564355]
[0.01       4.23325302 6.34790094 2.1506648  0.1013782  0.10647273
 0.01       5.61113649 0.09023619 2.61488223 6.2061807  0.73564355] 1.0259730643400098
[0.01000001 4.23325302 6.34790094 2.1506648  0.1013782  0.10647273
 0.01       5.61113649 0.09023619 2.61488223 6.2061807  0.73564355]
[0.01000001 4.23325302 6.34790094 2.1506648  0.1013782  0.10647273
 0.01       5.61113649 0.09023619 2.61488223 6.2061807  0.73564355] 1.0259718868934107
[0.01       4.23325303 6.34790094 2.1506648  0.1013782  0.10647273
 0.01       5.61113649 0.09023619 2.61488223 6.2061807  0.73564355]
[0.01       4.23325303 6.34790094 2.1506648  0.1013782  0.10647273
 0.01       5.61113649 0.09023619 2.61488223 6.2061807  0.73564355] 1.0259714019188673
[0.01       4.23325302 6.34790095 2.1506648  0.1013782  0.10647273
 0.01       5.61113649 0.09023619 2.61488223 6.2061807  0.73564355]
[0.01       4.23325302 6.34790095 2.1506648  0.1013782  0.10647273
 0.01       5.61113649 0.09023619 2.61488223 6.2061807  0.73564355] 1.0259721865719706
[0.01       4.23325302 6.34790094 2.15066481 0.1013782  0.10647273
 0.01       5.61113649 0.09023619 2.61488223 6.2061807  0.73564355]
[0.01       4.23325302 6.34790094 2.15066481 0.1013782  0.10647273
 0.01       5.61113649 0.09023619 2.61488223 6.2061807  0.73564355] 1.02597289126926
[0.01       4.23325302 6.34790094 2.1506648  0.10137821 0.10647273
 0.01       5.61113649 0.09023619 2.61488223 6.2061807  0.73564355]
[0.01       4.23325302 6.34790094 2.1506648  0.10137821 0.10647273
 0.01       5.61113649 0.09023619 2.61488223 6.2061807  0.73564355] 1.0259729317838
[0.01       4.23325302 6.34790094 2.1506648  0.1013782  0.10647274
 0.01       5.61113649 0.09023619 2.61488223 6.2061807  0.73564355]
[0.01       4.23325302 6.34790094 2.1506648  0.1013782  0.10647274
 0.01       5.61113649 0.09023619 2.61488223 6.2061807  0.73564355] 1.0259743694599577
[0.01       4.23325302 6.34790094 2.1506648  0.1013782  0.10647273
 0.01000001 5.61113649 0.09023619 2.61488223 6.2061807  0.73564355]
[0.01       4.23325302 6.34790094 2.1506648  0.1013782  0.10647273
 0.01000001 5.61113649 0.09023619 2.61488223 6.2061807  0.73564355] 1.0259746439587298
[0.01       4.23325302 6.34790094 2.1506648  0.1013782  0.10647273
 0.01       5.6111365  0.09023619 2.61488223 6.2061807  0.73564355]
[0.01       4.23325302 6.34790094 2.1506648  0.1013782  0.10647273
 0.01       5.6111365  0.09023619 2.61488223 6.2061807  0.73564355] 1.0259720979623932
[0.01       4.23325302 6.34790094 2.1506648  0.1013782  0.10647273
 0.01       5.61113649 0.0902362  2.61488223 6.2061807  0.73564355]
[0.01       4.23325302 6.34790094 2.1506648  0.1013782  0.10647273
 0.01       5.61113649 0.0902362  2.61488223 6.2061807  0.73564355] 1.0259728803216392
[0.01       4.23325302 6.34790094 2.1506648  0.1013782  0.10647273
 0.01       5.61113649 0.09023619 2.61488224 6.2061807  0.73564355]
[0.01       4.23325302 6.34790094 2.1506648  0.1013782  0.10647273
 0.01       5.61113649 0.09023619 2.61488224 6.2061807  0.73564355] 1.0259714656180399
[0.01       4.23325302 6.34790094 2.1506648  0.1013782  0.10647273
 0.01       5.61113649 0.09023619 2.61488223 6.20618071 0.73564355]
[0.01       4.23325302 6.34790094 2.1506648  0.1013782  0.10647273
 0.01       5.61113649 0.09023619 2.61488223 6.20618071 0.73564355] 1.0259731877076879
[0.01       4.23325302 6.34790094 2.1506648  0.1013782  0.10647273
 0.01       5.61113649 0.09023619 2.61488223 6.2061807  0.73564356]
[0.01       4.23325302 6.34790094 2.1506648  0.1013782  0.10647273
 0.01       5.61113649 0.09023619 2.61488223 6.2061807  0.73564356] 1.0259710974056444
[0.01       2.4272821  3.64013581 1.35331765 0.15462794 0.16269126
 0.01       3.21594739 0.13699303 1.59042849 3.66652259 1.15850514]
[0.01       2.4272821  3.64013581 1.35331765 0.15462794 0.16269126
 0.01       3.21594739 0.13699303 1.59042849 3.66652259 1.15850514] 1.0263690291563374
[0.01000001 2.4272821  3.64013581 1.35331765 0.15462794 0.16269126
 0.01       3.21594739 0.13699303 1.59042849 3.66652259 1.15850514]
[0.01000001 2.4272821  3.64013581 1.35331765 0.15462794 0.16269126
 0.01       3.21594739 0.13699303 1.59042849 3.66652259 1.15850514] 1.026368038555288
[0.01       2.42728211 3.64013581 1.35331765 0.15462794 0.16269126
 0.01       3.21594739 0.13699303 1.59042849 3.66652259 1.15850514]
[0.01       2.42728211 3.64013581 1.35331765 0.15462794 0.16269126
 0.01       3.21594739 0.13699303 1.59042849 3.66652259 1.15850514] 1.0263678793622844
[0.01       2.4272821  3.64013582 1.35331765 0.15462794 0.16269126
 0.01       3.21594739 0.13699303 1.59042849 3.66652259 1.15850514]
[0.01       2.4272821  3.64013582 1.35331765 0.15462794 0.16269126
 0.01       3.21594739 0.13699303 1.59042849 3.66652259 1.15850514] 1.02636914581155
[0.01       2.4272821  3.64013581 1.35331766 0.15462794 0.16269126
 0.01       3.21594739 0.13699303 1.59042849 3.66652259 1.15850514]
[0.01       2.4272821  3.64013581 1.35331766 0.15462794 0.16269126
 0.01       3.21594739 0.13699303 1.59042849 3.66652259 1.15850514] 1.026368284051136
[0.01       2.4272821  3.64013581 1.35331765 0.15462795 0.16269126
 0.01       3.21594739 0.13699303 1.59042849 3.66652259 1.15850514]
[0.01       2.4272821  3.64013581 1.35331765 0.15462795 0.16269126
 0.01       3.21594739 0.13699303 1.59042849 3.66652259 1.15850514] 1.0263684936366309
[0.01       2.4272821  3.64013581 1.35331765 0.15462794 0.16269127
 0.01       3.21594739 0.13699303 1.59042849 3.66652259 1.15850514]
[0.01       2.4272821  3.64013581 1.35331765 0.15462794 0.16269127
 0.01       3.21594739 0.13699303 1.59042849 3.66652259 1.15850514] 1.0263674674364456
[0.01       2.4272821  3.64013581 1.35331765 0.15462794 0.16269126
 0.01000001 3.21594739 0.13699303 1.59042849 3.66652259 1.15850514]
[0.01       2.4272821  3.64013581 1.35331765 0.15462794 0.16269126
 0.01000001 3.21594739 0.13699303 1.59042849 3.66652259 1.15850514] 1.0263675883704098
[0.01       2.4272821  3.64013581 1.35331765 0.15462794 0.16269126
 0.01       3.2159474  0.13699303 1.59042849 3.66652259 1.15850514]
[0.01       2.4272821  3.64013581 1.35331765 0.15462794 0.16269126
 0.01       3.2159474  0.13699303 1.59042849 3.66652259 1.15850514] 1.0263704208284365
[0.01       2.4272821  3.64013581 1.35331765 0.15462794 0.16269126
 0.01       3.21594739 0.13699304 1.59042849 3.66652259 1.15850514]
[0.01       2.4272821  3.64013581 1.35331765 0.15462794 0.16269126
 0.01       3.21594739 0.13699304 1.59042849 3.66652259 1.15850514] 1.0263675550886242
[0.01       2.4272821  3.64013581 1.35331765 0.15462794 0.16269126
 0.01       3.21594739 0.13699303 1.5904285  3.66652259 1.15850514]
[0.01       2.4272821  3.64013581 1.35331765 0.15462794 0.16269126
 0.01       3.21594739 0.13699303 1.5904285  3.66652259 1.15850514] 1.0263678124062017
[0.01       2.4272821  3.64013581 1.35331765 0.15462794 0.16269126
 0.01       3.21594739 0.13699303 1.59042849 3.6665226  1.15850514]
[0.01       2.4272821  3.64013581 1.35331765 0.15462794 0.16269126
 0.01       3.21594739 0.13699303 1.59042849 3.6665226  1.15850514] 1.0263688634435304
[0.01       2.4272821  3.64013581 1.35331765 0.15462794 0.16269126
 0.01       3.21594739 0.13699303 1.59042849 3.66652259 1.15850515]
[0.01       2.4272821  3.64013581 1.35331765 0.15462794 0.16269126
 0.01       3.21594739 0.13699303 1.59042849 3.66652259 1.15850515] 1.0263672490185518
[0.01       0.72750771 1.09159542 0.60285691 0.20474643 0.21560397
 0.01       0.96160261 0.18100043 0.62621571 1.27620401 1.55650119]
[0.01       0.72750771 1.09159542 0.60285691 0.20474643 0.21560397
 0.01       0.96160261 0.18100043 0.62621571 1.27620401 1.55650119] 1.026452252101012
[0.01000001 0.72750771 1.09159542 0.60285691 0.20474643 0.21560397
 0.01       0.96160261 0.18100043 0.62621571 1.27620401 1.55650119]
[0.01000001 0.72750771 1.09159542 0.60285691 0.20474643 0.21560397
 0.01       0.96160261 0.18100043 0.62621571 1.27620401 1.55650119] 1.0264523597051576
[0.01       0.72750772 1.09159542 0.60285691 0.20474643 0.21560397
 0.01       0.96160261 0.18100043 0.62621571 1.27620401 1.55650119]
[0.01       0.72750772 1.09159542 0.60285691 0.20474643 0.21560397
 0.01       0.96160261 0.18100043 0.62621571 1.27620401 1.55650119] 1.026452079504259
[0.01       0.72750771 1.09159543 0.60285691 0.20474643 0.21560397
 0.01       0.96160261 0.18100043 0.62621571 1.27620401 1.55650119]
[0.01       0.72750771 1.09159543 0.60285691 0.20474643 0.21560397
 0.01       0.96160261 0.18100043 0.62621571 1.27620401 1.55650119] 1.0264522166600927
[0.01       0.72750771 1.09159542 0.60285692 0.20474643 0.21560397
 0.01       0.96160261 0.18100043 0.62621571 1.27620401 1.55650119]
[0.01       0.72750771 1.09159542 0.60285692 0.20474643 0.21560397
 0.01       0.96160261 0.18100043 0.62621571 1.27620401 1.55650119] 1.0264525773092852
[0.01       0.72750771 1.09159542 0.60285691 0.20474644 0.21560397
 0.01       0.96160261 0.18100043 0.62621571 1.27620401 1.55650119]
[0.01       0.72750771 1.09159542 0.60285691 0.20474644 0.21560397
 0.01       0.96160261 0.18100043 0.62621571 1.27620401 1.55650119] 1.0264526064800388
[0.01       0.72750771 1.09159542 0.60285691 0.20474643 0.21560398
 0.01       0.96160261 0.18100043 0.62621571 1.27620401 1.55650119]
[0.01       0.72750771 1.09159542 0.60285691 0.20474643 0.21560398
 0.01       0.96160261 0.18100043 0.62621571 1.27620401 1.55650119] 1.026451865489793
[0.01       0.72750771 1.09159542 0.60285691 0.20474643 0.21560397
 0.01000001 0.96160261 0.18100043 0.62621571 1.27620401 1.55650119]
[0.01       0.72750771 1.09159542 0.60285691 0.20474643 0.21560397
 0.01000001 0.96160261 0.18100043 0.62621571 1.27620401 1.55650119] 1.0264519829996706
[0.01       0.72750771 1.09159542 0.60285691 0.20474643 0.21560397
 0.01       0.96160262 0.18100043 0.62621571 1.27620401 1.55650119]
[0.01       0.72750771 1.09159542 0.60285691 0.20474643 0.21560397
 0.01       0.96160262 0.18100043 0.62621571 1.27620401 1.55650119] 1.0264527765559441
[0.01       0.72750771 1.09159542 0.60285691 0.20474643 0.21560397
 0.01       0.96160261 0.18100044 0.62621571 1.27620401 1.55650119]
[0.01       0.72750771 1.09159542 0.60285691 0.20474643 0.21560397
 0.01       0.96160261 0.18100044 0.62621571 1.27620401 1.55650119] 1.026453251667885
[0.01       0.72750771 1.09159542 0.60285691 0.20474643 0.21560397
 0.01       0.96160261 0.18100043 0.62621572 1.27620401 1.55650119]
[0.01       0.72750771 1.09159542 0.60285691 0.20474643 0.21560397
 0.01       0.96160261 0.18100043 0.62621572 1.27620401 1.55650119] 1.0264513288737096
[0.01       0.72750771 1.09159542 0.60285691 0.20474643 0.21560397
 0.01       0.96160261 0.18100043 0.62621571 1.27620402 1.55650119]
[0.01       0.72750771 1.09159542 0.60285691 0.20474643 0.21560397
 0.01       0.96160261 0.18100043 0.62621571 1.27620402 1.55650119] 1.0264503346346217
[0.01       0.72750771 1.09159542 0.60285691 0.20474643 0.21560397
 0.01       0.96160261 0.18100043 0.62621571 1.27620401 1.5565012 ]
[0.01       0.72750771 1.09159542 0.60285691 0.20474643 0.21560397
 0.01       0.96160261 0.18100043 0.62621571 1.27620401 1.5565012 ] 1.026453029319455
[0.01       0.41528498 0.62346727 0.46500868 0.21395244 0.22532323
 0.01       0.54751373 0.18908392 0.44910448 0.83713881 1.62960701]
[0.01       0.41528498 0.62346727 0.46500868 0.21395244 0.22532323
 0.01       0.54751373 0.18908392 0.44910448 0.83713881 1.62960701] 1.0264931474240813
[0.01000001 0.41528498 0.62346727 0.46500868 0.21395244 0.22532323
 0.01       0.54751373 0.18908392 0.44910448 0.83713881 1.62960701]
[0.01000001 0.41528498 0.62346727 0.46500868 0.21395244 0.22532323
 0.01       0.54751373 0.18908392 0.44910448 0.83713881 1.62960701] 1.0264927252828526
[0.01       0.41528499 0.62346727 0.46500868 0.21395244 0.22532323
 0.01       0.54751373 0.18908392 0.44910448 0.83713881 1.62960701]
[0.01       0.41528499 0.62346727 0.46500868 0.21395244 0.22532323
 0.01       0.54751373 0.18908392 0.44910448 0.83713881 1.62960701] 1.0264920810327474
[0.01       0.41528498 0.62346728 0.46500868 0.21395244 0.22532323
 0.01       0.54751373 0.18908392 0.44910448 0.83713881 1.62960701]
[0.01       0.41528498 0.62346728 0.46500868 0.21395244 0.22532323
 0.01       0.54751373 0.18908392 0.44910448 0.83713881 1.62960701] 1.0264922672357508
[0.01       0.41528498 0.62346727 0.46500869 0.21395244 0.22532323
 0.01       0.54751373 0.18908392 0.44910448 0.83713881 1.62960701]
[0.01       0.41528498 0.62346727 0.46500869 0.21395244 0.22532323
 0.01       0.54751373 0.18908392 0.44910448 0.83713881 1.62960701] 1.0264927626615392
[0.01       0.41528498 0.62346727 0.46500868 0.21395245 0.22532323
 0.01       0.54751373 0.18908392 0.44910448 0.83713881 1.62960701]
[0.01       0.41528498 0.62346727 0.46500868 0.21395245 0.22532323
 0.01       0.54751373 0.18908392 0.44910448 0.83713881 1.62960701] 1.0264920322540778
[0.01       0.41528498 0.62346727 0.46500868 0.21395244 0.22532324
 0.01       0.54751373 0.18908392 0.44910448 0.83713881 1.62960701]
[0.01       0.41528498 0.62346727 0.46500868 0.21395244 0.22532324
 0.01       0.54751373 0.18908392 0.44910448 0.83713881 1.62960701] 1.0264923805692545
[0.01       0.41528498 0.62346727 0.46500868 0.21395244 0.22532323
 0.01000001 0.54751373 0.18908392 0.44910448 0.83713881 1.62960701]
[0.01       0.41528498 0.62346727 0.46500868 0.21395244 0.22532323
 0.01000001 0.54751373 0.18908392 0.44910448 0.83713881 1.62960701] 1.026492394284611
[0.01       0.41528498 0.62346727 0.46500868 0.21395244 0.22532323
 0.01       0.54751374 0.18908392 0.44910448 0.83713881 1.62960701]
[0.01       0.41528498 0.62346727 0.46500868 0.21395244 0.22532323
 0.01       0.54751374 0.18908392 0.44910448 0.83713881 1.62960701] 1.0264933809382615
[0.01       0.41528498 0.62346727 0.46500868 0.21395244 0.22532323
 0.01       0.54751373 0.18908393 0.44910448 0.83713881 1.62960701]
[0.01       0.41528498 0.62346727 0.46500868 0.21395244 0.22532323
 0.01       0.54751373 0.18908393 0.44910448 0.83713881 1.62960701] 1.0264925546373744
[0.01       0.41528498 0.62346727 0.46500868 0.21395244 0.22532323
 0.01       0.54751373 0.18908392 0.44910449 0.83713881 1.62960701]
[0.01       0.41528498 0.62346727 0.46500868 0.21395244 0.22532323
 0.01       0.54751373 0.18908392 0.44910449 0.83713881 1.62960701] 1.0264919447194363
[0.01       0.41528498 0.62346727 0.46500868 0.21395244 0.22532323
 0.01       0.54751373 0.18908392 0.44910448 0.83713882 1.62960701]
[0.01       0.41528498 0.62346727 0.46500868 0.21395244 0.22532323
 0.01       0.54751373 0.18908392 0.44910448 0.83713882 1.62960701] 1.02649213955133
[0.01       0.41528498 0.62346727 0.46500868 0.21395244 0.22532323
 0.01       0.54751373 0.18908392 0.44910448 0.83713881 1.62960702]
[0.01       0.41528498 0.62346727 0.46500868 0.21395244 0.22532323
 0.01       0.54751373 0.18908392 0.44910448 0.83713881 1.62960702] 1.0264931124793761
[0.01       0.24147692 0.36286984 0.38827136 0.21907723 0.23073375
 0.01       0.31699886 0.19358383 0.35051025 0.59272012 1.67030354]
[0.01       0.24147692 0.36286984 0.38827136 0.21907723 0.23073375
 0.01       0.31699886 0.19358383 0.35051025 0.59272012 1.67030354] 1.026788169160844
[0.01000001 0.24147692 0.36286984 0.38827136 0.21907723 0.23073375
 0.01       0.31699886 0.19358383 0.35051025 0.59272012 1.67030354]
[0.01000001 0.24147692 0.36286984 0.38827136 0.21907723 0.23073375
 0.01       0.31699886 0.19358383 0.35051025 0.59272012 1.67030354] 1.0267878958833279
[0.01       0.24147693 0.36286984 0.38827136 0.21907723 0.23073375
 0.01       0.31699886 0.19358383 0.35051025 0.59272012 1.67030354]
[0.01       0.24147693 0.36286984 0.38827136 0.21907723 0.23073375
 0.01       0.31699886 0.19358383 0.35051025 0.59272012 1.67030354] 1.0267877356460047
[0.01       0.24147692 0.36286985 0.38827136 0.21907723 0.23073375
 0.01       0.31699886 0.19358383 0.35051025 0.59272012 1.67030354]
[0.01       0.24147692 0.36286985 0.38827136 0.21907723 0.23073375
 0.01       0.31699886 0.19358383 0.35051025 0.59272012 1.67030354] 1.0267878052635755
[0.01       0.24147692 0.36286984 0.38827137 0.21907723 0.23073375
 0.01       0.31699886 0.19358383 0.35051025 0.59272012 1.67030354]
[0.01       0.24147692 0.36286984 0.38827137 0.21907723 0.23073375
 0.01       0.31699886 0.19358383 0.35051025 0.59272012 1.67030354] 1.0267879828256339
[0.01       0.24147692 0.36286984 0.38827136 0.21907724 0.23073375
 0.01       0.31699886 0.19358383 0.35051025 0.59272012 1.67030354]
[0.01       0.24147692 0.36286984 0.38827136 0.21907724 0.23073375
 0.01       0.31699886 0.19358383 0.35051025 0.59272012 1.67030354] 1.0267882000503497
[0.01       0.24147692 0.36286984 0.38827136 0.21907723 0.23073376
 0.01       0.31699886 0.19358383 0.35051025 0.59272012 1.67030354]
[0.01       0.24147692 0.36286984 0.38827136 0.21907723 0.23073376
 0.01       0.31699886 0.19358383 0.35051025 0.59272012 1.67030354] 1.0267878462517641
[0.01       0.24147692 0.36286984 0.38827136 0.21907723 0.23073375
 0.01000001 0.31699886 0.19358383 0.35051025 0.59272012 1.67030354]
[0.01       0.24147692 0.36286984 0.38827136 0.21907723 0.23073375
 0.01000001 0.31699886 0.19358383 0.35051025 0.59272012 1.67030354] 1.0267877469106534
[0.01       0.24147692 0.36286984 0.38827136 0.21907723 0.23073375
 0.01       0.31699887 0.19358383 0.35051025 0.59272012 1.67030354]
[0.01       0.24147692 0.36286984 0.38827136 0.21907723 0.23073375
 0.01       0.31699887 0.19358383 0.35051025 0.59272012 1.67030354] 1.0267880099158369
[0.01       0.24147692 0.36286984 0.38827136 0.21907723 0.23073375
 0.01       0.31699886 0.19358384 0.35051025 0.59272012 1.67030354]
[0.01       0.24147692 0.36286984 0.38827136 0.21907723 0.23073375
 0.01       0.31699886 0.19358384 0.35051025 0.59272012 1.67030354] 1.0267880547692547
[0.01       0.24147692 0.36286984 0.38827136 0.21907723 0.23073375
 0.01       0.31699886 0.19358383 0.35051026 0.59272012 1.67030354]
[0.01       0.24147692 0.36286984 0.38827136 0.21907723 0.23073375
 0.01       0.31699886 0.19358383 0.35051026 0.59272012 1.67030354] 1.0267880417391395
[0.01       0.24147692 0.36286984 0.38827136 0.21907723 0.23073375
 0.01       0.31699886 0.19358383 0.35051025 0.59272013 1.67030354]
[0.01       0.24147692 0.36286984 0.38827136 0.21907723 0.23073375
 0.01       0.31699886 0.19358383 0.35051025 0.59272013 1.67030354] 1.0267879262325383
[0.01       0.24147692 0.36286984 0.38827136 0.21907723 0.23073375
 0.01       0.31699886 0.19358383 0.35051025 0.59272012 1.67030355]
[0.01       0.24147692 0.36286984 0.38827136 0.21907723 0.23073375
 0.01       0.31699886 0.19358383 0.35051025 0.59272012 1.67030355] 1.026788471390572
[0.01       0.13794001 0.20763277 0.34255919 0.22213006 0.23395678
 0.01       0.17968187 0.19626442 0.29177797 0.44712068 1.69454634]
[0.01       0.13794001 0.20763277 0.34255919 0.22213006 0.23395678
 0.01       0.17968187 0.19626442 0.29177797 0.44712068 1.69454634] 1.0277934749066833
[0.01000001 0.13794001 0.20763277 0.34255919 0.22213006 0.23395678
 0.01       0.17968187 0.19626442 0.29177797 0.44712068 1.69454634]
[0.01000001 0.13794001 0.20763277 0.34255919 0.22213006 0.23395678
 0.01       0.17968187 0.19626442 0.29177797 0.44712068 1.69454634] 1.0277933545728568
[0.01       0.13794002 0.20763277 0.34255919 0.22213006 0.23395678
 0.01       0.17968187 0.19626442 0.29177797 0.44712068 1.69454634]
[0.01       0.13794002 0.20763277 0.34255919 0.22213006 0.23395678
 0.01       0.17968187 0.19626442 0.29177797 0.44712068 1.69454634] 1.0277934172361547
[0.01       0.13794001 0.20763278 0.34255919 0.22213006 0.23395678
 0.01       0.17968187 0.19626442 0.29177797 0.44712068 1.69454634]
[0.01       0.13794001 0.20763278 0.34255919 0.22213006 0.23395678
 0.01       0.17968187 0.19626442 0.29177797 0.44712068 1.69454634] 1.0277934126429173
[0.01       0.13794001 0.20763277 0.3425592  0.22213006 0.23395678
 0.01       0.17968187 0.19626442 0.29177797 0.44712068 1.69454634]
[0.01       0.13794001 0.20763277 0.3425592  0.22213006 0.23395678
 0.01       0.17968187 0.19626442 0.29177797 0.44712068 1.69454634] 1.0277934138275522
[0.01       0.13794001 0.20763277 0.34255919 0.22213007 0.23395678
 0.01       0.17968187 0.19626442 0.29177797 0.44712068 1.69454634]
[0.01       0.13794001 0.20763277 0.34255919 0.22213007 0.23395678
 0.01       0.17968187 0.19626442 0.29177797 0.44712068 1.69454634] 1.0277934692972779
[0.01       0.13794001 0.20763277 0.34255919 0.22213006 0.23395679
 0.01       0.17968187 0.19626442 0.29177797 0.44712068 1.69454634]
[0.01       0.13794001 0.20763277 0.34255919 0.22213006 0.23395679
 0.01       0.17968187 0.19626442 0.29177797 0.44712068 1.69454634] 1.027793458017401
[0.01       0.13794001 0.20763277 0.34255919 0.22213006 0.23395678
 0.01000001 0.17968187 0.19626442 0.29177797 0.44712068 1.69454634]
[0.01       0.13794001 0.20763277 0.34255919 0.22213006 0.23395678
 0.01000001 0.17968187 0.19626442 0.29177797 0.44712068 1.69454634] 1.0277935269338088
[0.01       0.13794001 0.20763277 0.34255919 0.22213006 0.23395678
 0.01       0.17968188 0.19626442 0.29177797 0.44712068 1.69454634]
[0.01       0.13794001 0.20763277 0.34255919 0.22213006 0.23395678
 0.01       0.17968188 0.19626442 0.29177797 0.44712068 1.69454634] 1.027793485110064
[0.01       0.13794001 0.20763277 0.34255919 0.22213006 0.23395678
 0.01       0.17968187 0.19626443 0.29177797 0.44712068 1.69454634]
[0.01       0.13794001 0.20763277 0.34255919 0.22213006 0.23395678
 0.01       0.17968187 0.19626443 0.29177797 0.44712068 1.69454634] 1.0277936362119038
[0.01       0.13794001 0.20763277 0.34255919 0.22213006 0.23395678
 0.01       0.17968187 0.19626442 0.29177798 0.44712068 1.69454634]
[0.01       0.13794001 0.20763277 0.34255919 0.22213006 0.23395678
 0.01       0.17968187 0.19626442 0.29177798 0.44712068 1.69454634] 1.0277935055453165
[0.01       0.13794001 0.20763277 0.34255919 0.22213006 0.23395678
 0.01       0.17968187 0.19626442 0.29177797 0.44712069 1.69454634]
[0.01       0.13794001 0.20763277 0.34255919 0.22213006 0.23395678
 0.01       0.17968187 0.19626442 0.29177797 0.44712069 1.69454634] 1.0277934297604536
[0.01       0.13794001 0.20763277 0.34255919 0.22213006 0.23395678
 0.01       0.17968187 0.19626442 0.29177797 0.44712068 1.69454635]
[0.01       0.13794001 0.20763277 0.34255919 0.22213006 0.23395678
 0.01       0.17968187 0.19626442 0.29177797 0.44712068 1.69454635] 1.0277934314588293
[0.01       0.06019544 0.09106718 0.30823448 0.22442239 0.23637691
 0.01       0.07657226 0.19827723 0.24767664 0.33779187 1.71274995]
[0.01       0.06019544 0.09106718 0.30823448 0.22442239 0.23637691
 0.01       0.07657226 0.19827723 0.24767664 0.33779187 1.71274995] 1.0317328799166856
[0.01000001 0.06019544 0.09106718 0.30823448 0.22442239 0.23637691
 0.01       0.07657226 0.19827723 0.24767664 0.33779187 1.71274995]
[0.01000001 0.06019544 0.09106718 0.30823448 0.22442239 0.23637691
 0.01       0.07657226 0.19827723 0.24767664 0.33779187 1.71274995] 1.0317327997652788
[0.01       0.06019545 0.09106718 0.30823448 0.22442239 0.23637691
 0.01       0.07657226 0.19827723 0.24767664 0.33779187 1.71274995]
[0.01       0.06019545 0.09106718 0.30823448 0.22442239 0.23637691
 0.01       0.07657226 0.19827723 0.24767664 0.33779187 1.71274995] 1.0317327602574113
[0.01       0.06019544 0.09106719 0.30823448 0.22442239 0.23637691
 0.01       0.07657226 0.19827723 0.24767664 0.33779187 1.71274995]
[0.01       0.06019544 0.09106719 0.30823448 0.22442239 0.23637691
 0.01       0.07657226 0.19827723 0.24767664 0.33779187 1.71274995] 1.0317327783499
[0.01       0.06019544 0.09106718 0.30823449 0.22442239 0.23637691
 0.01       0.07657226 0.19827723 0.24767664 0.33779187 1.71274995]
[0.01       0.06019544 0.09106718 0.30823449 0.22442239 0.23637691
 0.01       0.07657226 0.19827723 0.24767664 0.33779187 1.71274995] 1.031732876249567
[0.01       0.06019544 0.09106718 0.30823448 0.2244224  0.23637691
 0.01       0.07657226 0.19827723 0.24767664 0.33779187 1.71274995]
[0.01       0.06019544 0.09106718 0.30823448 0.2244224  0.23637691
 0.01       0.07657226 0.19827723 0.24767664 0.33779187 1.71274995] 1.0317327209653233
[0.01       0.06019544 0.09106718 0.30823448 0.22442239 0.23637692
 0.01       0.07657226 0.19827723 0.24767664 0.33779187 1.71274995]
[0.01       0.06019544 0.09106718 0.30823448 0.22442239 0.23637692
 0.01       0.07657226 0.19827723 0.24767664 0.33779187 1.71274995] 1.0317328110076416
[0.01       0.06019544 0.09106718 0.30823448 0.22442239 0.23637691
 0.01000001 0.07657226 0.19827723 0.24767664 0.33779187 1.71274995]
[0.01       0.06019544 0.09106718 0.30823448 0.22442239 0.23637691
 0.01000001 0.07657226 0.19827723 0.24767664 0.33779187 1.71274995] 1.0317328299950357
[0.01       0.06019544 0.09106718 0.30823448 0.22442239 0.23637691
 0.01       0.07657227 0.19827723 0.24767664 0.33779187 1.71274995]
[0.01       0.06019544 0.09106718 0.30823448 0.22442239 0.23637691
 0.01       0.07657227 0.19827723 0.24767664 0.33779187 1.71274995] 1.0317327315800582
[0.01       0.06019544 0.09106718 0.30823448 0.22442239 0.23637691
 0.01       0.07657226 0.19827724 0.24767664 0.33779187 1.71274995]
[0.01       0.06019544 0.09106718 0.30823448 0.22442239 0.23637691
 0.01       0.07657226 0.19827724 0.24767664 0.33779187 1.71274995] 1.0317329371882324
[0.01       0.06019544 0.09106718 0.30823448 0.22442239 0.23637691
 0.01       0.07657226 0.19827723 0.24767665 0.33779187 1.71274995]
[0.01       0.06019544 0.09106718 0.30823448 0.22442239 0.23637691
 0.01       0.07657226 0.19827723 0.24767665 0.33779187 1.71274995] 1.0317328477259908
[0.01       0.06019544 0.09106718 0.30823448 0.22442239 0.23637691
 0.01       0.07657226 0.19827723 0.24767664 0.33779188 1.71274995]
[0.01       0.06019544 0.09106718 0.30823448 0.22442239 0.23637691
 0.01       0.07657226 0.19827723 0.24767664 0.33779188 1.71274995] 1.0317329080571105
[0.01       0.06019544 0.09106718 0.30823448 0.22442239 0.23637691
 0.01       0.07657226 0.19827723 0.24767664 0.33779187 1.71274996]
[0.01       0.06019544 0.09106718 0.30823448 0.22442239 0.23637691
 0.01       0.07657226 0.19827723 0.24767664 0.33779187 1.71274996] 1.0317328237344792
[0.01       0.03293438 0.05019359 0.29619856 0.22522619 0.23722552
 0.01       0.04041698 0.19898303 0.23221256 0.29945585 1.71913303]
[0.01       0.03293438 0.05019359 0.29619856 0.22522619 0.23722552
 0.01       0.04041698 0.19898303 0.23221256 0.29945585 1.71913303] 1.0367917258522727
[0.01000001 0.03293438 0.05019359 0.29619856 0.22522619 0.23722552
 0.01       0.04041698 0.19898303 0.23221256 0.29945585 1.71913303]
[0.01000001 0.03293438 0.05019359 0.29619856 0.22522619 0.23722552
 0.01       0.04041698 0.19898303 0.23221256 0.29945585 1.71913303] 1.0367917103416937
[0.01       0.03293439 0.05019359 0.29619856 0.22522619 0.23722552
 0.01       0.04041698 0.19898303 0.23221256 0.29945585 1.71913303]
[0.01       0.03293439 0.05019359 0.29619856 0.22522619 0.23722552
 0.01       0.04041698 0.19898303 0.23221256 0.29945585 1.71913303] 1.0367916753439352
[0.01       0.03293438 0.0501936  0.29619856 0.22522619 0.23722552
 0.01       0.04041698 0.19898303 0.23221256 0.29945585 1.71913303]
[0.01       0.03293438 0.0501936  0.29619856 0.22522619 0.23722552
 0.01       0.04041698 0.19898303 0.23221256 0.29945585 1.71913303] 1.03679176393733
[0.01       0.03293438 0.05019359 0.29619857 0.22522619 0.23722552
 0.01       0.04041698 0.19898303 0.23221256 0.29945585 1.71913303]
[0.01       0.03293438 0.05019359 0.29619857 0.22522619 0.23722552
 0.01       0.04041698 0.19898303 0.23221256 0.29945585 1.71913303] 1.0367915877473302
[0.01       0.03293438 0.05019359 0.29619856 0.2252262  0.23722552
 0.01       0.04041698 0.19898303 0.23221256 0.29945585 1.71913303]
[0.01       0.03293438 0.05019359 0.29619856 0.2252262  0.23722552
 0.01       0.04041698 0.19898303 0.23221256 0.29945585 1.71913303] 1.0367918239983724
[0.01       0.03293438 0.05019359 0.29619856 0.22522619 0.23722553
 0.01       0.04041698 0.19898303 0.23221256 0.29945585 1.71913303]
[0.01       0.03293438 0.05019359 0.29619856 0.22522619 0.23722553
 0.01       0.04041698 0.19898303 0.23221256 0.29945585 1.71913303] 1.036791797328681
[0.01       0.03293438 0.05019359 0.29619856 0.22522619 0.23722552
 0.01000001 0.04041698 0.19898303 0.23221256 0.29945585 1.71913303]
[0.01       0.03293438 0.05019359 0.29619856 0.22522619 0.23722552
 0.01000001 0.04041698 0.19898303 0.23221256 0.29945585 1.71913303] 1.036791880113125
[0.01       0.03293438 0.05019359 0.29619856 0.22522619 0.23722552
 0.01       0.04041699 0.19898303 0.23221256 0.29945585 1.71913303]
[0.01       0.03293438 0.05019359 0.29619856 0.22522619 0.23722552
 0.01       0.04041699 0.19898303 0.23221256 0.29945585 1.71913303] 1.0367916657938274
[0.01       0.03293438 0.05019359 0.29619856 0.22522619 0.23722552
 0.01       0.04041698 0.19898304 0.23221256 0.29945585 1.71913303]
[0.01       0.03293438 0.05019359 0.29619856 0.22522619 0.23722552
 0.01       0.04041698 0.19898304 0.23221256 0.29945585 1.71913303] 1.0367916488785534
[0.01       0.03293438 0.05019359 0.29619856 0.22522619 0.23722552
 0.01       0.04041698 0.19898303 0.23221257 0.29945585 1.71913303]
[0.01       0.03293438 0.05019359 0.29619856 0.22522619 0.23722552
 0.01       0.04041698 0.19898303 0.23221257 0.29945585 1.71913303] 1.0367917353317782
[0.01       0.03293438 0.05019359 0.29619856 0.22522619 0.23722552
 0.01       0.04041698 0.19898303 0.23221256 0.29945586 1.71913303]
[0.01       0.03293438 0.05019359 0.29619856 0.22522619 0.23722552
 0.01       0.04041698 0.19898303 0.23221256 0.29945586 1.71913303] 1.0367919064203726
[0.01       0.03293438 0.05019359 0.29619856 0.22522619 0.23722552
 0.01       0.04041698 0.19898303 0.23221256 0.29945585 1.71913304]
[0.01       0.03293438 0.05019359 0.29619856 0.22522619 0.23722552
 0.01       0.04041698 0.19898303 0.23221256 0.29945585 1.71913304] 1.036791734775829
[0.01       0.0168102  0.02601795 0.28907964 0.22570162 0.23772746
 0.01       0.01903211 0.19940048 0.22306597 0.27678111 1.72290845]
[0.01       0.0168102  0.02601795 0.28907964 0.22570162 0.23772746
 0.01       0.01903211 0.19940048 0.22306597 0.27678111 1.72290845] 1.0431519399857092
[0.01000001 0.0168102  0.02601795 0.28907964 0.22570162 0.23772746
 0.01       0.01903211 0.19940048 0.22306597 0.27678111 1.72290845]
[0.01000001 0.0168102  0.02601795 0.28907964 0.22570162 0.23772746
 0.01       0.01903211 0.19940048 0.22306597 0.27678111 1.72290845] 1.0431518667334445
[0.01       0.01681021 0.02601795 0.28907964 0.22570162 0.23772746
 0.01       0.01903211 0.19940048 0.22306597 0.27678111 1.72290845]
[0.01       0.01681021 0.02601795 0.28907964 0.22570162 0.23772746
 0.01       0.01903211 0.19940048 0.22306597 0.27678111 1.72290845] 1.043151720041101
[0.01       0.0168102  0.02601796 0.28907964 0.22570162 0.23772746
 0.01       0.01903211 0.19940048 0.22306597 0.27678111 1.72290845]
[0.01       0.0168102  0.02601796 0.28907964 0.22570162 0.23772746
 0.01       0.01903211 0.19940048 0.22306597 0.27678111 1.72290845] 1.0431519032138667
[0.01       0.0168102  0.02601795 0.28907965 0.22570162 0.23772746
 0.01       0.01903211 0.19940048 0.22306597 0.27678111 1.72290845]
[0.01       0.0168102  0.02601795 0.28907965 0.22570162 0.23772746
 0.01       0.01903211 0.19940048 0.22306597 0.27678111 1.72290845] 1.0431517889576611
[0.01       0.0168102  0.02601795 0.28907964 0.22570163 0.23772746
 0.01       0.01903211 0.19940048 0.22306597 0.27678111 1.72290845]
[0.01       0.0168102  0.02601795 0.28907964 0.22570163 0.23772746
 0.01       0.01903211 0.19940048 0.22306597 0.27678111 1.72290845] 1.0431518641612487
[0.01       0.0168102  0.02601795 0.28907964 0.22570162 0.23772747
 0.01       0.01903211 0.19940048 0.22306597 0.27678111 1.72290845]
[0.01       0.0168102  0.02601795 0.28907964 0.22570162 0.23772747
 0.01       0.01903211 0.19940048 0.22306597 0.27678111 1.72290845] 1.0431519020017415
[0.01       0.0168102  0.02601795 0.28907964 0.22570162 0.23772746
 0.01000001 0.01903211 0.19940048 0.22306597 0.27678111 1.72290845]
[0.01       0.0168102  0.02601795 0.28907964 0.22570162 0.23772746
 0.01000001 0.01903211 0.19940048 0.22306597 0.27678111 1.72290845] 1.043151813167884
[0.01       0.0168102  0.02601795 0.28907964 0.22570162 0.23772746
 0.01       0.01903212 0.19940048 0.22306597 0.27678111 1.72290845]
[0.01       0.0168102  0.02601795 0.28907964 0.22570162 0.23772746
 0.01       0.01903212 0.19940048 0.22306597 0.27678111 1.72290845] 1.0431518913464297
[0.01       0.0168102  0.02601795 0.28907964 0.22570162 0.23772746
 0.01       0.01903211 0.19940049 0.22306597 0.27678111 1.72290845]
[0.01       0.0168102  0.02601795 0.28907964 0.22570162 0.23772746
 0.01       0.01903211 0.19940049 0.22306597 0.27678111 1.72290845] 1.043151930831693
[0.01       0.0168102  0.02601795 0.28907964 0.22570162 0.23772746
 0.01       0.01903211 0.19940048 0.22306598 0.27678111 1.72290845]
[0.01       0.0168102  0.02601795 0.28907964 0.22570162 0.23772746
 0.01       0.01903211 0.19940048 0.22306598 0.27678111 1.72290845] 1.0431519622810237
[0.01       0.0168102  0.02601795 0.28907964 0.22570162 0.23772746
 0.01       0.01903211 0.19940048 0.22306597 0.27678112 1.72290845]
[0.01       0.0168102  0.02601795 0.28907964 0.22570162 0.23772746
 0.01       0.01903211 0.19940048 0.22306597 0.27678112 1.72290845] 1.043151900834457
[0.01       0.0168102  0.02601795 0.28907964 0.22570162 0.23772746
 0.01       0.01903211 0.19940048 0.22306597 0.27678111 1.72290846]
[0.01       0.0168102  0.02601795 0.28907964 0.22570162 0.23772746
 0.01       0.01903211 0.19940048 0.22306597 0.27678111 1.72290846] 1.043151751758035
[0.01       0.01302517 0.02034289 0.28740852 0.22581322 0.23784528
 0.01       0.01401216 0.19949848 0.22091887 0.27145838 1.7237947 ]
[0.01       0.01302517 0.02034289 0.28740852 0.22581322 0.23784528
 0.01       0.01401216 0.19949848 0.22091887 0.27145838 1.7237947 ] 1.045409321922561
[0.01000001 0.01302517 0.02034289 0.28740852 0.22581322 0.23784528
 0.01       0.01401216 0.19949848 0.22091887 0.27145838 1.7237947 ]
[0.01000001 0.01302517 0.02034289 0.28740852 0.22581322 0.23784528
 0.01       0.01401216 0.19949848 0.22091887 0.27145838 1.7237947 ] 1.0454093233306205
[0.01       0.01302518 0.02034289 0.28740852 0.22581322 0.23784528
 0.01       0.01401216 0.19949848 0.22091887 0.27145838 1.7237947 ]
[0.01       0.01302518 0.02034289 0.28740852 0.22581322 0.23784528
 0.01       0.01401216 0.19949848 0.22091887 0.27145838 1.7237947 ] 1.045409179399612
[0.01       0.01302517 0.0203429  0.28740852 0.22581322 0.23784528
 0.01       0.01401216 0.19949848 0.22091887 0.27145838 1.7237947 ]
[0.01       0.01302517 0.0203429  0.28740852 0.22581322 0.23784528
 0.01       0.01401216 0.19949848 0.22091887 0.27145838 1.7237947 ] 1.0454092795364494
[0.01       0.01302517 0.02034289 0.28740853 0.22581322 0.23784528
 0.01       0.01401216 0.19949848 0.22091887 0.27145838 1.7237947 ]
[0.01       0.01302517 0.02034289 0.28740853 0.22581322 0.23784528
 0.01       0.01401216 0.19949848 0.22091887 0.27145838 1.7237947 ] 1.0454092595881435
[0.01       0.01302517 0.02034289 0.28740852 0.22581323 0.23784528
 0.01       0.01401216 0.19949848 0.22091887 0.27145838 1.7237947 ]
[0.01       0.01302517 0.02034289 0.28740852 0.22581323 0.23784528
 0.01       0.01401216 0.19949848 0.22091887 0.27145838 1.7237947 ] 1.0454094071793025
[0.01       0.01302517 0.02034289 0.28740852 0.22581322 0.23784529
 0.01       0.01401216 0.19949848 0.22091887 0.27145838 1.7237947 ]
[0.01       0.01302517 0.02034289 0.28740852 0.22581322 0.23784529
 0.01       0.01401216 0.19949848 0.22091887 0.27145838 1.7237947 ] 1.0454093572224157
[0.01       0.01302517 0.02034289 0.28740852 0.22581322 0.23784528
 0.01000001 0.01401216 0.19949848 0.22091887 0.27145838 1.7237947 ]
[0.01       0.01302517 0.02034289 0.28740852 0.22581322 0.23784528
 0.01000001 0.01401216 0.19949848 0.22091887 0.27145838 1.7237947 ] 1.0454094245407233
[0.01       0.01302517 0.02034289 0.28740852 0.22581322 0.23784528
 0.01       0.01401217 0.19949848 0.22091887 0.27145838 1.7237947 ]
[0.01       0.01302517 0.02034289 0.28740852 0.22581322 0.23784528
 0.01       0.01401217 0.19949848 0.22091887 0.27145838 1.7237947 ] 1.0454092531041654
[0.01       0.01302517 0.02034289 0.28740852 0.22581322 0.23784528
 0.01       0.01401216 0.19949849 0.22091887 0.27145838 1.7237947 ]
[0.01       0.01302517 0.02034289 0.28740852 0.22581322 0.23784528
 0.01       0.01401216 0.19949849 0.22091887 0.27145838 1.7237947 ] 1.0454092864453044
[0.01       0.01302517 0.02034289 0.28740852 0.22581322 0.23784528
 0.01       0.01401216 0.19949848 0.22091888 0.27145838 1.7237947 ]
[0.01       0.01302517 0.02034289 0.28740852 0.22581322 0.23784528
 0.01       0.01401216 0.19949848 0.22091888 0.27145838 1.7237947 ] 1.0454094042629782
[0.01       0.01302517 0.02034289 0.28740852 0.22581322 0.23784528
 0.01       0.01401216 0.19949848 0.22091887 0.27145839 1.7237947 ]
[0.01       0.01302517 0.02034289 0.28740852 0.22581322 0.23784528
 0.01       0.01401216 0.19949848 0.22091887 0.27145839 1.7237947 ] 1.0454093779992857
[0.01       0.01302517 0.02034289 0.28740852 0.22581322 0.23784528
 0.01       0.01401216 0.19949848 0.22091887 0.27145838 1.72379471]
[0.01       0.01302517 0.02034289 0.28740852 0.22581322 0.23784528
 0.01       0.01401216 0.19949848 0.22091887 0.27145838 1.72379471] 1.0454093765611883
[0.01       0.01117476 0.0175685  0.28659156 0.22586778 0.23790288
 0.01       0.01155804 0.19954639 0.21986921 0.26885624 1.72422797]
[0.01       0.01117476 0.0175685  0.28659156 0.22586778 0.23790288
 0.01       0.01155804 0.19954639 0.21986921 0.26885624 1.72422797] 1.0466656567355872
[0.01000001 0.01117476 0.0175685  0.28659156 0.22586778 0.23790288
 0.01       0.01155804 0.19954639 0.21986921 0.26885624 1.72422797]
[0.01000001 0.01117476 0.0175685  0.28659156 0.22586778 0.23790288
 0.01       0.01155804 0.19954639 0.21986921 0.26885624 1.72422797] 1.0466657924842595
[0.01       0.01117477 0.0175685  0.28659156 0.22586778 0.23790288
 0.01       0.01155804 0.19954639 0.21986921 0.26885624 1.72422797]
[0.01       0.01117477 0.0175685  0.28659156 0.22586778 0.23790288
 0.01       0.01155804 0.19954639 0.21986921 0.26885624 1.72422797] 1.0466657356126388
[0.01       0.01117476 0.01756851 0.28659156 0.22586778 0.23790288
 0.01       0.01155804 0.19954639 0.21986921 0.26885624 1.72422797]
[0.01       0.01117476 0.01756851 0.28659156 0.22586778 0.23790288
 0.01       0.01155804 0.19954639 0.21986921 0.26885624 1.72422797] 1.046665655371291
[0.01       0.01117476 0.0175685  0.28659157 0.22586778 0.23790288
 0.01       0.01155804 0.19954639 0.21986921 0.26885624 1.72422797]
[0.01       0.01117476 0.0175685  0.28659157 0.22586778 0.23790288
 0.01       0.01155804 0.19954639 0.21986921 0.26885624 1.72422797] 1.0466657506589518
[0.01       0.01117476 0.0175685  0.28659156 0.22586779 0.23790288
 0.01       0.01155804 0.19954639 0.21986921 0.26885624 1.72422797]
[0.01       0.01117476 0.0175685  0.28659156 0.22586779 0.23790288
 0.01       0.01155804 0.19954639 0.21986921 0.26885624 1.72422797] 1.046665798986991
[0.01       0.01117476 0.0175685  0.28659156 0.22586778 0.23790289
 0.01       0.01155804 0.19954639 0.21986921 0.26885624 1.72422797]
[0.01       0.01117476 0.0175685  0.28659156 0.22586778 0.23790289
 0.01       0.01155804 0.19954639 0.21986921 0.26885624 1.72422797] 1.0466656477961684
[0.01       0.01117476 0.0175685  0.28659156 0.22586778 0.23790288
 0.01000001 0.01155804 0.19954639 0.21986921 0.26885624 1.72422797]
[0.01       0.01117476 0.0175685  0.28659156 0.22586778 0.23790288
 0.01000001 0.01155804 0.19954639 0.21986921 0.26885624 1.72422797] 1.0466658147979806
[0.01       0.01117476 0.0175685  0.28659156 0.22586778 0.23790288
 0.01       0.01155805 0.19954639 0.21986921 0.26885624 1.72422797]
[0.01       0.01117476 0.0175685  0.28659156 0.22586778 0.23790288
 0.01       0.01155805 0.19954639 0.21986921 0.26885624 1.72422797] 1.0466657278096914
[0.01       0.01117476 0.0175685  0.28659156 0.22586778 0.23790288
 0.01       0.01155804 0.1995464  0.21986921 0.26885624 1.72422797]
[0.01       0.01117476 0.0175685  0.28659156 0.22586778 0.23790288
 0.01       0.01155804 0.1995464  0.21986921 0.26885624 1.72422797] 1.0466656194672728
[0.01       0.01117476 0.0175685  0.28659156 0.22586778 0.23790288
 0.01       0.01155804 0.19954639 0.21986922 0.26885624 1.72422797]
[0.01       0.01117476 0.0175685  0.28659156 0.22586778 0.23790288
 0.01       0.01155804 0.19954639 0.21986922 0.26885624 1.72422797] 1.0466657895269176
[0.01       0.01117476 0.0175685  0.28659156 0.22586778 0.23790288
 0.01       0.01155804 0.19954639 0.21986921 0.26885625 1.72422797]
[0.01       0.01117476 0.0175685  0.28659156 0.22586778 0.23790288
 0.01       0.01155804 0.19954639 0.21986921 0.26885625 1.72422797] 1.046665674721691
[0.01       0.01117476 0.0175685  0.28659156 0.22586778 0.23790288
 0.01       0.01155804 0.19954639 0.21986921 0.26885624 1.72422798]
[0.01       0.01117476 0.0175685  0.28659156 0.22586778 0.23790288
 0.01       0.01155804 0.19954639 0.21986921 0.26885624 1.72422798] 1.0466656648527133
[0.01       0.01029823 0.01625429 0.28620456 0.22589362 0.23793017
 0.01       0.01039553 0.19956908 0.21937199 0.26762361 1.7244332 ]
[0.01       0.01029823 0.01625429 0.28620456 0.22589362 0.23793017
 0.01       0.01039553 0.19956908 0.21937199 0.26762361 1.7244332 ] 1.0472997776982635
[0.01000001 0.01029823 0.01625429 0.28620456 0.22589362 0.23793017
 0.01       0.01039553 0.19956908 0.21937199 0.26762361 1.7244332 ]
[0.01000001 0.01029823 0.01625429 0.28620456 0.22589362 0.23793017
 0.01       0.01039553 0.19956908 0.21937199 0.26762361 1.7244332 ] 1.0472995487901242
[0.01       0.01029824 0.01625429 0.28620456 0.22589362 0.23793017
 0.01       0.01039553 0.19956908 0.21937199 0.26762361 1.7244332 ]
[0.01       0.01029824 0.01625429 0.28620456 0.22589362 0.23793017
 0.01       0.01039553 0.19956908 0.21937199 0.26762361 1.7244332 ] 1.0472996262690288
[0.01       0.01029823 0.0162543  0.28620456 0.22589362 0.23793017
 0.01       0.01039553 0.19956908 0.21937199 0.26762361 1.7244332 ]
[0.01       0.01029823 0.0162543  0.28620456 0.22589362 0.23793017
 0.01       0.01039553 0.19956908 0.21937199 0.26762361 1.7244332 ] 1.0472997003648299
[0.01       0.01029823 0.01625429 0.28620457 0.22589362 0.23793017
 0.01       0.01039553 0.19956908 0.21937199 0.26762361 1.7244332 ]
[0.01       0.01029823 0.01625429 0.28620457 0.22589362 0.23793017
 0.01       0.01039553 0.19956908 0.21937199 0.26762361 1.7244332 ] 1.047299677429132
[0.01       0.01029823 0.01625429 0.28620456 0.22589363 0.23793017
 0.01       0.01039553 0.19956908 0.21937199 0.26762361 1.7244332 ]
[0.01       0.01029823 0.01625429 0.28620456 0.22589363 0.23793017
 0.01       0.01039553 0.19956908 0.21937199 0.26762361 1.7244332 ] 1.047299669020584
[0.01       0.01029823 0.01625429 0.28620456 0.22589362 0.23793018
 0.01       0.01039553 0.19956908 0.21937199 0.26762361 1.7244332 ]
[0.01       0.01029823 0.01625429 0.28620456 0.22589362 0.23793018
 0.01       0.01039553 0.19956908 0.21937199 0.26762361 1.7244332 ] 1.0472997590378863
[0.01       0.01029823 0.01625429 0.28620456 0.22589362 0.23793017
 0.01000001 0.01039553 0.19956908 0.21937199 0.26762361 1.7244332 ]
[0.01       0.01029823 0.01625429 0.28620456 0.22589362 0.23793017
 0.01000001 0.01039553 0.19956908 0.21937199 0.26762361 1.7244332 ] 1.0472996337344365
[0.01       0.01029823 0.01625429 0.28620456 0.22589362 0.23793017
 0.01       0.01039554 0.19956908 0.21937199 0.26762361 1.7244332 ]
[0.01       0.01029823 0.01625429 0.28620456 0.22589362 0.23793017
 0.01       0.01039554 0.19956908 0.21937199 0.26762361 1.7244332 ] 1.047299630993835
[0.01       0.01029823 0.01625429 0.28620456 0.22589362 0.23793017
 0.01       0.01039553 0.19956909 0.21937199 0.26762361 1.7244332 ]
[0.01       0.01029823 0.01625429 0.28620456 0.22589362 0.23793017
 0.01       0.01039553 0.19956909 0.21937199 0.26762361 1.7244332 ] 1.0472995958506375
[0.01       0.01029823 0.01625429 0.28620456 0.22589362 0.23793017
 0.01       0.01039553 0.19956908 0.219372   0.26762361 1.7244332 ]
[0.01       0.01029823 0.01625429 0.28620456 0.22589362 0.23793017
 0.01       0.01039553 0.19956908 0.219372   0.26762361 1.7244332 ] 1.047299935717422
[0.01       0.01029823 0.01625429 0.28620456 0.22589362 0.23793017
 0.01       0.01039553 0.19956908 0.21937199 0.26762362 1.7244332 ]
[0.01       0.01029823 0.01625429 0.28620456 0.22589362 0.23793017
 0.01       0.01039553 0.19956908 0.21937199 0.26762362 1.7244332 ] 1.0472996675882582
[0.01       0.01029823 0.01625429 0.28620456 0.22589362 0.23793017
 0.01       0.01039553 0.19956908 0.21937199 0.26762361 1.72443321]
[0.01       0.01029823 0.01625429 0.28620456 0.22589362 0.23793017
 0.01       0.01039553 0.19956908 0.21937199 0.26762361 1.72443321] 1.0472996320456316
[0.01       0.01014201 0.01602005 0.28613559 0.22589823 0.23793503
 0.01       0.01018834 0.19957313 0.21928337 0.26740392 1.72446978]
[0.01       0.01014201 0.01602005 0.28613559 0.22589823 0.23793503
 0.01       0.01018834 0.19957313 0.21928337 0.26740392 1.72446978] 1.0474155089350148
[0.01000001 0.01014201 0.01602005 0.28613559 0.22589823 0.23793503
 0.01       0.01018834 0.19957313 0.21928337 0.26740392 1.72446978]
[0.01000001 0.01014201 0.01602005 0.28613559 0.22589823 0.23793503
 0.01       0.01018834 0.19957313 0.21928337 0.26740392 1.72446978] 1.047415519830034
[0.01       0.01014202 0.01602005 0.28613559 0.22589823 0.23793503
 0.01       0.01018834 0.19957313 0.21928337 0.26740392 1.72446978]
[0.01       0.01014202 0.01602005 0.28613559 0.22589823 0.23793503
 0.01       0.01018834 0.19957313 0.21928337 0.26740392 1.72446978] 1.0474155945301684
[0.01       0.01014201 0.01602006 0.28613559 0.22589823 0.23793503
 0.01       0.01018834 0.19957313 0.21928337 0.26740392 1.72446978]
[0.01       0.01014201 0.01602006 0.28613559 0.22589823 0.23793503
 0.01       0.01018834 0.19957313 0.21928337 0.26740392 1.72446978] 1.047415595982738
[0.01       0.01014201 0.01602005 0.2861356  0.22589823 0.23793503
 0.01       0.01018834 0.19957313 0.21928337 0.26740392 1.72446978]
[0.01       0.01014201 0.01602005 0.2861356  0.22589823 0.23793503
 0.01       0.01018834 0.19957313 0.21928337 0.26740392 1.72446978] 1.047415769422359
[0.01       0.01014201 0.01602005 0.28613559 0.22589824 0.23793503
 0.01       0.01018834 0.19957313 0.21928337 0.26740392 1.72446978]
[0.01       0.01014201 0.01602005 0.28613559 0.22589824 0.23793503
 0.01       0.01018834 0.19957313 0.21928337 0.26740392 1.72446978] 1.0474154875157908
[0.01       0.01014201 0.01602005 0.28613559 0.22589823 0.23793504
 0.01       0.01018834 0.19957313 0.21928337 0.26740392 1.72446978]
[0.01       0.01014201 0.01602005 0.28613559 0.22589823 0.23793504
 0.01       0.01018834 0.19957313 0.21928337 0.26740392 1.72446978] 1.0474156017903973
[0.01       0.01014201 0.01602005 0.28613559 0.22589823 0.23793503
 0.01000001 0.01018834 0.19957313 0.21928337 0.26740392 1.72446978]
[0.01       0.01014201 0.01602005 0.28613559 0.22589823 0.23793503
 0.01000001 0.01018834 0.19957313 0.21928337 0.26740392 1.72446978] 1.0474157456155522
[0.01       0.01014201 0.01602005 0.28613559 0.22589823 0.23793503
 0.01       0.01018835 0.19957313 0.21928337 0.26740392 1.72446978]
[0.01       0.01014201 0.01602005 0.28613559 0.22589823 0.23793503
 0.01       0.01018835 0.19957313 0.21928337 0.26740392 1.72446978] 1.047415710220356
[0.01       0.01014201 0.01602005 0.28613559 0.22589823 0.23793503
 0.01       0.01018834 0.19957314 0.21928337 0.26740392 1.72446978]
[0.01       0.01014201 0.01602005 0.28613559 0.22589823 0.23793503
 0.01       0.01018834 0.19957314 0.21928337 0.26740392 1.72446978] 1.0474155791374773
[0.01       0.01014201 0.01602005 0.28613559 0.22589823 0.23793503
 0.01       0.01018834 0.19957313 0.21928338 0.26740392 1.72446978]
[0.01       0.01014201 0.01602005 0.28613559 0.22589823 0.23793503
 0.01       0.01018834 0.19957313 0.21928338 0.26740392 1.72446978] 1.0474155705787047
[0.01       0.01014201 0.01602005 0.28613559 0.22589823 0.23793503
 0.01       0.01018834 0.19957313 0.21928337 0.26740393 1.72446978]
[0.01       0.01014201 0.01602005 0.28613559 0.22589823 0.23793503
 0.01       0.01018834 0.19957313 0.21928337 0.26740393 1.72446978] 1.0474156169316922
[0.01       0.01014201 0.01602005 0.28613559 0.22589823 0.23793503
 0.01       0.01018834 0.19957313 0.21928337 0.26740392 1.72446979]
[0.01       0.01014201 0.01602005 0.28613559 0.22589823 0.23793503
 0.01       0.01018834 0.19957313 0.21928337 0.26740392 1.72446979] 1.0474155079036047
[0.01       0.01002621 0.01584644 0.28608447 0.22590164 0.23793864
 0.01       0.01003476 0.19957612 0.21921769 0.26724108 1.72449689]
[0.01       0.01002621 0.01584644 0.28608447 0.22590164 0.23793864
 0.01       0.01003476 0.19957612 0.21921769 0.26724108 1.72449689] 1.047502104728206
[0.01000001 0.01002621 0.01584644 0.28608447 0.22590164 0.23793864
 0.01       0.01003476 0.19957612 0.21921769 0.26724108 1.72449689]
[0.01000001 0.01002621 0.01584644 0.28608447 0.22590164 0.23793864
 0.01       0.01003476 0.19957612 0.21921769 0.26724108 1.72449689] 1.0475022830438805
[0.01       0.01002622 0.01584644 0.28608447 0.22590164 0.23793864
 0.01       0.01003476 0.19957612 0.21921769 0.26724108 1.72449689]
[0.01       0.01002622 0.01584644 0.28608447 0.22590164 0.23793864
 0.01       0.01003476 0.19957612 0.21921769 0.26724108 1.72449689] 1.047502304900895
[0.01       0.01002621 0.01584645 0.28608447 0.22590164 0.23793864
 0.01       0.01003476 0.19957612 0.21921769 0.26724108 1.72449689]
[0.01       0.01002621 0.01584645 0.28608447 0.22590164 0.23793864
 0.01       0.01003476 0.19957612 0.21921769 0.26724108 1.72449689] 1.0475021242035414
[0.01       0.01002621 0.01584644 0.28608448 0.22590164 0.23793864
 0.01       0.01003476 0.19957612 0.21921769 0.26724108 1.72449689]
[0.01       0.01002621 0.01584644 0.28608448 0.22590164 0.23793864
 0.01       0.01003476 0.19957612 0.21921769 0.26724108 1.72449689] 1.0475021693629492
[0.01       0.01002621 0.01584644 0.28608447 0.22590165 0.23793864
 0.01       0.01003476 0.19957612 0.21921769 0.26724108 1.72449689]
[0.01       0.01002621 0.01584644 0.28608447 0.22590165 0.23793864
 0.01       0.01003476 0.19957612 0.21921769 0.26724108 1.72449689] 1.0475022029693142
[0.01       0.01002621 0.01584644 0.28608447 0.22590164 0.23793865
 0.01       0.01003476 0.19957612 0.21921769 0.26724108 1.72449689]
[0.01       0.01002621 0.01584644 0.28608447 0.22590164 0.23793865
 0.01       0.01003476 0.19957612 0.21921769 0.26724108 1.72449689] 1.0475021079382063
[0.01       0.01002621 0.01584644 0.28608447 0.22590164 0.23793864
 0.01000001 0.01003476 0.19957612 0.21921769 0.26724108 1.72449689]
[0.01       0.01002621 0.01584644 0.28608447 0.22590164 0.23793864
 0.01000001 0.01003476 0.19957612 0.21921769 0.26724108 1.72449689] 1.0475020855693518
[0.01       0.01002621 0.01584644 0.28608447 0.22590164 0.23793864
 0.01       0.01003477 0.19957612 0.21921769 0.26724108 1.72449689]
[0.01       0.01002621 0.01584644 0.28608447 0.22590164 0.23793864
 0.01       0.01003477 0.19957612 0.21921769 0.26724108 1.72449689] 1.0475022314416524
[0.01       0.01002621 0.01584644 0.28608447 0.22590164 0.23793864
 0.01       0.01003476 0.19957613 0.21921769 0.26724108 1.72449689]
[0.01       0.01002621 0.01584644 0.28608447 0.22590164 0.23793864
 0.01       0.01003476 0.19957613 0.21921769 0.26724108 1.72449689] 1.0475020230513807
[0.01       0.01002621 0.01584644 0.28608447 0.22590164 0.23793864
 0.01       0.01003476 0.19957612 0.2192177  0.26724108 1.72449689]
[0.01       0.01002621 0.01584644 0.28608447 0.22590164 0.23793864
 0.01       0.01003476 0.19957612 0.2192177  0.26724108 1.72449689] 1.0475020648494464
[0.01       0.01002621 0.01584644 0.28608447 0.22590164 0.23793864
 0.01       0.01003476 0.19957612 0.21921769 0.26724109 1.72449689]
[0.01       0.01002621 0.01584644 0.28608447 0.22590164 0.23793864
 0.01       0.01003476 0.19957612 0.21921769 0.26724109 1.72449689] 1.0475022040146946
[0.01       0.01002621 0.01584644 0.28608447 0.22590164 0.23793864
 0.01       0.01003476 0.19957612 0.21921769 0.26724108 1.7244969 ]
[0.01       0.01002621 0.01584644 0.28608447 0.22590164 0.23793864
 0.01       0.01003476 0.19957612 0.21921769 0.26724108 1.7244969 ] 1.0475022441455761
[0.01       0.01000575 0.01581576 0.28607543 0.22590225 0.23793927
 0.01       0.01000763 0.19957665 0.21920608 0.26721231 1.72450169]
[0.01       0.01000575 0.01581576 0.28607543 0.22590225 0.23793927
 0.01       0.01000763 0.19957665 0.21920608 0.26721231 1.72450169] 1.047517499534796
[0.01000001 0.01000575 0.01581576 0.28607543 0.22590225 0.23793927
 0.01       0.01000763 0.19957665 0.21920608 0.26721231 1.72450169]
[0.01000001 0.01000575 0.01581576 0.28607543 0.22590225 0.23793927
 0.01       0.01000763 0.19957665 0.21920608 0.26721231 1.72450169] 1.047517622262035
[0.01       0.01000576 0.01581576 0.28607543 0.22590225 0.23793927
 0.01       0.01000763 0.19957665 0.21920608 0.26721231 1.72450169]
[0.01       0.01000576 0.01581576 0.28607543 0.22590225 0.23793927
 0.01       0.01000763 0.19957665 0.21920608 0.26721231 1.72450169] 1.0475174002373395
[0.01       0.01000575 0.01581577 0.28607543 0.22590225 0.23793927
 0.01       0.01000763 0.19957665 0.21920608 0.26721231 1.72450169]
[0.01       0.01000575 0.01581577 0.28607543 0.22590225 0.23793927
 0.01       0.01000763 0.19957665 0.21920608 0.26721231 1.72450169] 1.0475175435227362
[0.01       0.01000575 0.01581576 0.28607544 0.22590225 0.23793927
 0.01       0.01000763 0.19957665 0.21920608 0.26721231 1.72450169]
[0.01       0.01000575 0.01581576 0.28607544 0.22590225 0.23793927
 0.01       0.01000763 0.19957665 0.21920608 0.26721231 1.72450169] 1.047517629762067
[0.01       0.01000575 0.01581576 0.28607543 0.22590226 0.23793927
 0.01       0.01000763 0.19957665 0.21920608 0.26721231 1.72450169]
[0.01       0.01000575 0.01581576 0.28607543 0.22590226 0.23793927
 0.01       0.01000763 0.19957665 0.21920608 0.26721231 1.72450169] 1.0475176720412527
[0.01       0.01000575 0.01581576 0.28607543 0.22590225 0.23793928
 0.01       0.01000763 0.19957665 0.21920608 0.26721231 1.72450169]
[0.01       0.01000575 0.01581576 0.28607543 0.22590225 0.23793928
 0.01       0.01000763 0.19957665 0.21920608 0.26721231 1.72450169] 1.04751750209259
[0.01       0.01000575 0.01581576 0.28607543 0.22590225 0.23793927
 0.01000001 0.01000763 0.19957665 0.21920608 0.26721231 1.72450169]
[0.01       0.01000575 0.01581576 0.28607543 0.22590225 0.23793927
 0.01000001 0.01000763 0.19957665 0.21920608 0.26721231 1.72450169] 1.0475176045053138
[0.01       0.01000575 0.01581576 0.28607543 0.22590225 0.23793927
 0.01       0.01000764 0.19957665 0.21920608 0.26721231 1.72450169]
[0.01       0.01000575 0.01581576 0.28607543 0.22590225 0.23793927
 0.01       0.01000764 0.19957665 0.21920608 0.26721231 1.72450169] 1.0475174066069284
[0.01       0.01000575 0.01581576 0.28607543 0.22590225 0.23793927
 0.01       0.01000763 0.19957666 0.21920608 0.26721231 1.72450169]
[0.01       0.01000575 0.01581576 0.28607543 0.22590225 0.23793927
 0.01       0.01000763 0.19957666 0.21920608 0.26721231 1.72450169] 1.0475175795286762
[0.01       0.01000575 0.01581576 0.28607543 0.22590225 0.23793927
 0.01       0.01000763 0.19957665 0.21920609 0.26721231 1.72450169]
[0.01       0.01000575 0.01581576 0.28607543 0.22590225 0.23793927
 0.01       0.01000763 0.19957665 0.21920609 0.26721231 1.72450169] 1.0475174761290933
[0.01       0.01000575 0.01581576 0.28607543 0.22590225 0.23793927
 0.01       0.01000763 0.19957665 0.21920608 0.26721232 1.72450169]
[0.01       0.01000575 0.01581576 0.28607543 0.22590225 0.23793927
 0.01       0.01000763 0.19957665 0.21920608 0.26721232 1.72450169] 1.047517598649614
[0.01       0.01000575 0.01581576 0.28607543 0.22590225 0.23793927
 0.01       0.01000763 0.19957665 0.21920608 0.26721231 1.7245017 ]
[0.01       0.01000575 0.01581576 0.28607543 0.22590225 0.23793927
 0.01       0.01000763 0.19957665 0.21920608 0.26721231 1.7245017 ] 1.0475174322431782
[0.01       0.01000182 0.01580986 0.2860737  0.22590236 0.2379394
 0.01       0.01000241 0.19957675 0.21920385 0.26720678 1.72450261]
[0.01       0.01000182 0.01580986 0.2860737  0.22590236 0.2379394
 0.01       0.01000241 0.19957675 0.21920385 0.26720678 1.72450261] 1.0475203780555085
[0.01000001 0.01000182 0.01580986 0.2860737  0.22590236 0.2379394
 0.01       0.01000241 0.19957675 0.21920385 0.26720678 1.72450261]
[0.01000001 0.01000182 0.01580986 0.2860737  0.22590236 0.2379394
 0.01       0.01000241 0.19957675 0.21920385 0.26720678 1.72450261] 1.0475205816284872
[0.01       0.01000183 0.01580986 0.2860737  0.22590236 0.2379394
 0.01       0.01000241 0.19957675 0.21920385 0.26720678 1.72450261]
[0.01       0.01000183 0.01580986 0.2860737  0.22590236 0.2379394
 0.01       0.01000241 0.19957675 0.21920385 0.26720678 1.72450261] 1.0475203749671618
[0.01       0.01000182 0.01580987 0.2860737  0.22590236 0.2379394
 0.01       0.01000241 0.19957675 0.21920385 0.26720678 1.72450261]
[0.01       0.01000182 0.01580987 0.2860737  0.22590236 0.2379394
 0.01       0.01000241 0.19957675 0.21920385 0.26720678 1.72450261] 1.0475206427935593
[0.01       0.01000182 0.01580986 0.28607371 0.22590236 0.2379394
 0.01       0.01000241 0.19957675 0.21920385 0.26720678 1.72450261]
[0.01       0.01000182 0.01580986 0.28607371 0.22590236 0.2379394
 0.01       0.01000241 0.19957675 0.21920385 0.26720678 1.72450261] 1.0475205071144786
[0.01       0.01000182 0.01580986 0.2860737  0.22590237 0.2379394
 0.01       0.01000241 0.19957675 0.21920385 0.26720678 1.72450261]
[0.01       0.01000182 0.01580986 0.2860737  0.22590237 0.2379394
 0.01       0.01000241 0.19957675 0.21920385 0.26720678 1.72450261] 1.0475206389455878
[0.01       0.01000182 0.01580986 0.2860737  0.22590236 0.23793941
 0.01       0.01000241 0.19957675 0.21920385 0.26720678 1.72450261]
[0.01       0.01000182 0.01580986 0.2860737  0.22590236 0.23793941
 0.01       0.01000241 0.19957675 0.21920385 0.26720678 1.72450261] 1.0475204248815775
[0.01       0.01000182 0.01580986 0.2860737  0.22590236 0.2379394
 0.01000001 0.01000241 0.19957675 0.21920385 0.26720678 1.72450261]
[0.01       0.01000182 0.01580986 0.2860737  0.22590236 0.2379394
 0.01000001 0.01000241 0.19957675 0.21920385 0.26720678 1.72450261] 1.0475203841321845
[0.01       0.01000182 0.01580986 0.2860737  0.22590236 0.2379394
 0.01       0.01000242 0.19957675 0.21920385 0.26720678 1.72450261]
[0.01       0.01000182 0.01580986 0.2860737  0.22590236 0.2379394
 0.01       0.01000242 0.19957675 0.21920385 0.26720678 1.72450261] 1.0475204278713919
[0.01       0.01000182 0.01580986 0.2860737  0.22590236 0.2379394
 0.01       0.01000241 0.19957676 0.21920385 0.26720678 1.72450261]
[0.01       0.01000182 0.01580986 0.2860737  0.22590236 0.2379394
 0.01       0.01000241 0.19957676 0.21920385 0.26720678 1.72450261] 1.0475203189966045
[0.01       0.01000182 0.01580986 0.2860737  0.22590236 0.2379394
 0.01       0.01000241 0.19957675 0.21920386 0.26720678 1.72450261]
[0.01       0.01000182 0.01580986 0.2860737  0.22590236 0.2379394
 0.01       0.01000241 0.19957675 0.21920386 0.26720678 1.72450261] 1.0475202872194698
[0.01       0.01000182 0.01580986 0.2860737  0.22590236 0.2379394
 0.01       0.01000241 0.19957675 0.21920385 0.26720679 1.72450261]
[0.01       0.01000182 0.01580986 0.2860737  0.22590236 0.2379394
 0.01       0.01000241 0.19957675 0.21920385 0.26720679 1.72450261] 1.0475204535119536
[0.01       0.01000182 0.01580986 0.2860737  0.22590236 0.2379394
 0.01       0.01000241 0.19957675 0.21920385 0.26720678 1.72450262]
[0.01       0.01000182 0.01580986 0.2860737  0.22590236 0.2379394
 0.01       0.01000241 0.19957675 0.21920385 0.26720678 1.72450262] 1.0475205819680455
[0.01       0.0100004  0.01580773 0.28607307 0.22590241 0.23793944
 0.01       0.01000053 0.19957679 0.21920304 0.26720478 1.72450294]
[0.01       0.0100004  0.01580773 0.28607307 0.22590241 0.23793944
 0.01       0.01000053 0.19957679 0.21920304 0.26720478 1.72450294] 1.0475217262941048
[0.01000001 0.0100004  0.01580773 0.28607307 0.22590241 0.23793944
 0.01       0.01000053 0.19957679 0.21920304 0.26720478 1.72450294]
[0.01000001 0.0100004  0.01580773 0.28607307 0.22590241 0.23793944
 0.01       0.01000053 0.19957679 0.21920304 0.26720478 1.72450294] 1.047521647280202
[0.01       0.01000041 0.01580773 0.28607307 0.22590241 0.23793944
 0.01       0.01000053 0.19957679 0.21920304 0.26720478 1.72450294]
[0.01       0.01000041 0.01580773 0.28607307 0.22590241 0.23793944
 0.01       0.01000053 0.19957679 0.21920304 0.26720478 1.72450294] 1.047521551189772
[0.01       0.0100004  0.01580774 0.28607307 0.22590241 0.23793944
 0.01       0.01000053 0.19957679 0.21920304 0.26720478 1.72450294]
[0.01       0.0100004  0.01580774 0.28607307 0.22590241 0.23793944
 0.01       0.01000053 0.19957679 0.21920304 0.26720478 1.72450294] 1.0475215681591368
[0.01       0.0100004  0.01580773 0.28607308 0.22590241 0.23793944
 0.01       0.01000053 0.19957679 0.21920304 0.26720478 1.72450294]
[0.01       0.0100004  0.01580773 0.28607308 0.22590241 0.23793944
 0.01       0.01000053 0.19957679 0.21920304 0.26720478 1.72450294] 1.047521627391802
[0.01       0.0100004  0.01580773 0.28607307 0.22590242 0.23793944
 0.01       0.01000053 0.19957679 0.21920304 0.26720478 1.72450294]
[0.01       0.0100004  0.01580773 0.28607307 0.22590242 0.23793944
 0.01       0.01000053 0.19957679 0.21920304 0.26720478 1.72450294] 1.047521695325372
[0.01       0.0100004  0.01580773 0.28607307 0.22590241 0.23793945
 0.01       0.01000053 0.19957679 0.21920304 0.26720478 1.72450294]
[0.01       0.0100004  0.01580773 0.28607307 0.22590241 0.23793945
 0.01       0.01000053 0.19957679 0.21920304 0.26720478 1.72450294] 1.0475215444084327
[0.01       0.0100004  0.01580773 0.28607307 0.22590241 0.23793944
 0.01000001 0.01000053 0.19957679 0.21920304 0.26720478 1.72450294]
[0.01       0.0100004  0.01580773 0.28607307 0.22590241 0.23793944
 0.01000001 0.01000053 0.19957679 0.21920304 0.26720478 1.72450294] 1.0475215743265656
[0.01       0.0100004  0.01580773 0.28607307 0.22590241 0.23793944
 0.01       0.01000054 0.19957679 0.21920304 0.26720478 1.72450294]
[0.01       0.0100004  0.01580773 0.28607307 0.22590241 0.23793944
 0.01       0.01000054 0.19957679 0.21920304 0.26720478 1.72450294] 1.047521511043233
[0.01       0.0100004  0.01580773 0.28607307 0.22590241 0.23793944
 0.01       0.01000053 0.1995768  0.21920304 0.26720478 1.72450294]
[0.01       0.0100004  0.01580773 0.28607307 0.22590241 0.23793944
 0.01       0.01000053 0.1995768  0.21920304 0.26720478 1.72450294] 1.0475214671066946
[0.01       0.0100004  0.01580773 0.28607307 0.22590241 0.23793944
 0.01       0.01000053 0.19957679 0.21920305 0.26720478 1.72450294]
[0.01       0.0100004  0.01580773 0.28607307 0.22590241 0.23793944
 0.01       0.01000053 0.19957679 0.21920305 0.26720478 1.72450294] 1.0475215099591604
[0.01       0.0100004  0.01580773 0.28607307 0.22590241 0.23793944
 0.01       0.01000053 0.19957679 0.21920304 0.26720479 1.72450294]
[0.01       0.0100004  0.01580773 0.28607307 0.22590241 0.23793944
 0.01       0.01000053 0.19957679 0.21920304 0.26720479 1.72450294] 1.0475215945729377
[0.01       0.0100004  0.01580773 0.28607307 0.22590241 0.23793944
 0.01       0.01000053 0.19957679 0.21920304 0.26720478 1.72450295]
[0.01       0.0100004  0.01580773 0.28607307 0.22590241 0.23793944
 0.01       0.01000053 0.19957679 0.21920304 0.26720478 1.72450295] 1.047521501464954
[0.01       0.01000021 0.01580745 0.28607299 0.22590241 0.23793945
 0.01       0.01000028 0.1995768  0.21920294 0.26720452 1.72450298]
[0.01       0.01000021 0.01580745 0.28607299 0.22590241 0.23793945
 0.01       0.01000028 0.1995768  0.21920294 0.26720452 1.72450298] 1.047521625202203
[0.01000001 0.01000021 0.01580745 0.28607299 0.22590241 0.23793945
 0.01       0.01000028 0.1995768  0.21920294 0.26720452 1.72450298]
[0.01000001 0.01000021 0.01580745 0.28607299 0.22590241 0.23793945
 0.01       0.01000028 0.1995768  0.21920294 0.26720452 1.72450298] 1.0475216698209386
[0.01       0.01000022 0.01580745 0.28607299 0.22590241 0.23793945
 0.01       0.01000028 0.1995768  0.21920294 0.26720452 1.72450298]
[0.01       0.01000022 0.01580745 0.28607299 0.22590241 0.23793945
 0.01       0.01000028 0.1995768  0.21920294 0.26720452 1.72450298] 1.0475217493693891
[0.01       0.01000021 0.01580746 0.28607299 0.22590241 0.23793945
 0.01       0.01000028 0.1995768  0.21920294 0.26720452 1.72450298]
[0.01       0.01000021 0.01580746 0.28607299 0.22590241 0.23793945
 0.01       0.01000028 0.1995768  0.21920294 0.26720452 1.72450298] 1.0475215643744495
[0.01       0.01000021 0.01580745 0.286073   0.22590241 0.23793945
 0.01       0.01000028 0.1995768  0.21920294 0.26720452 1.72450298]
[0.01       0.01000021 0.01580745 0.286073   0.22590241 0.23793945
 0.01       0.01000028 0.1995768  0.21920294 0.26720452 1.72450298] 1.0475217524602936
[0.01       0.01000021 0.01580745 0.28607299 0.22590242 0.23793945
 0.01       0.01000028 0.1995768  0.21920294 0.26720452 1.72450298]
[0.01       0.01000021 0.01580745 0.28607299 0.22590242 0.23793945
 0.01       0.01000028 0.1995768  0.21920294 0.26720452 1.72450298] 1.047521631939689
[0.01       0.01000021 0.01580745 0.28607299 0.22590241 0.23793946
 0.01       0.01000028 0.1995768  0.21920294 0.26720452 1.72450298]
[0.01       0.01000021 0.01580745 0.28607299 0.22590241 0.23793946
 0.01       0.01000028 0.1995768  0.21920294 0.26720452 1.72450298] 1.0475216963465952
[0.01       0.01000021 0.01580745 0.28607299 0.22590241 0.23793945
 0.01000001 0.01000028 0.1995768  0.21920294 0.26720452 1.72450298]
[0.01       0.01000021 0.01580745 0.28607299 0.22590241 0.23793945
 0.01000001 0.01000028 0.1995768  0.21920294 0.26720452 1.72450298] 1.0475216206472753
[0.01       0.01000021 0.01580745 0.28607299 0.22590241 0.23793945
 0.01       0.01000029 0.1995768  0.21920294 0.26720452 1.72450298]
[0.01       0.01000021 0.01580745 0.28607299 0.22590241 0.23793945
 0.01       0.01000029 0.1995768  0.21920294 0.26720452 1.72450298] 1.0475217700604
[0.01       0.01000021 0.01580745 0.28607299 0.22590241 0.23793945
 0.01       0.01000028 0.19957681 0.21920294 0.26720452 1.72450298]
[0.01       0.01000021 0.01580745 0.28607299 0.22590241 0.23793945
 0.01       0.01000028 0.19957681 0.21920294 0.26720452 1.72450298] 1.047521601283504
[0.01       0.01000021 0.01580745 0.28607299 0.22590241 0.23793945
 0.01       0.01000028 0.1995768  0.21920295 0.26720452 1.72450298]
[0.01       0.01000021 0.01580745 0.28607299 0.22590241 0.23793945
 0.01       0.01000028 0.1995768  0.21920295 0.26720452 1.72450298] 1.047521782663747
[0.01       0.01000021 0.01580745 0.28607299 0.22590241 0.23793945
 0.01       0.01000028 0.1995768  0.21920294 0.26720453 1.72450298]
[0.01       0.01000021 0.01580745 0.28607299 0.22590241 0.23793945
 0.01       0.01000028 0.1995768  0.21920294 0.26720453 1.72450298] 1.0475216959070168
[0.01       0.01000021 0.01580745 0.28607299 0.22590241 0.23793945
 0.01       0.01000028 0.1995768  0.21920294 0.26720452 1.72450299]
[0.01       0.01000021 0.01580745 0.28607299 0.22590241 0.23793945
 0.01       0.01000028 0.1995768  0.21920294 0.26720452 1.72450299] 1.0475217714942517
[0.01       0.01000005 0.01580721 0.28607291 0.22590242 0.23793945
 0.01       0.01000006 0.1995768  0.21920284 0.26720429 1.72450302]
[0.01       0.01000005 0.01580721 0.28607291 0.22590242 0.23793945
 0.01       0.01000006 0.1995768  0.21920284 0.26720429 1.72450302] 1.047521847685942
[0.01000001 0.01000005 0.01580721 0.28607291 0.22590242 0.23793945
 0.01       0.01000006 0.1995768  0.21920284 0.26720429 1.72450302]
[0.01000001 0.01000005 0.01580721 0.28607291 0.22590242 0.23793945
 0.01       0.01000006 0.1995768  0.21920284 0.26720429 1.72450302] 1.047521826994024
[0.01       0.01000006 0.01580721 0.28607291 0.22590242 0.23793945
 0.01       0.01000006 0.1995768  0.21920284 0.26720429 1.72450302]
[0.01       0.01000006 0.01580721 0.28607291 0.22590242 0.23793945
 0.01       0.01000006 0.1995768  0.21920284 0.26720429 1.72450302] 1.0475218658545375
[0.01       0.01000005 0.01580722 0.28607291 0.22590242 0.23793945
 0.01       0.01000006 0.1995768  0.21920284 0.26720429 1.72450302]
[0.01       0.01000005 0.01580722 0.28607291 0.22590242 0.23793945
 0.01       0.01000006 0.1995768  0.21920284 0.26720429 1.72450302] 1.0475217339174516
[0.01       0.01000005 0.01580721 0.28607292 0.22590242 0.23793945
 0.01       0.01000006 0.1995768  0.21920284 0.26720429 1.72450302]
[0.01       0.01000005 0.01580721 0.28607292 0.22590242 0.23793945
 0.01       0.01000006 0.1995768  0.21920284 0.26720429 1.72450302] 1.047521761686857
[0.01       0.01000005 0.01580721 0.28607291 0.22590243 0.23793945
 0.01       0.01000006 0.1995768  0.21920284 0.26720429 1.72450302]
[0.01       0.01000005 0.01580721 0.28607291 0.22590243 0.23793945
 0.01       0.01000006 0.1995768  0.21920284 0.26720429 1.72450302] 1.0475219191595018
[0.01       0.01000005 0.01580721 0.28607291 0.22590242 0.23793946
 0.01       0.01000006 0.1995768  0.21920284 0.26720429 1.72450302]
[0.01       0.01000005 0.01580721 0.28607291 0.22590242 0.23793946
 0.01       0.01000006 0.1995768  0.21920284 0.26720429 1.72450302] 1.047521684224926
[0.01       0.01000005 0.01580721 0.28607291 0.22590242 0.23793945
 0.01000001 0.01000006 0.1995768  0.21920284 0.26720429 1.72450302]
[0.01       0.01000005 0.01580721 0.28607291 0.22590242 0.23793945
 0.01000001 0.01000006 0.1995768  0.21920284 0.26720429 1.72450302] 1.0475217861448005
[0.01       0.01000005 0.01580721 0.28607291 0.22590242 0.23793945
 0.01       0.01000007 0.1995768  0.21920284 0.26720429 1.72450302]
[0.01       0.01000005 0.01580721 0.28607291 0.22590242 0.23793945
 0.01       0.01000007 0.1995768  0.21920284 0.26720429 1.72450302] 1.0475217711063114
[0.01       0.01000005 0.01580721 0.28607291 0.22590242 0.23793945
 0.01       0.01000006 0.19957681 0.21920284 0.26720429 1.72450302]
[0.01       0.01000005 0.01580721 0.28607291 0.22590242 0.23793945
 0.01       0.01000006 0.19957681 0.21920284 0.26720429 1.72450302] 1.047521837074218
[0.01       0.01000005 0.01580721 0.28607291 0.22590242 0.23793945
 0.01       0.01000006 0.1995768  0.21920285 0.26720429 1.72450302]
[0.01       0.01000005 0.01580721 0.28607291 0.22590242 0.23793945
 0.01       0.01000006 0.1995768  0.21920285 0.26720429 1.72450302] 1.0475215798001418
[0.01       0.01000005 0.01580721 0.28607291 0.22590242 0.23793945
 0.01       0.01000006 0.1995768  0.21920284 0.2672043  1.72450302]
[0.01       0.01000005 0.01580721 0.28607291 0.22590242 0.23793945
 0.01       0.01000006 0.1995768  0.21920284 0.2672043  1.72450302] 1.0475218451808175
[0.01       0.01000005 0.01580721 0.28607291 0.22590242 0.23793945
 0.01       0.01000006 0.1995768  0.21920284 0.26720429 1.72450303]
[0.01       0.01000005 0.01580721 0.28607291 0.22590242 0.23793945
 0.01       0.01000006 0.1995768  0.21920284 0.26720429 1.72450303] 1.047521761493292
[0.01       0.01000004 0.01580719 0.2860729  0.22590242 0.23793943
 0.01       0.01000005 0.19957679 0.21920281 0.26720428 1.724503  ]
[0.01       0.01000004 0.01580719 0.2860729  0.22590242 0.23793943
 0.01       0.01000005 0.19957679 0.21920281 0.26720428 1.724503  ] 1.0475216589179608
[0.01000001 0.01000004 0.01580719 0.2860729  0.22590242 0.23793943
 0.01       0.01000005 0.19957679 0.21920281 0.26720428 1.724503  ]
[0.01000001 0.01000004 0.01580719 0.2860729  0.22590242 0.23793943
 0.01       0.01000005 0.19957679 0.21920281 0.26720428 1.724503  ] 1.0475217786158157
[0.01       0.01000005 0.01580719 0.2860729  0.22590242 0.23793943
 0.01       0.01000005 0.19957679 0.21920281 0.26720428 1.724503  ]
[0.01       0.01000005 0.01580719 0.2860729  0.22590242 0.23793943
 0.01       0.01000005 0.19957679 0.21920281 0.26720428 1.724503  ] 1.0475218154622203
[0.01       0.01000004 0.0158072  0.2860729  0.22590242 0.23793943
 0.01       0.01000005 0.19957679 0.21920281 0.26720428 1.724503  ]
[0.01       0.01000004 0.0158072  0.2860729  0.22590242 0.23793943
 0.01       0.01000005 0.19957679 0.21920281 0.26720428 1.724503  ] 1.0475219322096707
[0.01       0.01000004 0.01580719 0.28607291 0.22590242 0.23793943
 0.01       0.01000005 0.19957679 0.21920281 0.26720428 1.724503  ]
[0.01       0.01000004 0.01580719 0.28607291 0.22590242 0.23793943
 0.01       0.01000005 0.19957679 0.21920281 0.26720428 1.724503  ] 1.0475217756342325
[0.01       0.01000004 0.01580719 0.2860729  0.22590243 0.23793943
 0.01       0.01000005 0.19957679 0.21920281 0.26720428 1.724503  ]
[0.01       0.01000004 0.01580719 0.2860729  0.22590243 0.23793943
 0.01       0.01000005 0.19957679 0.21920281 0.26720428 1.724503  ] 1.0475218232700605
[0.01       0.01000004 0.01580719 0.2860729  0.22590242 0.23793944
 0.01       0.01000005 0.19957679 0.21920281 0.26720428 1.724503  ]
[0.01       0.01000004 0.01580719 0.2860729  0.22590242 0.23793944
 0.01       0.01000005 0.19957679 0.21920281 0.26720428 1.724503  ] 1.0475217962678347
[0.01       0.01000004 0.01580719 0.2860729  0.22590242 0.23793943
 0.01000001 0.01000005 0.19957679 0.21920281 0.26720428 1.724503  ]
[0.01       0.01000004 0.01580719 0.2860729  0.22590242 0.23793943
 0.01000001 0.01000005 0.19957679 0.21920281 0.26720428 1.724503  ] 1.0475219374718998
[0.01       0.01000004 0.01580719 0.2860729  0.22590242 0.23793943
 0.01       0.01000006 0.19957679 0.21920281 0.26720428 1.724503  ]
[0.01       0.01000004 0.01580719 0.2860729  0.22590242 0.23793943
 0.01       0.01000006 0.19957679 0.21920281 0.26720428 1.724503  ] 1.0475218428407345
[0.01       0.01000004 0.01580719 0.2860729  0.22590242 0.23793943
 0.01       0.01000005 0.1995768  0.21920281 0.26720428 1.724503  ]
[0.01       0.01000004 0.01580719 0.2860729  0.22590242 0.23793943
 0.01       0.01000005 0.1995768  0.21920281 0.26720428 1.724503  ] 1.0475218959942474
[0.01       0.01000004 0.01580719 0.2860729  0.22590242 0.23793943
 0.01       0.01000005 0.19957679 0.21920282 0.26720428 1.724503  ]
[0.01       0.01000004 0.01580719 0.2860729  0.22590242 0.23793943
 0.01       0.01000005 0.19957679 0.21920282 0.26720428 1.724503  ] 1.0475217846105889
[0.01       0.01000004 0.01580719 0.2860729  0.22590242 0.23793943
 0.01       0.01000005 0.19957679 0.21920281 0.26720429 1.724503  ]
[0.01       0.01000004 0.01580719 0.2860729  0.22590242 0.23793943
 0.01       0.01000005 0.19957679 0.21920281 0.26720429 1.724503  ] 1.04752173281156
[0.01       0.01000004 0.01580719 0.2860729  0.22590242 0.23793943
 0.01       0.01000005 0.19957679 0.21920281 0.26720428 1.72450301]
[0.01       0.01000004 0.01580719 0.2860729  0.22590242 0.23793943
 0.01       0.01000005 0.19957679 0.21920281 0.26720428 1.72450301] 1.0475217443513467
[0.01       0.01000005 0.0158072  0.28607291 0.22590242 0.23793944
 0.01       0.01000006 0.19957679 0.21920283 0.26720429 1.72450301]
[0.01       0.01000005 0.0158072  0.28607291 0.22590242 0.23793944
 0.01       0.01000006 0.19957679 0.21920283 0.26720429 1.72450301] 1.0475217681183955
[0.01000001 0.01000005 0.0158072  0.28607291 0.22590242 0.23793944
 0.01       0.01000006 0.19957679 0.21920283 0.26720429 1.72450301]
[0.01000001 0.01000005 0.0158072  0.28607291 0.22590242 0.23793944
 0.01       0.01000006 0.19957679 0.21920283 0.26720429 1.72450301] 1.0475218847993752
[0.01       0.01000006 0.0158072  0.28607291 0.22590242 0.23793944
 0.01       0.01000006 0.19957679 0.21920283 0.26720429 1.72450301]
[0.01       0.01000006 0.0158072  0.28607291 0.22590242 0.23793944
 0.01       0.01000006 0.19957679 0.21920283 0.26720429 1.72450301] 1.0475218681695622
[0.01       0.01000005 0.01580721 0.28607291 0.22590242 0.23793944
 0.01       0.01000006 0.19957679 0.21920283 0.26720429 1.72450301]
[0.01       0.01000005 0.01580721 0.28607291 0.22590242 0.23793944
 0.01       0.01000006 0.19957679 0.21920283 0.26720429 1.72450301] 1.0475216014510091
[0.01       0.01000005 0.0158072  0.28607292 0.22590242 0.23793944
 0.01       0.01000006 0.19957679 0.21920283 0.26720429 1.72450301]
[0.01       0.01000005 0.0158072  0.28607292 0.22590242 0.23793944
 0.01       0.01000006 0.19957679 0.21920283 0.26720429 1.72450301] 1.0475217456402959
[0.01       0.01000005 0.0158072  0.28607291 0.22590243 0.23793944
 0.01       0.01000006 0.19957679 0.21920283 0.26720429 1.72450301]
[0.01       0.01000005 0.0158072  0.28607291 0.22590243 0.23793944
 0.01       0.01000006 0.19957679 0.21920283 0.26720429 1.72450301] 1.0475218329198117
[0.01       0.01000005 0.0158072  0.28607291 0.22590242 0.23793945
 0.01       0.01000006 0.19957679 0.21920283 0.26720429 1.72450301]
[0.01       0.01000005 0.0158072  0.28607291 0.22590242 0.23793945
 0.01       0.01000006 0.19957679 0.21920283 0.26720429 1.72450301] 1.0475218491769895
[0.01       0.01000005 0.0158072  0.28607291 0.22590242 0.23793944
 0.01000001 0.01000006 0.19957679 0.21920283 0.26720429 1.72450301]
[0.01       0.01000005 0.0158072  0.28607291 0.22590242 0.23793944
 0.01000001 0.01000006 0.19957679 0.21920283 0.26720429 1.72450301] 1.0475218221095592
[0.01       0.01000005 0.0158072  0.28607291 0.22590242 0.23793944
 0.01       0.01000007 0.19957679 0.21920283 0.26720429 1.72450301]
[0.01       0.01000005 0.0158072  0.28607291 0.22590242 0.23793944
 0.01       0.01000007 0.19957679 0.21920283 0.26720429 1.72450301] 1.0475217100030332
[0.01       0.01000005 0.0158072  0.28607291 0.22590242 0.23793944
 0.01       0.01000006 0.1995768  0.21920283 0.26720429 1.72450301]
[0.01       0.01000005 0.0158072  0.28607291 0.22590242 0.23793944
 0.01       0.01000006 0.1995768  0.21920283 0.26720429 1.72450301] 1.0475218320183999
[0.01       0.01000005 0.0158072  0.28607291 0.22590242 0.23793944
 0.01       0.01000006 0.19957679 0.21920284 0.26720429 1.72450301]
[0.01       0.01000005 0.0158072  0.28607291 0.22590242 0.23793944
 0.01       0.01000006 0.19957679 0.21920284 0.26720429 1.72450301] 1.0475218250886282
[0.01       0.01000005 0.0158072  0.28607291 0.22590242 0.23793944
 0.01       0.01000006 0.19957679 0.21920283 0.2672043  1.72450301]
[0.01       0.01000005 0.0158072  0.28607291 0.22590242 0.23793944
 0.01       0.01000006 0.19957679 0.21920283 0.2672043  1.72450301] 1.0475219310964752
[0.01       0.01000005 0.0158072  0.28607291 0.22590242 0.23793944
 0.01       0.01000006 0.19957679 0.21920283 0.26720429 1.72450302]
[0.01       0.01000005 0.0158072  0.28607291 0.22590242 0.23793944
 0.01       0.01000006 0.19957679 0.21920283 0.26720429 1.72450302] 1.0475217955038227
[0.01       0.01000005 0.01580721 0.28607291 0.22590242 0.23793945
 0.01       0.01000006 0.1995768  0.21920284 0.26720429 1.72450302]
[0.01       0.01000005 0.01580721 0.28607291 0.22590242 0.23793945
 0.01       0.01000006 0.1995768  0.21920284 0.26720429 1.72450302] 1.0475218734706615
[0.01000001 0.01000005 0.01580721 0.28607291 0.22590242 0.23793945
 0.01       0.01000006 0.1995768  0.21920284 0.26720429 1.72450302]
[0.01000001 0.01000005 0.01580721 0.28607291 0.22590242 0.23793945
 0.01       0.01000006 0.1995768  0.21920284 0.26720429 1.72450302] 1.0475219438315544
[0.01       0.01000006 0.01580721 0.28607291 0.22590242 0.23793945
 0.01       0.01000006 0.1995768  0.21920284 0.26720429 1.72450302]
[0.01       0.01000006 0.01580721 0.28607291 0.22590242 0.23793945
 0.01       0.01000006 0.1995768  0.21920284 0.26720429 1.72450302] 1.0475217476003404
[0.01       0.01000005 0.01580722 0.28607291 0.22590242 0.23793945
 0.01       0.01000006 0.1995768  0.21920284 0.26720429 1.72450302]
[0.01       0.01000005 0.01580722 0.28607291 0.22590242 0.23793945
 0.01       0.01000006 0.1995768  0.21920284 0.26720429 1.72450302] 1.0475217851868421
[0.01       0.01000005 0.01580721 0.28607292 0.22590242 0.23793945
 0.01       0.01000006 0.1995768  0.21920284 0.26720429 1.72450302]
[0.01       0.01000005 0.01580721 0.28607292 0.22590242 0.23793945
 0.01       0.01000006 0.1995768  0.21920284 0.26720429 1.72450302] 1.0475216840418893
[0.01       0.01000005 0.01580721 0.28607291 0.22590243 0.23793945
 0.01       0.01000006 0.1995768  0.21920284 0.26720429 1.72450302]
[0.01       0.01000005 0.01580721 0.28607291 0.22590243 0.23793945
 0.01       0.01000006 0.1995768  0.21920284 0.26720429 1.72450302] 1.0475216555880544
[0.01       0.01000005 0.01580721 0.28607291 0.22590242 0.23793946
 0.01       0.01000006 0.1995768  0.21920284 0.26720429 1.72450302]
[0.01       0.01000005 0.01580721 0.28607291 0.22590242 0.23793946
 0.01       0.01000006 0.1995768  0.21920284 0.26720429 1.72450302] 1.047521665878841
[0.01       0.01000005 0.01580721 0.28607291 0.22590242 0.23793945
 0.01000001 0.01000006 0.1995768  0.21920284 0.26720429 1.72450302]
[0.01       0.01000005 0.01580721 0.28607291 0.22590242 0.23793945
 0.01000001 0.01000006 0.1995768  0.21920284 0.26720429 1.72450302] 1.047521688876397
[0.01       0.01000005 0.01580721 0.28607291 0.22590242 0.23793945
 0.01       0.01000007 0.1995768  0.21920284 0.26720429 1.72450302]
[0.01       0.01000005 0.01580721 0.28607291 0.22590242 0.23793945
 0.01       0.01000007 0.1995768  0.21920284 0.26720429 1.72450302] 1.047521657972717
[0.01       0.01000005 0.01580721 0.28607291 0.22590242 0.23793945
 0.01       0.01000006 0.19957681 0.21920284 0.26720429 1.72450302]
[0.01       0.01000005 0.01580721 0.28607291 0.22590242 0.23793945
 0.01       0.01000006 0.19957681 0.21920284 0.26720429 1.72450302] 1.047521821162635
[0.01       0.01000005 0.01580721 0.28607291 0.22590242 0.23793945
 0.01       0.01000006 0.1995768  0.21920285 0.26720429 1.72450302]
[0.01       0.01000005 0.01580721 0.28607291 0.22590242 0.23793945
 0.01       0.01000006 0.1995768  0.21920285 0.26720429 1.72450302] 1.0475217774639085
[0.01       0.01000005 0.01580721 0.28607291 0.22590242 0.23793945
 0.01       0.01000006 0.1995768  0.21920284 0.2672043  1.72450302]
[0.01       0.01000005 0.01580721 0.28607291 0.22590242 0.23793945
 0.01       0.01000006 0.1995768  0.21920284 0.2672043  1.72450302] 1.0475219849077808
[0.01       0.01000005 0.01580721 0.28607291 0.22590242 0.23793945
 0.01       0.01000006 0.1995768  0.21920284 0.26720429 1.72450303]
[0.01       0.01000005 0.01580721 0.28607291 0.22590242 0.23793945
 0.01       0.01000006 0.1995768  0.21920284 0.26720429 1.72450303] 1.0475218065879595
[0.01       0.01       0.01580711 0.28607287 0.22590243 0.2379394
 0.01       0.01       0.19957677 0.21920275 0.26720422 1.72450299]
[0.01       0.01       0.01580711 0.28607287 0.22590243 0.2379394
 0.01       0.01       0.19957677 0.21920275 0.26720422 1.72450299] 1.047521797816969
[0.01000001 0.01       0.01580711 0.28607287 0.22590243 0.2379394
 0.01       0.01       0.19957677 0.21920275 0.26720422 1.72450299]
[0.01000001 0.01       0.01580711 0.28607287 0.22590243 0.2379394
 0.01       0.01       0.19957677 0.21920275 0.26720422 1.72450299] 1.0475218359476866
[0.01       0.01000001 0.01580711 0.28607287 0.22590243 0.2379394
 0.01       0.01       0.19957677 0.21920275 0.26720422 1.72450299]
[0.01       0.01000001 0.01580711 0.28607287 0.22590243 0.2379394
 0.01       0.01       0.19957677 0.21920275 0.26720422 1.72450299] 1.0475218084810651
[0.01       0.01       0.01580712 0.28607287 0.22590243 0.2379394
 0.01       0.01       0.19957677 0.21920275 0.26720422 1.72450299]
[0.01       0.01       0.01580712 0.28607287 0.22590243 0.2379394
 0.01       0.01       0.19957677 0.21920275 0.26720422 1.72450299] 1.0475217624876683
[0.01       0.01       0.01580711 0.28607288 0.22590243 0.2379394
 0.01       0.01       0.19957677 0.21920275 0.26720422 1.72450299]
[0.01       0.01       0.01580711 0.28607288 0.22590243 0.2379394
 0.01       0.01       0.19957677 0.21920275 0.26720422 1.72450299] 1.0475218809363147
[0.01       0.01       0.01580711 0.28607287 0.22590244 0.2379394
 0.01       0.01       0.19957677 0.21920275 0.26720422 1.72450299]
[0.01       0.01       0.01580711 0.28607287 0.22590244 0.2379394
 0.01       0.01       0.19957677 0.21920275 0.26720422 1.72450299] 1.0475217928488663
[0.01       0.01       0.01580711 0.28607287 0.22590243 0.23793941
 0.01       0.01       0.19957677 0.21920275 0.26720422 1.72450299]
[0.01       0.01       0.01580711 0.28607287 0.22590243 0.23793941
 0.01       0.01       0.19957677 0.21920275 0.26720422 1.72450299] 1.0475218737745746
[0.01       0.01       0.01580711 0.28607287 0.22590243 0.2379394
 0.01000001 0.01       0.19957677 0.21920275 0.26720422 1.72450299]
[0.01       0.01       0.01580711 0.28607287 0.22590243 0.2379394
 0.01000001 0.01       0.19957677 0.21920275 0.26720422 1.72450299] 1.0475217696099588
[0.01       0.01       0.01580711 0.28607287 0.22590243 0.2379394
 0.01       0.01000001 0.19957677 0.21920275 0.26720422 1.72450299]
[0.01       0.01       0.01580711 0.28607287 0.22590243 0.2379394
 0.01       0.01000001 0.19957677 0.21920275 0.26720422 1.72450299] 1.0475218245073574
[0.01       0.01       0.01580711 0.28607287 0.22590243 0.2379394
 0.01       0.01       0.19957678 0.21920275 0.26720422 1.72450299]
[0.01       0.01       0.01580711 0.28607287 0.22590243 0.2379394
 0.01       0.01       0.19957678 0.21920275 0.26720422 1.72450299] 1.0475219303751386
[0.01       0.01       0.01580711 0.28607287 0.22590243 0.2379394
 0.01       0.01       0.19957677 0.21920276 0.26720422 1.72450299]
[0.01       0.01       0.01580711 0.28607287 0.22590243 0.2379394
 0.01       0.01       0.19957677 0.21920276 0.26720422 1.72450299] 1.0475217309097664
[0.01       0.01       0.01580711 0.28607287 0.22590243 0.2379394
 0.01       0.01       0.19957677 0.21920275 0.26720423 1.72450299]
[0.01       0.01       0.01580711 0.28607287 0.22590243 0.2379394
 0.01       0.01       0.19957677 0.21920275 0.26720423 1.72450299] 1.047521828335367
[0.01       0.01       0.01580711 0.28607287 0.22590243 0.2379394
 0.01       0.01       0.19957677 0.21920275 0.26720422 1.724503  ]
[0.01       0.01       0.01580711 0.28607287 0.22590243 0.2379394
 0.01       0.01       0.19957677 0.21920275 0.26720422 1.724503  ] 1.0475219526928632
[0.01       0.01000003 0.01580717 0.2860729  0.22590242 0.23793943
 0.01       0.01000004 0.19957679 0.21920281 0.26720426 1.72450301]
[0.01       0.01000003 0.01580717 0.2860729  0.22590242 0.23793943
 0.01       0.01000004 0.19957679 0.21920281 0.26720426 1.72450301] 1.0475217540780877
[0.01000001 0.01000003 0.01580717 0.2860729  0.22590242 0.23793943
 0.01       0.01000004 0.19957679 0.21920281 0.26720426 1.72450301]
[0.01000001 0.01000003 0.01580717 0.2860729  0.22590242 0.23793943
 0.01       0.01000004 0.19957679 0.21920281 0.26720426 1.72450301] 1.047521880039183
[0.01       0.01000004 0.01580717 0.2860729  0.22590242 0.23793943
 0.01       0.01000004 0.19957679 0.21920281 0.26720426 1.72450301]
[0.01       0.01000004 0.01580717 0.2860729  0.22590242 0.23793943
 0.01       0.01000004 0.19957679 0.21920281 0.26720426 1.72450301] 1.0475218846268042
[0.01       0.01000003 0.01580718 0.2860729  0.22590242 0.23793943
 0.01       0.01000004 0.19957679 0.21920281 0.26720426 1.72450301]
[0.01       0.01000003 0.01580718 0.2860729  0.22590242 0.23793943
 0.01       0.01000004 0.19957679 0.21920281 0.26720426 1.72450301] 1.04752180962961
[0.01       0.01000003 0.01580717 0.28607291 0.22590242 0.23793943
 0.01       0.01000004 0.19957679 0.21920281 0.26720426 1.72450301]
[0.01       0.01000003 0.01580717 0.28607291 0.22590242 0.23793943
 0.01       0.01000004 0.19957679 0.21920281 0.26720426 1.72450301] 1.0475218148366836
[0.01       0.01000003 0.01580717 0.2860729  0.22590243 0.23793943
 0.01       0.01000004 0.19957679 0.21920281 0.26720426 1.72450301]
[0.01       0.01000003 0.01580717 0.2860729  0.22590243 0.23793943
 0.01       0.01000004 0.19957679 0.21920281 0.26720426 1.72450301] 1.0475217695038794
[0.01       0.01000003 0.01580717 0.2860729  0.22590242 0.23793944
 0.01       0.01000004 0.19957679 0.21920281 0.26720426 1.72450301]
[0.01       0.01000003 0.01580717 0.2860729  0.22590242 0.23793944
 0.01       0.01000004 0.19957679 0.21920281 0.26720426 1.72450301] 1.0475219069761381
[0.01       0.01000003 0.01580717 0.2860729  0.22590242 0.23793943
 0.01000001 0.01000004 0.19957679 0.21920281 0.26720426 1.72450301]
[0.01       0.01000003 0.01580717 0.2860729  0.22590242 0.23793943
 0.01000001 0.01000004 0.19957679 0.21920281 0.26720426 1.72450301] 1.0475217047428662
[0.01       0.01000003 0.01580717 0.2860729  0.22590242 0.23793943
 0.01       0.01000005 0.19957679 0.21920281 0.26720426 1.72450301]
[0.01       0.01000003 0.01580717 0.2860729  0.22590242 0.23793943
 0.01       0.01000005 0.19957679 0.21920281 0.26720426 1.72450301] 1.0475217171782225
[0.01       0.01000003 0.01580717 0.2860729  0.22590242 0.23793943
 0.01       0.01000004 0.1995768  0.21920281 0.26720426 1.72450301]
[0.01       0.01000003 0.01580717 0.2860729  0.22590242 0.23793943
 0.01       0.01000004 0.1995768  0.21920281 0.26720426 1.72450301] 1.0475219475497395
[0.01       0.01000003 0.01580717 0.2860729  0.22590242 0.23793943
 0.01       0.01000004 0.19957679 0.21920282 0.26720426 1.72450301]
[0.01       0.01000003 0.01580717 0.2860729  0.22590242 0.23793943
 0.01       0.01000004 0.19957679 0.21920282 0.26720426 1.72450301] 1.04752179190896
[0.01       0.01000003 0.01580717 0.2860729  0.22590242 0.23793943
 0.01       0.01000004 0.19957679 0.21920281 0.26720427 1.72450301]
[0.01       0.01000003 0.01580717 0.2860729  0.22590242 0.23793943
 0.01       0.01000004 0.19957679 0.21920281 0.26720427 1.72450301] 1.047521719140185
[0.01       0.01000003 0.01580717 0.2860729  0.22590242 0.23793943
 0.01       0.01000004 0.19957679 0.21920281 0.26720426 1.72450302]
[0.01       0.01000003 0.01580717 0.2860729  0.22590242 0.23793943
 0.01       0.01000004 0.19957679 0.21920281 0.26720426 1.72450302] 1.0475218107664148
[0.01       0.01000004 0.01580719 0.28607291 0.22590242 0.23793944
 0.01       0.01000005 0.19957679 0.21920283 0.26720428 1.72450301]
[0.01       0.01000004 0.01580719 0.28607291 0.22590242 0.23793944
 0.01       0.01000005 0.19957679 0.21920283 0.26720428 1.72450301] 1.0475218991592699
[0.01000001 0.01000004 0.01580719 0.28607291 0.22590242 0.23793944
 0.01       0.01000005 0.19957679 0.21920283 0.26720428 1.72450301]
[0.01000001 0.01000004 0.01580719 0.28607291 0.22590242 0.23793944
 0.01       0.01000005 0.19957679 0.21920283 0.26720428 1.72450301] 1.0475217508741252
[0.01       0.01000005 0.01580719 0.28607291 0.22590242 0.23793944
 0.01       0.01000005 0.19957679 0.21920283 0.26720428 1.72450301]
[0.01       0.01000005 0.01580719 0.28607291 0.22590242 0.23793944
 0.01       0.01000005 0.19957679 0.21920283 0.26720428 1.72450301] 1.0475219134089855
[0.01       0.01000004 0.0158072  0.28607291 0.22590242 0.23793944
 0.01       0.01000005 0.19957679 0.21920283 0.26720428 1.72450301]
[0.01       0.01000004 0.0158072  0.28607291 0.22590242 0.23793944
 0.01       0.01000005 0.19957679 0.21920283 0.26720428 1.72450301] 1.0475218629998488
[0.01       0.01000004 0.01580719 0.28607292 0.22590242 0.23793944
 0.01       0.01000005 0.19957679 0.21920283 0.26720428 1.72450301]
[0.01       0.01000004 0.01580719 0.28607292 0.22590242 0.23793944
 0.01       0.01000005 0.19957679 0.21920283 0.26720428 1.72450301] 1.0475217967878112
[0.01       0.01000004 0.01580719 0.28607291 0.22590243 0.23793944
 0.01       0.01000005 0.19957679 0.21920283 0.26720428 1.72450301]
[0.01       0.01000004 0.01580719 0.28607291 0.22590243 0.23793944
 0.01       0.01000005 0.19957679 0.21920283 0.26720428 1.72450301] 1.0475216946708756
[0.01       0.01000004 0.01580719 0.28607291 0.22590242 0.23793945
 0.01       0.01000005 0.19957679 0.21920283 0.26720428 1.72450301]
[0.01       0.01000004 0.01580719 0.28607291 0.22590242 0.23793945
 0.01       0.01000005 0.19957679 0.21920283 0.26720428 1.72450301] 1.0475218322803157
[0.01       0.01000004 0.01580719 0.28607291 0.22590242 0.23793944
 0.01000001 0.01000005 0.19957679 0.21920283 0.26720428 1.72450301]
[0.01       0.01000004 0.01580719 0.28607291 0.22590242 0.23793944
 0.01000001 0.01000005 0.19957679 0.21920283 0.26720428 1.72450301] 1.0475218701847626
[0.01       0.01000004 0.01580719 0.28607291 0.22590242 0.23793944
 0.01       0.01000006 0.19957679 0.21920283 0.26720428 1.72450301]
[0.01       0.01000004 0.01580719 0.28607291 0.22590242 0.23793944
 0.01       0.01000006 0.19957679 0.21920283 0.26720428 1.72450301] 1.0475217637327754
[0.01       0.01000004 0.01580719 0.28607291 0.22590242 0.23793944
 0.01       0.01000005 0.1995768  0.21920283 0.26720428 1.72450301]
[0.01       0.01000004 0.01580719 0.28607291 0.22590242 0.23793944
 0.01       0.01000005 0.1995768  0.21920283 0.26720428 1.72450301] 1.0475217491622455
[0.01       0.01000004 0.01580719 0.28607291 0.22590242 0.23793944
 0.01       0.01000005 0.19957679 0.21920284 0.26720428 1.72450301]
[0.01       0.01000004 0.01580719 0.28607291 0.22590242 0.23793944
 0.01       0.01000005 0.19957679 0.21920284 0.26720428 1.72450301] 1.0475217667981587
[0.01       0.01000004 0.01580719 0.28607291 0.22590242 0.23793944
 0.01       0.01000005 0.19957679 0.21920283 0.26720429 1.72450301]
[0.01       0.01000004 0.01580719 0.28607291 0.22590242 0.23793944
 0.01       0.01000005 0.19957679 0.21920283 0.26720429 1.72450301] 1.0475217806146657
[0.01       0.01000004 0.01580719 0.28607291 0.22590242 0.23793944
 0.01       0.01000005 0.19957679 0.21920283 0.26720428 1.72450302]
[0.01       0.01000004 0.01580719 0.28607291 0.22590242 0.23793944
 0.01       0.01000005 0.19957679 0.21920283 0.26720428 1.72450302] 1.047521767941325
[0.01       0.01000003 0.01580718 0.2860729  0.22590242 0.23793943
 0.01       0.01000004 0.19957679 0.21920281 0.26720427 1.72450301]
[0.01       0.01000003 0.01580718 0.2860729  0.22590242 0.23793943
 0.01       0.01000004 0.19957679 0.21920281 0.26720427 1.72450301] 1.0475218607950636
[0.01000001 0.01000003 0.01580718 0.2860729  0.22590242 0.23793943
 0.01       0.01000004 0.19957679 0.21920281 0.26720427 1.72450301]
[0.01000001 0.01000003 0.01580718 0.2860729  0.22590242 0.23793943
 0.01       0.01000004 0.19957679 0.21920281 0.26720427 1.72450301] 1.0475219127460096
[0.01       0.01000004 0.01580718 0.2860729  0.22590242 0.23793943
 0.01       0.01000004 0.19957679 0.21920281 0.26720427 1.72450301]
[0.01       0.01000004 0.01580718 0.2860729  0.22590242 0.23793943
 0.01       0.01000004 0.19957679 0.21920281 0.26720427 1.72450301] 1.047521875659779
[0.01       0.01000003 0.01580719 0.2860729  0.22590242 0.23793943
 0.01       0.01000004 0.19957679 0.21920281 0.26720427 1.72450301]
[0.01       0.01000003 0.01580719 0.2860729  0.22590242 0.23793943
 0.01       0.01000004 0.19957679 0.21920281 0.26720427 1.72450301] 1.047521814223407
[0.01       0.01000003 0.01580718 0.28607291 0.22590242 0.23793943
 0.01       0.01000004 0.19957679 0.21920281 0.26720427 1.72450301]
[0.01       0.01000003 0.01580718 0.28607291 0.22590242 0.23793943
 0.01       0.01000004 0.19957679 0.21920281 0.26720427 1.72450301] 1.0475217898837694
[0.01       0.01000003 0.01580718 0.2860729  0.22590243 0.23793943
 0.01       0.01000004 0.19957679 0.21920281 0.26720427 1.72450301]
[0.01       0.01000003 0.01580718 0.2860729  0.22590243 0.23793943
 0.01       0.01000004 0.19957679 0.21920281 0.26720427 1.72450301] 1.0475218362081977
[0.01       0.01000003 0.01580718 0.2860729  0.22590242 0.23793944
 0.01       0.01000004 0.19957679 0.21920281 0.26720427 1.72450301]
[0.01       0.01000003 0.01580718 0.2860729  0.22590242 0.23793944
 0.01       0.01000004 0.19957679 0.21920281 0.26720427 1.72450301] 1.0475217682683227
[0.01       0.01000003 0.01580718 0.2860729  0.22590242 0.23793943
 0.01000001 0.01000004 0.19957679 0.21920281 0.26720427 1.72450301]
[0.01       0.01000003 0.01580718 0.2860729  0.22590242 0.23793943
 0.01000001 0.01000004 0.19957679 0.21920281 0.26720427 1.72450301] 1.04752167842843
[0.01       0.01000003 0.01580718 0.2860729  0.22590242 0.23793943
 0.01       0.01000005 0.19957679 0.21920281 0.26720427 1.72450301]
[0.01       0.01000003 0.01580718 0.2860729  0.22590242 0.23793943
 0.01       0.01000005 0.19957679 0.21920281 0.26720427 1.72450301] 1.0475218101203836
[0.01       0.01000003 0.01580718 0.2860729  0.22590242 0.23793943
 0.01       0.01000004 0.1995768  0.21920281 0.26720427 1.72450301]
[0.01       0.01000003 0.01580718 0.2860729  0.22590242 0.23793943
 0.01       0.01000004 0.1995768  0.21920281 0.26720427 1.72450301] 1.0475218541945102
[0.01       0.01000003 0.01580718 0.2860729  0.22590242 0.23793943
 0.01       0.01000004 0.19957679 0.21920282 0.26720427 1.72450301]
[0.01       0.01000003 0.01580718 0.2860729  0.22590242 0.23793943
 0.01       0.01000004 0.19957679 0.21920282 0.26720427 1.72450301] 1.04752183661151
[0.01       0.01000003 0.01580718 0.2860729  0.22590242 0.23793943
 0.01       0.01000004 0.19957679 0.21920281 0.26720428 1.72450301]
[0.01       0.01000003 0.01580718 0.2860729  0.22590242 0.23793943
 0.01       0.01000004 0.19957679 0.21920281 0.26720428 1.72450301] 1.047521915933692
[0.01       0.01000003 0.01580718 0.2860729  0.22590242 0.23793943
 0.01       0.01000004 0.19957679 0.21920281 0.26720427 1.72450302]
[0.01       0.01000003 0.01580718 0.2860729  0.22590242 0.23793943
 0.01       0.01000004 0.19957679 0.21920281 0.26720427 1.72450302] 1.0475217921700557
[0.01       0.01000004 0.01580719 0.28607291 0.22590242 0.23793944
 0.01       0.01000005 0.19957679 0.21920282 0.26720428 1.72450301]
[0.01       0.01000004 0.01580719 0.28607291 0.22590242 0.23793944
 0.01       0.01000005 0.19957679 0.21920282 0.26720428 1.72450301] 1.0475218828974326
[0.01000001 0.01000004 0.01580719 0.28607291 0.22590242 0.23793944
 0.01       0.01000005 0.19957679 0.21920282 0.26720428 1.72450301]
[0.01000001 0.01000004 0.01580719 0.28607291 0.22590242 0.23793944
 0.01       0.01000005 0.19957679 0.21920282 0.26720428 1.72450301] 1.0475219136078842
[0.01       0.01000005 0.01580719 0.28607291 0.22590242 0.23793944
 0.01       0.01000005 0.19957679 0.21920282 0.26720428 1.72450301]
[0.01       0.01000005 0.01580719 0.28607291 0.22590242 0.23793944
 0.01       0.01000005 0.19957679 0.21920282 0.26720428 1.72450301] 1.0475217758174424
[0.01       0.01000004 0.0158072  0.28607291 0.22590242 0.23793944
 0.01       0.01000005 0.19957679 0.21920282 0.26720428 1.72450301]
[0.01       0.01000004 0.0158072  0.28607291 0.22590242 0.23793944
 0.01       0.01000005 0.19957679 0.21920282 0.26720428 1.72450301] 1.0475217380173276
[0.01       0.01000004 0.01580719 0.28607292 0.22590242 0.23793944
 0.01       0.01000005 0.19957679 0.21920282 0.26720428 1.72450301]
[0.01       0.01000004 0.01580719 0.28607292 0.22590242 0.23793944
 0.01       0.01000005 0.19957679 0.21920282 0.26720428 1.72450301] 1.0475218252957452
[0.01       0.01000004 0.01580719 0.28607291 0.22590243 0.23793944
 0.01       0.01000005 0.19957679 0.21920282 0.26720428 1.72450301]
[0.01       0.01000004 0.01580719 0.28607291 0.22590243 0.23793944
 0.01       0.01000005 0.19957679 0.21920282 0.26720428 1.72450301] 1.0475218465103824
[0.01       0.01000004 0.01580719 0.28607291 0.22590242 0.23793945
 0.01       0.01000005 0.19957679 0.21920282 0.26720428 1.72450301]
[0.01       0.01000004 0.01580719 0.28607291 0.22590242 0.23793945
 0.01       0.01000005 0.19957679 0.21920282 0.26720428 1.72450301] 1.04752186955321
[0.01       0.01000004 0.01580719 0.28607291 0.22590242 0.23793944
 0.01000001 0.01000005 0.19957679 0.21920282 0.26720428 1.72450301]
[0.01       0.01000004 0.01580719 0.28607291 0.22590242 0.23793944
 0.01000001 0.01000005 0.19957679 0.21920282 0.26720428 1.72450301] 1.0475217292234629
[0.01       0.01000004 0.01580719 0.28607291 0.22590242 0.23793944
 0.01       0.01000006 0.19957679 0.21920282 0.26720428 1.72450301]
[0.01       0.01000004 0.01580719 0.28607291 0.22590242 0.23793944
 0.01       0.01000006 0.19957679 0.21920282 0.26720428 1.72450301] 1.0475217374215244
[0.01       0.01000004 0.01580719 0.28607291 0.22590242 0.23793944
 0.01       0.01000005 0.1995768  0.21920282 0.26720428 1.72450301]
[0.01       0.01000004 0.01580719 0.28607291 0.22590242 0.23793944
 0.01       0.01000005 0.1995768  0.21920282 0.26720428 1.72450301] 1.0475216620920287
[0.01       0.01000004 0.01580719 0.28607291 0.22590242 0.23793944
 0.01       0.01000005 0.19957679 0.21920283 0.26720428 1.72450301]
[0.01       0.01000004 0.01580719 0.28607291 0.22590242 0.23793944
 0.01       0.01000005 0.19957679 0.21920283 0.26720428 1.72450301] 1.0475218814618308
[0.01       0.01000004 0.01580719 0.28607291 0.22590242 0.23793944
 0.01       0.01000005 0.19957679 0.21920282 0.26720429 1.72450301]
[0.01       0.01000004 0.01580719 0.28607291 0.22590242 0.23793944
 0.01       0.01000005 0.19957679 0.21920282 0.26720429 1.72450301] 1.0475218588868571
[0.01       0.01000004 0.01580719 0.28607291 0.22590242 0.23793944
 0.01       0.01000005 0.19957679 0.21920282 0.26720428 1.72450302]
[0.01       0.01000004 0.01580719 0.28607291 0.22590242 0.23793944
 0.01       0.01000005 0.19957679 0.21920282 0.26720428 1.72450302] 1.0475217621238775
[0.01       0.01       0.01580667 0.28607271 0.22590247 0.23793925
 0.01       0.01       0.19957668 0.21920244 0.26720388 1.72450291]
[0.01       0.01       0.01580667 0.28607271 0.22590247 0.23793925
 0.01       0.01       0.19957668 0.21920244 0.26720388 1.72450291] 1.04752188004471
[0.01000001 0.01       0.01580667 0.28607271 0.22590247 0.23793925
 0.01       0.01       0.19957668 0.21920244 0.26720388 1.72450291]
[0.01000001 0.01       0.01580667 0.28607271 0.22590247 0.23793925
 0.01       0.01       0.19957668 0.21920244 0.26720388 1.72450291] 1.0475219192730587
[0.01       0.01000001 0.01580667 0.28607271 0.22590247 0.23793925
 0.01       0.01       0.19957668 0.21920244 0.26720388 1.72450291]
[0.01       0.01000001 0.01580667 0.28607271 0.22590247 0.23793925
 0.01       0.01       0.19957668 0.21920244 0.26720388 1.72450291] 1.0475219819452664
[0.01       0.01       0.01580668 0.28607271 0.22590247 0.23793925
 0.01       0.01       0.19957668 0.21920244 0.26720388 1.72450291]
[0.01       0.01       0.01580668 0.28607271 0.22590247 0.23793925
 0.01       0.01       0.19957668 0.21920244 0.26720388 1.72450291] 1.0475220092188169
[0.01       0.01       0.01580667 0.28607272 0.22590247 0.23793925
 0.01       0.01       0.19957668 0.21920244 0.26720388 1.72450291]
[0.01       0.01       0.01580667 0.28607272 0.22590247 0.23793925
 0.01       0.01       0.19957668 0.21920244 0.26720388 1.72450291] 1.047521949713067
[0.01       0.01       0.01580667 0.28607271 0.22590248 0.23793925
 0.01       0.01       0.19957668 0.21920244 0.26720388 1.72450291]
[0.01       0.01       0.01580667 0.28607271 0.22590248 0.23793925
 0.01       0.01       0.19957668 0.21920244 0.26720388 1.72450291] 1.04752201967587
[0.01       0.01       0.01580667 0.28607271 0.22590247 0.23793926
 0.01       0.01       0.19957668 0.21920244 0.26720388 1.72450291]
[0.01       0.01       0.01580667 0.28607271 0.22590247 0.23793926
 0.01       0.01       0.19957668 0.21920244 0.26720388 1.72450291] 1.0475219306531023
[0.01       0.01       0.01580667 0.28607271 0.22590247 0.23793925
 0.01000001 0.01       0.19957668 0.21920244 0.26720388 1.72450291]
[0.01       0.01       0.01580667 0.28607271 0.22590247 0.23793925
 0.01000001 0.01       0.19957668 0.21920244 0.26720388 1.72450291] 1.0475219312425066
[0.01       0.01       0.01580667 0.28607271 0.22590247 0.23793925
 0.01       0.01000001 0.19957668 0.21920244 0.26720388 1.72450291]
[0.01       0.01       0.01580667 0.28607271 0.22590247 0.23793925
 0.01       0.01000001 0.19957668 0.21920244 0.26720388 1.72450291] 1.0475220257621378
[0.01       0.01       0.01580667 0.28607271 0.22590247 0.23793925
 0.01       0.01       0.19957669 0.21920244 0.26720388 1.72450291]
[0.01       0.01       0.01580667 0.28607271 0.22590247 0.23793925
 0.01       0.01       0.19957669 0.21920244 0.26720388 1.72450291] 1.0475219292408642
[0.01       0.01       0.01580667 0.28607271 0.22590247 0.23793925
 0.01       0.01       0.19957668 0.21920245 0.26720388 1.72450291]
[0.01       0.01       0.01580667 0.28607271 0.22590247 0.23793925
 0.01       0.01       0.19957668 0.21920245 0.26720388 1.72450291] 1.04752177004186
[0.01       0.01       0.01580667 0.28607271 0.22590247 0.23793925
 0.01       0.01       0.19957668 0.21920244 0.26720389 1.72450291]
[0.01       0.01       0.01580667 0.28607271 0.22590247 0.23793925
 0.01       0.01       0.19957668 0.21920244 0.26720389 1.72450291] 1.0475218827801362
[0.01       0.01       0.01580667 0.28607271 0.22590247 0.23793925
 0.01       0.01       0.19957668 0.21920244 0.26720388 1.72450292]
[0.01       0.01       0.01580667 0.28607271 0.22590247 0.23793925
 0.01       0.01       0.19957668 0.21920244 0.26720388 1.72450292] 1.0475218781956137
[0.01       0.01000002 0.01580698 0.28607283 0.22590244 0.23793936
 0.01       0.01000003 0.19957675 0.21920267 0.26720412 1.72450297]
[0.01       0.01000002 0.01580698 0.28607283 0.22590244 0.23793936
 0.01       0.01000003 0.19957675 0.21920267 0.26720412 1.72450297] 1.0475218922702187
[0.01000001 0.01000002 0.01580698 0.28607283 0.22590244 0.23793936
 0.01       0.01000003 0.19957675 0.21920267 0.26720412 1.72450297]
[0.01000001 0.01000002 0.01580698 0.28607283 0.22590244 0.23793936
 0.01       0.01000003 0.19957675 0.21920267 0.26720412 1.72450297] 1.047521877454546
[0.01       0.01000003 0.01580698 0.28607283 0.22590244 0.23793936
 0.01       0.01000003 0.19957675 0.21920267 0.26720412 1.72450297]
[0.01       0.01000003 0.01580698 0.28607283 0.22590244 0.23793936
 0.01       0.01000003 0.19957675 0.21920267 0.26720412 1.72450297] 1.047521994334028
[0.01       0.01000002 0.01580699 0.28607283 0.22590244 0.23793936
 0.01       0.01000003 0.19957675 0.21920267 0.26720412 1.72450297]
[0.01       0.01000002 0.01580699 0.28607283 0.22590244 0.23793936
 0.01       0.01000003 0.19957675 0.21920267 0.26720412 1.72450297] 1.0475216518345678
[0.01       0.01000002 0.01580698 0.28607284 0.22590244 0.23793936
 0.01       0.01000003 0.19957675 0.21920267 0.26720412 1.72450297]
[0.01       0.01000002 0.01580698 0.28607284 0.22590244 0.23793936
 0.01       0.01000003 0.19957675 0.21920267 0.26720412 1.72450297] 1.0475217650985358
[0.01       0.01000002 0.01580698 0.28607283 0.22590245 0.23793936
 0.01       0.01000003 0.19957675 0.21920267 0.26720412 1.72450297]
[0.01       0.01000002 0.01580698 0.28607283 0.22590245 0.23793936
 0.01       0.01000003 0.19957675 0.21920267 0.26720412 1.72450297] 1.0475217951948177
[0.01       0.01000002 0.01580698 0.28607283 0.22590244 0.23793937
 0.01       0.01000003 0.19957675 0.21920267 0.26720412 1.72450297]
[0.01       0.01000002 0.01580698 0.28607283 0.22590244 0.23793937
 0.01       0.01000003 0.19957675 0.21920267 0.26720412 1.72450297] 1.0475219113164485
[0.01       0.01000002 0.01580698 0.28607283 0.22590244 0.23793936
 0.01000001 0.01000003 0.19957675 0.21920267 0.26720412 1.72450297]
[0.01       0.01000002 0.01580698 0.28607283 0.22590244 0.23793936
 0.01000001 0.01000003 0.19957675 0.21920267 0.26720412 1.72450297] 1.0475219279942645
[0.01       0.01000002 0.01580698 0.28607283 0.22590244 0.23793936
 0.01       0.01000004 0.19957675 0.21920267 0.26720412 1.72450297]
[0.01       0.01000002 0.01580698 0.28607283 0.22590244 0.23793936
 0.01       0.01000004 0.19957675 0.21920267 0.26720412 1.72450297] 1.0475217831100865
[0.01       0.01000002 0.01580698 0.28607283 0.22590244 0.23793936
 0.01       0.01000003 0.19957676 0.21920267 0.26720412 1.72450297]
[0.01       0.01000002 0.01580698 0.28607283 0.22590244 0.23793936
 0.01       0.01000003 0.19957676 0.21920267 0.26720412 1.72450297] 1.047521867462974
[0.01       0.01000002 0.01580698 0.28607283 0.22590244 0.23793936
 0.01       0.01000003 0.19957675 0.21920268 0.26720412 1.72450297]
[0.01       0.01000002 0.01580698 0.28607283 0.22590244 0.23793936
 0.01       0.01000003 0.19957675 0.21920268 0.26720412 1.72450297] 1.047521901940058
[0.01       0.01000002 0.01580698 0.28607283 0.22590244 0.23793936
 0.01       0.01000003 0.19957675 0.21920267 0.26720413 1.72450297]
[0.01       0.01000002 0.01580698 0.28607283 0.22590244 0.23793936
 0.01       0.01000003 0.19957675 0.21920267 0.26720413 1.72450297] 1.0475219125979565
[0.01       0.01000002 0.01580698 0.28607283 0.22590244 0.23793936
 0.01       0.01000003 0.19957675 0.21920267 0.26720412 1.72450298]
[0.01       0.01000002 0.01580698 0.28607283 0.22590244 0.23793936
 0.01       0.01000003 0.19957675 0.21920267 0.26720412 1.72450298] 1.047521784817601
[0.01       0.01000001 0.01580678 0.28607275 0.22590246 0.23793929
 0.01       0.01000001 0.1995767  0.21920252 0.26720396 1.72450293]
[0.01       0.01000001 0.01580678 0.28607275 0.22590246 0.23793929
 0.01       0.01000001 0.1995767  0.21920252 0.26720396 1.72450293] 1.0475218465315794
[0.01000001 0.01000001 0.01580678 0.28607275 0.22590246 0.23793929
 0.01       0.01000001 0.1995767  0.21920252 0.26720396 1.72450293]
[0.01000001 0.01000001 0.01580678 0.28607275 0.22590246 0.23793929
 0.01       0.01000001 0.1995767  0.21920252 0.26720396 1.72450293] 1.0475219348104878
[0.01       0.01000002 0.01580678 0.28607275 0.22590246 0.23793929
 0.01       0.01000001 0.1995767  0.21920252 0.26720396 1.72450293]
[0.01       0.01000002 0.01580678 0.28607275 0.22590246 0.23793929
 0.01       0.01000001 0.1995767  0.21920252 0.26720396 1.72450293] 1.0475218643454471
[0.01       0.01000001 0.01580679 0.28607275 0.22590246 0.23793929
 0.01       0.01000001 0.1995767  0.21920252 0.26720396 1.72450293]
[0.01       0.01000001 0.01580679 0.28607275 0.22590246 0.23793929
 0.01       0.01000001 0.1995767  0.21920252 0.26720396 1.72450293] 1.047522025064774
[0.01       0.01000001 0.01580678 0.28607276 0.22590246 0.23793929
 0.01       0.01000001 0.1995767  0.21920252 0.26720396 1.72450293]
[0.01       0.01000001 0.01580678 0.28607276 0.22590246 0.23793929
 0.01       0.01000001 0.1995767  0.21920252 0.26720396 1.72450293] 1.0475219677065755
[0.01       0.01000001 0.01580678 0.28607275 0.22590247 0.23793929
 0.01       0.01000001 0.1995767  0.21920252 0.26720396 1.72450293]
[0.01       0.01000001 0.01580678 0.28607275 0.22590247 0.23793929
 0.01       0.01000001 0.1995767  0.21920252 0.26720396 1.72450293] 1.0475217989411172
[0.01       0.01000001 0.01580678 0.28607275 0.22590246 0.2379393
 0.01       0.01000001 0.1995767  0.21920252 0.26720396 1.72450293]
[0.01       0.01000001 0.01580678 0.28607275 0.22590246 0.2379393
 0.01       0.01000001 0.1995767  0.21920252 0.26720396 1.72450293] 1.0475217506572794
[0.01       0.01000001 0.01580678 0.28607275 0.22590246 0.23793929
 0.01000001 0.01000001 0.1995767  0.21920252 0.26720396 1.72450293]
[0.01       0.01000001 0.01580678 0.28607275 0.22590246 0.23793929
 0.01000001 0.01000001 0.1995767  0.21920252 0.26720396 1.72450293] 1.0475217457474324
[0.01       0.01000001 0.01580678 0.28607275 0.22590246 0.23793929
 0.01       0.01000002 0.1995767  0.21920252 0.26720396 1.72450293]
[0.01       0.01000001 0.01580678 0.28607275 0.22590246 0.23793929
 0.01       0.01000002 0.1995767  0.21920252 0.26720396 1.72450293] 1.0475220015569788
[0.01       0.01000001 0.01580678 0.28607275 0.22590246 0.23793929
 0.01       0.01000001 0.19957671 0.21920252 0.26720396 1.72450293]
[0.01       0.01000001 0.01580678 0.28607275 0.22590246 0.23793929
 0.01       0.01000001 0.19957671 0.21920252 0.26720396 1.72450293] 1.04752191800049
[0.01       0.01000001 0.01580678 0.28607275 0.22590246 0.23793929
 0.01       0.01000001 0.1995767  0.21920253 0.26720396 1.72450293]
[0.01       0.01000001 0.01580678 0.28607275 0.22590246 0.23793929
 0.01       0.01000001 0.1995767  0.21920253 0.26720396 1.72450293] 1.047521785936337
[0.01       0.01000001 0.01580678 0.28607275 0.22590246 0.23793929
 0.01       0.01000001 0.1995767  0.21920252 0.26720397 1.72450293]
[0.01       0.01000001 0.01580678 0.28607275 0.22590246 0.23793929
 0.01       0.01000001 0.1995767  0.21920252 0.26720397 1.72450293] 1.047521837836878
[0.01       0.01000001 0.01580678 0.28607275 0.22590246 0.23793929
 0.01       0.01000001 0.1995767  0.21920252 0.26720396 1.72450294]
[0.01       0.01000001 0.01580678 0.28607275 0.22590246 0.23793929
 0.01       0.01000001 0.1995767  0.21920252 0.26720396 1.72450294] 1.047521824511709
[0.01       0.01000002 0.01580689 0.28607279 0.22590245 0.23793933
 0.01       0.01000002 0.19957673 0.2192026  0.26720405 1.72450296]
[0.01       0.01000002 0.01580689 0.28607279 0.22590245 0.23793933
 0.01       0.01000002 0.19957673 0.2192026  0.26720405 1.72450296] 1.0475219323646718
[0.01000001 0.01000002 0.01580689 0.28607279 0.22590245 0.23793933
 0.01       0.01000002 0.19957673 0.2192026  0.26720405 1.72450296]
[0.01000001 0.01000002 0.01580689 0.28607279 0.22590245 0.23793933
 0.01       0.01000002 0.19957673 0.2192026  0.26720405 1.72450296] 1.0475219869893022
[0.01       0.01000003 0.01580689 0.28607279 0.22590245 0.23793933
 0.01       0.01000002 0.19957673 0.2192026  0.26720405 1.72450296]
[0.01       0.01000003 0.01580689 0.28607279 0.22590245 0.23793933
 0.01       0.01000002 0.19957673 0.2192026  0.26720405 1.72450296] 1.0475219985139055
[0.01       0.01000002 0.0158069  0.28607279 0.22590245 0.23793933
 0.01       0.01000002 0.19957673 0.2192026  0.26720405 1.72450296]
[0.01       0.01000002 0.0158069  0.28607279 0.22590245 0.23793933
 0.01       0.01000002 0.19957673 0.2192026  0.26720405 1.72450296] 1.0475218975948069
[0.01       0.01000002 0.01580689 0.2860728  0.22590245 0.23793933
 0.01       0.01000002 0.19957673 0.2192026  0.26720405 1.72450296]
[0.01       0.01000002 0.01580689 0.2860728  0.22590245 0.23793933
 0.01       0.01000002 0.19957673 0.2192026  0.26720405 1.72450296] 1.047521768485301
[0.01       0.01000002 0.01580689 0.28607279 0.22590246 0.23793933
 0.01       0.01000002 0.19957673 0.2192026  0.26720405 1.72450296]
[0.01       0.01000002 0.01580689 0.28607279 0.22590246 0.23793933
 0.01       0.01000002 0.19957673 0.2192026  0.26720405 1.72450296] 1.0475218933113597
[0.01       0.01000002 0.01580689 0.28607279 0.22590245 0.23793934
 0.01       0.01000002 0.19957673 0.2192026  0.26720405 1.72450296]
[0.01       0.01000002 0.01580689 0.28607279 0.22590245 0.23793934
 0.01       0.01000002 0.19957673 0.2192026  0.26720405 1.72450296] 1.0475218329476927
[0.01       0.01000002 0.01580689 0.28607279 0.22590245 0.23793933
 0.01000001 0.01000002 0.19957673 0.2192026  0.26720405 1.72450296]
[0.01       0.01000002 0.01580689 0.28607279 0.22590245 0.23793933
 0.01000001 0.01000002 0.19957673 0.2192026  0.26720405 1.72450296] 1.0475220164231551
[0.01       0.01000002 0.01580689 0.28607279 0.22590245 0.23793933
 0.01       0.01000003 0.19957673 0.2192026  0.26720405 1.72450296]
[0.01       0.01000002 0.01580689 0.28607279 0.22590245 0.23793933
 0.01       0.01000003 0.19957673 0.2192026  0.26720405 1.72450296] 1.0475218475236567
[0.01       0.01000002 0.01580689 0.28607279 0.22590245 0.23793933
 0.01       0.01000002 0.19957674 0.2192026  0.26720405 1.72450296]
[0.01       0.01000002 0.01580689 0.28607279 0.22590245 0.23793933
 0.01       0.01000002 0.19957674 0.2192026  0.26720405 1.72450296] 1.0475218724353756
[0.01       0.01000002 0.01580689 0.28607279 0.22590245 0.23793933
 0.01       0.01000002 0.19957673 0.21920261 0.26720405 1.72450296]
[0.01       0.01000002 0.01580689 0.28607279 0.22590245 0.23793933
 0.01       0.01000002 0.19957673 0.21920261 0.26720405 1.72450296] 1.0475219210116429
[0.01       0.01000002 0.01580689 0.28607279 0.22590245 0.23793933
 0.01       0.01000002 0.19957673 0.2192026  0.26720406 1.72450296]
[0.01       0.01000002 0.01580689 0.28607279 0.22590245 0.23793933
 0.01       0.01000002 0.19957673 0.2192026  0.26720406 1.72450296] 1.0475219430554008
[0.01       0.01000002 0.01580689 0.28607279 0.22590245 0.23793933
 0.01       0.01000002 0.19957673 0.2192026  0.26720405 1.72450297]
[0.01       0.01000002 0.01580689 0.28607279 0.22590245 0.23793933
 0.01       0.01000002 0.19957673 0.2192026  0.26720405 1.72450297] 1.047521815877555
[0.01000006 0.01000156 0.01580232 0.28607094 0.22590288 0.23793755
 0.01000002 0.0100015  0.19957567 0.21919917 0.26720063 1.72450198]
[0.01000006 0.01000156 0.01580232 0.28607094 0.22590288 0.23793755
 0.01000002 0.0100015  0.19957567 0.21919917 0.26720063 1.72450198] 1.0475221665963295
[0.01000007 0.01000156 0.01580232 0.28607094 0.22590288 0.23793755
 0.01000002 0.0100015  0.19957567 0.21919917 0.26720063 1.72450198]
[0.01000007 0.01000156 0.01580232 0.28607094 0.22590288 0.23793755
 0.01000002 0.0100015  0.19957567 0.21919917 0.26720063 1.72450198] 1.0475220886019674
[0.01000006 0.01000157 0.01580232 0.28607094 0.22590288 0.23793755
 0.01000002 0.0100015  0.19957567 0.21919917 0.26720063 1.72450198]
[0.01000006 0.01000157 0.01580232 0.28607094 0.22590288 0.23793755
 0.01000002 0.0100015  0.19957567 0.21919917 0.26720063 1.72450198] 1.0475222246029205
[0.01000006 0.01000156 0.01580233 0.28607094 0.22590288 0.23793755
 0.01000002 0.0100015  0.19957567 0.21919917 0.26720063 1.72450198]
[0.01000006 0.01000156 0.01580233 0.28607094 0.22590288 0.23793755
 0.01000002 0.0100015  0.19957567 0.21919917 0.26720063 1.72450198] 1.0475221085849538
[0.01000006 0.01000156 0.01580232 0.28607095 0.22590288 0.23793755
 0.01000002 0.0100015  0.19957567 0.21919917 0.26720063 1.72450198]
[0.01000006 0.01000156 0.01580232 0.28607095 0.22590288 0.23793755
 0.01000002 0.0100015  0.19957567 0.21919917 0.26720063 1.72450198] 1.0475221098531762
[0.01000006 0.01000156 0.01580232 0.28607094 0.22590289 0.23793755
 0.01000002 0.0100015  0.19957567 0.21919917 0.26720063 1.72450198]
[0.01000006 0.01000156 0.01580232 0.28607094 0.22590289 0.23793755
 0.01000002 0.0100015  0.19957567 0.21919917 0.26720063 1.72450198] 1.0475221905012972
[0.01000006 0.01000156 0.01580232 0.28607094 0.22590288 0.23793756
 0.01000002 0.0100015  0.19957567 0.21919917 0.26720063 1.72450198]
[0.01000006 0.01000156 0.01580232 0.28607094 0.22590288 0.23793756
 0.01000002 0.0100015  0.19957567 0.21919917 0.26720063 1.72450198] 1.0475221095836225
[0.01000006 0.01000156 0.01580232 0.28607094 0.22590288 0.23793755
 0.01000003 0.0100015  0.19957567 0.21919917 0.26720063 1.72450198]
[0.01000006 0.01000156 0.01580232 0.28607094 0.22590288 0.23793755
 0.01000003 0.0100015  0.19957567 0.21919917 0.26720063 1.72450198] 1.0475219276739018
[0.01000006 0.01000156 0.01580232 0.28607094 0.22590288 0.23793755
 0.01000002 0.01000151 0.19957567 0.21919917 0.26720063 1.72450198]
[0.01000006 0.01000156 0.01580232 0.28607094 0.22590288 0.23793755
 0.01000002 0.01000151 0.19957567 0.21919917 0.26720063 1.72450198] 1.0475219340452202
[0.01000006 0.01000156 0.01580232 0.28607094 0.22590288 0.23793755
 0.01000002 0.0100015  0.19957568 0.21919917 0.26720063 1.72450198]
[0.01000006 0.01000156 0.01580232 0.28607094 0.22590288 0.23793755
 0.01000002 0.0100015  0.19957568 0.21919917 0.26720063 1.72450198] 1.0475220968740886
[0.01000006 0.01000156 0.01580232 0.28607094 0.22590288 0.23793755
 0.01000002 0.0100015  0.19957567 0.21919918 0.26720063 1.72450198]
[0.01000006 0.01000156 0.01580232 0.28607094 0.22590288 0.23793755
 0.01000002 0.0100015  0.19957567 0.21919918 0.26720063 1.72450198] 1.0475221323208095
[0.01000006 0.01000156 0.01580232 0.28607094 0.22590288 0.23793755
 0.01000002 0.0100015  0.19957567 0.21919917 0.26720064 1.72450198]
[0.01000006 0.01000156 0.01580232 0.28607094 0.22590288 0.23793755
 0.01000002 0.0100015  0.19957567 0.21919917 0.26720064 1.72450198] 1.0475219931842106
[0.01000006 0.01000156 0.01580232 0.28607094 0.22590288 0.23793755
 0.01000002 0.0100015  0.19957567 0.21919917 0.26720063 1.72450199]
[0.01000006 0.01000156 0.01580232 0.28607094 0.22590288 0.23793755
 0.01000002 0.0100015  0.19957567 0.21919917 0.26720063 1.72450199] 1.047522218511863
[0.01000028 0.01000775 0.01578401 0.28606352 0.22590462 0.23793042
 0.01000008 0.01000742 0.19957145 0.21918546 0.26718695 1.72449809]
[0.01000028 0.01000775 0.01578401 0.28606352 0.22590462 0.23793042
 0.01000008 0.01000742 0.19957145 0.21918546 0.26718695 1.72449809] 1.0475231143009396
[0.01000029 0.01000775 0.01578401 0.28606352 0.22590462 0.23793042
 0.01000008 0.01000742 0.19957145 0.21918546 0.26718695 1.72449809]
[0.01000029 0.01000775 0.01578401 0.28606352 0.22590462 0.23793042
 0.01000008 0.01000742 0.19957145 0.21918546 0.26718695 1.72449809] 1.0475230707766727
[0.01000028 0.01000776 0.01578401 0.28606352 0.22590462 0.23793042
 0.01000008 0.01000742 0.19957145 0.21918546 0.26718695 1.72449809]
[0.01000028 0.01000776 0.01578401 0.28606352 0.22590462 0.23793042
 0.01000008 0.01000742 0.19957145 0.21918546 0.26718695 1.72449809] 1.0475227823694115
[0.01000028 0.01000775 0.01578402 0.28606352 0.22590462 0.23793042
 0.01000008 0.01000742 0.19957145 0.21918546 0.26718695 1.72449809]
[0.01000028 0.01000775 0.01578402 0.28606352 0.22590462 0.23793042
 0.01000008 0.01000742 0.19957145 0.21918546 0.26718695 1.72449809] 1.0475229603946807
[0.01000028 0.01000775 0.01578401 0.28606353 0.22590462 0.23793042
 0.01000008 0.01000742 0.19957145 0.21918546 0.26718695 1.72449809]
[0.01000028 0.01000775 0.01578401 0.28606353 0.22590462 0.23793042
 0.01000008 0.01000742 0.19957145 0.21918546 0.26718695 1.72449809] 1.0475230056531413
[0.01000028 0.01000775 0.01578401 0.28606352 0.22590463 0.23793042
 0.01000008 0.01000742 0.19957145 0.21918546 0.26718695 1.72449809]
[0.01000028 0.01000775 0.01578401 0.28606352 0.22590463 0.23793042
 0.01000008 0.01000742 0.19957145 0.21918546 0.26718695 1.72449809] 1.0475230173758225
[0.01000028 0.01000775 0.01578401 0.28606352 0.22590462 0.23793043
 0.01000008 0.01000742 0.19957145 0.21918546 0.26718695 1.72449809]
[0.01000028 0.01000775 0.01578401 0.28606352 0.22590462 0.23793043
 0.01000008 0.01000742 0.19957145 0.21918546 0.26718695 1.72449809] 1.0475229840688716
[0.01000028 0.01000775 0.01578401 0.28606352 0.22590462 0.23793042
 0.01000009 0.01000742 0.19957145 0.21918546 0.26718695 1.72449809]
[0.01000028 0.01000775 0.01578401 0.28606352 0.22590462 0.23793042
 0.01000009 0.01000742 0.19957145 0.21918546 0.26718695 1.72449809] 1.0475229384637612
[0.01000028 0.01000775 0.01578401 0.28606352 0.22590462 0.23793042
 0.01000008 0.01000743 0.19957145 0.21918546 0.26718695 1.72449809]
[0.01000028 0.01000775 0.01578401 0.28606352 0.22590462 0.23793042
 0.01000008 0.01000743 0.19957145 0.21918546 0.26718695 1.72449809] 1.0475230458669333
[0.01000028 0.01000775 0.01578401 0.28606352 0.22590462 0.23793042
 0.01000008 0.01000742 0.19957146 0.21918546 0.26718695 1.72449809]
[0.01000028 0.01000775 0.01578401 0.28606352 0.22590462 0.23793042
 0.01000008 0.01000742 0.19957146 0.21918546 0.26718695 1.72449809] 1.047522801392486
[0.01000028 0.01000775 0.01578401 0.28606352 0.22590462 0.23793042
 0.01000008 0.01000742 0.19957145 0.21918547 0.26718695 1.72449809]
[0.01000028 0.01000775 0.01578401 0.28606352 0.22590462 0.23793042
 0.01000008 0.01000742 0.19957145 0.21918547 0.26718695 1.72449809] 1.0475229383316507
[0.01000028 0.01000775 0.01578401 0.28606352 0.22590462 0.23793042
 0.01000008 0.01000742 0.19957145 0.21918546 0.26718696 1.72449809]
[0.01000028 0.01000775 0.01578401 0.28606352 0.22590462 0.23793042
 0.01000008 0.01000742 0.19957145 0.21918546 0.26718696 1.72449809] 1.0475229985698404
[0.01000028 0.01000775 0.01578401 0.28606352 0.22590462 0.23793042
 0.01000008 0.01000742 0.19957145 0.21918546 0.26718695 1.7244981 ]
[0.01000028 0.01000775 0.01578401 0.28606352 0.22590462 0.23793042
 0.01000008 0.01000742 0.19957145 0.21918546 0.26718695 1.7244981 ] 1.047523095626504
[0.01000117 0.0100325  0.01571081 0.28603386 0.22591155 0.2379019
 0.01000033 0.01003109 0.19955455 0.21913059 0.26713221 1.72448251]
[0.01000117 0.0100325  0.01571081 0.28603386 0.22591155 0.2379019
 0.01000033 0.01003109 0.19955455 0.21913059 0.26713221 1.72448251] 1.0475266202762878
[0.01000118 0.0100325  0.01571081 0.28603386 0.22591155 0.2379019
 0.01000033 0.01003109 0.19955455 0.21913059 0.26713221 1.72448251]
[0.01000118 0.0100325  0.01571081 0.28603386 0.22591155 0.2379019
 0.01000033 0.01003109 0.19955455 0.21913059 0.26713221 1.72448251] 1.0475267171973441
[0.01000117 0.01003251 0.01571081 0.28603386 0.22591155 0.2379019
 0.01000033 0.01003109 0.19955455 0.21913059 0.26713221 1.72448251]
[0.01000117 0.01003251 0.01571081 0.28603386 0.22591155 0.2379019
 0.01000033 0.01003109 0.19955455 0.21913059 0.26713221 1.72448251] 1.0475265788220331
[0.01000117 0.0100325  0.01571082 0.28603386 0.22591155 0.2379019
 0.01000033 0.01003109 0.19955455 0.21913059 0.26713221 1.72448251]
[0.01000117 0.0100325  0.01571082 0.28603386 0.22591155 0.2379019
 0.01000033 0.01003109 0.19955455 0.21913059 0.26713221 1.72448251] 1.047526692730265
[0.01000117 0.0100325  0.01571081 0.28603387 0.22591155 0.2379019
 0.01000033 0.01003109 0.19955455 0.21913059 0.26713221 1.72448251]
[0.01000117 0.0100325  0.01571081 0.28603387 0.22591155 0.2379019
 0.01000033 0.01003109 0.19955455 0.21913059 0.26713221 1.72448251] 1.0475265942160412
[0.01000117 0.0100325  0.01571081 0.28603386 0.22591156 0.2379019
 0.01000033 0.01003109 0.19955455 0.21913059 0.26713221 1.72448251]
[0.01000117 0.0100325  0.01571081 0.28603386 0.22591156 0.2379019
 0.01000033 0.01003109 0.19955455 0.21913059 0.26713221 1.72448251] 1.0475267175634935
[0.01000117 0.0100325  0.01571081 0.28603386 0.22591155 0.23790191
 0.01000033 0.01003109 0.19955455 0.21913059 0.26713221 1.72448251]
[0.01000117 0.0100325  0.01571081 0.28603386 0.22591155 0.23790191
 0.01000033 0.01003109 0.19955455 0.21913059 0.26713221 1.72448251] 1.0475265457187748
[0.01000117 0.0100325  0.01571081 0.28603386 0.22591155 0.2379019
 0.01000034 0.01003109 0.19955455 0.21913059 0.26713221 1.72448251]
[0.01000117 0.0100325  0.01571081 0.28603386 0.22591155 0.2379019
 0.01000034 0.01003109 0.19955455 0.21913059 0.26713221 1.72448251] 1.0475266788214077
[0.01000117 0.0100325  0.01571081 0.28603386 0.22591155 0.2379019
 0.01000033 0.0100311  0.19955455 0.21913059 0.26713221 1.72448251]
[0.01000117 0.0100325  0.01571081 0.28603386 0.22591155 0.2379019
 0.01000033 0.0100311  0.19955455 0.21913059 0.26713221 1.72448251] 1.0475264658236814
[0.01000117 0.0100325  0.01571081 0.28603386 0.22591155 0.2379019
 0.01000033 0.01003109 0.19955456 0.21913059 0.26713221 1.72448251]
[0.01000117 0.0100325  0.01571081 0.28603386 0.22591155 0.2379019
 0.01000033 0.01003109 0.19955456 0.21913059 0.26713221 1.72448251] 1.0475267117639553
[0.01000117 0.0100325  0.01571081 0.28603386 0.22591155 0.2379019
 0.01000033 0.01003109 0.19955455 0.2191306  0.26713221 1.72448251]
[0.01000117 0.0100325  0.01571081 0.28603386 0.22591155 0.2379019
 0.01000033 0.01003109 0.19955455 0.2191306  0.26713221 1.72448251] 1.0475267792495149
[0.01000117 0.0100325  0.01571081 0.28603386 0.22591155 0.2379019
 0.01000033 0.01003109 0.19955455 0.21913059 0.26713222 1.72448251]
[0.01000117 0.0100325  0.01571081 0.28603386 0.22591155 0.2379019
 0.01000033 0.01003109 0.19955455 0.21913059 0.26713222 1.72448251] 1.0475266245958181
[0.01000117 0.0100325  0.01571081 0.28603386 0.22591155 0.2379019
 0.01000033 0.01003109 0.19955455 0.21913059 0.26713221 1.72448252]
[0.01000117 0.0100325  0.01571081 0.28603386 0.22591155 0.2379019
 0.01000033 0.01003109 0.19955455 0.21913059 0.26713221 1.72448252] 1.0475266696528909
[0.01000067 0.01001868 0.01575168 0.28605042 0.22590768 0.23791782
 0.01000019 0.01001787 0.19956399 0.21916122 0.26716277 1.72449121]
[0.01000067 0.01001868 0.01575168 0.28605042 0.22590768 0.23791782
 0.01000019 0.01001787 0.19956399 0.21916122 0.26716277 1.72449121] 1.0475247441055797
[0.01000068 0.01001868 0.01575168 0.28605042 0.22590768 0.23791782
 0.01000019 0.01001787 0.19956399 0.21916122 0.26716277 1.72449121]
[0.01000068 0.01001868 0.01575168 0.28605042 0.22590768 0.23791782
 0.01000019 0.01001787 0.19956399 0.21916122 0.26716277 1.72449121] 1.0475247590843064
[0.01000067 0.01001869 0.01575168 0.28605042 0.22590768 0.23791782
 0.01000019 0.01001787 0.19956399 0.21916122 0.26716277 1.72449121]
[0.01000067 0.01001869 0.01575168 0.28605042 0.22590768 0.23791782
 0.01000019 0.01001787 0.19956399 0.21916122 0.26716277 1.72449121] 1.0475245252084153
[0.01000067 0.01001868 0.01575169 0.28605042 0.22590768 0.23791782
 0.01000019 0.01001787 0.19956399 0.21916122 0.26716277 1.72449121]
[0.01000067 0.01001868 0.01575169 0.28605042 0.22590768 0.23791782
 0.01000019 0.01001787 0.19956399 0.21916122 0.26716277 1.72449121] 1.047524586204012
[0.01000067 0.01001868 0.01575168 0.28605043 0.22590768 0.23791782
 0.01000019 0.01001787 0.19956399 0.21916122 0.26716277 1.72449121]
[0.01000067 0.01001868 0.01575168 0.28605043 0.22590768 0.23791782
 0.01000019 0.01001787 0.19956399 0.21916122 0.26716277 1.72449121] 1.0475245430444684
[0.01000067 0.01001868 0.01575168 0.28605042 0.22590769 0.23791782
 0.01000019 0.01001787 0.19956399 0.21916122 0.26716277 1.72449121]
[0.01000067 0.01001868 0.01575168 0.28605042 0.22590769 0.23791782
 0.01000019 0.01001787 0.19956399 0.21916122 0.26716277 1.72449121] 1.0475246441036263
[0.01000067 0.01001868 0.01575168 0.28605042 0.22590768 0.23791783
 0.01000019 0.01001787 0.19956399 0.21916122 0.26716277 1.72449121]
[0.01000067 0.01001868 0.01575168 0.28605042 0.22590768 0.23791783
 0.01000019 0.01001787 0.19956399 0.21916122 0.26716277 1.72449121] 1.0475244526110337
[0.01000067 0.01001868 0.01575168 0.28605042 0.22590768 0.23791782
 0.0100002  0.01001787 0.19956399 0.21916122 0.26716277 1.72449121]
[0.01000067 0.01001868 0.01575168 0.28605042 0.22590768 0.23791782
 0.0100002  0.01001787 0.19956399 0.21916122 0.26716277 1.72449121] 1.0475247271215815
[0.01000067 0.01001868 0.01575168 0.28605042 0.22590768 0.23791782
 0.01000019 0.01001788 0.19956399 0.21916122 0.26716277 1.72449121]
[0.01000067 0.01001868 0.01575168 0.28605042 0.22590768 0.23791782
 0.01000019 0.01001788 0.19956399 0.21916122 0.26716277 1.72449121] 1.0475245629513366
[0.01000067 0.01001868 0.01575168 0.28605042 0.22590768 0.23791782
 0.01000019 0.01001787 0.199564   0.21916122 0.26716277 1.72449121]
[0.01000067 0.01001868 0.01575168 0.28605042 0.22590768 0.23791782
 0.01000019 0.01001787 0.199564   0.21916122 0.26716277 1.72449121] 1.0475247029000585
[0.01000067 0.01001868 0.01575168 0.28605042 0.22590768 0.23791782
 0.01000019 0.01001787 0.19956399 0.21916123 0.26716277 1.72449121]
[0.01000067 0.01001868 0.01575168 0.28605042 0.22590768 0.23791782
 0.01000019 0.01001787 0.19956399 0.21916123 0.26716277 1.72449121] 1.0475245977046501
[0.01000067 0.01001868 0.01575168 0.28605042 0.22590768 0.23791782
 0.01000019 0.01001787 0.19956399 0.21916122 0.26716278 1.72449121]
[0.01000067 0.01001868 0.01575168 0.28605042 0.22590768 0.23791782
 0.01000019 0.01001787 0.19956399 0.21916122 0.26716278 1.72449121] 1.047524639536729
[0.01000067 0.01001868 0.01575168 0.28605042 0.22590768 0.23791782
 0.01000019 0.01001787 0.19956399 0.21916122 0.26716277 1.72449122]
[0.01000067 0.01001868 0.01575168 0.28605042 0.22590768 0.23791782
 0.01000019 0.01001787 0.19956399 0.21916122 0.26716277 1.72449122] 1.0475245613085862
[0.0100009  0.01002512 0.01573266 0.28604272 0.22590948 0.23791041
 0.01000025 0.01002402 0.19955959 0.21914696 0.26714855 1.72448716]
[0.0100009  0.01002512 0.01573266 0.28604272 0.22590948 0.23791041
 0.01000025 0.01002402 0.19955959 0.21914696 0.26714855 1.72448716] 1.0475255094929528
[0.01000091 0.01002512 0.01573266 0.28604272 0.22590948 0.23791041
 0.01000025 0.01002402 0.19955959 0.21914696 0.26714855 1.72448716]
[0.01000091 0.01002512 0.01573266 0.28604272 0.22590948 0.23791041
 0.01000025 0.01002402 0.19955959 0.21914696 0.26714855 1.72448716] 1.0475256808370705
[0.0100009  0.01002513 0.01573266 0.28604272 0.22590948 0.23791041
 0.01000025 0.01002402 0.19955959 0.21914696 0.26714855 1.72448716]
[0.0100009  0.01002513 0.01573266 0.28604272 0.22590948 0.23791041
 0.01000025 0.01002402 0.19955959 0.21914696 0.26714855 1.72448716] 1.0475255524888245
[0.0100009  0.01002512 0.01573267 0.28604272 0.22590948 0.23791041
 0.01000025 0.01002402 0.19955959 0.21914696 0.26714855 1.72448716]
[0.0100009  0.01002512 0.01573267 0.28604272 0.22590948 0.23791041
 0.01000025 0.01002402 0.19955959 0.21914696 0.26714855 1.72448716] 1.0475256128561774
[0.0100009  0.01002512 0.01573266 0.28604273 0.22590948 0.23791041
 0.01000025 0.01002402 0.19955959 0.21914696 0.26714855 1.72448716]
[0.0100009  0.01002512 0.01573266 0.28604273 0.22590948 0.23791041
 0.01000025 0.01002402 0.19955959 0.21914696 0.26714855 1.72448716] 1.0475255376249348
[0.0100009  0.01002512 0.01573266 0.28604272 0.22590949 0.23791041
 0.01000025 0.01002402 0.19955959 0.21914696 0.26714855 1.72448716]
[0.0100009  0.01002512 0.01573266 0.28604272 0.22590949 0.23791041
 0.01000025 0.01002402 0.19955959 0.21914696 0.26714855 1.72448716] 1.0475254597409696
[0.0100009  0.01002512 0.01573266 0.28604272 0.22590948 0.23791042
 0.01000025 0.01002402 0.19955959 0.21914696 0.26714855 1.72448716]
[0.0100009  0.01002512 0.01573266 0.28604272 0.22590948 0.23791042
 0.01000025 0.01002402 0.19955959 0.21914696 0.26714855 1.72448716] 1.0475256136829443
[0.0100009  0.01002512 0.01573266 0.28604272 0.22590948 0.23791041
 0.01000026 0.01002402 0.19955959 0.21914696 0.26714855 1.72448716]
[0.0100009  0.01002512 0.01573266 0.28604272 0.22590948 0.23791041
 0.01000026 0.01002402 0.19955959 0.21914696 0.26714855 1.72448716] 1.0475254616565843
[0.0100009  0.01002512 0.01573266 0.28604272 0.22590948 0.23791041
 0.01000025 0.01002403 0.19955959 0.21914696 0.26714855 1.72448716]
[0.0100009  0.01002512 0.01573266 0.28604272 0.22590948 0.23791041
 0.01000025 0.01002403 0.19955959 0.21914696 0.26714855 1.72448716] 1.0475255941634836
[0.0100009  0.01002512 0.01573266 0.28604272 0.22590948 0.23791041
 0.01000025 0.01002402 0.1995596  0.21914696 0.26714855 1.72448716]
[0.0100009  0.01002512 0.01573266 0.28604272 0.22590948 0.23791041
 0.01000025 0.01002402 0.1995596  0.21914696 0.26714855 1.72448716] 1.047525412271545
[0.0100009  0.01002512 0.01573266 0.28604272 0.22590948 0.23791041
 0.01000025 0.01002402 0.19955959 0.21914697 0.26714855 1.72448716]
[0.0100009  0.01002512 0.01573266 0.28604272 0.22590948 0.23791041
 0.01000025 0.01002402 0.19955959 0.21914697 0.26714855 1.72448716] 1.0475256025697863
[0.0100009  0.01002512 0.01573266 0.28604272 0.22590948 0.23791041
 0.01000025 0.01002402 0.19955959 0.21914696 0.26714856 1.72448716]
[0.0100009  0.01002512 0.01573266 0.28604272 0.22590948 0.23791041
 0.01000025 0.01002402 0.19955959 0.21914696 0.26714856 1.72448716] 1.0475255561252181
[0.0100009  0.01002512 0.01573266 0.28604272 0.22590948 0.23791041
 0.01000025 0.01002402 0.19955959 0.21914696 0.26714855 1.72448717]
[0.0100009  0.01002512 0.01573266 0.28604272 0.22590948 0.23791041
 0.01000025 0.01002402 0.19955959 0.21914696 0.26714855 1.72448717] 1.047525452077205
[0.01000111 0.0100308  0.01571586 0.28603591 0.22591107 0.23790387
 0.01000031 0.01002946 0.19955572 0.21913437 0.26713598 1.72448358]
[0.01000111 0.0100308  0.01571586 0.28603591 0.22591107 0.23790387
 0.01000031 0.01002946 0.19955572 0.21913437 0.26713598 1.72448358] 1.0475263488985864
[0.01000112 0.0100308  0.01571586 0.28603591 0.22591107 0.23790387
 0.01000031 0.01002946 0.19955572 0.21913437 0.26713598 1.72448358]
[0.01000112 0.0100308  0.01571586 0.28603591 0.22591107 0.23790387
 0.01000031 0.01002946 0.19955572 0.21913437 0.26713598 1.72448358] 1.0475263790957838
[0.01000111 0.01003081 0.01571586 0.28603591 0.22591107 0.23790387
 0.01000031 0.01002946 0.19955572 0.21913437 0.26713598 1.72448358]
[0.01000111 0.01003081 0.01571586 0.28603591 0.22591107 0.23790387
 0.01000031 0.01002946 0.19955572 0.21913437 0.26713598 1.72448358] 1.047526398260543
[0.01000111 0.0100308  0.01571587 0.28603591 0.22591107 0.23790387
 0.01000031 0.01002946 0.19955572 0.21913437 0.26713598 1.72448358]
[0.01000111 0.0100308  0.01571587 0.28603591 0.22591107 0.23790387
 0.01000031 0.01002946 0.19955572 0.21913437 0.26713598 1.72448358] 1.0475262829173302
[0.01000111 0.0100308  0.01571586 0.28603592 0.22591107 0.23790387
 0.01000031 0.01002946 0.19955572 0.21913437 0.26713598 1.72448358]
[0.01000111 0.0100308  0.01571586 0.28603592 0.22591107 0.23790387
 0.01000031 0.01002946 0.19955572 0.21913437 0.26713598 1.72448358] 1.047526500080405
[0.01000111 0.0100308  0.01571586 0.28603591 0.22591108 0.23790387
 0.01000031 0.01002946 0.19955572 0.21913437 0.26713598 1.72448358]
[0.01000111 0.0100308  0.01571586 0.28603591 0.22591108 0.23790387
 0.01000031 0.01002946 0.19955572 0.21913437 0.26713598 1.72448358] 1.0475263765996827
[0.01000111 0.0100308  0.01571586 0.28603591 0.22591107 0.23790388
 0.01000031 0.01002946 0.19955572 0.21913437 0.26713598 1.72448358]
[0.01000111 0.0100308  0.01571586 0.28603591 0.22591107 0.23790388
 0.01000031 0.01002946 0.19955572 0.21913437 0.26713598 1.72448358] 1.0475263436925621
[0.01000111 0.0100308  0.01571586 0.28603591 0.22591107 0.23790387
 0.01000032 0.01002946 0.19955572 0.21913437 0.26713598 1.72448358]
[0.01000111 0.0100308  0.01571586 0.28603591 0.22591107 0.23790387
 0.01000032 0.01002946 0.19955572 0.21913437 0.26713598 1.72448358] 1.04752637235997
[0.01000111 0.0100308  0.01571586 0.28603591 0.22591107 0.23790387
 0.01000031 0.01002947 0.19955572 0.21913437 0.26713598 1.72448358]
[0.01000111 0.0100308  0.01571586 0.28603591 0.22591107 0.23790387
 0.01000031 0.01002947 0.19955572 0.21913437 0.26713598 1.72448358] 1.0475263981773177
[0.01000111 0.0100308  0.01571586 0.28603591 0.22591107 0.23790387
 0.01000031 0.01002946 0.19955573 0.21913437 0.26713598 1.72448358]
[0.01000111 0.0100308  0.01571586 0.28603591 0.22591107 0.23790387
 0.01000031 0.01002946 0.19955573 0.21913437 0.26713598 1.72448358] 1.0475264567833626
[0.01000111 0.0100308  0.01571586 0.28603591 0.22591107 0.23790387
 0.01000031 0.01002946 0.19955572 0.21913438 0.26713598 1.72448358]
[0.01000111 0.0100308  0.01571586 0.28603591 0.22591107 0.23790387
 0.01000031 0.01002946 0.19955572 0.21913438 0.26713598 1.72448358] 1.047526420997804
[0.01000111 0.0100308  0.01571586 0.28603591 0.22591107 0.23790387
 0.01000031 0.01002946 0.19955572 0.21913437 0.26713599 1.72448358]
[0.01000111 0.0100308  0.01571586 0.28603591 0.22591107 0.23790387
 0.01000031 0.01002946 0.19955572 0.21913437 0.26713599 1.72448358] 1.0475265054872023
[0.01000111 0.0100308  0.01571586 0.28603591 0.22591107 0.23790387
 0.01000031 0.01002946 0.19955572 0.21913437 0.26713598 1.72448359]
[0.01000111 0.0100308  0.01571586 0.28603591 0.22591107 0.23790387
 0.01000031 0.01002946 0.19955572 0.21913437 0.26713598 1.72448359] 1.0475264223318124
[0.01000117 0.0100325  0.01571081 0.28603386 0.22591155 0.2379019
 0.01000033 0.01003109 0.19955455 0.21913059 0.26713221 1.72448251]
[0.01000117 0.0100325  0.01571081 0.28603386 0.22591155 0.2379019
 0.01000033 0.01003109 0.19955455 0.21913059 0.26713221 1.72448251] 1.0475266199389843
[0.01000118 0.0100325  0.01571081 0.28603386 0.22591155 0.2379019
 0.01000033 0.01003109 0.19955455 0.21913059 0.26713221 1.72448251]
[0.01000118 0.0100325  0.01571081 0.28603386 0.22591155 0.2379019
 0.01000033 0.01003109 0.19955455 0.21913059 0.26713221 1.72448251] 1.0475266483267294
[0.01000117 0.01003251 0.01571081 0.28603386 0.22591155 0.2379019
 0.01000033 0.01003109 0.19955455 0.21913059 0.26713221 1.72448251]
[0.01000117 0.01003251 0.01571081 0.28603386 0.22591155 0.2379019
 0.01000033 0.01003109 0.19955455 0.21913059 0.26713221 1.72448251] 1.0475265767243895
[0.01000117 0.0100325  0.01571082 0.28603386 0.22591155 0.2379019
 0.01000033 0.01003109 0.19955455 0.21913059 0.26713221 1.72448251]
[0.01000117 0.0100325  0.01571082 0.28603386 0.22591155 0.2379019
 0.01000033 0.01003109 0.19955455 0.21913059 0.26713221 1.72448251] 1.0475267677611535
[0.01000117 0.0100325  0.01571081 0.28603387 0.22591155 0.2379019
 0.01000033 0.01003109 0.19955455 0.21913059 0.26713221 1.72448251]
[0.01000117 0.0100325  0.01571081 0.28603387 0.22591155 0.2379019
 0.01000033 0.01003109 0.19955455 0.21913059 0.26713221 1.72448251] 1.0475266842701707
[0.01000117 0.0100325  0.01571081 0.28603386 0.22591156 0.2379019
 0.01000033 0.01003109 0.19955455 0.21913059 0.26713221 1.72448251]
[0.01000117 0.0100325  0.01571081 0.28603386 0.22591156 0.2379019
 0.01000033 0.01003109 0.19955455 0.21913059 0.26713221 1.72448251] 1.047526493891487
[0.01000117 0.0100325  0.01571081 0.28603386 0.22591155 0.23790191
 0.01000033 0.01003109 0.19955455 0.21913059 0.26713221 1.72448251]
[0.01000117 0.0100325  0.01571081 0.28603386 0.22591155 0.23790191
 0.01000033 0.01003109 0.19955455 0.21913059 0.26713221 1.72448251] 1.047526812706116
[0.01000117 0.0100325  0.01571081 0.28603386 0.22591155 0.2379019
 0.01000034 0.01003109 0.19955455 0.21913059 0.26713221 1.72448251]
[0.01000117 0.0100325  0.01571081 0.28603386 0.22591155 0.2379019
 0.01000034 0.01003109 0.19955455 0.21913059 0.26713221 1.72448251] 1.0475266588393162
[0.01000117 0.0100325  0.01571081 0.28603386 0.22591155 0.2379019
 0.01000033 0.0100311  0.19955455 0.21913059 0.26713221 1.72448251]
[0.01000117 0.0100325  0.01571081 0.28603386 0.22591155 0.2379019
 0.01000033 0.0100311  0.19955455 0.21913059 0.26713221 1.72448251] 1.047526557841031
[0.01000117 0.0100325  0.01571081 0.28603386 0.22591155 0.2379019
 0.01000033 0.01003109 0.19955456 0.21913059 0.26713221 1.72448251]
[0.01000117 0.0100325  0.01571081 0.28603386 0.22591155 0.2379019
 0.01000033 0.01003109 0.19955456 0.21913059 0.26713221 1.72448251] 1.0475267699497945
[0.01000117 0.0100325  0.01571081 0.28603386 0.22591155 0.2379019
 0.01000033 0.01003109 0.19955455 0.2191306  0.26713221 1.72448251]
[0.01000117 0.0100325  0.01571081 0.28603386 0.22591155 0.2379019
 0.01000033 0.01003109 0.19955455 0.2191306  0.26713221 1.72448251] 1.0475267776810546
[0.01000117 0.0100325  0.01571081 0.28603386 0.22591155 0.2379019
 0.01000033 0.01003109 0.19955455 0.21913059 0.26713222 1.72448251]
[0.01000117 0.0100325  0.01571081 0.28603386 0.22591155 0.2379019
 0.01000033 0.01003109 0.19955455 0.21913059 0.26713222 1.72448251] 1.0475267091291824
[0.01000117 0.0100325  0.01571081 0.28603386 0.22591155 0.2379019
 0.01000033 0.01003109 0.19955455 0.21913059 0.26713221 1.72448252]
[0.01000117 0.0100325  0.01571081 0.28603386 0.22591155 0.2379019
 0.01000033 0.01003109 0.19955455 0.21913059 0.26713221 1.72448252] 1.0475267328977187
[0.01000952 0.01       0.01581212 0.28605471 0.22590352 0.23793322
 0.01002246 0.01       0.19955282 0.21920955 0.26721261 1.72447096]
[0.01000952 0.01       0.01581212 0.28605471 0.22590352 0.23793322
 0.01002246 0.01       0.19955282 0.21920955 0.26721261 1.72447096] 1.0475110030433066
[0.01000953 0.01       0.01581212 0.28605471 0.22590352 0.23793322
 0.01002246 0.01       0.19955282 0.21920955 0.26721261 1.72447096]
[0.01000953 0.01       0.01581212 0.28605471 0.22590352 0.23793322
 0.01002246 0.01       0.19955282 0.21920955 0.26721261 1.72447096] 1.0475111457766586
[0.01000952 0.01000001 0.01581212 0.28605471 0.22590352 0.23793322
 0.01002246 0.01       0.19955282 0.21920955 0.26721261 1.72447096]
[0.01000952 0.01000001 0.01581212 0.28605471 0.22590352 0.23793322
 0.01002246 0.01       0.19955282 0.21920955 0.26721261 1.72447096] 1.0475110917046773
[0.01000952 0.01       0.01581213 0.28605471 0.22590352 0.23793322
 0.01002246 0.01       0.19955282 0.21920955 0.26721261 1.72447096]
[0.01000952 0.01       0.01581213 0.28605471 0.22590352 0.23793322
 0.01002246 0.01       0.19955282 0.21920955 0.26721261 1.72447096] 1.0475110843224091
[0.01000952 0.01       0.01581212 0.28605472 0.22590352 0.23793322
 0.01002246 0.01       0.19955282 0.21920955 0.26721261 1.72447096]
[0.01000952 0.01       0.01581212 0.28605472 0.22590352 0.23793322
 0.01002246 0.01       0.19955282 0.21920955 0.26721261 1.72447096] 1.0475111401338641
[0.01000952 0.01       0.01581212 0.28605471 0.22590353 0.23793322
 0.01002246 0.01       0.19955282 0.21920955 0.26721261 1.72447096]
[0.01000952 0.01       0.01581212 0.28605471 0.22590353 0.23793322
 0.01002246 0.01       0.19955282 0.21920955 0.26721261 1.72447096] 1.0475110193427837
[0.01000952 0.01       0.01581212 0.28605471 0.22590352 0.23793323
 0.01002246 0.01       0.19955282 0.21920955 0.26721261 1.72447096]
[0.01000952 0.01       0.01581212 0.28605471 0.22590352 0.23793323
 0.01002246 0.01       0.19955282 0.21920955 0.26721261 1.72447096] 1.0475109600908947
[0.01000952 0.01       0.01581212 0.28605471 0.22590352 0.23793322
 0.01002247 0.01       0.19955282 0.21920955 0.26721261 1.72447096]
[0.01000952 0.01       0.01581212 0.28605471 0.22590352 0.23793322
 0.01002247 0.01       0.19955282 0.21920955 0.26721261 1.72447096] 1.0475110330256119
[0.01000952 0.01       0.01581212 0.28605471 0.22590352 0.23793322
 0.01002246 0.01000001 0.19955282 0.21920955 0.26721261 1.72447096]
[0.01000952 0.01       0.01581212 0.28605471 0.22590352 0.23793322
 0.01002246 0.01000001 0.19955282 0.21920955 0.26721261 1.72447096] 1.0475110815604705
[0.01000952 0.01       0.01581212 0.28605471 0.22590352 0.23793322
 0.01002246 0.01       0.19955283 0.21920955 0.26721261 1.72447096]
[0.01000952 0.01       0.01581212 0.28605471 0.22590352 0.23793322
 0.01002246 0.01       0.19955283 0.21920955 0.26721261 1.72447096] 1.0475111287424852
[0.01000952 0.01       0.01581212 0.28605471 0.22590352 0.23793322
 0.01002246 0.01       0.19955282 0.21920956 0.26721261 1.72447096]
[0.01000952 0.01       0.01581212 0.28605471 0.22590352 0.23793322
 0.01002246 0.01       0.19955282 0.21920956 0.26721261 1.72447096] 1.0475111262380732
[0.01000952 0.01       0.01581212 0.28605471 0.22590352 0.23793322
 0.01002246 0.01       0.19955282 0.21920955 0.26721262 1.72447096]
[0.01000952 0.01       0.01581212 0.28605471 0.22590352 0.23793322
 0.01002246 0.01       0.19955282 0.21920955 0.26721262 1.72447096] 1.0475109689124202
[0.01000952 0.01       0.01581212 0.28605471 0.22590352 0.23793322
 0.01002246 0.01       0.19955282 0.21920955 0.26721261 1.72447097]
[0.01000952 0.01       0.01581212 0.28605471 0.22590352 0.23793322
 0.01002246 0.01       0.19955282 0.21920955 0.26721261 1.72447097] 1.04751106053232
[0.01000359 0.01002307 0.01574021 0.28603991 0.22590922 0.23791099
 0.01000675 0.01002206 0.19955405 0.2191535  0.26715555 1.72447916]
[0.01000359 0.01002307 0.01574021 0.28603991 0.22590922 0.23791099
 0.01000675 0.01002206 0.19955405 0.2191535  0.26715555 1.72447916] 1.0475220905989335
[0.0100036  0.01002307 0.01574021 0.28603991 0.22590922 0.23791099
 0.01000675 0.01002206 0.19955405 0.2191535  0.26715555 1.72447916]
[0.0100036  0.01002307 0.01574021 0.28603991 0.22590922 0.23791099
 0.01000675 0.01002206 0.19955405 0.2191535  0.26715555 1.72447916] 1.0475222656579912
[0.01000359 0.01002308 0.01574021 0.28603991 0.22590922 0.23791099
 0.01000675 0.01002206 0.19955405 0.2191535  0.26715555 1.72447916]
[0.01000359 0.01002308 0.01574021 0.28603991 0.22590922 0.23791099
 0.01000675 0.01002206 0.19955405 0.2191535  0.26715555 1.72447916] 1.0475220987704397
[0.01000359 0.01002307 0.01574022 0.28603991 0.22590922 0.23791099
 0.01000675 0.01002206 0.19955405 0.2191535  0.26715555 1.72447916]
[0.01000359 0.01002307 0.01574022 0.28603991 0.22590922 0.23791099
 0.01000675 0.01002206 0.19955405 0.2191535  0.26715555 1.72447916] 1.0475220013804343
[0.01000359 0.01002307 0.01574021 0.28603992 0.22590922 0.23791099
 0.01000675 0.01002206 0.19955405 0.2191535  0.26715555 1.72447916]
[0.01000359 0.01002307 0.01574021 0.28603992 0.22590922 0.23791099
 0.01000675 0.01002206 0.19955405 0.2191535  0.26715555 1.72447916] 1.0475222033051883
[0.01000359 0.01002307 0.01574021 0.28603991 0.22590923 0.23791099
 0.01000675 0.01002206 0.19955405 0.2191535  0.26715555 1.72447916]
[0.01000359 0.01002307 0.01574021 0.28603991 0.22590923 0.23791099
 0.01000675 0.01002206 0.19955405 0.2191535  0.26715555 1.72447916] 1.047522211968221
[0.01000359 0.01002307 0.01574021 0.28603991 0.22590922 0.237911
 0.01000675 0.01002206 0.19955405 0.2191535  0.26715555 1.72447916]
[0.01000359 0.01002307 0.01574021 0.28603991 0.22590922 0.237911
 0.01000675 0.01002206 0.19955405 0.2191535  0.26715555 1.72447916] 1.047522198188327
[0.01000359 0.01002307 0.01574021 0.28603991 0.22590922 0.23791099
 0.01000676 0.01002206 0.19955405 0.2191535  0.26715555 1.72447916]
[0.01000359 0.01002307 0.01574021 0.28603991 0.22590922 0.23791099
 0.01000676 0.01002206 0.19955405 0.2191535  0.26715555 1.72447916] 1.0475220597587753
[0.01000359 0.01002307 0.01574021 0.28603991 0.22590922 0.23791099
 0.01000675 0.01002207 0.19955405 0.2191535  0.26715555 1.72447916]
[0.01000359 0.01002307 0.01574021 0.28603991 0.22590922 0.23791099
 0.01000675 0.01002207 0.19955405 0.2191535  0.26715555 1.72447916] 1.0475221572475206
[0.01000359 0.01002307 0.01574021 0.28603991 0.22590922 0.23791099
 0.01000675 0.01002206 0.19955406 0.2191535  0.26715555 1.72447916]
[0.01000359 0.01002307 0.01574021 0.28603991 0.22590922 0.23791099
 0.01000675 0.01002206 0.19955406 0.2191535  0.26715555 1.72447916] 1.047521938283682
[0.01000359 0.01002307 0.01574021 0.28603991 0.22590922 0.23791099
 0.01000675 0.01002206 0.19955405 0.21915351 0.26715555 1.72447916]
[0.01000359 0.01002307 0.01574021 0.28603991 0.22590922 0.23791099
 0.01000675 0.01002206 0.19955405 0.21915351 0.26715555 1.72447916] 1.0475221917174709
[0.01000359 0.01002307 0.01574021 0.28603991 0.22590922 0.23791099
 0.01000675 0.01002206 0.19955405 0.2191535  0.26715556 1.72447916]
[0.01000359 0.01002307 0.01574021 0.28603991 0.22590922 0.23791099
 0.01000675 0.01002206 0.19955405 0.2191535  0.26715556 1.72447916] 1.0475221966419825
[0.01000359 0.01002307 0.01574021 0.28603991 0.22590922 0.23791099
 0.01000675 0.01002206 0.19955405 0.2191535  0.26715555 1.72447917]
[0.01000359 0.01002307 0.01574021 0.28603991 0.22590922 0.23791099
 0.01000675 0.01002206 0.19955405 0.2191535  0.26715555 1.72447917] 1.0475219676128662
[0.01000187 0.01002977 0.01571934 0.28603562 0.22591088 0.23790454
 0.01000219 0.01002847 0.19955441 0.21913723 0.26713898 1.72448154]
[0.01000187 0.01002977 0.01571934 0.28603562 0.22591088 0.23790454
 0.01000219 0.01002847 0.19955441 0.21913723 0.26713898 1.72448154] 1.0475253989821935
[0.01000188 0.01002977 0.01571934 0.28603562 0.22591088 0.23790454
 0.01000219 0.01002847 0.19955441 0.21913723 0.26713898 1.72448154]
[0.01000188 0.01002977 0.01571934 0.28603562 0.22591088 0.23790454
 0.01000219 0.01002847 0.19955441 0.21913723 0.26713898 1.72448154] 1.0475253370128461
[0.01000187 0.01002978 0.01571934 0.28603562 0.22591088 0.23790454
 0.01000219 0.01002847 0.19955441 0.21913723 0.26713898 1.72448154]
[0.01000187 0.01002978 0.01571934 0.28603562 0.22591088 0.23790454
 0.01000219 0.01002847 0.19955441 0.21913723 0.26713898 1.72448154] 1.047525312861994
[0.01000187 0.01002977 0.01571935 0.28603562 0.22591088 0.23790454
 0.01000219 0.01002847 0.19955441 0.21913723 0.26713898 1.72448154]
[0.01000187 0.01002977 0.01571935 0.28603562 0.22591088 0.23790454
 0.01000219 0.01002847 0.19955441 0.21913723 0.26713898 1.72448154] 1.0475253844456776
[0.01000187 0.01002977 0.01571934 0.28603563 0.22591088 0.23790454
 0.01000219 0.01002847 0.19955441 0.21913723 0.26713898 1.72448154]
[0.01000187 0.01002977 0.01571934 0.28603563 0.22591088 0.23790454
 0.01000219 0.01002847 0.19955441 0.21913723 0.26713898 1.72448154] 1.047525233515102
[0.01000187 0.01002977 0.01571934 0.28603562 0.22591089 0.23790454
 0.01000219 0.01002847 0.19955441 0.21913723 0.26713898 1.72448154]
[0.01000187 0.01002977 0.01571934 0.28603562 0.22591089 0.23790454
 0.01000219 0.01002847 0.19955441 0.21913723 0.26713898 1.72448154] 1.0475253526343402
[0.01000187 0.01002977 0.01571934 0.28603562 0.22591088 0.23790455
 0.01000219 0.01002847 0.19955441 0.21913723 0.26713898 1.72448154]
[0.01000187 0.01002977 0.01571934 0.28603562 0.22591088 0.23790455
 0.01000219 0.01002847 0.19955441 0.21913723 0.26713898 1.72448154] 1.047525521737259
[0.01000187 0.01002977 0.01571934 0.28603562 0.22591088 0.23790454
 0.0100022  0.01002847 0.19955441 0.21913723 0.26713898 1.72448154]
[0.01000187 0.01002977 0.01571934 0.28603562 0.22591088 0.23790454
 0.0100022  0.01002847 0.19955441 0.21913723 0.26713898 1.72448154] 1.0475252435675992
[0.01000187 0.01002977 0.01571934 0.28603562 0.22591088 0.23790454
 0.01000219 0.01002848 0.19955441 0.21913723 0.26713898 1.72448154]
[0.01000187 0.01002977 0.01571934 0.28603562 0.22591088 0.23790454
 0.01000219 0.01002848 0.19955441 0.21913723 0.26713898 1.72448154] 1.0475252914797373
[0.01000187 0.01002977 0.01571934 0.28603562 0.22591088 0.23790454
 0.01000219 0.01002847 0.19955442 0.21913723 0.26713898 1.72448154]
[0.01000187 0.01002977 0.01571934 0.28603562 0.22591088 0.23790454
 0.01000219 0.01002847 0.19955442 0.21913723 0.26713898 1.72448154] 1.0475253948727115
[0.01000187 0.01002977 0.01571934 0.28603562 0.22591088 0.23790454
 0.01000219 0.01002847 0.19955441 0.21913724 0.26713898 1.72448154]
[0.01000187 0.01002977 0.01571934 0.28603562 0.22591088 0.23790454
 0.01000219 0.01002847 0.19955441 0.21913724 0.26713898 1.72448154] 1.0475252380624924
[0.01000187 0.01002977 0.01571934 0.28603562 0.22591088 0.23790454
 0.01000219 0.01002847 0.19955441 0.21913723 0.26713899 1.72448154]
[0.01000187 0.01002977 0.01571934 0.28603562 0.22591088 0.23790454
 0.01000219 0.01002847 0.19955441 0.21913723 0.26713899 1.72448154] 1.047525301340269
[0.01000187 0.01002977 0.01571934 0.28603562 0.22591088 0.23790454
 0.01000219 0.01002847 0.19955441 0.21913723 0.26713898 1.72448155]
[0.01000187 0.01002977 0.01571934 0.28603562 0.22591088 0.23790454
 0.01000219 0.01002847 0.19955441 0.21913723 0.26713898 1.72448155] 1.0475254368922986
[0.01000145 0.01003139 0.01571428 0.28603458 0.22591128 0.23790297
 0.01000109 0.01003002 0.19955449 0.21913329 0.26713496 1.72448211]
[0.01000145 0.01003139 0.01571428 0.28603458 0.22591128 0.23790297
 0.01000109 0.01003002 0.19955449 0.21913329 0.26713496 1.72448211] 1.047525995126699
[0.01000146 0.01003139 0.01571428 0.28603458 0.22591128 0.23790297
 0.01000109 0.01003002 0.19955449 0.21913329 0.26713496 1.72448211]
[0.01000146 0.01003139 0.01571428 0.28603458 0.22591128 0.23790297
 0.01000109 0.01003002 0.19955449 0.21913329 0.26713496 1.72448211] 1.0475261274601027
[0.01000145 0.0100314  0.01571428 0.28603458 0.22591128 0.23790297
 0.01000109 0.01003002 0.19955449 0.21913329 0.26713496 1.72448211]
[0.01000145 0.0100314  0.01571428 0.28603458 0.22591128 0.23790297
 0.01000109 0.01003002 0.19955449 0.21913329 0.26713496 1.72448211] 1.047526202405256
[0.01000145 0.01003139 0.01571429 0.28603458 0.22591128 0.23790297
 0.01000109 0.01003002 0.19955449 0.21913329 0.26713496 1.72448211]
[0.01000145 0.01003139 0.01571429 0.28603458 0.22591128 0.23790297
 0.01000109 0.01003002 0.19955449 0.21913329 0.26713496 1.72448211] 1.047526181035438
[0.01000145 0.01003139 0.01571428 0.28603459 0.22591128 0.23790297
 0.01000109 0.01003002 0.19955449 0.21913329 0.26713496 1.72448211]
[0.01000145 0.01003139 0.01571428 0.28603459 0.22591128 0.23790297
 0.01000109 0.01003002 0.19955449 0.21913329 0.26713496 1.72448211] 1.0475259910723322
[0.01000145 0.01003139 0.01571428 0.28603458 0.22591129 0.23790297
 0.01000109 0.01003002 0.19955449 0.21913329 0.26713496 1.72448211]
[0.01000145 0.01003139 0.01571428 0.28603458 0.22591129 0.23790297
 0.01000109 0.01003002 0.19955449 0.21913329 0.26713496 1.72448211] 1.0475261396001643
[0.01000145 0.01003139 0.01571428 0.28603458 0.22591128 0.23790298
 0.01000109 0.01003002 0.19955449 0.21913329 0.26713496 1.72448211]
[0.01000145 0.01003139 0.01571428 0.28603458 0.22591128 0.23790298
 0.01000109 0.01003002 0.19955449 0.21913329 0.26713496 1.72448211] 1.0475260613249477
[0.01000145 0.01003139 0.01571428 0.28603458 0.22591128 0.23790297
 0.0100011  0.01003002 0.19955449 0.21913329 0.26713496 1.72448211]
[0.01000145 0.01003139 0.01571428 0.28603458 0.22591128 0.23790297
 0.0100011  0.01003002 0.19955449 0.21913329 0.26713496 1.72448211] 1.047526162181785
[0.01000145 0.01003139 0.01571428 0.28603458 0.22591128 0.23790297
 0.01000109 0.01003003 0.19955449 0.21913329 0.26713496 1.72448211]
[0.01000145 0.01003139 0.01571428 0.28603458 0.22591128 0.23790297
 0.01000109 0.01003003 0.19955449 0.21913329 0.26713496 1.72448211] 1.0475258993839616
[0.01000145 0.01003139 0.01571428 0.28603458 0.22591128 0.23790297
 0.01000109 0.01003002 0.1995545  0.21913329 0.26713496 1.72448211]
[0.01000145 0.01003139 0.01571428 0.28603458 0.22591128 0.23790297
 0.01000109 0.01003002 0.1995545  0.21913329 0.26713496 1.72448211] 1.0475262297253536
[0.01000145 0.01003139 0.01571428 0.28603458 0.22591128 0.23790297
 0.01000109 0.01003002 0.19955449 0.2191333  0.26713496 1.72448211]
[0.01000145 0.01003139 0.01571428 0.28603458 0.22591128 0.23790297
 0.01000109 0.01003002 0.19955449 0.2191333  0.26713496 1.72448211] 1.0475261146217019
[0.01000145 0.01003139 0.01571428 0.28603458 0.22591128 0.23790297
 0.01000109 0.01003002 0.19955449 0.21913329 0.26713497 1.72448211]
[0.01000145 0.01003139 0.01571428 0.28603458 0.22591128 0.23790297
 0.01000109 0.01003002 0.19955449 0.21913329 0.26713497 1.72448211] 1.0475260151114338
[0.01000145 0.01003139 0.01571428 0.28603458 0.22591128 0.23790297
 0.01000109 0.01003002 0.19955449 0.21913329 0.26713496 1.72448212]
[0.01000145 0.01003139 0.01571428 0.28603458 0.22591128 0.23790297
 0.01000109 0.01003002 0.19955449 0.21913329 0.26713496 1.72448212] 1.0475261155657924
[0.01000124 0.01003223 0.01571165 0.28603404 0.22591148 0.23790216
 0.01000051 0.01003083 0.19955454 0.21913124 0.26713288 1.72448241]
[0.01000124 0.01003223 0.01571165 0.28603404 0.22591148 0.23790216
 0.01000051 0.01003083 0.19955454 0.21913124 0.26713288 1.72448241] 1.0475264475745965
[0.01000125 0.01003223 0.01571165 0.28603404 0.22591148 0.23790216
 0.01000051 0.01003083 0.19955454 0.21913124 0.26713288 1.72448241]
[0.01000125 0.01003223 0.01571165 0.28603404 0.22591148 0.23790216
 0.01000051 0.01003083 0.19955454 0.21913124 0.26713288 1.72448241] 1.047526632279129
[0.01000124 0.01003224 0.01571165 0.28603404 0.22591148 0.23790216
 0.01000051 0.01003083 0.19955454 0.21913124 0.26713288 1.72448241]
[0.01000124 0.01003224 0.01571165 0.28603404 0.22591148 0.23790216
 0.01000051 0.01003083 0.19955454 0.21913124 0.26713288 1.72448241] 1.0475265190905945
[0.01000124 0.01003223 0.01571166 0.28603404 0.22591148 0.23790216
 0.01000051 0.01003083 0.19955454 0.21913124 0.26713288 1.72448241]
[0.01000124 0.01003223 0.01571166 0.28603404 0.22591148 0.23790216
 0.01000051 0.01003083 0.19955454 0.21913124 0.26713288 1.72448241] 1.0475265294785316
[0.01000124 0.01003223 0.01571165 0.28603405 0.22591148 0.23790216
 0.01000051 0.01003083 0.19955454 0.21913124 0.26713288 1.72448241]
[0.01000124 0.01003223 0.01571165 0.28603405 0.22591148 0.23790216
 0.01000051 0.01003083 0.19955454 0.21913124 0.26713288 1.72448241] 1.0475264358062475
[0.01000124 0.01003223 0.01571165 0.28603404 0.22591149 0.23790216
 0.01000051 0.01003083 0.19955454 0.21913124 0.26713288 1.72448241]
[0.01000124 0.01003223 0.01571165 0.28603404 0.22591149 0.23790216
 0.01000051 0.01003083 0.19955454 0.21913124 0.26713288 1.72448241] 1.0475264092753385
[0.01000124 0.01003223 0.01571165 0.28603404 0.22591148 0.23790217
 0.01000051 0.01003083 0.19955454 0.21913124 0.26713288 1.72448241]
[0.01000124 0.01003223 0.01571165 0.28603404 0.22591148 0.23790217
 0.01000051 0.01003083 0.19955454 0.21913124 0.26713288 1.72448241] 1.0475267043267251
[0.01000124 0.01003223 0.01571165 0.28603404 0.22591148 0.23790216
 0.01000052 0.01003083 0.19955454 0.21913124 0.26713288 1.72448241]
[0.01000124 0.01003223 0.01571165 0.28603404 0.22591148 0.23790216
 0.01000052 0.01003083 0.19955454 0.21913124 0.26713288 1.72448241] 1.0475265663408668
[0.01000124 0.01003223 0.01571165 0.28603404 0.22591148 0.23790216
 0.01000051 0.01003084 0.19955454 0.21913124 0.26713288 1.72448241]
[0.01000124 0.01003223 0.01571165 0.28603404 0.22591148 0.23790216
 0.01000051 0.01003084 0.19955454 0.21913124 0.26713288 1.72448241] 1.0475264852294777
[0.01000124 0.01003223 0.01571165 0.28603404 0.22591148 0.23790216
 0.01000051 0.01003083 0.19955455 0.21913124 0.26713288 1.72448241]
[0.01000124 0.01003223 0.01571165 0.28603404 0.22591148 0.23790216
 0.01000051 0.01003083 0.19955455 0.21913124 0.26713288 1.72448241] 1.0475264487298637
[0.01000124 0.01003223 0.01571165 0.28603404 0.22591148 0.23790216
 0.01000051 0.01003083 0.19955454 0.21913125 0.26713288 1.72448241]
[0.01000124 0.01003223 0.01571165 0.28603404 0.22591148 0.23790216
 0.01000051 0.01003083 0.19955454 0.21913125 0.26713288 1.72448241] 1.0475266144202824
[0.01000124 0.01003223 0.01571165 0.28603404 0.22591148 0.23790216
 0.01000051 0.01003083 0.19955454 0.21913124 0.26713289 1.72448241]
[0.01000124 0.01003223 0.01571165 0.28603404 0.22591148 0.23790216
 0.01000051 0.01003083 0.19955454 0.21913124 0.26713289 1.72448241] 1.047526430910873
[0.01000124 0.01003223 0.01571165 0.28603404 0.22591148 0.23790216
 0.01000051 0.01003083 0.19955454 0.21913124 0.26713288 1.72448242]
[0.01000124 0.01003223 0.01571165 0.28603404 0.22591148 0.23790216
 0.01000051 0.01003083 0.19955454 0.21913124 0.26713288 1.72448242] 1.047526506843528
[0.01000118 0.01003244 0.01571102 0.28603391 0.22591153 0.23790196
 0.01000037 0.01003102 0.19955455 0.21913075 0.26713238 1.72448249]
[0.01000118 0.01003244 0.01571102 0.28603391 0.22591153 0.23790196
 0.01000037 0.01003102 0.19955455 0.21913075 0.26713238 1.72448249] 1.047526614345043
[0.01000119 0.01003244 0.01571102 0.28603391 0.22591153 0.23790196
 0.01000037 0.01003102 0.19955455 0.21913075 0.26713238 1.72448249]
[0.01000119 0.01003244 0.01571102 0.28603391 0.22591153 0.23790196
 0.01000037 0.01003102 0.19955455 0.21913075 0.26713238 1.72448249] 1.047526605237974
[0.01000118 0.01003245 0.01571102 0.28603391 0.22591153 0.23790196
 0.01000037 0.01003102 0.19955455 0.21913075 0.26713238 1.72448249]
[0.01000118 0.01003245 0.01571102 0.28603391 0.22591153 0.23790196
 0.01000037 0.01003102 0.19955455 0.21913075 0.26713238 1.72448249] 1.0475266481178112
[0.01000118 0.01003244 0.01571103 0.28603391 0.22591153 0.23790196
 0.01000037 0.01003102 0.19955455 0.21913075 0.26713238 1.72448249]
[0.01000118 0.01003244 0.01571103 0.28603391 0.22591153 0.23790196
 0.01000037 0.01003102 0.19955455 0.21913075 0.26713238 1.72448249] 1.0475265970687628
[0.01000118 0.01003244 0.01571102 0.28603392 0.22591153 0.23790196
 0.01000037 0.01003102 0.19955455 0.21913075 0.26713238 1.72448249]
[0.01000118 0.01003244 0.01571102 0.28603392 0.22591153 0.23790196
 0.01000037 0.01003102 0.19955455 0.21913075 0.26713238 1.72448249] 1.047526626819904
[0.01000118 0.01003244 0.01571102 0.28603391 0.22591154 0.23790196
 0.01000037 0.01003102 0.19955455 0.21913075 0.26713238 1.72448249]
[0.01000118 0.01003244 0.01571102 0.28603391 0.22591154 0.23790196
 0.01000037 0.01003102 0.19955455 0.21913075 0.26713238 1.72448249] 1.0475264441949481
[0.01000118 0.01003244 0.01571102 0.28603391 0.22591153 0.23790197
 0.01000037 0.01003102 0.19955455 0.21913075 0.26713238 1.72448249]
[0.01000118 0.01003244 0.01571102 0.28603391 0.22591153 0.23790197
 0.01000037 0.01003102 0.19955455 0.21913075 0.26713238 1.72448249] 1.0475267838966325
[0.01000118 0.01003244 0.01571102 0.28603391 0.22591153 0.23790196
 0.01000038 0.01003102 0.19955455 0.21913075 0.26713238 1.72448249]
[0.01000118 0.01003244 0.01571102 0.28603391 0.22591153 0.23790196
 0.01000038 0.01003102 0.19955455 0.21913075 0.26713238 1.72448249] 1.0475267048511876
[0.01000118 0.01003244 0.01571102 0.28603391 0.22591153 0.23790196
 0.01000037 0.01003103 0.19955455 0.21913075 0.26713238 1.72448249]
[0.01000118 0.01003244 0.01571102 0.28603391 0.22591153 0.23790196
 0.01000037 0.01003103 0.19955455 0.21913075 0.26713238 1.72448249] 1.0475266793139266
[0.01000118 0.01003244 0.01571102 0.28603391 0.22591153 0.23790196
 0.01000037 0.01003102 0.19955456 0.21913075 0.26713238 1.72448249]
[0.01000118 0.01003244 0.01571102 0.28603391 0.22591153 0.23790196
 0.01000037 0.01003102 0.19955456 0.21913075 0.26713238 1.72448249] 1.0475267593476583
[0.01000118 0.01003244 0.01571102 0.28603391 0.22591153 0.23790196
 0.01000037 0.01003102 0.19955455 0.21913076 0.26713238 1.72448249]
[0.01000118 0.01003244 0.01571102 0.28603391 0.22591153 0.23790196
 0.01000037 0.01003102 0.19955455 0.21913076 0.26713238 1.72448249] 1.0475267463265003
[0.01000118 0.01003244 0.01571102 0.28603391 0.22591153 0.23790196
 0.01000037 0.01003102 0.19955455 0.21913075 0.26713239 1.72448249]
[0.01000118 0.01003244 0.01571102 0.28603391 0.22591153 0.23790196
 0.01000037 0.01003102 0.19955455 0.21913075 0.26713239 1.72448249] 1.047526559551246
[0.01000118 0.01003244 0.01571102 0.28603391 0.22591153 0.23790196
 0.01000037 0.01003102 0.19955455 0.21913075 0.26713238 1.7244825 ]
[0.01000118 0.01003244 0.01571102 0.28603391 0.22591153 0.23790196
 0.01000037 0.01003102 0.19955455 0.21913075 0.26713238 1.7244825 ] 1.047526721309288
[0.01000117 0.01003248 0.01571087 0.28603388 0.22591155 0.23790192
 0.01000034 0.01003107 0.19955455 0.21913063 0.26713226 1.7244825 ]
[0.01000117 0.01003248 0.01571087 0.28603388 0.22591155 0.23790192
 0.01000034 0.01003107 0.19955455 0.21913063 0.26713226 1.7244825 ] 1.047526418492693
[0.01000118 0.01003248 0.01571087 0.28603388 0.22591155 0.23790192
 0.01000034 0.01003107 0.19955455 0.21913063 0.26713226 1.7244825 ]
[0.01000118 0.01003248 0.01571087 0.28603388 0.22591155 0.23790192
 0.01000034 0.01003107 0.19955455 0.21913063 0.26713226 1.7244825 ] 1.0475266133703596
[0.01000117 0.01003249 0.01571087 0.28603388 0.22591155 0.23790192
 0.01000034 0.01003107 0.19955455 0.21913063 0.26713226 1.7244825 ]
[0.01000117 0.01003249 0.01571087 0.28603388 0.22591155 0.23790192
 0.01000034 0.01003107 0.19955455 0.21913063 0.26713226 1.7244825 ] 1.0475267574770206
[0.01000117 0.01003248 0.01571088 0.28603388 0.22591155 0.23790192
 0.01000034 0.01003107 0.19955455 0.21913063 0.26713226 1.7244825 ]
[0.01000117 0.01003248 0.01571088 0.28603388 0.22591155 0.23790192
 0.01000034 0.01003107 0.19955455 0.21913063 0.26713226 1.7244825 ] 1.0475266750110384
[0.01000117 0.01003248 0.01571087 0.28603389 0.22591155 0.23790192
 0.01000034 0.01003107 0.19955455 0.21913063 0.26713226 1.7244825 ]
[0.01000117 0.01003248 0.01571087 0.28603389 0.22591155 0.23790192
 0.01000034 0.01003107 0.19955455 0.21913063 0.26713226 1.7244825 ] 1.0475265587605918
[0.01000117 0.01003248 0.01571087 0.28603388 0.22591156 0.23790192
 0.01000034 0.01003107 0.19955455 0.21913063 0.26713226 1.7244825 ]
[0.01000117 0.01003248 0.01571087 0.28603388 0.22591156 0.23790192
 0.01000034 0.01003107 0.19955455 0.21913063 0.26713226 1.7244825 ] 1.0475266033639645
[0.01000117 0.01003248 0.01571087 0.28603388 0.22591155 0.23790193
 0.01000034 0.01003107 0.19955455 0.21913063 0.26713226 1.7244825 ]
[0.01000117 0.01003248 0.01571087 0.28603388 0.22591155 0.23790193
 0.01000034 0.01003107 0.19955455 0.21913063 0.26713226 1.7244825 ] 1.0475266933800302
[0.01000117 0.01003248 0.01571087 0.28603388 0.22591155 0.23790192
 0.01000035 0.01003107 0.19955455 0.21913063 0.26713226 1.7244825 ]
[0.01000117 0.01003248 0.01571087 0.28603388 0.22591155 0.23790192
 0.01000035 0.01003107 0.19955455 0.21913063 0.26713226 1.7244825 ] 1.0475267002310644
[0.01000117 0.01003248 0.01571087 0.28603388 0.22591155 0.23790192
 0.01000034 0.01003108 0.19955455 0.21913063 0.26713226 1.7244825 ]
[0.01000117 0.01003248 0.01571087 0.28603388 0.22591155 0.23790192
 0.01000034 0.01003108 0.19955455 0.21913063 0.26713226 1.7244825 ] 1.0475265365192408
[0.01000117 0.01003248 0.01571087 0.28603388 0.22591155 0.23790192
 0.01000034 0.01003107 0.19955456 0.21913063 0.26713226 1.7244825 ]
[0.01000117 0.01003248 0.01571087 0.28603388 0.22591155 0.23790192
 0.01000034 0.01003107 0.19955456 0.21913063 0.26713226 1.7244825 ] 1.047526677029306
[0.01000117 0.01003248 0.01571087 0.28603388 0.22591155 0.23790192
 0.01000034 0.01003107 0.19955455 0.21913064 0.26713226 1.7244825 ]
[0.01000117 0.01003248 0.01571087 0.28603388 0.22591155 0.23790192
 0.01000034 0.01003107 0.19955455 0.21913064 0.26713226 1.7244825 ] 1.0475267264916694
[0.01000117 0.01003248 0.01571087 0.28603388 0.22591155 0.23790192
 0.01000034 0.01003107 0.19955455 0.21913063 0.26713227 1.7244825 ]
[0.01000117 0.01003248 0.01571087 0.28603388 0.22591155 0.23790192
 0.01000034 0.01003107 0.19955455 0.21913063 0.26713227 1.7244825 ] 1.0475267060801436
[0.01000117 0.01003248 0.01571087 0.28603388 0.22591155 0.23790192
 0.01000034 0.01003107 0.19955455 0.21913063 0.26713226 1.72448251]
[0.01000117 0.01003248 0.01571087 0.28603388 0.22591155 0.23790192
 0.01000034 0.01003107 0.19955455 0.21913063 0.26713226 1.72448251] 1.0475265245072678
[0.01000117 0.0100325  0.01571082 0.28603387 0.22591155 0.2379019
 0.01000033 0.01003108 0.19955455 0.21913059 0.26713222 1.72448251]
[0.01000117 0.0100325  0.01571082 0.28603387 0.22591155 0.2379019
 0.01000033 0.01003108 0.19955455 0.21913059 0.26713222 1.72448251] 1.0475266633759133
[0.01000118 0.0100325  0.01571082 0.28603387 0.22591155 0.2379019
 0.01000033 0.01003108 0.19955455 0.21913059 0.26713222 1.72448251]
[0.01000118 0.0100325  0.01571082 0.28603387 0.22591155 0.2379019
 0.01000033 0.01003108 0.19955455 0.21913059 0.26713222 1.72448251] 1.0475266298618278
[0.01000117 0.01003251 0.01571082 0.28603387 0.22591155 0.2379019
 0.01000033 0.01003108 0.19955455 0.21913059 0.26713222 1.72448251]
[0.01000117 0.01003251 0.01571082 0.28603387 0.22591155 0.2379019
 0.01000033 0.01003108 0.19955455 0.21913059 0.26713222 1.72448251] 1.0475267359202776
[0.01000117 0.0100325  0.01571083 0.28603387 0.22591155 0.2379019
 0.01000033 0.01003108 0.19955455 0.21913059 0.26713222 1.72448251]
[0.01000117 0.0100325  0.01571083 0.28603387 0.22591155 0.2379019
 0.01000033 0.01003108 0.19955455 0.21913059 0.26713222 1.72448251] 1.0475267228932152
[0.01000117 0.0100325  0.01571082 0.28603388 0.22591155 0.2379019
 0.01000033 0.01003108 0.19955455 0.21913059 0.26713222 1.72448251]
[0.01000117 0.0100325  0.01571082 0.28603388 0.22591155 0.2379019
 0.01000033 0.01003108 0.19955455 0.21913059 0.26713222 1.72448251] 1.0475266738930913
[0.01000117 0.0100325  0.01571082 0.28603387 0.22591156 0.2379019
 0.01000033 0.01003108 0.19955455 0.21913059 0.26713222 1.72448251]
[0.01000117 0.0100325  0.01571082 0.28603387 0.22591156 0.2379019
 0.01000033 0.01003108 0.19955455 0.21913059 0.26713222 1.72448251] 1.0475265791720372
[0.01000117 0.0100325  0.01571082 0.28603387 0.22591155 0.23790191
 0.01000033 0.01003108 0.19955455 0.21913059 0.26713222 1.72448251]
[0.01000117 0.0100325  0.01571082 0.28603387 0.22591155 0.23790191
 0.01000033 0.01003108 0.19955455 0.21913059 0.26713222 1.72448251] 1.0475265678349022
[0.01000117 0.0100325  0.01571082 0.28603387 0.22591155 0.2379019
 0.01000034 0.01003108 0.19955455 0.21913059 0.26713222 1.72448251]
[0.01000117 0.0100325  0.01571082 0.28603387 0.22591155 0.2379019
 0.01000034 0.01003108 0.19955455 0.21913059 0.26713222 1.72448251] 1.0475267316216594
[0.01000117 0.0100325  0.01571082 0.28603387 0.22591155 0.2379019
 0.01000033 0.01003109 0.19955455 0.21913059 0.26713222 1.72448251]
[0.01000117 0.0100325  0.01571082 0.28603387 0.22591155 0.2379019
 0.01000033 0.01003109 0.19955455 0.21913059 0.26713222 1.72448251] 1.0475264521845158
[0.01000117 0.0100325  0.01571082 0.28603387 0.22591155 0.2379019
 0.01000033 0.01003108 0.19955456 0.21913059 0.26713222 1.72448251]
[0.01000117 0.0100325  0.01571082 0.28603387 0.22591155 0.2379019
 0.01000033 0.01003108 0.19955456 0.21913059 0.26713222 1.72448251] 1.0475265939659164
[0.01000117 0.0100325  0.01571082 0.28603387 0.22591155 0.2379019
 0.01000033 0.01003108 0.19955455 0.2191306  0.26713222 1.72448251]
[0.01000117 0.0100325  0.01571082 0.28603387 0.22591155 0.2379019
 0.01000033 0.01003108 0.19955455 0.2191306  0.26713222 1.72448251] 1.047526625930315
[0.01000117 0.0100325  0.01571082 0.28603387 0.22591155 0.2379019
 0.01000033 0.01003108 0.19955455 0.21913059 0.26713223 1.72448251]
[0.01000117 0.0100325  0.01571082 0.28603387 0.22591155 0.2379019
 0.01000033 0.01003108 0.19955455 0.21913059 0.26713223 1.72448251] 1.0475265497764987
[0.01000117 0.0100325  0.01571082 0.28603387 0.22591155 0.2379019
 0.01000033 0.01003108 0.19955455 0.21913059 0.26713222 1.72448252]
[0.01000117 0.0100325  0.01571082 0.28603387 0.22591155 0.2379019
 0.01000033 0.01003108 0.19955455 0.21913059 0.26713222 1.72448252] 1.047526673494193
[0.01000141 0.01003231 0.01571131 0.28603355 0.22591155 0.23790188
 0.01000091 0.01003089 0.19955402 0.21913103 0.2671327  1.72448176]
[0.01000141 0.01003231 0.01571131 0.28603355 0.22591155 0.23790188
 0.01000091 0.01003089 0.19955402 0.21913103 0.2671327  1.72448176] 1.0475264322549722
[0.01000142 0.01003231 0.01571131 0.28603355 0.22591155 0.23790188
 0.01000091 0.01003089 0.19955402 0.21913103 0.2671327  1.72448176]
[0.01000142 0.01003231 0.01571131 0.28603355 0.22591155 0.23790188
 0.01000091 0.01003089 0.19955402 0.21913103 0.2671327  1.72448176] 1.0475264782659202
[0.01000141 0.01003232 0.01571131 0.28603355 0.22591155 0.23790188
 0.01000091 0.01003089 0.19955402 0.21913103 0.2671327  1.72448176]
[0.01000141 0.01003232 0.01571131 0.28603355 0.22591155 0.23790188
 0.01000091 0.01003089 0.19955402 0.21913103 0.2671327  1.72448176] 1.0475263733428735
[0.01000141 0.01003231 0.01571132 0.28603355 0.22591155 0.23790188
 0.01000091 0.01003089 0.19955402 0.21913103 0.2671327  1.72448176]
[0.01000141 0.01003231 0.01571132 0.28603355 0.22591155 0.23790188
 0.01000091 0.01003089 0.19955402 0.21913103 0.2671327  1.72448176] 1.0475262517909814
[0.01000141 0.01003231 0.01571131 0.28603356 0.22591155 0.23790188
 0.01000091 0.01003089 0.19955402 0.21913103 0.2671327  1.72448176]
[0.01000141 0.01003231 0.01571131 0.28603356 0.22591155 0.23790188
 0.01000091 0.01003089 0.19955402 0.21913103 0.2671327  1.72448176] 1.0475263105973627
[0.01000141 0.01003231 0.01571131 0.28603355 0.22591156 0.23790188
 0.01000091 0.01003089 0.19955402 0.21913103 0.2671327  1.72448176]
[0.01000141 0.01003231 0.01571131 0.28603355 0.22591156 0.23790188
 0.01000091 0.01003089 0.19955402 0.21913103 0.2671327  1.72448176] 1.0475263014597418
[0.01000141 0.01003231 0.01571131 0.28603355 0.22591155 0.23790189
 0.01000091 0.01003089 0.19955402 0.21913103 0.2671327  1.72448176]
[0.01000141 0.01003231 0.01571131 0.28603355 0.22591155 0.23790189
 0.01000091 0.01003089 0.19955402 0.21913103 0.2671327  1.72448176] 1.0475263795339624
[0.01000141 0.01003231 0.01571131 0.28603355 0.22591155 0.23790188
 0.01000092 0.01003089 0.19955402 0.21913103 0.2671327  1.72448176]
[0.01000141 0.01003231 0.01571131 0.28603355 0.22591155 0.23790188
 0.01000092 0.01003089 0.19955402 0.21913103 0.2671327  1.72448176] 1.0475265448925337
[0.01000141 0.01003231 0.01571131 0.28603355 0.22591155 0.23790188
 0.01000091 0.0100309  0.19955402 0.21913103 0.2671327  1.72448176]
[0.01000141 0.01003231 0.01571131 0.28603355 0.22591155 0.23790188
 0.01000091 0.0100309  0.19955402 0.21913103 0.2671327  1.72448176] 1.0475263251653717
[0.01000141 0.01003231 0.01571131 0.28603355 0.22591155 0.23790188
 0.01000091 0.01003089 0.19955403 0.21913103 0.2671327  1.72448176]
[0.01000141 0.01003231 0.01571131 0.28603355 0.22591155 0.23790188
 0.01000091 0.01003089 0.19955403 0.21913103 0.2671327  1.72448176] 1.0475262401438525
[0.01000141 0.01003231 0.01571131 0.28603355 0.22591155 0.23790188
 0.01000091 0.01003089 0.19955402 0.21913104 0.2671327  1.72448176]
[0.01000141 0.01003231 0.01571131 0.28603355 0.22591155 0.23790188
 0.01000091 0.01003089 0.19955402 0.21913104 0.2671327  1.72448176] 1.0475264607752868
[0.01000141 0.01003231 0.01571131 0.28603355 0.22591155 0.23790188
 0.01000091 0.01003089 0.19955402 0.21913103 0.26713271 1.72448176]
[0.01000141 0.01003231 0.01571131 0.28603355 0.22591155 0.23790188
 0.01000091 0.01003089 0.19955402 0.21913103 0.26713271 1.72448176] 1.0475264048651443
[0.01000141 0.01003231 0.01571131 0.28603355 0.22591155 0.23790188
 0.01000091 0.01003089 0.19955402 0.21913103 0.2671327  1.72448177]
[0.01000141 0.01003231 0.01571131 0.28603355 0.22591155 0.23790188
 0.01000091 0.01003089 0.19955402 0.21913103 0.2671327  1.72448177] 1.0475263986202143
[0.01000119 0.01003248 0.01571086 0.28603384 0.22591155 0.2379019
 0.01000038 0.01003107 0.1995545  0.21913063 0.26713226 1.72448244]
[0.01000119 0.01003248 0.01571086 0.28603384 0.22591155 0.2379019
 0.01000038 0.01003107 0.1995545  0.21913063 0.26713226 1.72448244] 1.0475264997692808
[0.0100012  0.01003248 0.01571086 0.28603384 0.22591155 0.2379019
 0.01000038 0.01003107 0.1995545  0.21913063 0.26713226 1.72448244]
[0.0100012  0.01003248 0.01571086 0.28603384 0.22591155 0.2379019
 0.01000038 0.01003107 0.1995545  0.21913063 0.26713226 1.72448244] 1.0475267174312335
[0.01000119 0.01003249 0.01571086 0.28603384 0.22591155 0.2379019
 0.01000038 0.01003107 0.1995545  0.21913063 0.26713226 1.72448244]
[0.01000119 0.01003249 0.01571086 0.28603384 0.22591155 0.2379019
 0.01000038 0.01003107 0.1995545  0.21913063 0.26713226 1.72448244] 1.0475266331340916
[0.01000119 0.01003248 0.01571087 0.28603384 0.22591155 0.2379019
 0.01000038 0.01003107 0.1995545  0.21913063 0.26713226 1.72448244]
[0.01000119 0.01003248 0.01571087 0.28603384 0.22591155 0.2379019
 0.01000038 0.01003107 0.1995545  0.21913063 0.26713226 1.72448244] 1.0475266977987057
[0.01000119 0.01003248 0.01571086 0.28603385 0.22591155 0.2379019
 0.01000038 0.01003107 0.1995545  0.21913063 0.26713226 1.72448244]
[0.01000119 0.01003248 0.01571086 0.28603385 0.22591155 0.2379019
 0.01000038 0.01003107 0.1995545  0.21913063 0.26713226 1.72448244] 1.0475266398301522
[0.01000119 0.01003248 0.01571086 0.28603384 0.22591156 0.2379019
 0.01000038 0.01003107 0.1995545  0.21913063 0.26713226 1.72448244]
[0.01000119 0.01003248 0.01571086 0.28603384 0.22591156 0.2379019
 0.01000038 0.01003107 0.1995545  0.21913063 0.26713226 1.72448244] 1.0475266164427937
[0.01000119 0.01003248 0.01571086 0.28603384 0.22591155 0.23790191
 0.01000038 0.01003107 0.1995545  0.21913063 0.26713226 1.72448244]
[0.01000119 0.01003248 0.01571086 0.28603384 0.22591155 0.23790191
 0.01000038 0.01003107 0.1995545  0.21913063 0.26713226 1.72448244] 1.047526560692381
[0.01000119 0.01003248 0.01571086 0.28603384 0.22591155 0.2379019
 0.01000039 0.01003107 0.1995545  0.21913063 0.26713226 1.72448244]
[0.01000119 0.01003248 0.01571086 0.28603384 0.22591155 0.2379019
 0.01000039 0.01003107 0.1995545  0.21913063 0.26713226 1.72448244] 1.0475266162491375
[0.01000119 0.01003248 0.01571086 0.28603384 0.22591155 0.2379019
 0.01000038 0.01003108 0.1995545  0.21913063 0.26713226 1.72448244]
[0.01000119 0.01003248 0.01571086 0.28603384 0.22591155 0.2379019
 0.01000038 0.01003108 0.1995545  0.21913063 0.26713226 1.72448244] 1.047526693650264
[0.01000119 0.01003248 0.01571086 0.28603384 0.22591155 0.2379019
 0.01000038 0.01003107 0.19955451 0.21913063 0.26713226 1.72448244]
[0.01000119 0.01003248 0.01571086 0.28603384 0.22591155 0.2379019
 0.01000038 0.01003107 0.19955451 0.21913063 0.26713226 1.72448244] 1.0475267056494946
[0.01000119 0.01003248 0.01571086 0.28603384 0.22591155 0.2379019
 0.01000038 0.01003107 0.1995545  0.21913064 0.26713226 1.72448244]
[0.01000119 0.01003248 0.01571086 0.28603384 0.22591155 0.2379019
 0.01000038 0.01003107 0.1995545  0.21913064 0.26713226 1.72448244] 1.0475266757329427
[0.01000119 0.01003248 0.01571086 0.28603384 0.22591155 0.2379019
 0.01000038 0.01003107 0.1995545  0.21913063 0.26713227 1.72448244]
[0.01000119 0.01003248 0.01571086 0.28603384 0.22591155 0.2379019
 0.01000038 0.01003107 0.1995545  0.21913063 0.26713227 1.72448244] 1.0475266225310698
[0.01000119 0.01003248 0.01571086 0.28603384 0.22591155 0.2379019
 0.01000038 0.01003107 0.1995545  0.21913063 0.26713226 1.72448245]
[0.01000119 0.01003248 0.01571086 0.28603384 0.22591155 0.2379019
 0.01000038 0.01003107 0.1995545  0.21913063 0.26713226 1.72448245] 1.047526692791408
[0.01000117 0.0100325  0.01571083 0.28603386 0.22591155 0.2379019
 0.01000034 0.01003108 0.19955454 0.2191306  0.26713223 1.7244825 ]
[0.01000117 0.0100325  0.01571083 0.28603386 0.22591155 0.2379019
 0.01000034 0.01003108 0.19955454 0.2191306  0.26713223 1.7244825 ] 1.0475267187958015
[0.01000118 0.0100325  0.01571083 0.28603386 0.22591155 0.2379019
 0.01000034 0.01003108 0.19955454 0.2191306  0.26713223 1.7244825 ]
[0.01000118 0.0100325  0.01571083 0.28603386 0.22591155 0.2379019
 0.01000034 0.01003108 0.19955454 0.2191306  0.26713223 1.7244825 ] 1.0475266666632859
[0.01000117 0.01003251 0.01571083 0.28603386 0.22591155 0.2379019
 0.01000034 0.01003108 0.19955454 0.2191306  0.26713223 1.7244825 ]
[0.01000117 0.01003251 0.01571083 0.28603386 0.22591155 0.2379019
 0.01000034 0.01003108 0.19955454 0.2191306  0.26713223 1.7244825 ] 1.0475267387302658
[0.01000117 0.0100325  0.01571084 0.28603386 0.22591155 0.2379019
 0.01000034 0.01003108 0.19955454 0.2191306  0.26713223 1.7244825 ]
[0.01000117 0.0100325  0.01571084 0.28603386 0.22591155 0.2379019
 0.01000034 0.01003108 0.19955454 0.2191306  0.26713223 1.7244825 ] 1.0475267325753785
[0.01000117 0.0100325  0.01571083 0.28603387 0.22591155 0.2379019
 0.01000034 0.01003108 0.19955454 0.2191306  0.26713223 1.7244825 ]
[0.01000117 0.0100325  0.01571083 0.28603387 0.22591155 0.2379019
 0.01000034 0.01003108 0.19955454 0.2191306  0.26713223 1.7244825 ] 1.0475267838460351
[0.01000117 0.0100325  0.01571083 0.28603386 0.22591156 0.2379019
 0.01000034 0.01003108 0.19955454 0.2191306  0.26713223 1.7244825 ]
[0.01000117 0.0100325  0.01571083 0.28603386 0.22591156 0.2379019
 0.01000034 0.01003108 0.19955454 0.2191306  0.26713223 1.7244825 ] 1.0475266172409283
[0.01000117 0.0100325  0.01571083 0.28603386 0.22591155 0.23790191
 0.01000034 0.01003108 0.19955454 0.2191306  0.26713223 1.7244825 ]
[0.01000117 0.0100325  0.01571083 0.28603386 0.22591155 0.23790191
 0.01000034 0.01003108 0.19955454 0.2191306  0.26713223 1.7244825 ] 1.0475265558483486
[0.01000117 0.0100325  0.01571083 0.28603386 0.22591155 0.2379019
 0.01000035 0.01003108 0.19955454 0.2191306  0.26713223 1.7244825 ]
[0.01000117 0.0100325  0.01571083 0.28603386 0.22591155 0.2379019
 0.01000035 0.01003108 0.19955454 0.2191306  0.26713223 1.7244825 ] 1.0475264419689225
[0.01000117 0.0100325  0.01571083 0.28603386 0.22591155 0.2379019
 0.01000034 0.01003109 0.19955454 0.2191306  0.26713223 1.7244825 ]
[0.01000117 0.0100325  0.01571083 0.28603386 0.22591155 0.2379019
 0.01000034 0.01003109 0.19955454 0.2191306  0.26713223 1.7244825 ] 1.0475265985696915
[0.01000117 0.0100325  0.01571083 0.28603386 0.22591155 0.2379019
 0.01000034 0.01003108 0.19955455 0.2191306  0.26713223 1.7244825 ]
[0.01000117 0.0100325  0.01571083 0.28603386 0.22591155 0.2379019
 0.01000034 0.01003108 0.19955455 0.2191306  0.26713223 1.7244825 ] 1.047526730865307
[0.01000117 0.0100325  0.01571083 0.28603386 0.22591155 0.2379019
 0.01000034 0.01003108 0.19955454 0.21913061 0.26713223 1.7244825 ]
[0.01000117 0.0100325  0.01571083 0.28603386 0.22591155 0.2379019
 0.01000034 0.01003108 0.19955454 0.21913061 0.26713223 1.7244825 ] 1.0475266686369538
[0.01000117 0.0100325  0.01571083 0.28603386 0.22591155 0.2379019
 0.01000034 0.01003108 0.19955454 0.2191306  0.26713224 1.7244825 ]
[0.01000117 0.0100325  0.01571083 0.28603386 0.22591155 0.2379019
 0.01000034 0.01003108 0.19955454 0.2191306  0.26713224 1.7244825 ] 1.0475268281710604
[0.01000117 0.0100325  0.01571083 0.28603386 0.22591155 0.2379019
 0.01000034 0.01003108 0.19955454 0.2191306  0.26713223 1.72448251]
[0.01000117 0.0100325  0.01571083 0.28603386 0.22591155 0.2379019
 0.01000034 0.01003108 0.19955454 0.2191306  0.26713223 1.72448251] 1.0475267358648084
[0.01000117 0.0100325  0.01571082 0.28603387 0.22591155 0.2379019
 0.01000033 0.01003108 0.19955455 0.21913059 0.26713222 1.72448251]
[0.01000117 0.0100325  0.01571082 0.28603387 0.22591155 0.2379019
 0.01000033 0.01003108 0.19955455 0.21913059 0.26713222 1.72448251] 1.0475268409036056
[0.01000118 0.0100325  0.01571082 0.28603387 0.22591155 0.2379019
 0.01000033 0.01003108 0.19955455 0.21913059 0.26713222 1.72448251]
[0.01000118 0.0100325  0.01571082 0.28603387 0.22591155 0.2379019
 0.01000033 0.01003108 0.19955455 0.21913059 0.26713222 1.72448251] 1.047526664024049
[0.01000117 0.01003251 0.01571082 0.28603387 0.22591155 0.2379019
 0.01000033 0.01003108 0.19955455 0.21913059 0.26713222 1.72448251]
[0.01000117 0.01003251 0.01571082 0.28603387 0.22591155 0.2379019
 0.01000033 0.01003108 0.19955455 0.21913059 0.26713222 1.72448251] 1.0475267153315748
[0.01000117 0.0100325  0.01571083 0.28603387 0.22591155 0.2379019
 0.01000033 0.01003108 0.19955455 0.21913059 0.26713222 1.72448251]
[0.01000117 0.0100325  0.01571083 0.28603387 0.22591155 0.2379019
 0.01000033 0.01003108 0.19955455 0.21913059 0.26713222 1.72448251] 1.0475264957791843
[0.01000117 0.0100325  0.01571082 0.28603388 0.22591155 0.2379019
 0.01000033 0.01003108 0.19955455 0.21913059 0.26713222 1.72448251]
[0.01000117 0.0100325  0.01571082 0.28603388 0.22591155 0.2379019
 0.01000033 0.01003108 0.19955455 0.21913059 0.26713222 1.72448251] 1.0475266504979779
[0.01000117 0.0100325  0.01571082 0.28603387 0.22591156 0.2379019
 0.01000033 0.01003108 0.19955455 0.21913059 0.26713222 1.72448251]
[0.01000117 0.0100325  0.01571082 0.28603387 0.22591156 0.2379019
 0.01000033 0.01003108 0.19955455 0.21913059 0.26713222 1.72448251] 1.0475266114947268
[0.01000117 0.0100325  0.01571082 0.28603387 0.22591155 0.23790191
 0.01000033 0.01003108 0.19955455 0.21913059 0.26713222 1.72448251]
[0.01000117 0.0100325  0.01571082 0.28603387 0.22591155 0.23790191
 0.01000033 0.01003108 0.19955455 0.21913059 0.26713222 1.72448251] 1.047526716545659
[0.01000117 0.0100325  0.01571082 0.28603387 0.22591155 0.2379019
 0.01000034 0.01003108 0.19955455 0.21913059 0.26713222 1.72448251]
[0.01000117 0.0100325  0.01571082 0.28603387 0.22591155 0.2379019
 0.01000034 0.01003108 0.19955455 0.21913059 0.26713222 1.72448251] 1.047526692349574
[0.01000117 0.0100325  0.01571082 0.28603387 0.22591155 0.2379019
 0.01000033 0.01003109 0.19955455 0.21913059 0.26713222 1.72448251]
[0.01000117 0.0100325  0.01571082 0.28603387 0.22591155 0.2379019
 0.01000033 0.01003109 0.19955455 0.21913059 0.26713222 1.72448251] 1.0475265936792189
[0.01000117 0.0100325  0.01571082 0.28603387 0.22591155 0.2379019
 0.01000033 0.01003108 0.19955456 0.21913059 0.26713222 1.72448251]
[0.01000117 0.0100325  0.01571082 0.28603387 0.22591155 0.2379019
 0.01000033 0.01003108 0.19955456 0.21913059 0.26713222 1.72448251] 1.047526622455246
[0.01000117 0.0100325  0.01571082 0.28603387 0.22591155 0.2379019
 0.01000033 0.01003108 0.19955455 0.2191306  0.26713222 1.72448251]
[0.01000117 0.0100325  0.01571082 0.28603387 0.22591155 0.2379019
 0.01000033 0.01003108 0.19955455 0.2191306  0.26713222 1.72448251] 1.0475266106579153
[0.01000117 0.0100325  0.01571082 0.28603387 0.22591155 0.2379019
 0.01000033 0.01003108 0.19955455 0.21913059 0.26713223 1.72448251]
[0.01000117 0.0100325  0.01571082 0.28603387 0.22591155 0.2379019
 0.01000033 0.01003108 0.19955455 0.21913059 0.26713223 1.72448251] 1.047526731610617
[0.01000117 0.0100325  0.01571082 0.28603387 0.22591155 0.2379019
 0.01000033 0.01003108 0.19955455 0.21913059 0.26713222 1.72448252]
[0.01000117 0.0100325  0.01571082 0.28603387 0.22591155 0.2379019
 0.01000033 0.01003108 0.19955455 0.21913059 0.26713222 1.72448252] 1.0475265808603758
[0.01000136 0.01003217 0.01571121 0.28603362 0.22591155 0.2379019
 0.0100008  0.01003074 0.19955412 0.21913095 0.2671326  1.72448191]
[0.01000136 0.01003217 0.01571121 0.28603362 0.22591155 0.2379019
 0.0100008  0.01003074 0.19955412 0.21913095 0.2671326  1.72448191] 1.0475264131409532
[0.01000137 0.01003217 0.01571121 0.28603362 0.22591155 0.2379019
 0.0100008  0.01003074 0.19955412 0.21913095 0.2671326  1.72448191]
[0.01000137 0.01003217 0.01571121 0.28603362 0.22591155 0.2379019
 0.0100008  0.01003074 0.19955412 0.21913095 0.2671326  1.72448191] 1.0475264427517137
[0.01000136 0.01003218 0.01571121 0.28603362 0.22591155 0.2379019
 0.0100008  0.01003074 0.19955412 0.21913095 0.2671326  1.72448191]
[0.01000136 0.01003218 0.01571121 0.28603362 0.22591155 0.2379019
 0.0100008  0.01003074 0.19955412 0.21913095 0.2671326  1.72448191] 1.0475264893540337
[0.01000136 0.01003217 0.01571122 0.28603362 0.22591155 0.2379019
 0.0100008  0.01003074 0.19955412 0.21913095 0.2671326  1.72448191]
[0.01000136 0.01003217 0.01571122 0.28603362 0.22591155 0.2379019
 0.0100008  0.01003074 0.19955412 0.21913095 0.2671326  1.72448191] 1.0475264463363347
[0.01000136 0.01003217 0.01571121 0.28603363 0.22591155 0.2379019
 0.0100008  0.01003074 0.19955412 0.21913095 0.2671326  1.72448191]
[0.01000136 0.01003217 0.01571121 0.28603363 0.22591155 0.2379019
 0.0100008  0.01003074 0.19955412 0.21913095 0.2671326  1.72448191] 1.0475265527051467
[0.01000136 0.01003217 0.01571121 0.28603362 0.22591156 0.2379019
 0.0100008  0.01003074 0.19955412 0.21913095 0.2671326  1.72448191]
[0.01000136 0.01003217 0.01571121 0.28603362 0.22591156 0.2379019
 0.0100008  0.01003074 0.19955412 0.21913095 0.2671326  1.72448191] 1.0475264343439108
[0.01000136 0.01003217 0.01571121 0.28603362 0.22591155 0.23790191
 0.0100008  0.01003074 0.19955412 0.21913095 0.2671326  1.72448191]
[0.01000136 0.01003217 0.01571121 0.28603362 0.22591155 0.23790191
 0.0100008  0.01003074 0.19955412 0.21913095 0.2671326  1.72448191] 1.0475264258320618
[0.01000136 0.01003217 0.01571121 0.28603362 0.22591155 0.2379019
 0.01000081 0.01003074 0.19955412 0.21913095 0.2671326  1.72448191]
[0.01000136 0.01003217 0.01571121 0.28603362 0.22591155 0.2379019
 0.01000081 0.01003074 0.19955412 0.21913095 0.2671326  1.72448191] 1.0475264449929789
[0.01000136 0.01003217 0.01571121 0.28603362 0.22591155 0.2379019
 0.0100008  0.01003075 0.19955412 0.21913095 0.2671326  1.72448191]
[0.01000136 0.01003217 0.01571121 0.28603362 0.22591155 0.2379019
 0.0100008  0.01003075 0.19955412 0.21913095 0.2671326  1.72448191] 1.0475265479460982
[0.01000136 0.01003217 0.01571121 0.28603362 0.22591155 0.2379019
 0.0100008  0.01003074 0.19955413 0.21913095 0.2671326  1.72448191]
[0.01000136 0.01003217 0.01571121 0.28603362 0.22591155 0.2379019
 0.0100008  0.01003074 0.19955413 0.21913095 0.2671326  1.72448191] 1.0475265474044566
[0.01000136 0.01003217 0.01571121 0.28603362 0.22591155 0.2379019
 0.0100008  0.01003074 0.19955412 0.21913096 0.2671326  1.72448191]
[0.01000136 0.01003217 0.01571121 0.28603362 0.22591155 0.2379019
 0.0100008  0.01003074 0.19955412 0.21913096 0.2671326  1.72448191] 1.0475265686059816
[0.01000136 0.01003217 0.01571121 0.28603362 0.22591155 0.2379019
 0.0100008  0.01003074 0.19955412 0.21913095 0.26713261 1.72448191]
[0.01000136 0.01003217 0.01571121 0.28603362 0.22591155 0.2379019
 0.0100008  0.01003074 0.19955412 0.21913095 0.26713261 1.72448191] 1.0475266848358267
[0.01000136 0.01003217 0.01571121 0.28603362 0.22591155 0.2379019
 0.0100008  0.01003074 0.19955412 0.21913095 0.2671326  1.72448192]
[0.01000136 0.01003217 0.01571121 0.28603362 0.22591155 0.2379019
 0.0100008  0.01003074 0.19955412 0.21913095 0.2671326  1.72448192] 1.0475264525761974
[0.01000122 0.0100324  0.01571093 0.28603379 0.22591155 0.2379019
 0.01000047 0.01003098 0.19955443 0.2191307  0.26713233 1.72448234]
[0.01000122 0.0100324  0.01571093 0.28603379 0.22591155 0.2379019
 0.01000047 0.01003098 0.19955443 0.2191307  0.26713233 1.72448234] 1.047526690823467
[0.01000123 0.0100324  0.01571093 0.28603379 0.22591155 0.2379019
 0.01000047 0.01003098 0.19955443 0.2191307  0.26713233 1.72448234]
[0.01000123 0.0100324  0.01571093 0.28603379 0.22591155 0.2379019
 0.01000047 0.01003098 0.19955443 0.2191307  0.26713233 1.72448234] 1.0475266547323148
[0.01000122 0.01003241 0.01571093 0.28603379 0.22591155 0.2379019
 0.01000047 0.01003098 0.19955443 0.2191307  0.26713233 1.72448234]
[0.01000122 0.01003241 0.01571093 0.28603379 0.22591155 0.2379019
 0.01000047 0.01003098 0.19955443 0.2191307  0.26713233 1.72448234] 1.0475266869962419
[0.01000122 0.0100324  0.01571094 0.28603379 0.22591155 0.2379019
 0.01000047 0.01003098 0.19955443 0.2191307  0.26713233 1.72448234]
[0.01000122 0.0100324  0.01571094 0.28603379 0.22591155 0.2379019
 0.01000047 0.01003098 0.19955443 0.2191307  0.26713233 1.72448234] 1.0475265488474714
[0.01000122 0.0100324  0.01571093 0.2860338  0.22591155 0.2379019
 0.01000047 0.01003098 0.19955443 0.2191307  0.26713233 1.72448234]
[0.01000122 0.0100324  0.01571093 0.2860338  0.22591155 0.2379019
 0.01000047 0.01003098 0.19955443 0.2191307  0.26713233 1.72448234] 1.047526663779812
[0.01000122 0.0100324  0.01571093 0.28603379 0.22591156 0.2379019
 0.01000047 0.01003098 0.19955443 0.2191307  0.26713233 1.72448234]
[0.01000122 0.0100324  0.01571093 0.28603379 0.22591156 0.2379019
 0.01000047 0.01003098 0.19955443 0.2191307  0.26713233 1.72448234] 1.0475266735161473
[0.01000122 0.0100324  0.01571093 0.28603379 0.22591155 0.23790191
 0.01000047 0.01003098 0.19955443 0.2191307  0.26713233 1.72448234]
[0.01000122 0.0100324  0.01571093 0.28603379 0.22591155 0.23790191
 0.01000047 0.01003098 0.19955443 0.2191307  0.26713233 1.72448234] 1.047526646316778
[0.01000122 0.0100324  0.01571093 0.28603379 0.22591155 0.2379019
 0.01000048 0.01003098 0.19955443 0.2191307  0.26713233 1.72448234]
[0.01000122 0.0100324  0.01571093 0.28603379 0.22591155 0.2379019
 0.01000048 0.01003098 0.19955443 0.2191307  0.26713233 1.72448234] 1.0475267685279237
[0.01000122 0.0100324  0.01571093 0.28603379 0.22591155 0.2379019
 0.01000047 0.01003099 0.19955443 0.2191307  0.26713233 1.72448234]
[0.01000122 0.0100324  0.01571093 0.28603379 0.22591155 0.2379019
 0.01000047 0.01003099 0.19955443 0.2191307  0.26713233 1.72448234] 1.0475266301449495
[0.01000122 0.0100324  0.01571093 0.28603379 0.22591155 0.2379019
 0.01000047 0.01003098 0.19955444 0.2191307  0.26713233 1.72448234]
[0.01000122 0.0100324  0.01571093 0.28603379 0.22591155 0.2379019
 0.01000047 0.01003098 0.19955444 0.2191307  0.26713233 1.72448234] 1.0475266735048334
[0.01000122 0.0100324  0.01571093 0.28603379 0.22591155 0.2379019
 0.01000047 0.01003098 0.19955443 0.21913071 0.26713233 1.72448234]
[0.01000122 0.0100324  0.01571093 0.28603379 0.22591155 0.2379019
 0.01000047 0.01003098 0.19955443 0.21913071 0.26713233 1.72448234] 1.0475266235799237
[0.01000122 0.0100324  0.01571093 0.28603379 0.22591155 0.2379019
 0.01000047 0.01003098 0.19955443 0.2191307  0.26713234 1.72448234]
[0.01000122 0.0100324  0.01571093 0.28603379 0.22591155 0.2379019
 0.01000047 0.01003098 0.19955443 0.2191307  0.26713234 1.72448234] 1.0475266023653702
[0.01000122 0.0100324  0.01571093 0.28603379 0.22591155 0.2379019
 0.01000047 0.01003098 0.19955443 0.2191307  0.26713233 1.72448235]
[0.01000122 0.0100324  0.01571093 0.28603379 0.22591155 0.2379019
 0.01000047 0.01003098 0.19955443 0.2191307  0.26713233 1.72448235] 1.0475265872325614
[0.01000118 0.01003247 0.01571085 0.28603385 0.22591155 0.2379019
 0.01000037 0.01003106 0.19955452 0.21913062 0.26713225 1.72448246]
[0.01000118 0.01003247 0.01571085 0.28603385 0.22591155 0.2379019
 0.01000037 0.01003106 0.19955452 0.21913062 0.26713225 1.72448246] 1.0475267610390215
[0.01000119 0.01003247 0.01571085 0.28603385 0.22591155 0.2379019
 0.01000037 0.01003106 0.19955452 0.21913062 0.26713225 1.72448246]
[0.01000119 0.01003247 0.01571085 0.28603385 0.22591155 0.2379019
 0.01000037 0.01003106 0.19955452 0.21913062 0.26713225 1.72448246] 1.0475267064734477
[0.01000118 0.01003248 0.01571085 0.28603385 0.22591155 0.2379019
 0.01000037 0.01003106 0.19955452 0.21913062 0.26713225 1.72448246]
[0.01000118 0.01003248 0.01571085 0.28603385 0.22591155 0.2379019
 0.01000037 0.01003106 0.19955452 0.21913062 0.26713225 1.72448246] 1.0475266149013227
[0.01000118 0.01003247 0.01571086 0.28603385 0.22591155 0.2379019
 0.01000037 0.01003106 0.19955452 0.21913062 0.26713225 1.72448246]
[0.01000118 0.01003247 0.01571086 0.28603385 0.22591155 0.2379019
 0.01000037 0.01003106 0.19955452 0.21913062 0.26713225 1.72448246] 1.0475265538456864
[0.01000118 0.01003247 0.01571085 0.28603386 0.22591155 0.2379019
 0.01000037 0.01003106 0.19955452 0.21913062 0.26713225 1.72448246]
[0.01000118 0.01003247 0.01571085 0.28603386 0.22591155 0.2379019
 0.01000037 0.01003106 0.19955452 0.21913062 0.26713225 1.72448246] 1.0475264645138365
[0.01000118 0.01003247 0.01571085 0.28603385 0.22591156 0.2379019
 0.01000037 0.01003106 0.19955452 0.21913062 0.26713225 1.72448246]
[0.01000118 0.01003247 0.01571085 0.28603385 0.22591156 0.2379019
 0.01000037 0.01003106 0.19955452 0.21913062 0.26713225 1.72448246] 1.047526635007055
[0.01000118 0.01003247 0.01571085 0.28603385 0.22591155 0.23790191
 0.01000037 0.01003106 0.19955452 0.21913062 0.26713225 1.72448246]
[0.01000118 0.01003247 0.01571085 0.28603385 0.22591155 0.23790191
 0.01000037 0.01003106 0.19955452 0.21913062 0.26713225 1.72448246] 1.047526570163352
[0.01000118 0.01003247 0.01571085 0.28603385 0.22591155 0.2379019
 0.01000038 0.01003106 0.19955452 0.21913062 0.26713225 1.72448246]
[0.01000118 0.01003247 0.01571085 0.28603385 0.22591155 0.2379019
 0.01000038 0.01003106 0.19955452 0.21913062 0.26713225 1.72448246] 1.047526626494134
[0.01000118 0.01003247 0.01571085 0.28603385 0.22591155 0.2379019
 0.01000037 0.01003107 0.19955452 0.21913062 0.26713225 1.72448246]
[0.01000118 0.01003247 0.01571085 0.28603385 0.22591155 0.2379019
 0.01000037 0.01003107 0.19955452 0.21913062 0.26713225 1.72448246] 1.0475266023619547
[0.01000118 0.01003247 0.01571085 0.28603385 0.22591155 0.2379019
 0.01000037 0.01003106 0.19955453 0.21913062 0.26713225 1.72448246]
[0.01000118 0.01003247 0.01571085 0.28603385 0.22591155 0.2379019
 0.01000037 0.01003106 0.19955453 0.21913062 0.26713225 1.72448246] 1.0475267385103548
[0.01000118 0.01003247 0.01571085 0.28603385 0.22591155 0.2379019
 0.01000037 0.01003106 0.19955452 0.21913063 0.26713225 1.72448246]
[0.01000118 0.01003247 0.01571085 0.28603385 0.22591155 0.2379019
 0.01000037 0.01003106 0.19955452 0.21913063 0.26713225 1.72448246] 1.0475267088331406
[0.01000118 0.01003247 0.01571085 0.28603385 0.22591155 0.2379019
 0.01000037 0.01003106 0.19955452 0.21913062 0.26713226 1.72448246]
[0.01000118 0.01003247 0.01571085 0.28603385 0.22591155 0.2379019
 0.01000037 0.01003106 0.19955452 0.21913062 0.26713226 1.72448246] 1.0475268433457272
[0.01000118 0.01003247 0.01571085 0.28603385 0.22591155 0.2379019
 0.01000037 0.01003106 0.19955452 0.21913062 0.26713225 1.72448247]
[0.01000118 0.01003247 0.01571085 0.28603385 0.22591155 0.2379019
 0.01000037 0.01003106 0.19955452 0.21913062 0.26713225 1.72448247] 1.0475266387515272
[0.01000117 0.01003249 0.01571083 0.28603386 0.22591155 0.2379019
 0.01000034 0.01003108 0.19955455 0.2191306  0.26713223 1.7244825 ]
[0.01000117 0.01003249 0.01571083 0.28603386 0.22591155 0.2379019
 0.01000034 0.01003108 0.19955455 0.2191306  0.26713223 1.7244825 ] 1.0475266735872197
[0.01000118 0.01003249 0.01571083 0.28603386 0.22591155 0.2379019
 0.01000034 0.01003108 0.19955455 0.2191306  0.26713223 1.7244825 ]
[0.01000118 0.01003249 0.01571083 0.28603386 0.22591155 0.2379019
 0.01000034 0.01003108 0.19955455 0.2191306  0.26713223 1.7244825 ] 1.0475267210151178
[0.01000117 0.0100325  0.01571083 0.28603386 0.22591155 0.2379019
 0.01000034 0.01003108 0.19955455 0.2191306  0.26713223 1.7244825 ]
[0.01000117 0.0100325  0.01571083 0.28603386 0.22591155 0.2379019
 0.01000034 0.01003108 0.19955455 0.2191306  0.26713223 1.7244825 ] 1.0475266708492008
[0.01000117 0.01003249 0.01571084 0.28603386 0.22591155 0.2379019
 0.01000034 0.01003108 0.19955455 0.2191306  0.26713223 1.7244825 ]
[0.01000117 0.01003249 0.01571084 0.28603386 0.22591155 0.2379019
 0.01000034 0.01003108 0.19955455 0.2191306  0.26713223 1.7244825 ] 1.0475267377304336
[0.01000117 0.01003249 0.01571083 0.28603387 0.22591155 0.2379019
 0.01000034 0.01003108 0.19955455 0.2191306  0.26713223 1.7244825 ]
[0.01000117 0.01003249 0.01571083 0.28603387 0.22591155 0.2379019
 0.01000034 0.01003108 0.19955455 0.2191306  0.26713223 1.7244825 ] 1.0475266152093894
[0.01000117 0.01003249 0.01571083 0.28603386 0.22591156 0.2379019
 0.01000034 0.01003108 0.19955455 0.2191306  0.26713223 1.7244825 ]
[0.01000117 0.01003249 0.01571083 0.28603386 0.22591156 0.2379019
 0.01000034 0.01003108 0.19955455 0.2191306  0.26713223 1.7244825 ] 1.0475267059218787
[0.01000117 0.01003249 0.01571083 0.28603386 0.22591155 0.23790191
 0.01000034 0.01003108 0.19955455 0.2191306  0.26713223 1.7244825 ]
[0.01000117 0.01003249 0.01571083 0.28603386 0.22591155 0.23790191
 0.01000034 0.01003108 0.19955455 0.2191306  0.26713223 1.7244825 ] 1.0475266867120552
[0.01000117 0.01003249 0.01571083 0.28603386 0.22591155 0.2379019
 0.01000035 0.01003108 0.19955455 0.2191306  0.26713223 1.7244825 ]
[0.01000117 0.01003249 0.01571083 0.28603386 0.22591155 0.2379019
 0.01000035 0.01003108 0.19955455 0.2191306  0.26713223 1.7244825 ] 1.0475267622983382
[0.01000117 0.01003249 0.01571083 0.28603386 0.22591155 0.2379019
 0.01000034 0.01003109 0.19955455 0.2191306  0.26713223 1.7244825 ]
[0.01000117 0.01003249 0.01571083 0.28603386 0.22591155 0.2379019
 0.01000034 0.01003109 0.19955455 0.2191306  0.26713223 1.7244825 ] 1.0475267183210728
[0.01000117 0.01003249 0.01571083 0.28603386 0.22591155 0.2379019
 0.01000034 0.01003108 0.19955456 0.2191306  0.26713223 1.7244825 ]
[0.01000117 0.01003249 0.01571083 0.28603386 0.22591155 0.2379019
 0.01000034 0.01003108 0.19955456 0.2191306  0.26713223 1.7244825 ] 1.0475266401457966
[0.01000117 0.01003249 0.01571083 0.28603386 0.22591155 0.2379019
 0.01000034 0.01003108 0.19955455 0.21913061 0.26713223 1.7244825 ]
[0.01000117 0.01003249 0.01571083 0.28603386 0.22591155 0.2379019
 0.01000034 0.01003108 0.19955455 0.21913061 0.26713223 1.7244825 ] 1.0475267017264345
[0.01000117 0.01003249 0.01571083 0.28603386 0.22591155 0.2379019
 0.01000034 0.01003108 0.19955455 0.2191306  0.26713224 1.7244825 ]
[0.01000117 0.01003249 0.01571083 0.28603386 0.22591155 0.2379019
 0.01000034 0.01003108 0.19955455 0.2191306  0.26713224 1.7244825 ] 1.0475266772729857
[0.01000117 0.01003249 0.01571083 0.28603386 0.22591155 0.2379019
 0.01000034 0.01003108 0.19955455 0.2191306  0.26713223 1.72448251]
[0.01000117 0.01003249 0.01571083 0.28603386 0.22591155 0.2379019
 0.01000034 0.01003108 0.19955455 0.2191306  0.26713223 1.72448251] 1.047526599065708
[0.01000117 0.0100325  0.01571082 0.28603386 0.22591155 0.2379019
 0.01000033 0.01003108 0.19955455 0.21913059 0.26713222 1.72448251]
[0.01000117 0.0100325  0.01571082 0.28603386 0.22591155 0.2379019
 0.01000033 0.01003108 0.19955455 0.21913059 0.26713222 1.72448251] 1.0475266557862144
[0.01000118 0.0100325  0.01571082 0.28603386 0.22591155 0.2379019
 0.01000033 0.01003108 0.19955455 0.21913059 0.26713222 1.72448251]
[0.01000118 0.0100325  0.01571082 0.28603386 0.22591155 0.2379019
 0.01000033 0.01003108 0.19955455 0.21913059 0.26713222 1.72448251] 1.0475267236705834
[0.01000117 0.01003251 0.01571082 0.28603386 0.22591155 0.2379019
 0.01000033 0.01003108 0.19955455 0.21913059 0.26713222 1.72448251]
[0.01000117 0.01003251 0.01571082 0.28603386 0.22591155 0.2379019
 0.01000033 0.01003108 0.19955455 0.21913059 0.26713222 1.72448251] 1.0475266637265404
[0.01000117 0.0100325  0.01571083 0.28603386 0.22591155 0.2379019
 0.01000033 0.01003108 0.19955455 0.21913059 0.26713222 1.72448251]
[0.01000117 0.0100325  0.01571083 0.28603386 0.22591155 0.2379019
 0.01000033 0.01003108 0.19955455 0.21913059 0.26713222 1.72448251] 1.047526559579566
[0.01000117 0.0100325  0.01571082 0.28603387 0.22591155 0.2379019
 0.01000033 0.01003108 0.19955455 0.21913059 0.26713222 1.72448251]
[0.01000117 0.0100325  0.01571082 0.28603387 0.22591155 0.2379019
 0.01000033 0.01003108 0.19955455 0.21913059 0.26713222 1.72448251] 1.047526660913671
[0.01000117 0.0100325  0.01571082 0.28603386 0.22591156 0.2379019
 0.01000033 0.01003108 0.19955455 0.21913059 0.26713222 1.72448251]
[0.01000117 0.0100325  0.01571082 0.28603386 0.22591156 0.2379019
 0.01000033 0.01003108 0.19955455 0.21913059 0.26713222 1.72448251] 1.0475265977403334
[0.01000117 0.0100325  0.01571082 0.28603386 0.22591155 0.23790191
 0.01000033 0.01003108 0.19955455 0.21913059 0.26713222 1.72448251]
[0.01000117 0.0100325  0.01571082 0.28603386 0.22591155 0.23790191
 0.01000033 0.01003108 0.19955455 0.21913059 0.26713222 1.72448251] 1.047526589681512
[0.01000117 0.0100325  0.01571082 0.28603386 0.22591155 0.2379019
 0.01000034 0.01003108 0.19955455 0.21913059 0.26713222 1.72448251]
[0.01000117 0.0100325  0.01571082 0.28603386 0.22591155 0.2379019
 0.01000034 0.01003108 0.19955455 0.21913059 0.26713222 1.72448251] 1.0475267499384384
[0.01000117 0.0100325  0.01571082 0.28603386 0.22591155 0.2379019
 0.01000033 0.01003109 0.19955455 0.21913059 0.26713222 1.72448251]
[0.01000117 0.0100325  0.01571082 0.28603386 0.22591155 0.2379019
 0.01000033 0.01003109 0.19955455 0.21913059 0.26713222 1.72448251] 1.0475266856014884
[0.01000117 0.0100325  0.01571082 0.28603386 0.22591155 0.2379019
 0.01000033 0.01003108 0.19955456 0.21913059 0.26713222 1.72448251]
[0.01000117 0.0100325  0.01571082 0.28603386 0.22591155 0.2379019
 0.01000033 0.01003108 0.19955456 0.21913059 0.26713222 1.72448251] 1.0475266287151515
[0.01000117 0.0100325  0.01571082 0.28603386 0.22591155 0.2379019
 0.01000033 0.01003108 0.19955455 0.2191306  0.26713222 1.72448251]
[0.01000117 0.0100325  0.01571082 0.28603386 0.22591155 0.2379019
 0.01000033 0.01003108 0.19955455 0.2191306  0.26713222 1.72448251] 1.0475265359892019
[0.01000117 0.0100325  0.01571082 0.28603386 0.22591155 0.2379019
 0.01000033 0.01003108 0.19955455 0.21913059 0.26713223 1.72448251]
[0.01000117 0.0100325  0.01571082 0.28603386 0.22591155 0.2379019
 0.01000033 0.01003108 0.19955455 0.21913059 0.26713223 1.72448251] 1.0475267798359071
[0.01000117 0.0100325  0.01571082 0.28603386 0.22591155 0.2379019
 0.01000033 0.01003108 0.19955455 0.21913059 0.26713222 1.72448252]
[0.01000117 0.0100325  0.01571082 0.28603386 0.22591155 0.2379019
 0.01000033 0.01003108 0.19955455 0.21913059 0.26713222 1.72448252] 1.047526686451777
[0.01000117 0.0100325  0.01571082 0.28603387 0.22591155 0.2379019
 0.01000033 0.01003108 0.19955455 0.21913059 0.26713222 1.72448251]
[0.01000117 0.0100325  0.01571082 0.28603387 0.22591155 0.2379019
 0.01000033 0.01003108 0.19955455 0.21913059 0.26713222 1.72448251] 1.0475265777980167
[0.01000118 0.0100325  0.01571082 0.28603387 0.22591155 0.2379019
 0.01000033 0.01003108 0.19955455 0.21913059 0.26713222 1.72448251]
[0.01000118 0.0100325  0.01571082 0.28603387 0.22591155 0.2379019
 0.01000033 0.01003108 0.19955455 0.21913059 0.26713222 1.72448251] 1.047526748665136
[0.01000117 0.01003251 0.01571082 0.28603387 0.22591155 0.2379019
 0.01000033 0.01003108 0.19955455 0.21913059 0.26713222 1.72448251]
[0.01000117 0.01003251 0.01571082 0.28603387 0.22591155 0.2379019
 0.01000033 0.01003108 0.19955455 0.21913059 0.26713222 1.72448251] 1.0475267805113782
[0.01000117 0.0100325  0.01571083 0.28603387 0.22591155 0.2379019
 0.01000033 0.01003108 0.19955455 0.21913059 0.26713222 1.72448251]
[0.01000117 0.0100325  0.01571083 0.28603387 0.22591155 0.2379019
 0.01000033 0.01003108 0.19955455 0.21913059 0.26713222 1.72448251] 1.0475266624049948
[0.01000117 0.0100325  0.01571082 0.28603388 0.22591155 0.2379019
 0.01000033 0.01003108 0.19955455 0.21913059 0.26713222 1.72448251]
[0.01000117 0.0100325  0.01571082 0.28603388 0.22591155 0.2379019
 0.01000033 0.01003108 0.19955455 0.21913059 0.26713222 1.72448251] 1.0475267188720594
[0.01000117 0.0100325  0.01571082 0.28603387 0.22591156 0.2379019
 0.01000033 0.01003108 0.19955455 0.21913059 0.26713222 1.72448251]
[0.01000117 0.0100325  0.01571082 0.28603387 0.22591156 0.2379019
 0.01000033 0.01003108 0.19955455 0.21913059 0.26713222 1.72448251] 1.0475266535097307
[0.01000117 0.0100325  0.01571082 0.28603387 0.22591155 0.23790191
 0.01000033 0.01003108 0.19955455 0.21913059 0.26713222 1.72448251]
[0.01000117 0.0100325  0.01571082 0.28603387 0.22591155 0.23790191
 0.01000033 0.01003108 0.19955455 0.21913059 0.26713222 1.72448251] 1.0475267625977096
[0.01000117 0.0100325  0.01571082 0.28603387 0.22591155 0.2379019
 0.01000034 0.01003108 0.19955455 0.21913059 0.26713222 1.72448251]
[0.01000117 0.0100325  0.01571082 0.28603387 0.22591155 0.2379019
 0.01000034 0.01003108 0.19955455 0.21913059 0.26713222 1.72448251] 1.0475267617021338
[0.01000117 0.0100325  0.01571082 0.28603387 0.22591155 0.2379019
 0.01000033 0.01003109 0.19955455 0.21913059 0.26713222 1.72448251]
[0.01000117 0.0100325  0.01571082 0.28603387 0.22591155 0.2379019
 0.01000033 0.01003109 0.19955455 0.21913059 0.26713222 1.72448251] 1.0475266717944711
[0.01000117 0.0100325  0.01571082 0.28603387 0.22591155 0.2379019
 0.01000033 0.01003108 0.19955456 0.21913059 0.26713222 1.72448251]
[0.01000117 0.0100325  0.01571082 0.28603387 0.22591155 0.2379019
 0.01000033 0.01003108 0.19955456 0.21913059 0.26713222 1.72448251] 1.0475265998185315
[0.01000117 0.0100325  0.01571082 0.28603387 0.22591155 0.2379019
 0.01000033 0.01003108 0.19955455 0.2191306  0.26713222 1.72448251]
[0.01000117 0.0100325  0.01571082 0.28603387 0.22591155 0.2379019
 0.01000033 0.01003108 0.19955455 0.2191306  0.26713222 1.72448251] 1.0475266430582566
[0.01000117 0.0100325  0.01571082 0.28603387 0.22591155 0.2379019
 0.01000033 0.01003108 0.19955455 0.21913059 0.26713223 1.72448251]
[0.01000117 0.0100325  0.01571082 0.28603387 0.22591155 0.2379019
 0.01000033 0.01003108 0.19955455 0.21913059 0.26713223 1.72448251] 1.0475267047989818
[0.01000117 0.0100325  0.01571082 0.28603387 0.22591155 0.2379019
 0.01000033 0.01003108 0.19955455 0.21913059 0.26713222 1.72448252]
[0.01000117 0.0100325  0.01571082 0.28603387 0.22591155 0.2379019
 0.01000033 0.01003108 0.19955455 0.21913059 0.26713222 1.72448252] 1.0475266384417083
[0.01000117 0.0100325  0.01571082 0.28603387 0.22591155 0.2379019
 0.01000033 0.01003108 0.19955455 0.21913059 0.26713222 1.72448251]
[0.01000117 0.0100325  0.01571082 0.28603387 0.22591155 0.2379019
 0.01000033 0.01003108 0.19955455 0.21913059 0.26713222 1.72448251] 1.0475267117260487
[0.01000118 0.0100325  0.01571082 0.28603387 0.22591155 0.2379019
 0.01000033 0.01003108 0.19955455 0.21913059 0.26713222 1.72448251]
[0.01000118 0.0100325  0.01571082 0.28603387 0.22591155 0.2379019
 0.01000033 0.01003108 0.19955455 0.21913059 0.26713222 1.72448251] 1.0475266442809392
[0.01000117 0.01003251 0.01571082 0.28603387 0.22591155 0.2379019
 0.01000033 0.01003108 0.19955455 0.21913059 0.26713222 1.72448251]
[0.01000117 0.01003251 0.01571082 0.28603387 0.22591155 0.2379019
 0.01000033 0.01003108 0.19955455 0.21913059 0.26713222 1.72448251] 1.0475266105825753
[0.01000117 0.0100325  0.01571083 0.28603387 0.22591155 0.2379019
 0.01000033 0.01003108 0.19955455 0.21913059 0.26713222 1.72448251]
[0.01000117 0.0100325  0.01571083 0.28603387 0.22591155 0.2379019
 0.01000033 0.01003108 0.19955455 0.21913059 0.26713222 1.72448251] 1.0475266884648409
[0.01000117 0.0100325  0.01571082 0.28603388 0.22591155 0.2379019
 0.01000033 0.01003108 0.19955455 0.21913059 0.26713222 1.72448251]
[0.01000117 0.0100325  0.01571082 0.28603388 0.22591155 0.2379019
 0.01000033 0.01003108 0.19955455 0.21913059 0.26713222 1.72448251] 1.0475266597945572
[0.01000117 0.0100325  0.01571082 0.28603387 0.22591156 0.2379019
 0.01000033 0.01003108 0.19955455 0.21913059 0.26713222 1.72448251]
[0.01000117 0.0100325  0.01571082 0.28603387 0.22591156 0.2379019
 0.01000033 0.01003108 0.19955455 0.21913059 0.26713222 1.72448251] 1.047526755892829
[0.01000117 0.0100325  0.01571082 0.28603387 0.22591155 0.23790191
 0.01000033 0.01003108 0.19955455 0.21913059 0.26713222 1.72448251]
[0.01000117 0.0100325  0.01571082 0.28603387 0.22591155 0.23790191
 0.01000033 0.01003108 0.19955455 0.21913059 0.26713222 1.72448251] 1.0475266885382748
[0.01000117 0.0100325  0.01571082 0.28603387 0.22591155 0.2379019
 0.01000034 0.01003108 0.19955455 0.21913059 0.26713222 1.72448251]
[0.01000117 0.0100325  0.01571082 0.28603387 0.22591155 0.2379019
 0.01000034 0.01003108 0.19955455 0.21913059 0.26713222 1.72448251] 1.0475266110423318
[0.01000117 0.0100325  0.01571082 0.28603387 0.22591155 0.2379019
 0.01000033 0.01003109 0.19955455 0.21913059 0.26713222 1.72448251]
[0.01000117 0.0100325  0.01571082 0.28603387 0.22591155 0.2379019
 0.01000033 0.01003109 0.19955455 0.21913059 0.26713222 1.72448251] 1.0475265703726395
[0.01000117 0.0100325  0.01571082 0.28603387 0.22591155 0.2379019
 0.01000033 0.01003108 0.19955456 0.21913059 0.26713222 1.72448251]
[0.01000117 0.0100325  0.01571082 0.28603387 0.22591155 0.2379019
 0.01000033 0.01003108 0.19955456 0.21913059 0.26713222 1.72448251] 1.0475266247970114
[0.01000117 0.0100325  0.01571082 0.28603387 0.22591155 0.2379019
 0.01000033 0.01003108 0.19955455 0.2191306  0.26713222 1.72448251]
[0.01000117 0.0100325  0.01571082 0.28603387 0.22591155 0.2379019
 0.01000033 0.01003108 0.19955455 0.2191306  0.26713222 1.72448251] 1.0475265769859008
[0.01000117 0.0100325  0.01571082 0.28603387 0.22591155 0.2379019
 0.01000033 0.01003108 0.19955455 0.21913059 0.26713223 1.72448251]
[0.01000117 0.0100325  0.01571082 0.28603387 0.22591155 0.2379019
 0.01000033 0.01003108 0.19955455 0.21913059 0.26713223 1.72448251] 1.047526552187265
[0.01000117 0.0100325  0.01571082 0.28603387 0.22591155 0.2379019
 0.01000033 0.01003108 0.19955455 0.21913059 0.26713222 1.72448252]
[0.01000117 0.0100325  0.01571082 0.28603387 0.22591155 0.2379019
 0.01000033 0.01003108 0.19955455 0.21913059 0.26713222 1.72448252] 1.0475266262715406
[0.01000117 0.0100325  0.01571082 0.28603387 0.22591155 0.2379019
 0.01000033 0.01003108 0.19955455 0.21913059 0.26713222 1.72448251]
[0.01000117 0.0100325  0.01571082 0.28603387 0.22591155 0.2379019
 0.01000033 0.01003108 0.19955455 0.21913059 0.26713222 1.72448251] 1.0475267106494155
[0.01000118 0.0100325  0.01571082 0.28603387 0.22591155 0.2379019
 0.01000033 0.01003108 0.19955455 0.21913059 0.26713222 1.72448251]
[0.01000118 0.0100325  0.01571082 0.28603387 0.22591155 0.2379019
 0.01000033 0.01003108 0.19955455 0.21913059 0.26713222 1.72448251] 1.047526713837585
[0.01000117 0.01003251 0.01571082 0.28603387 0.22591155 0.2379019
 0.01000033 0.01003108 0.19955455 0.21913059 0.26713222 1.72448251]
[0.01000117 0.01003251 0.01571082 0.28603387 0.22591155 0.2379019
 0.01000033 0.01003108 0.19955455 0.21913059 0.26713222 1.72448251] 1.0475267374569788
[0.01000117 0.0100325  0.01571083 0.28603387 0.22591155 0.2379019
 0.01000033 0.01003108 0.19955455 0.21913059 0.26713222 1.72448251]
[0.01000117 0.0100325  0.01571083 0.28603387 0.22591155 0.2379019
 0.01000033 0.01003108 0.19955455 0.21913059 0.26713222 1.72448251] 1.0475265580005435
[0.01000117 0.0100325  0.01571082 0.28603388 0.22591155 0.2379019
 0.01000033 0.01003108 0.19955455 0.21913059 0.26713222 1.72448251]
[0.01000117 0.0100325  0.01571082 0.28603388 0.22591155 0.2379019
 0.01000033 0.01003108 0.19955455 0.21913059 0.26713222 1.72448251] 1.0475267672066353
[0.01000117 0.0100325  0.01571082 0.28603387 0.22591156 0.2379019
 0.01000033 0.01003108 0.19955455 0.21913059 0.26713222 1.72448251]
[0.01000117 0.0100325  0.01571082 0.28603387 0.22591156 0.2379019
 0.01000033 0.01003108 0.19955455 0.21913059 0.26713222 1.72448251] 1.0475266857128143
[0.01000117 0.0100325  0.01571082 0.28603387 0.22591155 0.23790191
 0.01000033 0.01003108 0.19955455 0.21913059 0.26713222 1.72448251]
[0.01000117 0.0100325  0.01571082 0.28603387 0.22591155 0.23790191
 0.01000033 0.01003108 0.19955455 0.21913059 0.26713222 1.72448251] 1.0475265115643058
[0.01000117 0.0100325  0.01571082 0.28603387 0.22591155 0.2379019
 0.01000034 0.01003108 0.19955455 0.21913059 0.26713222 1.72448251]
[0.01000117 0.0100325  0.01571082 0.28603387 0.22591155 0.2379019
 0.01000034 0.01003108 0.19955455 0.21913059 0.26713222 1.72448251] 1.0475267388228193
[0.01000117 0.0100325  0.01571082 0.28603387 0.22591155 0.2379019
 0.01000033 0.01003109 0.19955455 0.21913059 0.26713222 1.72448251]
[0.01000117 0.0100325  0.01571082 0.28603387 0.22591155 0.2379019
 0.01000033 0.01003109 0.19955455 0.21913059 0.26713222 1.72448251] 1.0475266034542998
[0.01000117 0.0100325  0.01571082 0.28603387 0.22591155 0.2379019
 0.01000033 0.01003108 0.19955456 0.21913059 0.26713222 1.72448251]
[0.01000117 0.0100325  0.01571082 0.28603387 0.22591155 0.2379019
 0.01000033 0.01003108 0.19955456 0.21913059 0.26713222 1.72448251] 1.0475268533852753
[0.01000117 0.0100325  0.01571082 0.28603387 0.22591155 0.2379019
 0.01000033 0.01003108 0.19955455 0.2191306  0.26713222 1.72448251]
[0.01000117 0.0100325  0.01571082 0.28603387 0.22591155 0.2379019
 0.01000033 0.01003108 0.19955455 0.2191306  0.26713222 1.72448251] 1.0475266278044153
[0.01000117 0.0100325  0.01571082 0.28603387 0.22591155 0.2379019
 0.01000033 0.01003108 0.19955455 0.21913059 0.26713223 1.72448251]
[0.01000117 0.0100325  0.01571082 0.28603387 0.22591155 0.2379019
 0.01000033 0.01003108 0.19955455 0.21913059 0.26713223 1.72448251] 1.047526581925825
[0.01000117 0.0100325  0.01571082 0.28603387 0.22591155 0.2379019
 0.01000033 0.01003108 0.19955455 0.21913059 0.26713222 1.72448252]
[0.01000117 0.0100325  0.01571082 0.28603387 0.22591155 0.2379019
 0.01000033 0.01003108 0.19955455 0.21913059 0.26713222 1.72448252] 1.0475267301620188
checking on  MEX
upper corner was better for  MEX
checking on  ROW
upper corner was better for  ROW
checking on  USA
lower corner was better for  USA
checking on  EUR
lower corner was better for  EUR
checking on  JAP
lower corner was better for  JAP
checking on  CAN
lower corner was better for  CAN
checking on  KOR
lower corner was better for  KOR
checking on  MEX
[16.0] COOP negishi done in 1622s -> 2000_16.0_negishi/
not parallel
[0.08073098 0.09051411 0.10322392 0.19138188 0.21029419 0.29098182
 0.06944885 0.06163916 0.27749272 0.2511222  0.21146499 1.7342936 ]
[0.08073098 0.09051411 0.10322392 0.19138188 0.21029419 0.29098182
 0.06944885 0.06163916 0.27749272 0.2511222  0.21146499 1.7342936 ] 0.9999999992234674
[0.08073099 0.09051411 0.10322392 0.19138188 0.21029419 0.29098182
 0.06944885 0.06163916 0.27749272 0.2511222  0.21146499 1.7342936 ]
[0.08073099 0.09051411 0.10322392 0.19138188 0.21029419 0.29098182
 0.06944885 0.06163916 0.27749272 0.2511222  0.21146499 1.7342936 ] 0.9999999979973839
[0.08073098 0.09051412 0.10322392 0.19138188 0.21029419 0.29098182
 0.06944885 0.06163916 0.27749272 0.2511222  0.21146499 1.7342936 ]
[0.08073098 0.09051412 0.10322392 0.19138188 0.21029419 0.29098182
 0.06944885 0.06163916 0.27749272 0.2511222  0.21146499 1.7342936 ] 0.999999998127123
[0.08073098 0.09051411 0.10322393 0.19138188 0.21029419 0.29098182
 0.06944885 0.06163916 0.27749272 0.2511222  0.21146499 1.7342936 ]
[0.08073098 0.09051411 0.10322393 0.19138188 0.21029419 0.29098182
 0.06944885 0.06163916 0.27749272 0.2511222  0.21146499 1.7342936 ] 0.9999999991172073
[0.08073098 0.09051411 0.10322392 0.19138189 0.21029419 0.29098182
 0.06944885 0.06163916 0.27749272 0.2511222  0.21146499 1.7342936 ]
[0.08073098 0.09051411 0.10322392 0.19138189 0.21029419 0.29098182
 0.06944885 0.06163916 0.27749272 0.2511222  0.21146499 1.7342936 ] 0.9999999997214364
[0.08073098 0.09051411 0.10322392 0.19138188 0.2102942  0.29098182
 0.06944885 0.06163916 0.27749272 0.2511222  0.21146499 1.7342936 ]
[0.08073098 0.09051411 0.10322392 0.19138188 0.2102942  0.29098182
 0.06944885 0.06163916 0.27749272 0.2511222  0.21146499 1.7342936 ] 0.9999999999914293
[0.08073098 0.09051411 0.10322392 0.19138188 0.21029419 0.29098183
 0.06944885 0.06163916 0.27749272 0.2511222  0.21146499 1.7342936 ]
[0.08073098 0.09051411 0.10322392 0.19138188 0.21029419 0.29098183
 0.06944885 0.06163916 0.27749272 0.2511222  0.21146499 1.7342936 ] 0.9999999991533934
[0.08073098 0.09051411 0.10322392 0.19138188 0.21029419 0.29098182
 0.06944886 0.06163916 0.27749272 0.2511222  0.21146499 1.7342936 ]
[0.08073098 0.09051411 0.10322392 0.19138188 0.21029419 0.29098182
 0.06944886 0.06163916 0.27749272 0.2511222  0.21146499 1.7342936 ] 0.9999999993882172
[0.08073098 0.09051411 0.10322392 0.19138188 0.21029419 0.29098182
 0.06944885 0.06163917 0.27749272 0.2511222  0.21146499 1.7342936 ]
[0.08073098 0.09051411 0.10322392 0.19138188 0.21029419 0.29098182
 0.06944885 0.06163917 0.27749272 0.2511222  0.21146499 1.7342936 ] 0.9999999993836097
[0.08073098 0.09051411 0.10322392 0.19138188 0.21029419 0.29098182
 0.06944885 0.06163916 0.27749273 0.2511222  0.21146499 1.7342936 ]
[0.08073098 0.09051411 0.10322392 0.19138188 0.21029419 0.29098182
 0.06944885 0.06163916 0.27749273 0.2511222  0.21146499 1.7342936 ] 0.9999999998478661
[0.08073098 0.09051411 0.10322392 0.19138188 0.21029419 0.29098182
 0.06944885 0.06163916 0.27749272 0.25112221 0.21146499 1.7342936 ]
[0.08073098 0.09051411 0.10322392 0.19138188 0.21029419 0.29098182
 0.06944885 0.06163916 0.27749272 0.25112221 0.21146499 1.7342936 ] 0.9999999999857678
[0.08073098 0.09051411 0.10322392 0.19138188 0.21029419 0.29098182
 0.06944885 0.06163916 0.27749272 0.2511222  0.211465   1.7342936 ]
[0.08073098 0.09051411 0.10322392 0.19138188 0.21029419 0.29098182
 0.06944885 0.06163916 0.27749272 0.2511222  0.211465   1.7342936 ] 0.9999999996355586
[0.08073098 0.09051411 0.10322392 0.19138188 0.21029419 0.29098182
 0.06944885 0.06163916 0.27749272 0.2511222  0.21146499 1.73429361]
[0.08073098 0.09051411 0.10322392 0.19138188 0.21029419 0.29098182
 0.06944885 0.06163916 0.27749272 0.2511222  0.21146499 1.73429361] 1.000000000490154
[0.01       0.01       0.09259791 0.24117878 0.28709038 0.28397443
 0.08592383 0.07765339 0.3399326  0.32735224 0.25267411 1.86096225]
[0.01       0.01       0.09259791 0.24117878 0.28709038 0.28397443
 0.08592383 0.07765339 0.3399326  0.32735224 0.25267411 1.86096225] 1.058480125687016
[0.01000001 0.01       0.09259791 0.24117878 0.28709038 0.28397443
 0.08592383 0.07765339 0.3399326  0.32735224 0.25267411 1.86096225]
[0.01000001 0.01       0.09259791 0.24117878 0.28709038 0.28397443
 0.08592383 0.07765339 0.3399326  0.32735224 0.25267411 1.86096225] 1.0584801171424374
[0.01       0.01000001 0.09259791 0.24117878 0.28709038 0.28397443
 0.08592383 0.07765339 0.3399326  0.32735224 0.25267411 1.86096225]
[0.01       0.01000001 0.09259791 0.24117878 0.28709038 0.28397443
 0.08592383 0.07765339 0.3399326  0.32735224 0.25267411 1.86096225] 1.0584801182256387
[0.01       0.01       0.09259792 0.24117878 0.28709038 0.28397443
 0.08592383 0.07765339 0.3399326  0.32735224 0.25267411 1.86096225]
[0.01       0.01       0.09259792 0.24117878 0.28709038 0.28397443
 0.08592383 0.07765339 0.3399326  0.32735224 0.25267411 1.86096225] 1.0584801281822653
[0.01       0.01       0.09259791 0.24117879 0.28709038 0.28397443
 0.08592383 0.07765339 0.3399326  0.32735224 0.25267411 1.86096225]
[0.01       0.01       0.09259791 0.24117879 0.28709038 0.28397443
 0.08592383 0.07765339 0.3399326  0.32735224 0.25267411 1.86096225] 1.0584801277978368
[0.01       0.01       0.09259791 0.24117878 0.28709039 0.28397443
 0.08592383 0.07765339 0.3399326  0.32735224 0.25267411 1.86096225]
[0.01       0.01       0.09259791 0.24117878 0.28709039 0.28397443
 0.08592383 0.07765339 0.3399326  0.32735224 0.25267411 1.86096225] 1.058480130342887
[0.01       0.01       0.09259791 0.24117878 0.28709038 0.28397444
 0.08592383 0.07765339 0.3399326  0.32735224 0.25267411 1.86096225]
[0.01       0.01       0.09259791 0.24117878 0.28709038 0.28397444
 0.08592383 0.07765339 0.3399326  0.32735224 0.25267411 1.86096225] 1.0584801264359978
[0.01       0.01       0.09259791 0.24117878 0.28709038 0.28397443
 0.08592384 0.07765339 0.3399326  0.32735224 0.25267411 1.86096225]
[0.01       0.01       0.09259791 0.24117878 0.28709038 0.28397443
 0.08592384 0.07765339 0.3399326  0.32735224 0.25267411 1.86096225] 1.0584801261372165
[0.01       0.01       0.09259791 0.24117878 0.28709038 0.28397443
 0.08592383 0.0776534  0.3399326  0.32735224 0.25267411 1.86096225]
[0.01       0.01       0.09259791 0.24117878 0.28709038 0.28397443
 0.08592383 0.0776534  0.3399326  0.32735224 0.25267411 1.86096225] 1.058480125946835
[0.01       0.01       0.09259791 0.24117878 0.28709038 0.28397443
 0.08592383 0.07765339 0.33993261 0.32735224 0.25267411 1.86096225]
[0.01       0.01       0.09259791 0.24117878 0.28709038 0.28397443
 0.08592383 0.07765339 0.33993261 0.32735224 0.25267411 1.86096225] 1.0584801262031498
[0.01       0.01       0.09259791 0.24117878 0.28709038 0.28397443
 0.08592383 0.07765339 0.3399326  0.32735225 0.25267411 1.86096225]
[0.01       0.01       0.09259791 0.24117878 0.28709038 0.28397443
 0.08592383 0.07765339 0.3399326  0.32735225 0.25267411 1.86096225] 1.05848012847573
[0.01       0.01       0.09259791 0.24117878 0.28709038 0.28397443
 0.08592383 0.07765339 0.3399326  0.32735224 0.25267412 1.86096225]
[0.01       0.01       0.09259791 0.24117878 0.28709038 0.28397443
 0.08592383 0.07765339 0.3399326  0.32735224 0.25267412 1.86096225] 1.058480128826777
[0.01       0.01       0.09259791 0.24117878 0.28709038 0.28397443
 0.08592383 0.07765339 0.3399326  0.32735224 0.25267411 1.86096226]
[0.01       0.01       0.09259791 0.24117878 0.28709038 0.28397443
 0.08592383 0.07765339 0.3399326  0.32735224 0.25267411 1.86096226] 1.058480127705277
[0.01       0.01       0.34212285 0.45226087 0.75267749 0.3588726
 0.13094388 0.1036353  0.39154598 0.60622363 0.5666502  2.06278837]
[0.01       0.01       0.34212285 0.45226087 0.75267749 0.3588726
 0.13094388 0.1036353  0.39154598 0.60622363 0.5666502  2.06278837] 1.0563570569843475
[0.01000001 0.01       0.34212285 0.45226087 0.75267749 0.3588726
 0.13094388 0.1036353  0.39154598 0.60622363 0.5666502  2.06278837]
[0.01000001 0.01       0.34212285 0.45226087 0.75267749 0.3588726
 0.13094388 0.1036353  0.39154598 0.60622363 0.5666502  2.06278837] 1.0563570935455031
[0.01       0.01000001 0.34212285 0.45226087 0.75267749 0.3588726
 0.13094388 0.1036353  0.39154598 0.60622363 0.5666502  2.06278837]
[0.01       0.01000001 0.34212285 0.45226087 0.75267749 0.3588726
 0.13094388 0.1036353  0.39154598 0.60622363 0.5666502  2.06278837] 1.0563573849213088
[0.01       0.01       0.34212286 0.45226087 0.75267749 0.3588726
 0.13094388 0.1036353  0.39154598 0.60622363 0.5666502  2.06278837]
[0.01       0.01       0.34212286 0.45226087 0.75267749 0.3588726
 0.13094388 0.1036353  0.39154598 0.60622363 0.5666502  2.06278837] 1.0563570363022992
[0.01       0.01       0.34212285 0.45226088 0.75267749 0.3588726
 0.13094388 0.1036353  0.39154598 0.60622363 0.5666502  2.06278837]
[0.01       0.01       0.34212285 0.45226088 0.75267749 0.3588726
 0.13094388 0.1036353  0.39154598 0.60622363 0.5666502  2.06278837] 1.0563572094582783
[0.01       0.01       0.34212285 0.45226087 0.7526775  0.3588726
 0.13094388 0.1036353  0.39154598 0.60622363 0.5666502  2.06278837]
[0.01       0.01       0.34212285 0.45226087 0.7526775  0.3588726
 0.13094388 0.1036353  0.39154598 0.60622363 0.5666502  2.06278837] 1.0563572225726106
[0.01       0.01       0.34212285 0.45226087 0.75267749 0.35887261
 0.13094388 0.1036353  0.39154598 0.60622363 0.5666502  2.06278837]
[0.01       0.01       0.34212285 0.45226087 0.75267749 0.35887261
 0.13094388 0.1036353  0.39154598 0.60622363 0.5666502  2.06278837] 1.0563571354974077
[0.01       0.01       0.34212285 0.45226087 0.75267749 0.3588726
 0.13094389 0.1036353  0.39154598 0.60622363 0.5666502  2.06278837]
[0.01       0.01       0.34212285 0.45226087 0.75267749 0.3588726
 0.13094389 0.1036353  0.39154598 0.60622363 0.5666502  2.06278837] 1.0563571089138992
[0.01       0.01       0.34212285 0.45226087 0.75267749 0.3588726
 0.13094388 0.10363531 0.39154598 0.60622363 0.5666502  2.06278837]
[0.01       0.01       0.34212285 0.45226087 0.75267749 0.3588726
 0.13094388 0.10363531 0.39154598 0.60622363 0.5666502  2.06278837] 1.0563572482372832
[0.01       0.01       0.34212285 0.45226087 0.75267749 0.3588726
 0.13094388 0.1036353  0.39154599 0.60622363 0.5666502  2.06278837]
[0.01       0.01       0.34212285 0.45226087 0.75267749 0.3588726
 0.13094388 0.1036353  0.39154599 0.60622363 0.5666502  2.06278837] 1.0563571509056837
[0.01       0.01       0.34212285 0.45226087 0.75267749 0.3588726
 0.13094388 0.1036353  0.39154598 0.60622364 0.5666502  2.06278837]
[0.01       0.01       0.34212285 0.45226087 0.75267749 0.3588726
 0.13094388 0.1036353  0.39154598 0.60622364 0.5666502  2.06278837] 1.0563572101609076
[0.01       0.01       0.34212285 0.45226087 0.75267749 0.3588726
 0.13094388 0.1036353  0.39154598 0.60622363 0.56665021 2.06278837]
[0.01       0.01       0.34212285 0.45226087 0.75267749 0.3588726
 0.13094388 0.1036353  0.39154598 0.60622363 0.56665021 2.06278837] 1.0563572318186527
[0.01       0.01       0.34212285 0.45226087 0.75267749 0.3588726
 0.13094388 0.1036353  0.39154598 0.60622363 0.5666502  2.06278838]
[0.01       0.01       0.34212285 0.45226087 0.75267749 0.3588726
 0.13094388 0.1036353  0.39154598 0.60622363 0.5666502  2.06278838] 1.0563571245827472
[0.01       0.01       0.09546095 0.24360073 0.29243251 0.28483381
 0.08644039 0.07795151 0.34052481 0.330552   0.25627666 1.863278  ]
[0.01       0.01       0.09546095 0.24360073 0.29243251 0.28483381
 0.08644039 0.07795151 0.34052481 0.330552   0.25627666 1.863278  ] 1.0583870989867952
[0.01000001 0.01       0.09546095 0.24360073 0.29243251 0.28483381
 0.08644039 0.07795151 0.34052481 0.330552   0.25627666 1.863278  ]
[0.01000001 0.01       0.09546095 0.24360073 0.29243251 0.28483381
 0.08644039 0.07795151 0.34052481 0.330552   0.25627666 1.863278  ] 1.058387091620711
[0.01       0.01000001 0.09546095 0.24360073 0.29243251 0.28483381
 0.08644039 0.07795151 0.34052481 0.330552   0.25627666 1.863278  ]
[0.01       0.01000001 0.09546095 0.24360073 0.29243251 0.28483381
 0.08644039 0.07795151 0.34052481 0.330552   0.25627666 1.863278  ] 1.0583870950277372
[0.01       0.01       0.09546096 0.24360073 0.29243251 0.28483381
 0.08644039 0.07795151 0.34052481 0.330552   0.25627666 1.863278  ]
[0.01       0.01       0.09546096 0.24360073 0.29243251 0.28483381
 0.08644039 0.07795151 0.34052481 0.330552   0.25627666 1.863278  ] 1.058387106001569
[0.01       0.01       0.09546095 0.24360074 0.29243251 0.28483381
 0.08644039 0.07795151 0.34052481 0.330552   0.25627666 1.863278  ]
[0.01       0.01       0.09546095 0.24360074 0.29243251 0.28483381
 0.08644039 0.07795151 0.34052481 0.330552   0.25627666 1.863278  ] 1.0583871044529705
[0.01       0.01       0.09546095 0.24360073 0.29243252 0.28483381
 0.08644039 0.07795151 0.34052481 0.330552   0.25627666 1.863278  ]
[0.01       0.01       0.09546095 0.24360073 0.29243252 0.28483381
 0.08644039 0.07795151 0.34052481 0.330552   0.25627666 1.863278  ] 1.058387105288714
[0.01       0.01       0.09546095 0.24360073 0.29243251 0.28483382
 0.08644039 0.07795151 0.34052481 0.330552   0.25627666 1.863278  ]
[0.01       0.01       0.09546095 0.24360073 0.29243251 0.28483382
 0.08644039 0.07795151 0.34052481 0.330552   0.25627666 1.863278  ] 1.0583871050617502
[0.01       0.01       0.09546095 0.24360073 0.29243251 0.28483381
 0.0864404  0.07795151 0.34052481 0.330552   0.25627666 1.863278  ]
[0.01       0.01       0.09546095 0.24360073 0.29243251 0.28483381
 0.0864404  0.07795151 0.34052481 0.330552   0.25627666 1.863278  ] 1.058387107650121
[0.01       0.01       0.09546095 0.24360073 0.29243251 0.28483381
 0.08644039 0.07795152 0.34052481 0.330552   0.25627666 1.863278  ]
[0.01       0.01       0.09546095 0.24360073 0.29243251 0.28483381
 0.08644039 0.07795152 0.34052481 0.330552   0.25627666 1.863278  ] 1.0583871016890296
[0.01       0.01       0.09546095 0.24360073 0.29243251 0.28483381
 0.08644039 0.07795151 0.34052482 0.330552   0.25627666 1.863278  ]
[0.01       0.01       0.09546095 0.24360073 0.29243251 0.28483381
 0.08644039 0.07795151 0.34052482 0.330552   0.25627666 1.863278  ] 1.0583871055474965
[0.01       0.01       0.09546095 0.24360073 0.29243251 0.28483381
 0.08644039 0.07795151 0.34052481 0.33055201 0.25627666 1.863278  ]
[0.01       0.01       0.09546095 0.24360073 0.29243251 0.28483381
 0.08644039 0.07795151 0.34052481 0.33055201 0.25627666 1.863278  ] 1.0583871055410323
[0.01       0.01       0.09546095 0.24360073 0.29243251 0.28483381
 0.08644039 0.07795151 0.34052481 0.330552   0.25627667 1.863278  ]
[0.01       0.01       0.09546095 0.24360073 0.29243251 0.28483381
 0.08644039 0.07795151 0.34052481 0.330552   0.25627667 1.863278  ] 1.0583871043412114
[0.01       0.01       0.09546095 0.24360073 0.29243251 0.28483381
 0.08644039 0.07795151 0.34052481 0.330552   0.25627666 1.86327801]
[0.01       0.01       0.09546095 0.24360073 0.29243251 0.28483381
 0.08644039 0.07795151 0.34052481 0.330552   0.25627666 1.86327801] 1.0583871051532834
[0.01       0.01       0.09300538 0.24152347 0.28785067 0.28409673
 0.08599734 0.07769582 0.34001688 0.32780762 0.25318682 1.86129183]
[0.01       0.01       0.09300538 0.24152347 0.28785067 0.28409673
 0.08599734 0.07769582 0.34001688 0.32780762 0.25318682 1.86129183] 1.0584665717322124
[0.01000001 0.01       0.09300538 0.24152347 0.28785067 0.28409673
 0.08599734 0.07769582 0.34001688 0.32780762 0.25318682 1.86129183]
[0.01000001 0.01       0.09300538 0.24152347 0.28785067 0.28409673
 0.08599734 0.07769582 0.34001688 0.32780762 0.25318682 1.86129183] 1.0584665561293192
[0.01       0.01000001 0.09300538 0.24152347 0.28785067 0.28409673
 0.08599734 0.07769582 0.34001688 0.32780762 0.25318682 1.86129183]
[0.01       0.01000001 0.09300538 0.24152347 0.28785067 0.28409673
 0.08599734 0.07769582 0.34001688 0.32780762 0.25318682 1.86129183] 1.0584665602996413
[0.01       0.01       0.09300539 0.24152347 0.28785067 0.28409673
 0.08599734 0.07769582 0.34001688 0.32780762 0.25318682 1.86129183]
[0.01       0.01       0.09300539 0.24152347 0.28785067 0.28409673
 0.08599734 0.07769582 0.34001688 0.32780762 0.25318682 1.86129183] 1.0584665674051879
[0.01       0.01       0.09300538 0.24152348 0.28785067 0.28409673
 0.08599734 0.07769582 0.34001688 0.32780762 0.25318682 1.86129183]
[0.01       0.01       0.09300538 0.24152348 0.28785067 0.28409673
 0.08599734 0.07769582 0.34001688 0.32780762 0.25318682 1.86129183] 1.0584665676174567
[0.01       0.01       0.09300538 0.24152347 0.28785068 0.28409673
 0.08599734 0.07769582 0.34001688 0.32780762 0.25318682 1.86129183]
[0.01       0.01       0.09300538 0.24152347 0.28785068 0.28409673
 0.08599734 0.07769582 0.34001688 0.32780762 0.25318682 1.86129183] 1.058466566386833
[0.01       0.01       0.09300538 0.24152347 0.28785067 0.28409674
 0.08599734 0.07769582 0.34001688 0.32780762 0.25318682 1.86129183]
[0.01       0.01       0.09300538 0.24152347 0.28785067 0.28409674
 0.08599734 0.07769582 0.34001688 0.32780762 0.25318682 1.86129183] 1.0584665648136993
[0.01       0.01       0.09300538 0.24152347 0.28785067 0.28409673
 0.08599735 0.07769582 0.34001688 0.32780762 0.25318682 1.86129183]
[0.01       0.01       0.09300538 0.24152347 0.28785067 0.28409673
 0.08599735 0.07769582 0.34001688 0.32780762 0.25318682 1.86129183] 1.0584665673017501
[0.01       0.01       0.09300538 0.24152347 0.28785067 0.28409673
 0.08599734 0.07769583 0.34001688 0.32780762 0.25318682 1.86129183]
[0.01       0.01       0.09300538 0.24152347 0.28785067 0.28409673
 0.08599734 0.07769583 0.34001688 0.32780762 0.25318682 1.86129183] 1.058466563925569
[0.01       0.01       0.09300538 0.24152347 0.28785067 0.28409673
 0.08599734 0.07769582 0.34001689 0.32780762 0.25318682 1.86129183]
[0.01       0.01       0.09300538 0.24152347 0.28785067 0.28409673
 0.08599734 0.07769582 0.34001689 0.32780762 0.25318682 1.86129183] 1.0584665707479817
[0.01       0.01       0.09300538 0.24152347 0.28785067 0.28409673
 0.08599734 0.07769582 0.34001688 0.32780763 0.25318682 1.86129183]
[0.01       0.01       0.09300538 0.24152347 0.28785067 0.28409673
 0.08599734 0.07769582 0.34001688 0.32780763 0.25318682 1.86129183] 1.058466568373087
[0.01       0.01       0.09300538 0.24152347 0.28785067 0.28409673
 0.08599734 0.07769582 0.34001688 0.32780762 0.25318683 1.86129183]
[0.01       0.01       0.09300538 0.24152347 0.28785067 0.28409673
 0.08599734 0.07769582 0.34001688 0.32780762 0.25318683 1.86129183] 1.0584665655776029
[0.01       0.01       0.09300538 0.24152347 0.28785067 0.28409673
 0.08599734 0.07769582 0.34001688 0.32780762 0.25318682 1.86129184]
[0.01       0.01       0.09300538 0.24152347 0.28785067 0.28409673
 0.08599734 0.07769582 0.34001688 0.32780762 0.25318682 1.86129184] 1.0584665656775265
[0.01       0.01       0.09281147 0.24135944 0.28748887 0.28403853
 0.08596236 0.07767563 0.33997677 0.32759092 0.25294284 1.86113499]
[0.01       0.01       0.09281147 0.24135944 0.28748887 0.28403853
 0.08596236 0.07767563 0.33997677 0.32759092 0.25294284 1.86113499] 1.058473003801675
[0.01000001 0.01       0.09281147 0.24135944 0.28748887 0.28403853
 0.08596236 0.07767563 0.33997677 0.32759092 0.25294284 1.86113499]
[0.01000001 0.01       0.09281147 0.24135944 0.28748887 0.28403853
 0.08596236 0.07767563 0.33997677 0.32759092 0.25294284 1.86113499] 1.0584729905887433
[0.01       0.01000001 0.09281147 0.24135944 0.28748887 0.28403853
 0.08596236 0.07767563 0.33997677 0.32759092 0.25294284 1.86113499]
[0.01       0.01000001 0.09281147 0.24135944 0.28748887 0.28403853
 0.08596236 0.07767563 0.33997677 0.32759092 0.25294284 1.86113499] 1.0584729966841637
[0.01       0.01       0.09281148 0.24135944 0.28748887 0.28403853
 0.08596236 0.07767563 0.33997677 0.32759092 0.25294284 1.86113499]
[0.01       0.01       0.09281148 0.24135944 0.28748887 0.28403853
 0.08596236 0.07767563 0.33997677 0.32759092 0.25294284 1.86113499] 1.0584730087157928
[0.01       0.01       0.09281147 0.24135945 0.28748887 0.28403853
 0.08596236 0.07767563 0.33997677 0.32759092 0.25294284 1.86113499]
[0.01       0.01       0.09281147 0.24135945 0.28748887 0.28403853
 0.08596236 0.07767563 0.33997677 0.32759092 0.25294284 1.86113499] 1.0584730065508268
[0.01       0.01       0.09281147 0.24135944 0.28748888 0.28403853
 0.08596236 0.07767563 0.33997677 0.32759092 0.25294284 1.86113499]
[0.01       0.01       0.09281147 0.24135944 0.28748888 0.28403853
 0.08596236 0.07767563 0.33997677 0.32759092 0.25294284 1.86113499] 1.058473006213864
[0.01       0.01       0.09281147 0.24135944 0.28748887 0.28403854
 0.08596236 0.07767563 0.33997677 0.32759092 0.25294284 1.86113499]
[0.01       0.01       0.09281147 0.24135944 0.28748887 0.28403854
 0.08596236 0.07767563 0.33997677 0.32759092 0.25294284 1.86113499] 1.0584730078070816
[0.01       0.01       0.09281147 0.24135944 0.28748887 0.28403853
 0.08596237 0.07767563 0.33997677 0.32759092 0.25294284 1.86113499]
[0.01       0.01       0.09281147 0.24135944 0.28748887 0.28403853
 0.08596237 0.07767563 0.33997677 0.32759092 0.25294284 1.86113499] 1.0584730069434336
[0.01       0.01       0.09281147 0.24135944 0.28748887 0.28403853
 0.08596236 0.07767564 0.33997677 0.32759092 0.25294284 1.86113499]
[0.01       0.01       0.09281147 0.24135944 0.28748887 0.28403853
 0.08596236 0.07767564 0.33997677 0.32759092 0.25294284 1.86113499] 1.0584730082115859
[0.01       0.01       0.09281147 0.24135944 0.28748887 0.28403853
 0.08596236 0.07767563 0.33997678 0.32759092 0.25294284 1.86113499]
[0.01       0.01       0.09281147 0.24135944 0.28748887 0.28403853
 0.08596236 0.07767563 0.33997678 0.32759092 0.25294284 1.86113499] 1.058473005730549
[0.01       0.01       0.09281147 0.24135944 0.28748887 0.28403853
 0.08596236 0.07767563 0.33997677 0.32759093 0.25294284 1.86113499]
[0.01       0.01       0.09281147 0.24135944 0.28748887 0.28403853
 0.08596236 0.07767563 0.33997677 0.32759093 0.25294284 1.86113499] 1.0584730067845374
[0.01       0.01       0.09281147 0.24135944 0.28748887 0.28403853
 0.08596236 0.07767563 0.33997677 0.32759092 0.25294285 1.86113499]
[0.01       0.01       0.09281147 0.24135944 0.28748887 0.28403853
 0.08596236 0.07767563 0.33997677 0.32759092 0.25294285 1.86113499] 1.058473006709485
[0.01       0.01       0.09281147 0.24135944 0.28748887 0.28403853
 0.08596236 0.07767563 0.33997677 0.32759092 0.25294284 1.861135  ]
[0.01       0.01       0.09281147 0.24135944 0.28748887 0.28403853
 0.08596236 0.07767563 0.33997677 0.32759092 0.25294284 1.861135  ] 1.058473008003369
[0.01       0.01       0.09264017 0.24121453 0.28716923 0.28398711
 0.08593145 0.07765779 0.33994134 0.32739946 0.25272728 1.86099643]
[0.01       0.01       0.09264017 0.24121453 0.28716923 0.28398711
 0.08593145 0.07765779 0.33994134 0.32739946 0.25272728 1.86099643] 1.0584787151732964
[0.01000001 0.01       0.09264017 0.24121453 0.28716923 0.28398711
 0.08593145 0.07765779 0.33994134 0.32739946 0.25272728 1.86099643]
[0.01000001 0.01       0.09264017 0.24121453 0.28716923 0.28398711
 0.08593145 0.07765779 0.33994134 0.32739946 0.25272728 1.86099643] 1.058478706515437
[0.01       0.01000001 0.09264017 0.24121453 0.28716923 0.28398711
 0.08593145 0.07765779 0.33994134 0.32739946 0.25272728 1.86099643]
[0.01       0.01000001 0.09264017 0.24121453 0.28716923 0.28398711
 0.08593145 0.07765779 0.33994134 0.32739946 0.25272728 1.86099643] 1.0584787103137177
[0.01       0.01       0.09264018 0.24121453 0.28716923 0.28398711
 0.08593145 0.07765779 0.33994134 0.32739946 0.25272728 1.86099643]
[0.01       0.01       0.09264018 0.24121453 0.28716923 0.28398711
 0.08593145 0.07765779 0.33994134 0.32739946 0.25272728 1.86099643] 1.0584787181244057
[0.01       0.01       0.09264017 0.24121454 0.28716923 0.28398711
 0.08593145 0.07765779 0.33994134 0.32739946 0.25272728 1.86099643]
[0.01       0.01       0.09264017 0.24121454 0.28716923 0.28398711
 0.08593145 0.07765779 0.33994134 0.32739946 0.25272728 1.86099643] 1.0584787136962743
[0.01       0.01       0.09264017 0.24121453 0.28716924 0.28398711
 0.08593145 0.07765779 0.33994134 0.32739946 0.25272728 1.86099643]
[0.01       0.01       0.09264017 0.24121453 0.28716924 0.28398711
 0.08593145 0.07765779 0.33994134 0.32739946 0.25272728 1.86099643] 1.0584787178407538
[0.01       0.01       0.09264017 0.24121453 0.28716923 0.28398712
 0.08593145 0.07765779 0.33994134 0.32739946 0.25272728 1.86099643]
[0.01       0.01       0.09264017 0.24121453 0.28716923 0.28398712
 0.08593145 0.07765779 0.33994134 0.32739946 0.25272728 1.86099643] 1.0584787218425704
[0.01       0.01       0.09264017 0.24121453 0.28716923 0.28398711
 0.08593146 0.07765779 0.33994134 0.32739946 0.25272728 1.86099643]
[0.01       0.01       0.09264017 0.24121453 0.28716923 0.28398711
 0.08593146 0.07765779 0.33994134 0.32739946 0.25272728 1.86099643] 1.0584787184954552
[0.01       0.01       0.09264017 0.24121453 0.28716923 0.28398711
 0.08593145 0.0776578  0.33994134 0.32739946 0.25272728 1.86099643]
[0.01       0.01       0.09264017 0.24121453 0.28716923 0.28398711
 0.08593145 0.0776578  0.33994134 0.32739946 0.25272728 1.86099643] 1.0584787171099181
[0.01       0.01       0.09264017 0.24121453 0.28716923 0.28398711
 0.08593145 0.07765779 0.33994135 0.32739946 0.25272728 1.86099643]
[0.01       0.01       0.09264017 0.24121453 0.28716923 0.28398711
 0.08593145 0.07765779 0.33994135 0.32739946 0.25272728 1.86099643] 1.0584787161505633
[0.01       0.01       0.09264017 0.24121453 0.28716923 0.28398711
 0.08593145 0.07765779 0.33994134 0.32739947 0.25272728 1.86099643]
[0.01       0.01       0.09264017 0.24121453 0.28716923 0.28398711
 0.08593145 0.07765779 0.33994134 0.32739947 0.25272728 1.86099643] 1.058478716489805
[0.01       0.01       0.09264017 0.24121453 0.28716923 0.28398711
 0.08593145 0.07765779 0.33994134 0.32739946 0.25272729 1.86099643]
[0.01       0.01       0.09264017 0.24121453 0.28716923 0.28398711
 0.08593145 0.07765779 0.33994134 0.32739946 0.25272729 1.86099643] 1.058478711333287
[0.01       0.01       0.09264017 0.24121453 0.28716923 0.28398711
 0.08593145 0.07765779 0.33994134 0.32739946 0.25272728 1.86099644]
[0.01       0.01       0.09264017 0.24121453 0.28716923 0.28398711
 0.08593145 0.07765779 0.33994134 0.32739946 0.25272728 1.86099644] 1.0584787170058405
[0.01       0.01       0.09260945 0.24118854 0.2871119  0.28397789
 0.08592591 0.07765459 0.33993498 0.32736513 0.25268862 1.86097158]
[0.01       0.01       0.09260945 0.24118854 0.2871119  0.28397789
 0.08592591 0.07765459 0.33993498 0.32736513 0.25268862 1.86097158] 1.0584797414494258
[0.01000001 0.01       0.09260945 0.24118854 0.2871119  0.28397789
 0.08592591 0.07765459 0.33993498 0.32736513 0.25268862 1.86097158]
[0.01000001 0.01       0.09260945 0.24118854 0.2871119  0.28397789
 0.08592591 0.07765459 0.33993498 0.32736513 0.25268862 1.86097158] 1.0584797337727574
[0.01       0.01000001 0.09260945 0.24118854 0.2871119  0.28397789
 0.08592591 0.07765459 0.33993498 0.32736513 0.25268862 1.86097158]
[0.01       0.01000001 0.09260945 0.24118854 0.2871119  0.28397789
 0.08592591 0.07765459 0.33993498 0.32736513 0.25268862 1.86097158] 1.0584797380958577
[0.01       0.01       0.09260946 0.24118854 0.2871119  0.28397789
 0.08592591 0.07765459 0.33993498 0.32736513 0.25268862 1.86097158]
[0.01       0.01       0.09260946 0.24118854 0.2871119  0.28397789
 0.08592591 0.07765459 0.33993498 0.32736513 0.25268862 1.86097158] 1.0584797435861737
[0.01       0.01       0.09260945 0.24118855 0.2871119  0.28397789
 0.08592591 0.07765459 0.33993498 0.32736513 0.25268862 1.86097158]
[0.01       0.01       0.09260945 0.24118855 0.2871119  0.28397789
 0.08592591 0.07765459 0.33993498 0.32736513 0.25268862 1.86097158] 1.058479744324773
[0.01       0.01       0.09260945 0.24118854 0.28711191 0.28397789
 0.08592591 0.07765459 0.33993498 0.32736513 0.25268862 1.86097158]
[0.01       0.01       0.09260945 0.24118854 0.28711191 0.28397789
 0.08592591 0.07765459 0.33993498 0.32736513 0.25268862 1.86097158] 1.0584797412694487
[0.01       0.01       0.09260945 0.24118854 0.2871119  0.2839779
 0.08592591 0.07765459 0.33993498 0.32736513 0.25268862 1.86097158]
[0.01       0.01       0.09260945 0.24118854 0.2871119  0.2839779
 0.08592591 0.07765459 0.33993498 0.32736513 0.25268862 1.86097158] 1.058479742774761
[0.01       0.01       0.09260945 0.24118854 0.2871119  0.28397789
 0.08592592 0.07765459 0.33993498 0.32736513 0.25268862 1.86097158]
[0.01       0.01       0.09260945 0.24118854 0.2871119  0.28397789
 0.08592592 0.07765459 0.33993498 0.32736513 0.25268862 1.86097158] 1.0584797393591088
[0.01       0.01       0.09260945 0.24118854 0.2871119  0.28397789
 0.08592591 0.0776546  0.33993498 0.32736513 0.25268862 1.86097158]
[0.01       0.01       0.09260945 0.24118854 0.2871119  0.28397789
 0.08592591 0.0776546  0.33993498 0.32736513 0.25268862 1.86097158] 1.058479742615119
[0.01       0.01       0.09260945 0.24118854 0.2871119  0.28397789
 0.08592591 0.07765459 0.33993499 0.32736513 0.25268862 1.86097158]
[0.01       0.01       0.09260945 0.24118854 0.2871119  0.28397789
 0.08592591 0.07765459 0.33993499 0.32736513 0.25268862 1.86097158] 1.0584797416937397
[0.01       0.01       0.09260945 0.24118854 0.2871119  0.28397789
 0.08592591 0.07765459 0.33993498 0.32736514 0.25268862 1.86097158]
[0.01       0.01       0.09260945 0.24118854 0.2871119  0.28397789
 0.08592591 0.07765459 0.33993498 0.32736514 0.25268862 1.86097158] 1.058479745901383
[0.01       0.01       0.09260945 0.24118854 0.2871119  0.28397789
 0.08592591 0.07765459 0.33993498 0.32736513 0.25268863 1.86097158]
[0.01       0.01       0.09260945 0.24118854 0.2871119  0.28397789
 0.08592591 0.07765459 0.33993498 0.32736513 0.25268863 1.86097158] 1.0584797419050356
[0.01       0.01       0.09260945 0.24118854 0.2871119  0.28397789
 0.08592591 0.07765459 0.33993498 0.32736513 0.25268862 1.86097159]
[0.01       0.01       0.09260945 0.24118854 0.2871119  0.28397789
 0.08592591 0.07765459 0.33993498 0.32736513 0.25268862 1.86097159] 1.0584797412814908
[0.01       0.01       0.09260093 0.24118133 0.28709601 0.28397533
 0.08592437 0.07765371 0.33993322 0.32735561 0.25267791 1.86096469]
[0.01       0.01       0.09260093 0.24118133 0.28709601 0.28397533
 0.08592437 0.07765371 0.33993322 0.32735561 0.25267791 1.86096469] 1.0584800284156979
[0.01000001 0.01       0.09260093 0.24118133 0.28709601 0.28397533
 0.08592437 0.07765371 0.33993322 0.32735561 0.25267791 1.86096469]
[0.01000001 0.01       0.09260093 0.24118133 0.28709601 0.28397533
 0.08592437 0.07765371 0.33993322 0.32735561 0.25267791 1.86096469] 1.0584800144815945
[0.01       0.01000001 0.09260093 0.24118133 0.28709601 0.28397533
 0.08592437 0.07765371 0.33993322 0.32735561 0.25267791 1.86096469]
[0.01       0.01000001 0.09260093 0.24118133 0.28709601 0.28397533
 0.08592437 0.07765371 0.33993322 0.32735561 0.25267791 1.86096469] 1.0584800193866057
[0.01       0.01       0.09260094 0.24118133 0.28709601 0.28397533
 0.08592437 0.07765371 0.33993322 0.32735561 0.25267791 1.86096469]
[0.01       0.01       0.09260094 0.24118133 0.28709601 0.28397533
 0.08592437 0.07765371 0.33993322 0.32735561 0.25267791 1.86096469] 1.0584800268696466
[0.01       0.01       0.09260093 0.24118134 0.28709601 0.28397533
 0.08592437 0.07765371 0.33993322 0.32735561 0.25267791 1.86096469]
[0.01       0.01       0.09260093 0.24118134 0.28709601 0.28397533
 0.08592437 0.07765371 0.33993322 0.32735561 0.25267791 1.86096469] 1.0584800279892599
[0.01       0.01       0.09260093 0.24118133 0.28709602 0.28397533
 0.08592437 0.07765371 0.33993322 0.32735561 0.25267791 1.86096469]
[0.01       0.01       0.09260093 0.24118133 0.28709602 0.28397533
 0.08592437 0.07765371 0.33993322 0.32735561 0.25267791 1.86096469] 1.0584800247633441
[0.01       0.01       0.09260093 0.24118133 0.28709601 0.28397534
 0.08592437 0.07765371 0.33993322 0.32735561 0.25267791 1.86096469]
[0.01       0.01       0.09260093 0.24118133 0.28709601 0.28397534
 0.08592437 0.07765371 0.33993322 0.32735561 0.25267791 1.86096469] 1.0584800261644736
[0.01       0.01       0.09260093 0.24118133 0.28709601 0.28397533
 0.08592438 0.07765371 0.33993322 0.32735561 0.25267791 1.86096469]
[0.01       0.01       0.09260093 0.24118133 0.28709601 0.28397533
 0.08592438 0.07765371 0.33993322 0.32735561 0.25267791 1.86096469] 1.058480027195437
[0.01       0.01       0.09260093 0.24118133 0.28709601 0.28397533
 0.08592437 0.07765372 0.33993322 0.32735561 0.25267791 1.86096469]
[0.01       0.01       0.09260093 0.24118133 0.28709601 0.28397533
 0.08592437 0.07765372 0.33993322 0.32735561 0.25267791 1.86096469] 1.0584800257817766
[0.01       0.01       0.09260093 0.24118133 0.28709601 0.28397533
 0.08592437 0.07765371 0.33993323 0.32735561 0.25267791 1.86096469]
[0.01       0.01       0.09260093 0.24118133 0.28709601 0.28397533
 0.08592437 0.07765371 0.33993323 0.32735561 0.25267791 1.86096469] 1.0584800244515908
[0.01       0.01       0.09260093 0.24118133 0.28709601 0.28397533
 0.08592437 0.07765371 0.33993322 0.32735562 0.25267791 1.86096469]
[0.01       0.01       0.09260093 0.24118133 0.28709601 0.28397533
 0.08592437 0.07765371 0.33993322 0.32735562 0.25267791 1.86096469] 1.0584800247351374
[0.01       0.01       0.09260093 0.24118133 0.28709601 0.28397533
 0.08592437 0.07765371 0.33993322 0.32735561 0.25267792 1.86096469]
[0.01       0.01       0.09260093 0.24118133 0.28709601 0.28397533
 0.08592437 0.07765371 0.33993322 0.32735561 0.25267792 1.86096469] 1.0584800270552457
[0.01       0.01       0.09260093 0.24118133 0.28709601 0.28397533
 0.08592437 0.07765371 0.33993322 0.32735561 0.25267791 1.8609647 ]
[0.01       0.01       0.09260093 0.24118133 0.28709601 0.28397533
 0.08592437 0.07765371 0.33993322 0.32735561 0.25267791 1.8609647 ] 1.0584800265718697
[0.01       0.01       0.09259931 0.24117996 0.28709299 0.28397485
 0.08592408 0.07765354 0.33993288 0.3273538  0.25267587 1.86096338]
[0.01       0.01       0.09259931 0.24117996 0.28709299 0.28397485
 0.08592408 0.07765354 0.33993288 0.3273538  0.25267587 1.86096338] 1.0584800845420643
[0.01000001 0.01       0.09259931 0.24117996 0.28709299 0.28397485
 0.08592408 0.07765354 0.33993288 0.3273538  0.25267587 1.86096338]
[0.01000001 0.01       0.09259931 0.24117996 0.28709299 0.28397485
 0.08592408 0.07765354 0.33993288 0.3273538  0.25267587 1.86096338] 1.0584800661638327
[0.01       0.01000001 0.09259931 0.24117996 0.28709299 0.28397485
 0.08592408 0.07765354 0.33993288 0.3273538  0.25267587 1.86096338]
[0.01       0.01000001 0.09259931 0.24117996 0.28709299 0.28397485
 0.08592408 0.07765354 0.33993288 0.3273538  0.25267587 1.86096338] 1.0584800754881631
[0.01       0.01       0.09259932 0.24117996 0.28709299 0.28397485
 0.08592408 0.07765354 0.33993288 0.3273538  0.25267587 1.86096338]
[0.01       0.01       0.09259932 0.24117996 0.28709299 0.28397485
 0.08592408 0.07765354 0.33993288 0.3273538  0.25267587 1.86096338] 1.058480083145833
[0.01       0.01       0.09259931 0.24117997 0.28709299 0.28397485
 0.08592408 0.07765354 0.33993288 0.3273538  0.25267587 1.86096338]
[0.01       0.01       0.09259931 0.24117997 0.28709299 0.28397485
 0.08592408 0.07765354 0.33993288 0.3273538  0.25267587 1.86096338] 1.0584800811258408
[0.01       0.01       0.09259931 0.24117996 0.287093   0.28397485
 0.08592408 0.07765354 0.33993288 0.3273538  0.25267587 1.86096338]
[0.01       0.01       0.09259931 0.24117996 0.287093   0.28397485
 0.08592408 0.07765354 0.33993288 0.3273538  0.25267587 1.86096338] 1.058480082113469
[0.01       0.01       0.09259931 0.24117996 0.28709299 0.28397486
 0.08592408 0.07765354 0.33993288 0.3273538  0.25267587 1.86096338]
[0.01       0.01       0.09259931 0.24117996 0.28709299 0.28397486
 0.08592408 0.07765354 0.33993288 0.3273538  0.25267587 1.86096338] 1.0584800815149547
[0.01       0.01       0.09259931 0.24117996 0.28709299 0.28397485
 0.08592409 0.07765354 0.33993288 0.3273538  0.25267587 1.86096338]
[0.01       0.01       0.09259931 0.24117996 0.28709299 0.28397485
 0.08592409 0.07765354 0.33993288 0.3273538  0.25267587 1.86096338] 1.05848008352378
[0.01       0.01       0.09259931 0.24117996 0.28709299 0.28397485
 0.08592408 0.07765355 0.33993288 0.3273538  0.25267587 1.86096338]
[0.01       0.01       0.09259931 0.24117996 0.28709299 0.28397485
 0.08592408 0.07765355 0.33993288 0.3273538  0.25267587 1.86096338] 1.0584800816421256
[0.01       0.01       0.09259931 0.24117996 0.28709299 0.28397485
 0.08592408 0.07765354 0.33993289 0.3273538  0.25267587 1.86096338]
[0.01       0.01       0.09259931 0.24117996 0.28709299 0.28397485
 0.08592408 0.07765354 0.33993289 0.3273538  0.25267587 1.86096338] 1.058480083642645
[0.01       0.01       0.09259931 0.24117996 0.28709299 0.28397485
 0.08592408 0.07765354 0.33993288 0.32735381 0.25267587 1.86096338]
[0.01       0.01       0.09259931 0.24117996 0.28709299 0.28397485
 0.08592408 0.07765354 0.33993288 0.32735381 0.25267587 1.86096338] 1.058480077816649
[0.01       0.01       0.09259931 0.24117996 0.28709299 0.28397485
 0.08592408 0.07765354 0.33993288 0.3273538  0.25267588 1.86096338]
[0.01       0.01       0.09259931 0.24117996 0.28709299 0.28397485
 0.08592408 0.07765354 0.33993288 0.3273538  0.25267588 1.86096338] 1.058480082795327
[0.01       0.01       0.09259931 0.24117996 0.28709299 0.28397485
 0.08592408 0.07765354 0.33993288 0.3273538  0.25267587 1.86096339]
[0.01       0.01       0.09259931 0.24117996 0.28709299 0.28397485
 0.08592408 0.07765354 0.33993288 0.3273538  0.25267587 1.86096339] 1.0584800811830333
[0.01       0.01       0.0925986  0.24117937 0.28709167 0.28397464
 0.08592395 0.07765346 0.33993274 0.32735301 0.25267498 1.86096281]
[0.01       0.01       0.0925986  0.24117937 0.28709167 0.28397464
 0.08592395 0.07765346 0.33993274 0.32735301 0.25267498 1.86096281] 1.0584801048029233
[0.01000001 0.01       0.0925986  0.24117937 0.28709167 0.28397464
 0.08592395 0.07765346 0.33993274 0.32735301 0.25267498 1.86096281]
[0.01000001 0.01       0.0925986  0.24117937 0.28709167 0.28397464
 0.08592395 0.07765346 0.33993274 0.32735301 0.25267498 1.86096281] 1.0584800903986586
[0.01       0.01000001 0.0925986  0.24117937 0.28709167 0.28397464
 0.08592395 0.07765346 0.33993274 0.32735301 0.25267498 1.86096281]
[0.01       0.01000001 0.0925986  0.24117937 0.28709167 0.28397464
 0.08592395 0.07765346 0.33993274 0.32735301 0.25267498 1.86096281] 1.0584800964621432
[0.01       0.01       0.09259861 0.24117937 0.28709167 0.28397464
 0.08592395 0.07765346 0.33993274 0.32735301 0.25267498 1.86096281]
[0.01       0.01       0.09259861 0.24117937 0.28709167 0.28397464
 0.08592395 0.07765346 0.33993274 0.32735301 0.25267498 1.86096281] 1.058480107464331
[0.01       0.01       0.0925986  0.24117938 0.28709167 0.28397464
 0.08592395 0.07765346 0.33993274 0.32735301 0.25267498 1.86096281]
[0.01       0.01       0.0925986  0.24117938 0.28709167 0.28397464
 0.08592395 0.07765346 0.33993274 0.32735301 0.25267498 1.86096281] 1.058480106021501
[0.01       0.01       0.0925986  0.24117937 0.28709168 0.28397464
 0.08592395 0.07765346 0.33993274 0.32735301 0.25267498 1.86096281]
[0.01       0.01       0.0925986  0.24117937 0.28709168 0.28397464
 0.08592395 0.07765346 0.33993274 0.32735301 0.25267498 1.86096281] 1.0584801048371
[0.01       0.01       0.0925986  0.24117937 0.28709167 0.28397465
 0.08592395 0.07765346 0.33993274 0.32735301 0.25267498 1.86096281]
[0.01       0.01       0.0925986  0.24117937 0.28709167 0.28397465
 0.08592395 0.07765346 0.33993274 0.32735301 0.25267498 1.86096281] 1.058480102826157
[0.01       0.01       0.0925986  0.24117937 0.28709167 0.28397464
 0.08592396 0.07765346 0.33993274 0.32735301 0.25267498 1.86096281]
[0.01       0.01       0.0925986  0.24117937 0.28709167 0.28397464
 0.08592396 0.07765346 0.33993274 0.32735301 0.25267498 1.86096281] 1.0584801017920136
[0.01       0.01       0.0925986  0.24117937 0.28709167 0.28397464
 0.08592395 0.07765347 0.33993274 0.32735301 0.25267498 1.86096281]
[0.01       0.01       0.0925986  0.24117937 0.28709167 0.28397464
 0.08592395 0.07765347 0.33993274 0.32735301 0.25267498 1.86096281] 1.0584801052299084
[0.01       0.01       0.0925986  0.24117937 0.28709167 0.28397464
 0.08592395 0.07765346 0.33993275 0.32735301 0.25267498 1.86096281]
[0.01       0.01       0.0925986  0.24117937 0.28709167 0.28397464
 0.08592395 0.07765346 0.33993275 0.32735301 0.25267498 1.86096281] 1.0584801085473547
[0.01       0.01       0.0925986  0.24117937 0.28709167 0.28397464
 0.08592395 0.07765346 0.33993274 0.32735302 0.25267498 1.86096281]
[0.01       0.01       0.0925986  0.24117937 0.28709167 0.28397464
 0.08592395 0.07765346 0.33993274 0.32735302 0.25267498 1.86096281] 1.0584801073851393
[0.01       0.01       0.0925986  0.24117937 0.28709167 0.28397464
 0.08592395 0.07765346 0.33993274 0.32735301 0.25267499 1.86096281]
[0.01       0.01       0.0925986  0.24117937 0.28709167 0.28397464
 0.08592395 0.07765346 0.33993274 0.32735301 0.25267499 1.86096281] 1.0584801043322523
[0.01       0.01       0.0925986  0.24117937 0.28709167 0.28397464
 0.08592395 0.07765346 0.33993274 0.32735301 0.25267498 1.86096282]
[0.01       0.01       0.0925986  0.24117937 0.28709167 0.28397464
 0.08592395 0.07765346 0.33993274 0.32735301 0.25267498 1.86096282] 1.0584801044937413
[0.01       0.01       0.09259811 0.24117895 0.28709075 0.28397449
 0.08592386 0.07765341 0.33993264 0.32735246 0.25267436 1.86096241]
[0.01       0.01       0.09259811 0.24117895 0.28709075 0.28397449
 0.08592386 0.07765341 0.33993264 0.32735246 0.25267436 1.86096241] 1.0584801229131278
[0.01000001 0.01       0.09259811 0.24117895 0.28709075 0.28397449
 0.08592386 0.07765341 0.33993264 0.32735246 0.25267436 1.86096241]
[0.01000001 0.01       0.09259811 0.24117895 0.28709075 0.28397449
 0.08592386 0.07765341 0.33993264 0.32735246 0.25267436 1.86096241] 1.0584801085387943
[0.01       0.01000001 0.09259811 0.24117895 0.28709075 0.28397449
 0.08592386 0.07765341 0.33993264 0.32735246 0.25267436 1.86096241]
[0.01       0.01000001 0.09259811 0.24117895 0.28709075 0.28397449
 0.08592386 0.07765341 0.33993264 0.32735246 0.25267436 1.86096241] 1.0584801105959434
[0.01       0.01       0.09259812 0.24117895 0.28709075 0.28397449
 0.08592386 0.07765341 0.33993264 0.32735246 0.25267436 1.86096241]
[0.01       0.01       0.09259812 0.24117895 0.28709075 0.28397449
 0.08592386 0.07765341 0.33993264 0.32735246 0.25267436 1.86096241] 1.058480125257598
[0.01       0.01       0.09259811 0.24117896 0.28709075 0.28397449
 0.08592386 0.07765341 0.33993264 0.32735246 0.25267436 1.86096241]
[0.01       0.01       0.09259811 0.24117896 0.28709075 0.28397449
 0.08592386 0.07765341 0.33993264 0.32735246 0.25267436 1.86096241] 1.0584801209322228
[0.01       0.01       0.09259811 0.24117895 0.28709076 0.28397449
 0.08592386 0.07765341 0.33993264 0.32735246 0.25267436 1.86096241]
[0.01       0.01       0.09259811 0.24117895 0.28709076 0.28397449
 0.08592386 0.07765341 0.33993264 0.32735246 0.25267436 1.86096241] 1.058480121111373
[0.01       0.01       0.09259811 0.24117895 0.28709075 0.2839745
 0.08592386 0.07765341 0.33993264 0.32735246 0.25267436 1.86096241]
[0.01       0.01       0.09259811 0.24117895 0.28709075 0.2839745
 0.08592386 0.07765341 0.33993264 0.32735246 0.25267436 1.86096241] 1.0584801190347608
[0.01       0.01       0.09259811 0.24117895 0.28709075 0.28397449
 0.08592387 0.07765341 0.33993264 0.32735246 0.25267436 1.86096241]
[0.01       0.01       0.09259811 0.24117895 0.28709075 0.28397449
 0.08592387 0.07765341 0.33993264 0.32735246 0.25267436 1.86096241] 1.0584801202692522
[0.01       0.01       0.09259811 0.24117895 0.28709075 0.28397449
 0.08592386 0.07765342 0.33993264 0.32735246 0.25267436 1.86096241]
[0.01       0.01       0.09259811 0.24117895 0.28709075 0.28397449
 0.08592386 0.07765342 0.33993264 0.32735246 0.25267436 1.86096241] 1.0584801243518096
[0.01       0.01       0.09259811 0.24117895 0.28709075 0.28397449
 0.08592386 0.07765341 0.33993265 0.32735246 0.25267436 1.86096241]
[0.01       0.01       0.09259811 0.24117895 0.28709075 0.28397449
 0.08592386 0.07765341 0.33993265 0.32735246 0.25267436 1.86096241] 1.0584801213474972
[0.01       0.01       0.09259811 0.24117895 0.28709075 0.28397449
 0.08592386 0.07765341 0.33993264 0.32735247 0.25267436 1.86096241]
[0.01       0.01       0.09259811 0.24117895 0.28709075 0.28397449
 0.08592386 0.07765341 0.33993264 0.32735247 0.25267436 1.86096241] 1.0584801200034861
[0.01       0.01       0.09259811 0.24117895 0.28709075 0.28397449
 0.08592386 0.07765341 0.33993264 0.32735246 0.25267437 1.86096241]
[0.01       0.01       0.09259811 0.24117895 0.28709075 0.28397449
 0.08592386 0.07765341 0.33993264 0.32735246 0.25267437 1.86096241] 1.0584801213429176
[0.01       0.01       0.09259811 0.24117895 0.28709075 0.28397449
 0.08592386 0.07765341 0.33993264 0.32735246 0.25267436 1.86096242]
[0.01       0.01       0.09259811 0.24117895 0.28709075 0.28397449
 0.08592386 0.07765341 0.33993264 0.32735246 0.25267436 1.86096242] 1.0584801177320997
[0.01       0.01       0.092598   0.24117886 0.28709055 0.28397445
 0.08592384 0.0776534  0.33993261 0.32735234 0.25267422 1.86096233]
[0.01       0.01       0.092598   0.24117886 0.28709055 0.28397445
 0.08592384 0.0776534  0.33993261 0.32735234 0.25267422 1.86096233] 1.0584801250238072
[0.01000001 0.01       0.092598   0.24117886 0.28709055 0.28397445
 0.08592384 0.0776534  0.33993261 0.32735234 0.25267422 1.86096233]
[0.01000001 0.01       0.092598   0.24117886 0.28709055 0.28397445
 0.08592384 0.0776534  0.33993261 0.32735234 0.25267422 1.86096233] 1.0584801121238063
[0.01       0.01000001 0.092598   0.24117886 0.28709055 0.28397445
 0.08592384 0.0776534  0.33993261 0.32735234 0.25267422 1.86096233]
[0.01       0.01000001 0.092598   0.24117886 0.28709055 0.28397445
 0.08592384 0.0776534  0.33993261 0.32735234 0.25267422 1.86096233] 1.0584801189888442
[0.01       0.01       0.09259801 0.24117886 0.28709055 0.28397445
 0.08592384 0.0776534  0.33993261 0.32735234 0.25267422 1.86096233]
[0.01       0.01       0.09259801 0.24117886 0.28709055 0.28397445
 0.08592384 0.0776534  0.33993261 0.32735234 0.25267422 1.86096233] 1.0584801247849993
[0.01       0.01       0.092598   0.24117887 0.28709055 0.28397445
 0.08592384 0.0776534  0.33993261 0.32735234 0.25267422 1.86096233]
[0.01       0.01       0.092598   0.24117887 0.28709055 0.28397445
 0.08592384 0.0776534  0.33993261 0.32735234 0.25267422 1.86096233] 1.0584801256700176
[0.01       0.01       0.092598   0.24117886 0.28709056 0.28397445
 0.08592384 0.0776534  0.33993261 0.32735234 0.25267422 1.86096233]
[0.01       0.01       0.092598   0.24117886 0.28709056 0.28397445
 0.08592384 0.0776534  0.33993261 0.32735234 0.25267422 1.86096233] 1.058480127013578
[0.01       0.01       0.092598   0.24117886 0.28709055 0.28397446
 0.08592384 0.0776534  0.33993261 0.32735234 0.25267422 1.86096233]
[0.01       0.01       0.092598   0.24117886 0.28709055 0.28397446
 0.08592384 0.0776534  0.33993261 0.32735234 0.25267422 1.86096233] 1.058480126251827
[0.01       0.01       0.092598   0.24117886 0.28709055 0.28397445
 0.08592385 0.0776534  0.33993261 0.32735234 0.25267422 1.86096233]
[0.01       0.01       0.092598   0.24117886 0.28709055 0.28397445
 0.08592385 0.0776534  0.33993261 0.32735234 0.25267422 1.86096233] 1.0584801189824886
[0.01       0.01       0.092598   0.24117886 0.28709055 0.28397445
 0.08592384 0.07765341 0.33993261 0.32735234 0.25267422 1.86096233]
[0.01       0.01       0.092598   0.24117886 0.28709055 0.28397445
 0.08592384 0.07765341 0.33993261 0.32735234 0.25267422 1.86096233] 1.058480127136057
[0.01       0.01       0.092598   0.24117886 0.28709055 0.28397445
 0.08592384 0.0776534  0.33993262 0.32735234 0.25267422 1.86096233]
[0.01       0.01       0.092598   0.24117886 0.28709055 0.28397445
 0.08592384 0.0776534  0.33993262 0.32735234 0.25267422 1.86096233] 1.058480123856417
[0.01       0.01       0.092598   0.24117886 0.28709055 0.28397445
 0.08592384 0.0776534  0.33993261 0.32735235 0.25267422 1.86096233]
[0.01       0.01       0.092598   0.24117886 0.28709055 0.28397445
 0.08592384 0.0776534  0.33993261 0.32735235 0.25267422 1.86096233] 1.0584801254215297
[0.01       0.01       0.092598   0.24117886 0.28709055 0.28397445
 0.08592384 0.0776534  0.33993261 0.32735234 0.25267423 1.86096233]
[0.01       0.01       0.092598   0.24117886 0.28709055 0.28397445
 0.08592384 0.0776534  0.33993261 0.32735234 0.25267423 1.86096233] 1.0584801245416182
[0.01       0.01       0.092598   0.24117886 0.28709055 0.28397445
 0.08592384 0.0776534  0.33993261 0.32735234 0.25267422 1.86096234]
[0.01       0.01       0.092598   0.24117886 0.28709055 0.28397445
 0.08592384 0.0776534  0.33993261 0.32735234 0.25267422 1.86096234] 1.0584801248087585
[0.01       0.01       0.09259794 0.24117881 0.28709043 0.28397444
 0.08592383 0.0776534  0.3399326  0.32735227 0.25267415 1.86096228]
[0.01       0.01       0.09259794 0.24117881 0.28709043 0.28397444
 0.08592383 0.0776534  0.3399326  0.32735227 0.25267415 1.86096228] 1.058480130279924
[0.01000001 0.01       0.09259794 0.24117881 0.28709043 0.28397444
 0.08592383 0.0776534  0.3399326  0.32735227 0.25267415 1.86096228]
[0.01000001 0.01       0.09259794 0.24117881 0.28709043 0.28397444
 0.08592383 0.0776534  0.3399326  0.32735227 0.25267415 1.86096228] 1.0584801138804074
[0.01       0.01000001 0.09259794 0.24117881 0.28709043 0.28397444
 0.08592383 0.0776534  0.3399326  0.32735227 0.25267415 1.86096228]
[0.01       0.01000001 0.09259794 0.24117881 0.28709043 0.28397444
 0.08592383 0.0776534  0.3399326  0.32735227 0.25267415 1.86096228] 1.0584801189735031
[0.01       0.01       0.09259795 0.24117881 0.28709043 0.28397444
 0.08592383 0.0776534  0.3399326  0.32735227 0.25267415 1.86096228]
[0.01       0.01       0.09259795 0.24117881 0.28709043 0.28397444
 0.08592383 0.0776534  0.3399326  0.32735227 0.25267415 1.86096228] 1.0584801265600823
[0.01       0.01       0.09259794 0.24117882 0.28709043 0.28397444
 0.08592383 0.0776534  0.3399326  0.32735227 0.25267415 1.86096228]
[0.01       0.01       0.09259794 0.24117882 0.28709043 0.28397444
 0.08592383 0.0776534  0.3399326  0.32735227 0.25267415 1.86096228] 1.0584801292554995
[0.01       0.01       0.09259794 0.24117881 0.28709044 0.28397444
 0.08592383 0.0776534  0.3399326  0.32735227 0.25267415 1.86096228]
[0.01       0.01       0.09259794 0.24117881 0.28709044 0.28397444
 0.08592383 0.0776534  0.3399326  0.32735227 0.25267415 1.86096228] 1.0584801270543391
[0.01       0.01       0.09259794 0.24117881 0.28709043 0.28397445
 0.08592383 0.0776534  0.3399326  0.32735227 0.25267415 1.86096228]
[0.01       0.01       0.09259794 0.24117881 0.28709043 0.28397445
 0.08592383 0.0776534  0.3399326  0.32735227 0.25267415 1.86096228] 1.0584801252370986
[0.01       0.01       0.09259794 0.24117881 0.28709043 0.28397444
 0.08592384 0.0776534  0.3399326  0.32735227 0.25267415 1.86096228]
[0.01       0.01       0.09259794 0.24117881 0.28709043 0.28397444
 0.08592384 0.0776534  0.3399326  0.32735227 0.25267415 1.86096228] 1.0584801270779924
[0.01       0.01       0.09259794 0.24117881 0.28709043 0.28397444
 0.08592383 0.07765341 0.3399326  0.32735227 0.25267415 1.86096228]
[0.01       0.01       0.09259794 0.24117881 0.28709043 0.28397444
 0.08592383 0.07765341 0.3399326  0.32735227 0.25267415 1.86096228] 1.058480126208495
[0.01       0.01       0.09259794 0.24117881 0.28709043 0.28397444
 0.08592383 0.0776534  0.33993261 0.32735227 0.25267415 1.86096228]
[0.01       0.01       0.09259794 0.24117881 0.28709043 0.28397444
 0.08592383 0.0776534  0.33993261 0.32735227 0.25267415 1.86096228] 1.0584801290836416
[0.01       0.01       0.09259794 0.24117881 0.28709043 0.28397444
 0.08592383 0.0776534  0.3399326  0.32735228 0.25267415 1.86096228]
[0.01       0.01       0.09259794 0.24117881 0.28709043 0.28397444
 0.08592383 0.0776534  0.3399326  0.32735228 0.25267415 1.86096228] 1.0584801266732382
[0.01       0.01       0.09259794 0.24117881 0.28709043 0.28397444
 0.08592383 0.0776534  0.3399326  0.32735227 0.25267416 1.86096228]
[0.01       0.01       0.09259794 0.24117881 0.28709043 0.28397444
 0.08592383 0.0776534  0.3399326  0.32735227 0.25267416 1.86096228] 1.0584801303097948
[0.01       0.01       0.09259794 0.24117881 0.28709043 0.28397444
 0.08592383 0.0776534  0.3399326  0.32735227 0.25267415 1.86096229]
[0.01       0.01       0.09259794 0.24117881 0.28709043 0.28397444
 0.08592383 0.0776534  0.3399326  0.32735227 0.25267415 1.86096229] 1.0584801284085388
[0.01       0.01       0.09259793 0.2411788  0.28709042 0.28397443
 0.08592383 0.07765339 0.3399326  0.32735226 0.25267414 1.86096227]
[0.01       0.01       0.09259793 0.2411788  0.28709042 0.28397443
 0.08592383 0.07765339 0.3399326  0.32735226 0.25267414 1.86096227] 1.0584801230406014
[0.01000001 0.01       0.09259793 0.2411788  0.28709042 0.28397443
 0.08592383 0.07765339 0.3399326  0.32735226 0.25267414 1.86096227]
[0.01000001 0.01       0.09259793 0.2411788  0.28709042 0.28397443
 0.08592383 0.07765339 0.3399326  0.32735226 0.25267414 1.86096227] 1.0584801165218627
[0.01       0.01000001 0.09259793 0.2411788  0.28709042 0.28397443
 0.08592383 0.07765339 0.3399326  0.32735226 0.25267414 1.86096227]
[0.01       0.01000001 0.09259793 0.2411788  0.28709042 0.28397443
 0.08592383 0.07765339 0.3399326  0.32735226 0.25267414 1.86096227] 1.0584801186409383
[0.01       0.01       0.09259794 0.2411788  0.28709042 0.28397443
 0.08592383 0.07765339 0.3399326  0.32735226 0.25267414 1.86096227]
[0.01       0.01       0.09259794 0.2411788  0.28709042 0.28397443
 0.08592383 0.07765339 0.3399326  0.32735226 0.25267414 1.86096227] 1.0584801290386487
[0.01       0.01       0.09259793 0.24117881 0.28709042 0.28397443
 0.08592383 0.07765339 0.3399326  0.32735226 0.25267414 1.86096227]
[0.01       0.01       0.09259793 0.24117881 0.28709042 0.28397443
 0.08592383 0.07765339 0.3399326  0.32735226 0.25267414 1.86096227] 1.0584801299703979
[0.01       0.01       0.09259793 0.2411788  0.28709043 0.28397443
 0.08592383 0.07765339 0.3399326  0.32735226 0.25267414 1.86096227]
[0.01       0.01       0.09259793 0.2411788  0.28709043 0.28397443
 0.08592383 0.07765339 0.3399326  0.32735226 0.25267414 1.86096227] 1.0584801312543424
[0.01       0.01       0.09259793 0.2411788  0.28709042 0.28397444
 0.08592383 0.07765339 0.3399326  0.32735226 0.25267414 1.86096227]
[0.01       0.01       0.09259793 0.2411788  0.28709042 0.28397444
 0.08592383 0.07765339 0.3399326  0.32735226 0.25267414 1.86096227] 1.058480133062894
[0.01       0.01       0.09259793 0.2411788  0.28709042 0.28397443
 0.08592384 0.07765339 0.3399326  0.32735226 0.25267414 1.86096227]
[0.01       0.01       0.09259793 0.2411788  0.28709042 0.28397443
 0.08592384 0.07765339 0.3399326  0.32735226 0.25267414 1.86096227] 1.0584801301088997
[0.01       0.01       0.09259793 0.2411788  0.28709042 0.28397443
 0.08592383 0.0776534  0.3399326  0.32735226 0.25267414 1.86096227]
[0.01       0.01       0.09259793 0.2411788  0.28709042 0.28397443
 0.08592383 0.0776534  0.3399326  0.32735226 0.25267414 1.86096227] 1.0584801288730534
[0.01       0.01       0.09259793 0.2411788  0.28709042 0.28397443
 0.08592383 0.07765339 0.33993261 0.32735226 0.25267414 1.86096227]
[0.01       0.01       0.09259793 0.2411788  0.28709042 0.28397443
 0.08592383 0.07765339 0.33993261 0.32735226 0.25267414 1.86096227] 1.058480129070309
[0.01       0.01       0.09259793 0.2411788  0.28709042 0.28397443
 0.08592383 0.07765339 0.3399326  0.32735227 0.25267414 1.86096227]
[0.01       0.01       0.09259793 0.2411788  0.28709042 0.28397443
 0.08592383 0.07765339 0.3399326  0.32735227 0.25267414 1.86096227] 1.0584801273289777
[0.01       0.01       0.09259793 0.2411788  0.28709042 0.28397443
 0.08592383 0.07765339 0.3399326  0.32735226 0.25267415 1.86096227]
[0.01       0.01       0.09259793 0.2411788  0.28709042 0.28397443
 0.08592383 0.07765339 0.3399326  0.32735226 0.25267415 1.86096227] 1.0584801258298946
[0.01       0.01       0.09259793 0.2411788  0.28709042 0.28397443
 0.08592383 0.07765339 0.3399326  0.32735226 0.25267414 1.86096228]
[0.01       0.01       0.09259793 0.2411788  0.28709042 0.28397443
 0.08592383 0.07765339 0.3399326  0.32735226 0.25267414 1.86096228] 1.0584801233964785
[0.01       0.01       0.09259793 0.2411788  0.28709043 0.28397443
 0.08592383 0.07765339 0.3399326  0.32735226 0.25267414 1.86096227]
[0.01       0.01       0.09259793 0.2411788  0.28709043 0.28397443
 0.08592383 0.07765339 0.3399326  0.32735226 0.25267414 1.86096227] 1.0584801240558543
[0.01000001 0.01       0.09259793 0.2411788  0.28709043 0.28397443
 0.08592383 0.07765339 0.3399326  0.32735226 0.25267414 1.86096227]
[0.01000001 0.01       0.09259793 0.2411788  0.28709043 0.28397443
 0.08592383 0.07765339 0.3399326  0.32735226 0.25267414 1.86096227] 1.0584801155756225
[0.01       0.01000001 0.09259793 0.2411788  0.28709043 0.28397443
 0.08592383 0.07765339 0.3399326  0.32735226 0.25267414 1.86096227]
[0.01       0.01000001 0.09259793 0.2411788  0.28709043 0.28397443
 0.08592383 0.07765339 0.3399326  0.32735226 0.25267414 1.86096227] 1.058480120631987
[0.01       0.01       0.09259794 0.2411788  0.28709043 0.28397443
 0.08592383 0.07765339 0.3399326  0.32735226 0.25267414 1.86096227]
[0.01       0.01       0.09259794 0.2411788  0.28709043 0.28397443
 0.08592383 0.07765339 0.3399326  0.32735226 0.25267414 1.86096227] 1.058480127608514
[0.01       0.01       0.09259793 0.24117881 0.28709043 0.28397443
 0.08592383 0.07765339 0.3399326  0.32735226 0.25267414 1.86096227]
[0.01       0.01       0.09259793 0.24117881 0.28709043 0.28397443
 0.08592383 0.07765339 0.3399326  0.32735226 0.25267414 1.86096227] 1.0584801293313864
[0.01       0.01       0.09259793 0.2411788  0.28709044 0.28397443
 0.08592383 0.07765339 0.3399326  0.32735226 0.25267414 1.86096227]
[0.01       0.01       0.09259793 0.2411788  0.28709044 0.28397443
 0.08592383 0.07765339 0.3399326  0.32735226 0.25267414 1.86096227] 1.0584801270687179
[0.01       0.01       0.09259793 0.2411788  0.28709043 0.28397444
 0.08592383 0.07765339 0.3399326  0.32735226 0.25267414 1.86096227]
[0.01       0.01       0.09259793 0.2411788  0.28709043 0.28397444
 0.08592383 0.07765339 0.3399326  0.32735226 0.25267414 1.86096227] 1.058480128859151
[0.01       0.01       0.09259793 0.2411788  0.28709043 0.28397443
 0.08592384 0.07765339 0.3399326  0.32735226 0.25267414 1.86096227]
[0.01       0.01       0.09259793 0.2411788  0.28709043 0.28397443
 0.08592384 0.07765339 0.3399326  0.32735226 0.25267414 1.86096227] 1.058480128509453
[0.01       0.01       0.09259793 0.2411788  0.28709043 0.28397443
 0.08592383 0.0776534  0.3399326  0.32735226 0.25267414 1.86096227]
[0.01       0.01       0.09259793 0.2411788  0.28709043 0.28397443
 0.08592383 0.0776534  0.3399326  0.32735226 0.25267414 1.86096227] 1.0584801253604592
[0.01       0.01       0.09259793 0.2411788  0.28709043 0.28397443
 0.08592383 0.07765339 0.33993261 0.32735226 0.25267414 1.86096227]
[0.01       0.01       0.09259793 0.2411788  0.28709043 0.28397443
 0.08592383 0.07765339 0.33993261 0.32735226 0.25267414 1.86096227] 1.0584801277511933
[0.01       0.01       0.09259793 0.2411788  0.28709043 0.28397443
 0.08592383 0.07765339 0.3399326  0.32735227 0.25267414 1.86096227]
[0.01       0.01       0.09259793 0.2411788  0.28709043 0.28397443
 0.08592383 0.07765339 0.3399326  0.32735227 0.25267414 1.86096227] 1.0584801301435334
[0.01       0.01       0.09259793 0.2411788  0.28709043 0.28397443
 0.08592383 0.07765339 0.3399326  0.32735226 0.25267415 1.86096227]
[0.01       0.01       0.09259793 0.2411788  0.28709043 0.28397443
 0.08592383 0.07765339 0.3399326  0.32735226 0.25267415 1.86096227] 1.0584801308812675
[0.01       0.01       0.09259793 0.2411788  0.28709043 0.28397443
 0.08592383 0.07765339 0.3399326  0.32735226 0.25267414 1.86096228]
[0.01       0.01       0.09259793 0.2411788  0.28709043 0.28397443
 0.08592383 0.07765339 0.3399326  0.32735226 0.25267414 1.86096228] 1.0584801252073084
[0.01       0.01       0.09259794 0.24117881 0.28709043 0.28397444
 0.08592383 0.0776534  0.3399326  0.32735227 0.25267415 1.86096228]
[0.01       0.01       0.09259794 0.24117881 0.28709043 0.28397444
 0.08592383 0.0776534  0.3399326  0.32735227 0.25267415 1.86096228] 1.058480131954492
[0.01000001 0.01       0.09259794 0.24117881 0.28709043 0.28397444
 0.08592383 0.0776534  0.3399326  0.32735227 0.25267415 1.86096228]
[0.01000001 0.01       0.09259794 0.24117881 0.28709043 0.28397444
 0.08592383 0.0776534  0.3399326  0.32735227 0.25267415 1.86096228] 1.0584801122502112
[0.01       0.01000001 0.09259794 0.24117881 0.28709043 0.28397444
 0.08592383 0.0776534  0.3399326  0.32735227 0.25267415 1.86096228]
[0.01       0.01000001 0.09259794 0.24117881 0.28709043 0.28397444
 0.08592383 0.0776534  0.3399326  0.32735227 0.25267415 1.86096228] 1.0584801217771624
[0.01       0.01       0.09259795 0.24117881 0.28709043 0.28397444
 0.08592383 0.0776534  0.3399326  0.32735227 0.25267415 1.86096228]
[0.01       0.01       0.09259795 0.24117881 0.28709043 0.28397444
 0.08592383 0.0776534  0.3399326  0.32735227 0.25267415 1.86096228] 1.058480126139183
[0.01       0.01       0.09259794 0.24117882 0.28709043 0.28397444
 0.08592383 0.0776534  0.3399326  0.32735227 0.25267415 1.86096228]
[0.01       0.01       0.09259794 0.24117882 0.28709043 0.28397444
 0.08592383 0.0776534  0.3399326  0.32735227 0.25267415 1.86096228] 1.0584801276867406
[0.01       0.01       0.09259794 0.24117881 0.28709044 0.28397444
 0.08592383 0.0776534  0.3399326  0.32735227 0.25267415 1.86096228]
[0.01       0.01       0.09259794 0.24117881 0.28709044 0.28397444
 0.08592383 0.0776534  0.3399326  0.32735227 0.25267415 1.86096228] 1.0584801251363807
[0.01       0.01       0.09259794 0.24117881 0.28709043 0.28397445
 0.08592383 0.0776534  0.3399326  0.32735227 0.25267415 1.86096228]
[0.01       0.01       0.09259794 0.24117881 0.28709043 0.28397445
 0.08592383 0.0776534  0.3399326  0.32735227 0.25267415 1.86096228] 1.0584801281349587
[0.01       0.01       0.09259794 0.24117881 0.28709043 0.28397444
 0.08592384 0.0776534  0.3399326  0.32735227 0.25267415 1.86096228]
[0.01       0.01       0.09259794 0.24117881 0.28709043 0.28397444
 0.08592384 0.0776534  0.3399326  0.32735227 0.25267415 1.86096228] 1.058480128601337
[0.01       0.01       0.09259794 0.24117881 0.28709043 0.28397444
 0.08592383 0.07765341 0.3399326  0.32735227 0.25267415 1.86096228]
[0.01       0.01       0.09259794 0.24117881 0.28709043 0.28397444
 0.08592383 0.07765341 0.3399326  0.32735227 0.25267415 1.86096228] 1.0584801271425675
[0.01       0.01       0.09259794 0.24117881 0.28709043 0.28397444
 0.08592383 0.0776534  0.33993261 0.32735227 0.25267415 1.86096228]
[0.01       0.01       0.09259794 0.24117881 0.28709043 0.28397444
 0.08592383 0.0776534  0.33993261 0.32735227 0.25267415 1.86096228] 1.0584801276987248
[0.01       0.01       0.09259794 0.24117881 0.28709043 0.28397444
 0.08592383 0.0776534  0.3399326  0.32735228 0.25267415 1.86096228]
[0.01       0.01       0.09259794 0.24117881 0.28709043 0.28397444
 0.08592383 0.0776534  0.3399326  0.32735228 0.25267415 1.86096228] 1.0584801233876608
[0.01       0.01       0.09259794 0.24117881 0.28709043 0.28397444
 0.08592383 0.0776534  0.3399326  0.32735227 0.25267416 1.86096228]
[0.01       0.01       0.09259794 0.24117881 0.28709043 0.28397444
 0.08592383 0.0776534  0.3399326  0.32735227 0.25267416 1.86096228] 1.0584801311972944
[0.01       0.01       0.09259794 0.24117881 0.28709043 0.28397444
 0.08592383 0.0776534  0.3399326  0.32735227 0.25267415 1.86096229]
[0.01       0.01       0.09259794 0.24117881 0.28709043 0.28397444
 0.08592383 0.0776534  0.3399326  0.32735227 0.25267415 1.86096229] 1.05848012677571
[0.01       0.01       0.09259794 0.2411788  0.28709043 0.28397443
 0.08592383 0.07765339 0.3399326  0.32735227 0.25267415 1.86096227]
[0.01       0.01       0.09259794 0.2411788  0.28709043 0.28397443
 0.08592383 0.07765339 0.3399326  0.32735227 0.25267415 1.86096227] 1.0584801310747158
[0.01000001 0.01       0.09259794 0.2411788  0.28709043 0.28397443
 0.08592383 0.07765339 0.3399326  0.32735227 0.25267415 1.86096227]
[0.01000001 0.01       0.09259794 0.2411788  0.28709043 0.28397443
 0.08592383 0.07765339 0.3399326  0.32735227 0.25267415 1.86096227] 1.0584801107630675
[0.01       0.01000001 0.09259794 0.2411788  0.28709043 0.28397443
 0.08592383 0.07765339 0.3399326  0.32735227 0.25267415 1.86096227]
[0.01       0.01000001 0.09259794 0.2411788  0.28709043 0.28397443
 0.08592383 0.07765339 0.3399326  0.32735227 0.25267415 1.86096227] 1.0584801171749925
[0.01       0.01       0.09259795 0.2411788  0.28709043 0.28397443
 0.08592383 0.07765339 0.3399326  0.32735227 0.25267415 1.86096227]
[0.01       0.01       0.09259795 0.2411788  0.28709043 0.28397443
 0.08592383 0.07765339 0.3399326  0.32735227 0.25267415 1.86096227] 1.0584801224156948
[0.01       0.01       0.09259794 0.24117881 0.28709043 0.28397443
 0.08592383 0.07765339 0.3399326  0.32735227 0.25267415 1.86096227]
[0.01       0.01       0.09259794 0.24117881 0.28709043 0.28397443
 0.08592383 0.07765339 0.3399326  0.32735227 0.25267415 1.86096227] 1.058480128794441
[0.01       0.01       0.09259794 0.2411788  0.28709044 0.28397443
 0.08592383 0.07765339 0.3399326  0.32735227 0.25267415 1.86096227]
[0.01       0.01       0.09259794 0.2411788  0.28709044 0.28397443
 0.08592383 0.07765339 0.3399326  0.32735227 0.25267415 1.86096227] 1.0584801261359358
[0.01       0.01       0.09259794 0.2411788  0.28709043 0.28397444
 0.08592383 0.07765339 0.3399326  0.32735227 0.25267415 1.86096227]
[0.01       0.01       0.09259794 0.2411788  0.28709043 0.28397444
 0.08592383 0.07765339 0.3399326  0.32735227 0.25267415 1.86096227] 1.058480126706485
[0.01       0.01       0.09259794 0.2411788  0.28709043 0.28397443
 0.08592384 0.07765339 0.3399326  0.32735227 0.25267415 1.86096227]
[0.01       0.01       0.09259794 0.2411788  0.28709043 0.28397443
 0.08592384 0.07765339 0.3399326  0.32735227 0.25267415 1.86096227] 1.0584801253976448
[0.01       0.01       0.09259794 0.2411788  0.28709043 0.28397443
 0.08592383 0.0776534  0.3399326  0.32735227 0.25267415 1.86096227]
[0.01       0.01       0.09259794 0.2411788  0.28709043 0.28397443
 0.08592383 0.0776534  0.3399326  0.32735227 0.25267415 1.86096227] 1.0584801277519111
[0.01       0.01       0.09259794 0.2411788  0.28709043 0.28397443
 0.08592383 0.07765339 0.33993261 0.32735227 0.25267415 1.86096227]
[0.01       0.01       0.09259794 0.2411788  0.28709043 0.28397443
 0.08592383 0.07765339 0.33993261 0.32735227 0.25267415 1.86096227] 1.0584801230239025
[0.01       0.01       0.09259794 0.2411788  0.28709043 0.28397443
 0.08592383 0.07765339 0.3399326  0.32735228 0.25267415 1.86096227]
[0.01       0.01       0.09259794 0.2411788  0.28709043 0.28397443
 0.08592383 0.07765339 0.3399326  0.32735228 0.25267415 1.86096227] 1.058480128464946
[0.01       0.01       0.09259794 0.2411788  0.28709043 0.28397443
 0.08592383 0.07765339 0.3399326  0.32735227 0.25267416 1.86096227]
[0.01       0.01       0.09259794 0.2411788  0.28709043 0.28397443
 0.08592383 0.07765339 0.3399326  0.32735227 0.25267416 1.86096227] 1.0584801252636193
[0.01       0.01       0.09259794 0.2411788  0.28709043 0.28397443
 0.08592383 0.07765339 0.3399326  0.32735227 0.25267415 1.86096228]
[0.01       0.01       0.09259794 0.2411788  0.28709043 0.28397443
 0.08592383 0.07765339 0.3399326  0.32735227 0.25267415 1.86096228] 1.0584801268952766
[0.01       0.01       0.09259794 0.2411788  0.28709043 0.28397444
 0.08592383 0.07765339 0.3399326  0.32735227 0.25267415 1.86096228]
[0.01       0.01       0.09259794 0.2411788  0.28709043 0.28397444
 0.08592383 0.07765339 0.3399326  0.32735227 0.25267415 1.86096228] 1.0584801307203964
[0.01000001 0.01       0.09259794 0.2411788  0.28709043 0.28397444
 0.08592383 0.07765339 0.3399326  0.32735227 0.25267415 1.86096228]
[0.01000001 0.01       0.09259794 0.2411788  0.28709043 0.28397444
 0.08592383 0.07765339 0.3399326  0.32735227 0.25267415 1.86096228] 1.0584801165361544
[0.01       0.01000001 0.09259794 0.2411788  0.28709043 0.28397444
 0.08592383 0.07765339 0.3399326  0.32735227 0.25267415 1.86096228]
[0.01       0.01000001 0.09259794 0.2411788  0.28709043 0.28397444
 0.08592383 0.07765339 0.3399326  0.32735227 0.25267415 1.86096228] 1.0584801192881048
[0.01       0.01       0.09259795 0.2411788  0.28709043 0.28397444
 0.08592383 0.07765339 0.3399326  0.32735227 0.25267415 1.86096228]
[0.01       0.01       0.09259795 0.2411788  0.28709043 0.28397444
 0.08592383 0.07765339 0.3399326  0.32735227 0.25267415 1.86096228] 1.0584801252903555
[0.01       0.01       0.09259794 0.24117881 0.28709043 0.28397444
 0.08592383 0.07765339 0.3399326  0.32735227 0.25267415 1.86096228]
[0.01       0.01       0.09259794 0.24117881 0.28709043 0.28397444
 0.08592383 0.07765339 0.3399326  0.32735227 0.25267415 1.86096228] 1.058480125988983
[0.01       0.01       0.09259794 0.2411788  0.28709044 0.28397444
 0.08592383 0.07765339 0.3399326  0.32735227 0.25267415 1.86096228]
[0.01       0.01       0.09259794 0.2411788  0.28709044 0.28397444
 0.08592383 0.07765339 0.3399326  0.32735227 0.25267415 1.86096228] 1.0584801262541312
[0.01       0.01       0.09259794 0.2411788  0.28709043 0.28397445
 0.08592383 0.07765339 0.3399326  0.32735227 0.25267415 1.86096228]
[0.01       0.01       0.09259794 0.2411788  0.28709043 0.28397445
 0.08592383 0.07765339 0.3399326  0.32735227 0.25267415 1.86096228] 1.0584801292255128
[0.01       0.01       0.09259794 0.2411788  0.28709043 0.28397444
 0.08592384 0.07765339 0.3399326  0.32735227 0.25267415 1.86096228]
[0.01       0.01       0.09259794 0.2411788  0.28709043 0.28397444
 0.08592384 0.07765339 0.3399326  0.32735227 0.25267415 1.86096228] 1.058480131464348
[0.01       0.01       0.09259794 0.2411788  0.28709043 0.28397444
 0.08592383 0.0776534  0.3399326  0.32735227 0.25267415 1.86096228]
[0.01       0.01       0.09259794 0.2411788  0.28709043 0.28397444
 0.08592383 0.0776534  0.3399326  0.32735227 0.25267415 1.86096228] 1.058480127574917
[0.01       0.01       0.09259794 0.2411788  0.28709043 0.28397444
 0.08592383 0.07765339 0.33993261 0.32735227 0.25267415 1.86096228]
[0.01       0.01       0.09259794 0.2411788  0.28709043 0.28397444
 0.08592383 0.07765339 0.33993261 0.32735227 0.25267415 1.86096228] 1.0584801280938954
[0.01       0.01       0.09259794 0.2411788  0.28709043 0.28397444
 0.08592383 0.07765339 0.3399326  0.32735228 0.25267415 1.86096228]
[0.01       0.01       0.09259794 0.2411788  0.28709043 0.28397444
 0.08592383 0.07765339 0.3399326  0.32735228 0.25267415 1.86096228] 1.0584801293641917
[0.01       0.01       0.09259794 0.2411788  0.28709043 0.28397444
 0.08592383 0.07765339 0.3399326  0.32735227 0.25267416 1.86096228]
[0.01       0.01       0.09259794 0.2411788  0.28709043 0.28397444
 0.08592383 0.07765339 0.3399326  0.32735227 0.25267416 1.86096228] 1.0584801267809556
[0.01       0.01       0.09259794 0.2411788  0.28709043 0.28397444
 0.08592383 0.07765339 0.3399326  0.32735227 0.25267415 1.86096229]
[0.01       0.01       0.09259794 0.2411788  0.28709043 0.28397444
 0.08592383 0.07765339 0.3399326  0.32735227 0.25267415 1.86096229] 1.0584801286085905
[0.01       0.01       0.09259794 0.24117881 0.28709043 0.28397444
 0.08592383 0.0776534  0.3399326  0.32735227 0.25267415 1.86096228]
[0.01       0.01       0.09259794 0.24117881 0.28709043 0.28397444
 0.08592383 0.0776534  0.3399326  0.32735227 0.25267415 1.86096228] 1.058480125699509
[0.01000001 0.01       0.09259794 0.24117881 0.28709043 0.28397444
 0.08592383 0.0776534  0.3399326  0.32735227 0.25267415 1.86096228]
[0.01000001 0.01       0.09259794 0.24117881 0.28709043 0.28397444
 0.08592383 0.0776534  0.3399326  0.32735227 0.25267415 1.86096228] 1.058480110893006
[0.01       0.01000001 0.09259794 0.24117881 0.28709043 0.28397444
 0.08592383 0.0776534  0.3399326  0.32735227 0.25267415 1.86096228]
[0.01       0.01000001 0.09259794 0.24117881 0.28709043 0.28397444
 0.08592383 0.0776534  0.3399326  0.32735227 0.25267415 1.86096228] 1.058480118641833
[0.01       0.01       0.09259795 0.24117881 0.28709043 0.28397444
 0.08592383 0.0776534  0.3399326  0.32735227 0.25267415 1.86096228]
[0.01       0.01       0.09259795 0.24117881 0.28709043 0.28397444
 0.08592383 0.0776534  0.3399326  0.32735227 0.25267415 1.86096228] 1.0584801281608713
[0.01       0.01       0.09259794 0.24117882 0.28709043 0.28397444
 0.08592383 0.0776534  0.3399326  0.32735227 0.25267415 1.86096228]
[0.01       0.01       0.09259794 0.24117882 0.28709043 0.28397444
 0.08592383 0.0776534  0.3399326  0.32735227 0.25267415 1.86096228] 1.0584801245727025
[0.01       0.01       0.09259794 0.24117881 0.28709044 0.28397444
 0.08592383 0.0776534  0.3399326  0.32735227 0.25267415 1.86096228]
[0.01       0.01       0.09259794 0.24117881 0.28709044 0.28397444
 0.08592383 0.0776534  0.3399326  0.32735227 0.25267415 1.86096228] 1.0584801307496008
[0.01       0.01       0.09259794 0.24117881 0.28709043 0.28397445
 0.08592383 0.0776534  0.3399326  0.32735227 0.25267415 1.86096228]
[0.01       0.01       0.09259794 0.24117881 0.28709043 0.28397445
 0.08592383 0.0776534  0.3399326  0.32735227 0.25267415 1.86096228] 1.0584801285474428
[0.01       0.01       0.09259794 0.24117881 0.28709043 0.28397444
 0.08592384 0.0776534  0.3399326  0.32735227 0.25267415 1.86096228]
[0.01       0.01       0.09259794 0.24117881 0.28709043 0.28397444
 0.08592384 0.0776534  0.3399326  0.32735227 0.25267415 1.86096228] 1.058480127715971
[0.01       0.01       0.09259794 0.24117881 0.28709043 0.28397444
 0.08592383 0.07765341 0.3399326  0.32735227 0.25267415 1.86096228]
[0.01       0.01       0.09259794 0.24117881 0.28709043 0.28397444
 0.08592383 0.07765341 0.3399326  0.32735227 0.25267415 1.86096228] 1.0584801270837594
[0.01       0.01       0.09259794 0.24117881 0.28709043 0.28397444
 0.08592383 0.0776534  0.33993261 0.32735227 0.25267415 1.86096228]
[0.01       0.01       0.09259794 0.24117881 0.28709043 0.28397444
 0.08592383 0.0776534  0.33993261 0.32735227 0.25267415 1.86096228] 1.0584801233316878
[0.01       0.01       0.09259794 0.24117881 0.28709043 0.28397444
 0.08592383 0.0776534  0.3399326  0.32735228 0.25267415 1.86096228]
[0.01       0.01       0.09259794 0.24117881 0.28709043 0.28397444
 0.08592383 0.0776534  0.3399326  0.32735228 0.25267415 1.86096228] 1.058480124957105
[0.01       0.01       0.09259794 0.24117881 0.28709043 0.28397444
 0.08592383 0.0776534  0.3399326  0.32735227 0.25267416 1.86096228]
[0.01       0.01       0.09259794 0.24117881 0.28709043 0.28397444
 0.08592383 0.0776534  0.3399326  0.32735227 0.25267416 1.86096228] 1.0584801272251736
[0.01       0.01       0.09259794 0.24117881 0.28709043 0.28397444
 0.08592383 0.0776534  0.3399326  0.32735227 0.25267415 1.86096229]
[0.01       0.01       0.09259794 0.24117881 0.28709043 0.28397444
 0.08592383 0.0776534  0.3399326  0.32735227 0.25267415 1.86096229] 1.0584801324136581
checking on  MEX
checking on  ROW
upper corner was better for  ROW
checking on  USA
lower corner was better for  USA
checking on  EUR
lower corner was better for  EUR
checking on  MEX
lower corner was better for  MEX
[16.0] COOP pop_weighted done in 530s -> 2000_16.0_pop_weighted/

[16.1] kind=us_origin
  dest inflow share before: [0.3212 0.074  0.0853 0.2322 0.0342 0.06   0.0565 0.0736 0.0234 0.0262
 0.0066 0.0068]
  dest inflow share after : [0.307  0.0773 0.0876 0.2333 0.0352 0.0613 0.0595 0.0742 0.0235 0.0275
 0.0067 0.007 ]
  US-origin share before/after: 0.2305 -> 0.2644
  US RD target: 0.02782 -> 0.03338
  calib_parameters=['eta', 'k', 'fe', 'T', 'zeta', 'g_0', 'delta', 'nu', 'fo', 'theta']
  list_of_moments=['GPDIFF', 'GROWTH', 'KM', 'OUT', 'RD', 'RP', 'SRGDP', 'SINNOVPATUS', 'TO', 'SPFLOW', 'UUPCOST', 'DOMPATINUS', 'TE']

[16.1] recalibrating ...
fe :  [0.08263491] fo :  [0.05270316] delta :  [[0.0796478 ]
 [0.08649414]
 [0.09691331]
 [0.13603759]
 [0.15560797]
 [0.2222137 ]
 [0.06533472]
 [0.05940816]
 [0.21006018]
 [0.18912276]
 [0.15536466]
 [1.40461998]] nu :  [0.05386976] k : [1.10274735 1.25136328] theta : [6.23952397] sigma : [2.9] zeta : [0.00858743] rho : 0.02 kappa : 0.5
   Iteration     Total nfev        Cost      Cost reduction    Step norm     Optimality   
       0              1         7.6899e-01                                    6.70e+06    
       1              2         6.3182e-01      1.37e-01       1.63e+04       4.33e+05    
       2              3         6.3137e-01      4.47e-04       2.10e-04       1.33e+03    
fe :  [0.07009841] fo :  [0.05523745] delta :  [[0.08523074]
 [0.0972056 ]
 [0.10840171]
 [0.15357753]
 [0.17799901]
 [0.24683649]
 [0.07757044]
 [0.07026422]
 [0.23861761]
 [0.21760416]
 [0.1803638 ]
 [1.58612453]] nu :  [0.05367323] k : [1.44489131 1.22599033] theta : [6.26904649] sigma : [2.9] zeta : [0.01119875] rho : 0.02 kappa : 0.5
       3              6         6.3118e-01      1.90e-04       3.83e+01       1.98e+05    
       4              7         6.2912e-01      2.06e-03       1.12e+03       1.67e+06    
       5              8         6.2814e-01      9.79e-04       8.55e+01       4.35e+05    
fe :  [0.08183876] fo :  [0.0455337] delta :  [[0.08651898]
 [0.09509339]
 [0.10594168]
 [0.14300772]
 [0.17809873]
 [0.24407276]
 [0.07617439]
 [0.06921738]
 [0.24081736]
 [0.21802175]
 [0.18708189]
 [1.60633115]] nu :  [0.05422732] k : [1.00093876 1.18800977] theta : [6.30633378] sigma : [2.9] zeta : [0.01114704] rho : 0.02 kappa : 0.5
       6              9         6.2620e-01      1.94e-03       5.26e+00       2.77e+05    
       7             14         6.2574e-01      4.64e-04       7.09e-03       9.70e+04    
       8             15         6.2553e-01      2.09e-04       1.32e-03       1.25e+04    
       9             16         6.2531e-01      2.13e-04       2.45e-03       8.90e+03    
fe :  [0.08157799] fo :  [0.04786616] delta :  [[0.08586092]
 [0.09726622]
 [0.1116378 ]
 [0.14495886]
 [0.18136081]
 [0.24835471]
 [0.07814115]
 [0.07122577]
 [0.24496642]
 [0.22194884]
 [0.19074422]
 [1.61005014]] nu :  [0.05422092] k : [1.00101768 1.18802837] theta : [6.30567499] sigma : [2.9] zeta : [0.011216] rho : 0.02 kappa : 0.5
      10             17         6.2507e-01      2.43e-04       5.14e-03       1.15e+04    
      11             18         6.2492e-01      1.47e-04       3.69e-03       3.09e+03    
      12             19         6.2471e-01      2.12e-04       5.81e-03       6.03e+03    
fe :  [0.08185475] fo :  [0.04592283] delta :  [[0.08646361]
 [0.09754805]
 [0.10911396]
 [0.14494382]
 [0.1816954 ]
 [0.24878342]
 [0.07833018]
 [0.07131897]
 [0.2457033 ]
 [0.22259638]
 [0.19143942]
 [1.63071375]] nu :  [0.05419568] k : [1.00191394 1.18507777] theta : [6.30314703] sigma : [2.9] zeta : [0.01121062] rho : 0.02 kappa : 0.5
      13             20         6.2447e-01      2.42e-04       1.23e-02       1.37e+04    
      14             26         6.2447e-01      5.01e-08       1.72e-04       1.80e+03    
      15             27         6.2447e-01      1.13e-07       3.77e-06       9.78e+01    
`xtol` termination condition is satisfied.
Function evaluations 27, initial cost 7.6899e-01, final cost 6.2447e-01, first-order optimality 9.78e+01.
   Iteration     Total nfev        Cost      Cost reduction    Step norm     Optimality   
       0              1         6.2447e-01                                    1.22e+03    
       1             18         6.2447e-01      0.00e+00       0.00e+00       1.22e+03    
`xtol` termination condition is satisfied.
Function evaluations 18, initial cost 6.2447e-01, final cost 6.2447e-01, first-order optimality 1.22e+03.
fe :  [0.08201965] fo :  [0.04592121] delta :  [[0.08646017]
 [0.09755926]
 [0.10911233]
 [0.14495699]
 [0.18171007]
 [0.24879937]
 [0.07834639]
 [0.07133175]
 [0.24571708]
 [0.22261081]
 [0.19146301]
 [1.63073567]] nu :  [0.05419662] k : [1.00191575 1.18507564] theta : [6.30314767] sigma : [2.9] zeta : [0.01121273] rho : 0.02 kappa : 0.5
   Iteration     Total nfev        Cost      Cost reduction    Step norm     Optimality   
       0              1         6.2447e-01                                    7.91e+01    
       1             11         6.2445e-01      2.38e-05       6.63e-04       7.80e+02    
       2             13         6.2443e-01      1.13e-05       3.66e-04       4.25e+02    
fe :  [0.08209865] fo :  [0.04570901] delta :  [[0.08650068]
 [0.09752095]
 [0.10889414]
 [0.14489978]
 [0.18166135]
 [0.24873311]
 [0.0783247 ]
 [0.0713063 ]
 [0.24565067]
 [0.22255304]
 [0.19144811]
 [1.63145807]] nu :  [0.05419022] k : [1.00191536 1.18467465] theta : [6.30298822] sigma : [2.9] zeta : [0.01120817] rho : 0.02 kappa : 0.5
       3             16         6.2443e-01      1.40e-06       3.92e-05       2.98e+02    
       4             19         6.2443e-01      1.02e-07       2.27e-05       1.29e-02    
`xtol` termination condition is satisfied.
Function evaluations 19, initial cost 6.2447e-01, final cost 6.2443e-01, first-order optimality 1.29e-02.
   Iteration     Total nfev        Cost      Cost reduction    Step norm     Optimality   
       0              1         6.2443e-01                                    9.32e+02    
       1             19         6.2443e-01      0.00e+00       0.00e+00       9.32e+02    
`xtol` termination condition is satisfied.
Function evaluations 19, initial cost 6.2443e-01, final cost 6.2443e-01, first-order optimality 9.32e+02.
fe :  [0.08211949] fo :  [0.04570796] delta :  [[0.08650263]
 [0.09752082]
 [0.10889317]
 [0.1448996 ]
 [0.18166124]
 [0.24873296]
 [0.07832465]
 [0.07130622]
 [0.24565052]
 [0.22255293]
 [0.19145204]
 [1.63146538]] nu :  [0.05419061] k : [1.00191536 1.18467257] theta : [6.30298797] sigma : [2.9] zeta : [0.01120817] rho : 0.02 kappa : 0.5
   Iteration     Total nfev        Cost      Cost reduction    Step norm     Optimality   
       0              1         6.2443e-01                                    7.99e-03    
       1             15         6.2443e-01      7.06e-08       2.77e-06       8.43e-03    
       2             16         6.2443e-01      1.23e-07       6.01e-06       3.03e+04    
fe :  [0.08211933] fo :  [0.04570686] delta :  [[0.08650249]
 [0.09752048]
 [0.10889189]
 [0.14489911]
 [0.18166076]
 [0.24873229]
 [0.07832443]
 [0.07130599]
 [0.24564987]
 [0.22255235]
 [0.19145173]
 [1.63146489]] nu :  [0.05419055] k : [1.00191535 1.18467012] theta : [6.3029866] sigma : [2.9] zeta : [0.01120815] rho : 0.02 kappa : 0.5
       3             24         6.2443e-01      9.91e-09       1.30e-07       1.93e-01    
       4             25         6.2443e-01      0.00e+00       0.00e+00       1.93e-01    
`xtol` termination condition is satisfied.
Function evaluations 25, initial cost 6.2443e-01, final cost 6.2443e-01, first-order optimality 1.93e-01.
   Iteration     Total nfev        Cost      Cost reduction    Step norm     Optimality   
       0              1         6.2443e-01                                    3.28e+02    
       1             24         6.2443e-01      1.02e-11       1.62e-08       1.62e-01    
       2             25         6.2443e-01      0.00e+00       0.00e+00       1.62e-01    
`xtol` termination condition is satisfied.
Function evaluations 25, initial cost 6.2443e-01, final cost 6.2443e-01, first-order optimality 1.62e-01.
fe :  [0.08211935] fo :  [0.04570686] delta :  [[0.08650249]
 [0.0975205 ]
 [0.10889189]
 [0.14489911]
 [0.18166076]
 [0.24873229]
 [0.07832443]
 [0.07130599]
 [0.24564987]
 [0.22255235]
 [0.19145173]
 [1.63146489]] nu :  [0.05419055] k : [1.00191535 1.18467012] theta : [6.3029866] sigma : [2.9] zeta : [0.01120815] rho : 0.02 kappa : 0.5
   Iteration     Total nfev        Cost      Cost reduction    Step norm     Optimality   
       0              1         6.2443e-01                                    7.84e-03    
       1             17         6.2443e-01      2.97e-09       1.16e-07       1.01e-01    
`ftol` termination condition is satisfied.
Function evaluations 17, initial cost 6.2443e-01, final cost 6.2443e-01, first-order optimality 1.01e-01.
   Iteration     Total nfev        Cost      Cost reduction    Step norm     Optimality   
       0              1         6.2443e-01                                    9.30e+02    
fe :  [0.08211936] fo :  [0.04570684] delta :  [[0.08650249]
 [0.09752048]
 [0.10889188]
 [0.14489911]
 [0.18166075]
 [0.24873229]
 [0.07832442]
 [0.07130599]
 [0.24564987]
 [0.22255234]
 [0.19145173]
 [1.63146488]] nu :  [0.05419055] k : [1.00191535 1.18467009] theta : [6.30298658] sigma : [2.9] zeta : [0.01120815] rho : 0.02 kappa : 0.5
       1             24         6.2443e-01      9.78e-11       1.49e-08       1.53e-01    
`ftol` termination condition is satisfied.
Function evaluations 24, initial cost 6.2443e-01, final cost 6.2443e-01, first-order optimality 1.53e-01.
   Iteration     Total nfev        Cost      Cost reduction    Step norm     Optimality   
       0              1         6.2443e-01                                    9.30e+02    
       1             24         6.2443e-01      9.46e-11       1.49e-08       1.51e-01    
`ftol` termination condition is satisfied.
Function evaluations 24, initial cost 6.2443e-01, final cost 6.2443e-01, first-order optimality 1.51e-01.
[16.1] calibration done obj=1.1175 (successful) -> calibration_results_matched_economy/baseline_2000_variations/16.1/
12  countries,  2  sectors 
Solving time : 0.0003355839871801436 
Iterations :  1 
Deviation norm :  TODO 
Status :  successful 
Hit the bounds  0  times
0
[12.] USA -0.9930541724542745
[6.005] USA -0.9930802376591162
[0.01] USA -0.9758380770723604
[6.005] USA -0.9930542819879078
[6.00500001] USA -0.9930169371654639
[0.01000142] USA -0.9758383319278151
[3.00750414] USA -0.9929799664297781
[4.50625209] USA -0.9930122054725953
[5.25562605] USA -0.9930379187306758
[5.63031303] USA -0.9930643799221142
[5.81765651] USA -0.9930352699168896
[5.91132826] USA -0.9930664687194352
[5.95816413] USA -0.993020263719232
[5.98158207] USA -0.9930863311497502
[5.99329103] USA -0.9930716075468904
[5.99914551] USA -0.9930417423680233
[5.99914553] USA -0.9930377940924868
[5.99845337] USA -0.9930717945364735
[5.99879938] USA -0.9930336398880991
[5.99897246] USA -0.9930200970464622
[5.99905903] USA -0.9930734861148504
[5.99910221] USA -0.9930504134023933
[5.99912384] USA -0.9930613488602307
[5.99913464] USA -0.9930505416102191
[5.99914006] USA -0.9930509204197903
[5.99914277] USA -0.9930348548343179
[5.99914415] USA -0.9930663043740441
[5.99914478] USA -0.9930788035603048
[12.] EUR -0.989940975725086
[6.005] EUR -0.9899094152833697
[0.01] EUR -0.9431031095737181
[12.] EUR -0.989900925016313
[11.99999999] EUR -0.9899291633424449
[6.00500227] EUR -0.9899181459444323
[9.00250113] EUR -0.9898991351145675
[10.50125057] EUR -0.989911962976503
[11.25062528] EUR -0.989918759444356
[11.62531264] EUR -0.9899738039014347
[11.8126563] EUR -0.9899299981305496
[11.90632814] EUR -0.9899348650683903
[11.95316406] EUR -0.9899604770511186
[11.97658202] EUR -0.9899249174619634
[11.988291] EUR -0.9899426329243225
[11.99414549] EUR -0.9898966854200543
[11.9941455] EUR -0.9899872126530735
[11.998608] EUR -0.9899462232330327
[11.99637675] EUR -0.9899441467798914
[11.99526112] EUR -0.989927925950989
[11.99470331] EUR -0.9899435338451212
[11.9944244] EUR -0.9899292067922154
[11.99428495] EUR -0.9899218229061435
[11.99421522] EUR -0.9899506118329257
[11.99418036] EUR -0.989917898287848
[11.99416293] EUR -0.9899540409092181
[11.99415421] EUR -0.9899053774901165
[11.99414985] EUR -0.9899563388263697
[11.99414987] EUR -0.98996784774807
[11.99415049] EUR -0.9899834388584041
[11.99415019] EUR -0.9899439822322064
[11.99415001] EUR -0.9899273496077542
[11.99414992] EUR -0.9899192550506553
[11.99414987] EUR -0.9899284628319065
[11.99414986] EUR -0.9899190451179704
[11.99414985] EUR -0.9899525715956489
[11.99414985] EUR -0.9899646810045415
[12.] JAP -0.9857724504741852
[6.005] JAP -0.9857252000073914
[0.01] JAP -0.9298726076042819
[12.] JAP -0.9857477893291954
[11.99999999] JAP -0.9857688941904565
[6.005] JAP -0.9857098795429214
[9.00250001] JAP -0.9857530038489773
[10.50125] JAP -0.9857429790350646
[11.250625] JAP -0.985757889794974
[11.6253125] JAP -0.9857308809878195
[11.81265626] JAP -0.9857476203084644
[11.90632813] JAP -0.9857520082298227
[11.95316406] JAP -0.9857756119034194
[11.97658202] JAP -0.9857581013154434
[11.98829101] JAP -0.9857585373238146
[11.9941455] JAP -0.9857420032115762
[11.99414551] JAP -0.9857550930947317
[11.99638663] JAP -0.9857507159321902
[11.99526607] JAP -0.9857658905705297
[11.9947058] JAP -0.9857536135479112
[11.99442566] JAP -0.9857589630287914
[11.99428559] JAP -0.98576301843928
[11.99421556] JAP -0.9857339418437501
[11.99418052] JAP -0.9857497082873683
[11.99416302] JAP -0.9857559897903236
[11.99415427] JAP -0.9857478810335285
[11.99414989] JAP -0.9857523507416986
[11.9941477] JAP -0.9857363565929576
[11.99414771] JAP -0.9857547913974757
[12.] JAP -0.985768424637469
[11.99707386] JAP -0.9857704613896302
[11.99561079] JAP -0.9857676718350427
[11.99487926] JAP -0.9857601299415449
[11.99451349] JAP -0.9857628498852267
[11.9943306] JAP -0.9857622373068392
[11.99423916] JAP -0.9857783929075311
[11.99419345] JAP -0.9857476791032433
[11.99417058] JAP -0.9857592835095104
[11.99415915] JAP -0.9857498129027793
[11.99415343] JAP -0.9857665122132381
[11.99415344] JAP -0.9857605524757204
[11.99415203] JAP -0.9857795939183672
[11.99415271] JAP -0.9857639446388025
[11.99415307] JAP -0.9857726249866656
[11.99415324] JAP -0.9857862965862374
[12.] CHN -0.9869669827751197
[6.005] CHN -0.9869539402944711
[0.01] CHN -0.9020259753257315
[12.] CHN -0.987001431615931
[11.99999999] CHN -0.9869997988050178
[12.] BRA -0.9794592714111662
[6.005] BRA -0.9794627200140368
[0.01] BRA -0.9180528492945839
[6.005] BRA -0.9794349362592466
[6.00500001] BRA -0.9794596224550758
[12.] BRA -0.9794520362164058
[9.00250001] BRA -0.9794633874575253
[7.50375001] BRA -0.9794418471155106
[6.75437501] BRA -0.9794516386165066
[6.37968751] BRA -0.9794543738598033
[6.19234376] BRA -0.9794473190750062
[6.09867188] BRA -0.9794519537511789
[6.05183595] BRA -0.9794403452749493
[6.02841798] BRA -0.9794464863582186
[6.01670899] BRA -0.9794574763722232
[6.0108545] BRA -0.9794600960567149
[6.01085452] BRA -0.9794366179961893
[6.00800068] BRA -0.9794529037054339
[6.00942759] BRA -0.9794592819925155
[6.01014105] BRA -0.9794578138756226
[6.01049778] BRA -0.9794233918772057
[6.01067615] BRA -0.9794450820767462
[6.01076533] BRA -0.9794344844062903
[6.01080992] BRA -0.9794498548884695
[6.01083222] BRA -0.9794597143108711
[6.01084336] BRA -0.9794438996046928
[6.01084894] BRA -0.9794482652141387
[6.01085172] BRA -0.9794454169005651
[6.01085174] BRA -0.9794509989062301
[6.01085226] BRA -0.9794402003891424
[6.01085198] BRA -0.9794488196101437
[6.01085186] BRA -0.9794244401920468
[6.01085177] BRA -0.9794399762237586
[6.01085174] BRA -0.9794589662451562
[12.] IND -0.977230001679521
[6.005] IND -0.9772134745540113
[0.01] IND -0.9117771027157443
[12.] IND -0.977221217255302
[11.99999999] IND -0.977216589080131
[12.] CAN -0.9926714798151173
[6.005] CAN -0.9926406291911425
[0.01] CAN -0.9296654920639569
[12.] CAN -0.9927005320963127
[11.99999999] CAN -0.9926770090939127
[12.] KOR -0.9957987446261463
[6.005] KOR -0.9957421415953498
[0.01] KOR -0.9231757201501355
[12.] KOR -0.9957935163200213
[11.99999999] KOR -0.9958415768070947
[6.005] KOR -0.9957462691175837
[9.00250001] KOR -0.9957557844715448
[10.50125001] KOR -0.9957738666805154
[11.25062501] KOR -0.9958012193426076
[11.6253125] KOR -0.9957973824074042
[11.81265625] KOR -0.9958312128424215
[11.90632812] KOR -0.9958200013990307
[11.95316406] KOR -0.9958390473854075
[11.97658202] KOR -0.9957887514642564
[11.98829101] KOR -0.9957893243583056
[11.99414551] KOR -0.995851416401721
[11.99414552] KOR -0.9958025326630077
[6.005] KOR -0.9958005407964633
[8.99957276] KOR -0.9958278937424645
[10.49685914] KOR -0.9957838831423673
[11.24550233] KOR -0.9958077467420058
[11.61982393] KOR -0.995812081119297
[11.80698472] KOR -0.9958181832868478
[11.90056512] KOR -0.9957657161413157
[11.94735533] KOR -0.995810889035861
[11.97075042] KOR -0.9957929904514627
[11.98244797] KOR -0.9958259201060471
[11.98829674] KOR -0.9958620858751055
[11.98829676] KOR -0.9957789917858029
[6.07408856] KOR -0.9957475232806324
[9.03119266] KOR -0.9957935341973282
[10.50974471] KOR -0.9958224635792943
[11.24902073] KOR -0.9958389828682223
[11.61865874] KOR -0.9958288893193679
[11.80347774] KOR -0.9958135523960813
[11.89588725] KOR -0.9958234475481702
[11.942092] KOR -0.9958355850004033
[11.96519437] KOR -0.9958487869676278
[11.97674556] KOR -0.9958245922302622
[11.98252116] KOR -0.9958061352652445
[11.98252117] KOR -0.9957680731557254
[11.97763949] KOR -0.9958055763561363
[11.98008032] KOR -0.9958023158990718
[11.98130074] KOR -0.9957877969975683
[11.98191095] KOR -0.9958804725625664
[11.98221604] KOR -0.9958082183598372
[11.9823686] KOR -0.9958021884730291
[11.98244488] KOR -0.9958324680672911
[11.98248301] KOR -0.9958061950103406
[11.98250208] KOR -0.995815868716293
[11.98251162] KOR -0.9958066059560524
[11.98251639] KOR -0.9958217795547777
[11.9825164] KOR -0.9958237415238153
[11.98251662] KOR -0.9957988027748448
[11.98251645] KOR -0.995798495670205
[11.9825164] KOR -0.9957711797038054
[11.98251639] KOR -0.9958442378726292
[12.] RUS -0.9758778026675475
[6.005] RUS -0.9758576776642179
[0.01] RUS -0.9161219278484979
[12.] RUS -0.9758659084913532
[11.99999999] RUS -0.9758714945906946
[6.005] RUS -0.9758764397050681
[9.00249999] RUS -0.9758767975093142
[10.50124998] RUS -0.9758740104252656
[11.25062498] RUS -0.9758817382566842
[11.62531247] RUS -0.975883051933948
[11.81265621] RUS -0.9758763024088256
[11.90632809] RUS -0.9758694952039975
[11.95316404] RUS -0.9758831052082193
[11.976582] RUS -0.9758758273830346
[11.98829099] RUS -0.9758752504976311
[11.99414548] RUS -0.9758820324616694
[11.9941455] RUS -0.9758715860462291
[6.00500061] RUS -0.9758668557211171
[8.99957306] RUS -0.9758691480562122
[10.49685928] RUS -0.975867765249315
[11.24550239] RUS -0.9758624578873727
[11.61982395] RUS -0.9758708847565942
[11.80698472] RUS -0.9758800065042358
[11.9005651] RUS -0.9758788820907842
[11.94735529] RUS -0.9758768772827611
[11.97075039] RUS -0.9758755180095838
[11.98244794] RUS -0.9758724541940192
[11.98829672] RUS -0.975873744731963
[11.98829673] RUS -0.9758787744352589
[11.99019755] RUS -0.9758761110180217
[11.98924714] RUS -0.9758745441229968
[11.98877193] RUS -0.975879237988334
[11.98853433] RUS -0.9758877929391218
[11.98841554] RUS -0.9758750501005191
[11.98835613] RUS -0.9758794628460363
[11.98832643] RUS -0.9758803082994837
[11.98831159] RUS -0.9758777032170292
[11.98830416] RUS -0.9758778309608698
[11.98830044] RUS -0.975869741231993
[11.98829857] RUS -0.9758802406224215
[11.98829859] RUS -0.9758740121168151
[11.98829755] RUS -0.9758797618115963
[11.98829806] RUS -0.9758754786920055
[11.98829832] RUS -0.9758687816525828
[11.98829846] RUS -0.9758744269946985
[11.98829852] RUS -0.975878204504609
[11.98829855] RUS -0.9758627829295868
[11.98829857] RUS -0.9758803453445956
[11.98829857] RUS -0.9758790522526122
[11.98829857] RUS -0.9758741189353525
[11.98829857] RUS -0.9758789774240556
[11.98829857] RUS -0.9758802449467787
[12.] MEX -0.9769733153725334
[6.005] MEX -0.9769518690964724
[0.01] MEX -0.9234515160728975
[12.] MEX -0.9769679345024191
[11.99999999] MEX -0.9769761673970496
[6.00500001] MEX -0.9769512520405278
[9.00250002] MEX -0.9769709485601288
[10.50125001] MEX -0.9769722673265199
[11.250625] MEX -0.9769715558357772
[11.6253125] MEX -0.9769581583207959
[11.81265626] MEX -0.9769884068775436
[11.90632811] MEX -0.9769575807302577
[11.95316406] MEX -0.9769723502449714
[11.97658203] MEX -0.9769866779233708
[11.988291] MEX -0.9769667131985085
[11.9941455] MEX -0.9769711056758396
[11.99414551] MEX -0.9769795039774747
[11.99710186] MEX -0.9769500809494059
[11.99562366] MEX -0.9769707248256391
[11.99488458] MEX -0.9769622270488831
[11.99451503] MEX -0.976978793865976
[11.99433027] MEX -0.9769715586621102
[11.99423789] MEX -0.9769739865373444
[11.9941917] MEX -0.976974339924936
[11.9941686] MEX -0.9769631205299224
[11.99415704] MEX -0.9769615032436773
[11.99415126] MEX -0.9769727203103302
[11.99414838] MEX -0.9769761820028982
[11.9941484] MEX -0.9769708045276334
[11.99414726] MEX -0.9769715204578744
[11.99414783] MEX -0.9769728703284687
[11.99414811] MEX -0.9769732941957819
[11.99414825] MEX -0.9769755312381818
[11.99414832] MEX -0.9769710195611728
[11.99414836] MEX -0.9769755581518447
[11.99414837] MEX -0.976971186015687
[11.99414838] MEX -0.9769678414827556
[11.99414838] MEX -0.9769837311812304
[12.] ZAF -0.9773073706588761
[6.005] ZAF -0.9772903658905876
[0.01] ZAF -0.9317448605013718
[12.] ZAF -0.9773063484515344
[11.99999999] ZAF -0.9773081995357029
[6.005] ZAF -0.9772879276455515
[9.00250007] ZAF -0.9773027110535972
[10.50125005] ZAF -0.9772993849982547
[11.25062505] ZAF -0.9773088649855184
[11.62531252] ZAF -0.9773042807786528
[11.81265627] ZAF -0.9773021040886238
[11.90632815] ZAF -0.9772907661790522
[11.95316414] ZAF -0.9773085056439252
[11.97658206] ZAF -0.9773143378733329
[11.988291] ZAF -0.9773141833325678
[11.99414547] ZAF -0.9773122005711253
[11.99414548] ZAF -0.9773033885972808
[6.00500068] ZAF -0.9772945129157963
[8.99957309] ZAF -0.9772979359727302
[10.49685929] ZAF -0.9773123649304142
[11.24550238] ZAF -0.9772990113421053
[11.61982393] ZAF -0.9773078482039242
[11.8069847] ZAF -0.9773093111184908
[11.90056509] ZAF -0.9773090459656111
[11.94735528] ZAF -0.9773226956012986
[11.97075037] ZAF -0.977310059677345
[11.98244792] ZAF -0.9773065230920774
[11.9882967] ZAF -0.9773141776251146
[11.98829671] ZAF -0.9773100888338533
[11.9832335] ZAF -0.9773024004282277
[11.98576512] ZAF -0.9773195123121948
[11.9870309] ZAF -0.9773146400096732
[11.9876638] ZAF -0.9773167749562074
[11.98798024] ZAF -0.9772871688545596
[11.98813852] ZAF -0.9772993118056663
[11.98821764] ZAF -0.9773095311361953
[11.98825718] ZAF -0.9773079773757503
[11.98827695] ZAF -0.9773000696104367
[11.98828685] ZAF -0.9773066686293416
[11.98829179] ZAF -0.977312033701692
[11.9882918] ZAF -0.9773086783445106
[11.98826932] ZAF -0.9773072869256416
[11.98828056] ZAF -0.9773067824419736
[11.98828619] ZAF -0.9773076278204261
[11.988289] ZAF -0.9773003792984918
[11.98829042] ZAF -0.9773014569454389
[11.98829112] ZAF -0.9773075654903559
[11.98829147] ZAF -0.9773019754912448
[11.98829165] ZAF -0.9773070115187587
[11.98829173] ZAF -0.9773068678105352
[11.98829176] ZAF -0.97731170848534
[11.98829178] ZAF -0.9773227834373026
[12.] ROW -0.972108579068309
[6.005] ROW -0.9721095283242911
[0.01] ROW -0.9119559511996327
[6.005] ROW -0.9721078926482207
[6.00500001] ROW -0.9721093155078591
[12.] ROW -0.972112333400201
[9.00250002] ROW -0.9721097472859147
[7.50375002] ROW -0.9721107625372915
[6.75437503] ROW -0.9721102597204943
[6.37968753] ROW -0.972106441192688
[6.19234376] ROW -0.9721090657623008
[6.09867188] ROW -0.9721070975574937
[6.05183594] ROW -0.9721102848581801
[6.02841798] ROW -0.972109170101105
[6.016709] ROW -0.972109620655411
[6.01085451] ROW -0.9721087113244746
ROW [[ 5.99914478]
 [11.99414985]
 [11.99415324]
 [12.        ]
 [ 6.01085174]
 [12.        ]
 [12.        ]
 [11.98251639]
 [11.98829857]
 [11.99414838]
 [11.98829178]
 [ 6.01085451]]
0.0
[16.1] NASH done in 1682s -> 2000_16.1_nash/
not parallel
[0.08650249 0.09752048 0.10889188 0.14489911 0.18166075 0.24873229
 0.07832442 0.07130599 0.24564987 0.22255234 0.19145173 1.63146488]
[0.08650249 0.09752048 0.10889188 0.14489911 0.18166075 0.24873229
 0.07832442 0.07130599 0.24564987 0.22255234 0.19145173 1.63146488] 1.0000000002625973
[0.0865025  0.09752048 0.10889188 0.14489911 0.18166075 0.24873229
 0.07832442 0.07130599 0.24564987 0.22255234 0.19145173 1.63146488]
[0.0865025  0.09752048 0.10889188 0.14489911 0.18166075 0.24873229
 0.07832442 0.07130599 0.24564987 0.22255234 0.19145173 1.63146488] 0.9999999984992956
[0.08650249 0.09752049 0.10889188 0.14489911 0.18166075 0.24873229
 0.07832442 0.07130599 0.24564987 0.22255234 0.19145173 1.63146488]
[0.08650249 0.09752049 0.10889188 0.14489911 0.18166075 0.24873229
 0.07832442 0.07130599 0.24564987 0.22255234 0.19145173 1.63146488] 0.9999999997138636
[0.08650249 0.09752048 0.10889189 0.14489911 0.18166075 0.24873229
 0.07832442 0.07130599 0.24564987 0.22255234 0.19145173 1.63146488]
[0.08650249 0.09752048 0.10889189 0.14489911 0.18166075 0.24873229
 0.07832442 0.07130599 0.24564987 0.22255234 0.19145173 1.63146488] 0.9999999993770585
[0.08650249 0.09752048 0.10889188 0.14489912 0.18166075 0.24873229
 0.07832442 0.07130599 0.24564987 0.22255234 0.19145173 1.63146488]
[0.08650249 0.09752048 0.10889188 0.14489912 0.18166075 0.24873229
 0.07832442 0.07130599 0.24564987 0.22255234 0.19145173 1.63146488] 0.9999999999067766
[0.08650249 0.09752048 0.10889188 0.14489911 0.18166076 0.24873229
 0.07832442 0.07130599 0.24564987 0.22255234 0.19145173 1.63146488]
[0.08650249 0.09752048 0.10889188 0.14489911 0.18166076 0.24873229
 0.07832442 0.07130599 0.24564987 0.22255234 0.19145173 1.63146488] 0.9999999997399112
[0.08650249 0.09752048 0.10889188 0.14489911 0.18166075 0.2487323
 0.07832442 0.07130599 0.24564987 0.22255234 0.19145173 1.63146488]
[0.08650249 0.09752048 0.10889188 0.14489911 0.18166075 0.2487323
 0.07832442 0.07130599 0.24564987 0.22255234 0.19145173 1.63146488] 1.0000000000786982
[0.08650249 0.09752048 0.10889188 0.14489911 0.18166075 0.24873229
 0.07832443 0.07130599 0.24564987 0.22255234 0.19145173 1.63146488]
[0.08650249 0.09752048 0.10889188 0.14489911 0.18166075 0.24873229
 0.07832443 0.07130599 0.24564987 0.22255234 0.19145173 1.63146488] 1.0000000001428728
[0.08650249 0.09752048 0.10889188 0.14489911 0.18166075 0.24873229
 0.07832442 0.071306   0.24564987 0.22255234 0.19145173 1.63146488]
[0.08650249 0.09752048 0.10889188 0.14489911 0.18166075 0.24873229
 0.07832442 0.071306   0.24564987 0.22255234 0.19145173 1.63146488] 0.9999999990890795
[0.08650249 0.09752048 0.10889188 0.14489911 0.18166075 0.24873229
 0.07832442 0.07130599 0.24564988 0.22255234 0.19145173 1.63146488]
[0.08650249 0.09752048 0.10889188 0.14489911 0.18166075 0.24873229
 0.07832442 0.07130599 0.24564988 0.22255234 0.19145173 1.63146488] 1.0000000001749698
[0.08650249 0.09752048 0.10889188 0.14489911 0.18166075 0.24873229
 0.07832442 0.07130599 0.24564987 0.22255235 0.19145173 1.63146488]
[0.08650249 0.09752048 0.10889188 0.14489911 0.18166075 0.24873229
 0.07832442 0.07130599 0.24564987 0.22255235 0.19145173 1.63146488] 1.0000000002636171
[0.08650249 0.09752048 0.10889188 0.14489911 0.18166075 0.24873229
 0.07832442 0.07130599 0.24564987 0.22255234 0.19145174 1.63146488]
[0.08650249 0.09752048 0.10889188 0.14489911 0.18166075 0.24873229
 0.07832442 0.07130599 0.24564987 0.22255234 0.19145174 1.63146488] 0.9999999998736213
[0.08650249 0.09752048 0.10889188 0.14489911 0.18166075 0.24873229
 0.07832442 0.07130599 0.24564987 0.22255234 0.19145173 1.63146489]
[0.08650249 0.09752048 0.10889188 0.14489911 0.18166075 0.24873229
 0.07832442 0.07130599 0.24564987 0.22255234 0.19145173 1.63146489] 0.9999999998944948
[0.01       0.04264711 0.020338   0.10931704 0.12939214 0.23034237
 0.06635198 0.01       0.23688712 0.22265432 0.15255413 1.59465464]
[0.01       0.04264711 0.020338   0.10931704 0.12939214 0.23034237
 0.06635198 0.01       0.23688712 0.22265432 0.15255413 1.59465464] 1.0480440613433453
[0.01000001 0.04264711 0.020338   0.10931704 0.12939214 0.23034237
 0.06635198 0.01       0.23688712 0.22265432 0.15255413 1.59465464]
[0.01000001 0.04264711 0.020338   0.10931704 0.12939214 0.23034237
 0.06635198 0.01       0.23688712 0.22265432 0.15255413 1.59465464] 1.048043952639832
[0.01       0.04264712 0.020338   0.10931704 0.12939214 0.23034237
 0.06635198 0.01       0.23688712 0.22265432 0.15255413 1.59465464]
[0.01       0.04264712 0.020338   0.10931704 0.12939214 0.23034237
 0.06635198 0.01       0.23688712 0.22265432 0.15255413 1.59465464] 1.0480440974566156
[0.01       0.04264711 0.02033801 0.10931704 0.12939214 0.23034237
 0.06635198 0.01       0.23688712 0.22265432 0.15255413 1.59465464]
[0.01       0.04264711 0.02033801 0.10931704 0.12939214 0.23034237
 0.06635198 0.01       0.23688712 0.22265432 0.15255413 1.59465464] 1.048043811462313
[0.01       0.04264711 0.020338   0.10931705 0.12939214 0.23034237
 0.06635198 0.01       0.23688712 0.22265432 0.15255413 1.59465464]
[0.01       0.04264711 0.020338   0.10931705 0.12939214 0.23034237
 0.06635198 0.01       0.23688712 0.22265432 0.15255413 1.59465464] 1.0480441002434402
[0.01       0.04264711 0.020338   0.10931704 0.12939215 0.23034237
 0.06635198 0.01       0.23688712 0.22265432 0.15255413 1.59465464]
[0.01       0.04264711 0.020338   0.10931704 0.12939215 0.23034237
 0.06635198 0.01       0.23688712 0.22265432 0.15255413 1.59465464] 1.0480440778593392
[0.01       0.04264711 0.020338   0.10931704 0.12939214 0.23034238
 0.06635198 0.01       0.23688712 0.22265432 0.15255413 1.59465464]
[0.01       0.04264711 0.020338   0.10931704 0.12939214 0.23034238
 0.06635198 0.01       0.23688712 0.22265432 0.15255413 1.59465464] 1.0480441114108952
[0.01       0.04264711 0.020338   0.10931704 0.12939214 0.23034237
 0.06635199 0.01       0.23688712 0.22265432 0.15255413 1.59465464]
[0.01       0.04264711 0.020338   0.10931704 0.12939214 0.23034237
 0.06635199 0.01       0.23688712 0.22265432 0.15255413 1.59465464] 1.0480438811186699
[0.01       0.04264711 0.020338   0.10931704 0.12939214 0.23034237
 0.06635198 0.01000001 0.23688712 0.22265432 0.15255413 1.59465464]
[0.01       0.04264711 0.020338   0.10931704 0.12939214 0.23034237
 0.06635198 0.01000001 0.23688712 0.22265432 0.15255413 1.59465464] 1.0480439260190462
[0.01       0.04264711 0.020338   0.10931704 0.12939214 0.23034237
 0.06635198 0.01       0.23688713 0.22265432 0.15255413 1.59465464]
[0.01       0.04264711 0.020338   0.10931704 0.12939214 0.23034237
 0.06635198 0.01       0.23688713 0.22265432 0.15255413 1.59465464] 1.0480440255090528
[0.01       0.04264711 0.020338   0.10931704 0.12939214 0.23034237
 0.06635198 0.01       0.23688712 0.22265433 0.15255413 1.59465464]
[0.01       0.04264711 0.020338   0.10931704 0.12939214 0.23034237
 0.06635198 0.01       0.23688712 0.22265433 0.15255413 1.59465464] 1.0480441043279205
[0.01       0.04264711 0.020338   0.10931704 0.12939214 0.23034237
 0.06635198 0.01       0.23688712 0.22265432 0.15255414 1.59465464]
[0.01       0.04264711 0.020338   0.10931704 0.12939214 0.23034237
 0.06635198 0.01       0.23688712 0.22265432 0.15255414 1.59465464] 1.0480438161951624
[0.01       0.04264711 0.020338   0.10931704 0.12939214 0.23034237
 0.06635198 0.01       0.23688712 0.22265432 0.15255413 1.59465465]
[0.01       0.04264711 0.020338   0.10931704 0.12939214 0.23034237
 0.06635198 0.01       0.23688712 0.22265432 0.15255413 1.59465465] 1.0480438061241002
[0.01       3.65397414 0.01       3.99932653 1.78099153 5.23709737
 0.01       0.01       0.01       4.52111185 0.01       0.01      ]
[0.01       3.65397414 0.01       3.99932653 1.78099153 5.23709737
 0.01       0.01       0.01       4.52111185 0.01       0.01      ] 1.0473067113323287
[0.01000001 3.65397414 0.01       3.99932653 1.78099153 5.23709737
 0.01       0.01       0.01       4.52111185 0.01       0.01      ]
[0.01000001 3.65397414 0.01       3.99932653 1.78099153 5.23709737
 0.01       0.01       0.01       4.52111185 0.01       0.01      ] 1.047305100064387
[0.01       3.65397415 0.01       3.99932653 1.78099153 5.23709737
 0.01       0.01       0.01       4.52111185 0.01       0.01      ]
[0.01       3.65397415 0.01       3.99932653 1.78099153 5.23709737
 0.01       0.01       0.01       4.52111185 0.01       0.01      ] 1.0473031306357117
[0.01       3.65397414 0.01000001 3.99932653 1.78099153 5.23709737
 0.01       0.01       0.01       4.52111185 0.01       0.01      ]
[0.01       3.65397414 0.01000001 3.99932653 1.78099153 5.23709737
 0.01       0.01       0.01       4.52111185 0.01       0.01      ] 1.0473037691636728
[0.01       3.65397414 0.01       3.99932654 1.78099153 5.23709737
 0.01       0.01       0.01       4.52111185 0.01       0.01      ]
[0.01       3.65397414 0.01       3.99932654 1.78099153 5.23709737
 0.01       0.01       0.01       4.52111185 0.01       0.01      ] 1.0473035193073075
[0.01       3.65397414 0.01       3.99932653 1.78099154 5.23709737
 0.01       0.01       0.01       4.52111185 0.01       0.01      ]
[0.01       3.65397414 0.01       3.99932653 1.78099154 5.23709737
 0.01       0.01       0.01       4.52111185 0.01       0.01      ] 1.0473082426930544
[0.01       3.65397414 0.01       3.99932653 1.78099153 5.23709738
 0.01       0.01       0.01       4.52111185 0.01       0.01      ]
[0.01       3.65397414 0.01       3.99932653 1.78099153 5.23709738
 0.01       0.01       0.01       4.52111185 0.01       0.01      ] 1.0473040786565893
[0.01       3.65397414 0.01       3.99932653 1.78099153 5.23709737
 0.01000001 0.01       0.01       4.52111185 0.01       0.01      ]
[0.01       3.65397414 0.01       3.99932653 1.78099153 5.23709737
 0.01000001 0.01       0.01       4.52111185 0.01       0.01      ] 1.0473057435030333
[0.01       3.65397414 0.01       3.99932653 1.78099153 5.23709737
 0.01       0.01000001 0.01       4.52111185 0.01       0.01      ]
[0.01       3.65397414 0.01       3.99932653 1.78099153 5.23709737
 0.01       0.01000001 0.01       4.52111185 0.01       0.01      ] 1.0473064642874268
[0.01       3.65397414 0.01       3.99932653 1.78099153 5.23709737
 0.01       0.01       0.01000001 4.52111185 0.01       0.01      ]
[0.01       3.65397414 0.01       3.99932653 1.78099153 5.23709737
 0.01       0.01       0.01000001 4.52111185 0.01       0.01      ] 1.0473067414546524
[0.01       3.65397414 0.01       3.99932653 1.78099153 5.23709737
 0.01       0.01       0.01       4.52111186 0.01       0.01      ]
[0.01       3.65397414 0.01       3.99932653 1.78099153 5.23709737
 0.01       0.01       0.01       4.52111186 0.01       0.01      ] 1.047303449326909
[0.01       3.65397414 0.01       3.99932653 1.78099153 5.23709737
 0.01       0.01       0.01       4.52111185 0.01000001 0.01      ]
[0.01       3.65397414 0.01       3.99932653 1.78099153 5.23709737
 0.01       0.01       0.01       4.52111185 0.01000001 0.01      ] 1.0473077773669304
[0.01       3.65397414 0.01       3.99932653 1.78099153 5.23709737
 0.01       0.01       0.01       4.52111185 0.01       0.01000001]
[0.01       3.65397414 0.01       3.99932653 1.78099153 5.23709737
 0.01       0.01       0.01       4.52111185 0.01       0.01000001] 1.0473041138610828
[0.01       2.14131281 0.01433023 2.36993465 1.08919306 3.13993901
 0.03360392 0.01       0.10503525 2.72063507 0.06971105 0.67375761]
[0.01       2.14131281 0.01433023 2.36993465 1.08919306 3.13993901
 0.03360392 0.01       0.10503525 2.72063507 0.06971105 0.67375761] 1.0475988905925224
[0.01000001 2.14131281 0.01433023 2.36993465 1.08919306 3.13993901
 0.03360392 0.01       0.10503525 2.72063507 0.06971105 0.67375761]
[0.01000001 2.14131281 0.01433023 2.36993465 1.08919306 3.13993901
 0.03360392 0.01       0.10503525 2.72063507 0.06971105 0.67375761] 1.0476022435306078
[0.01       2.14131282 0.01433023 2.36993465 1.08919306 3.13993901
 0.03360392 0.01       0.10503525 2.72063507 0.06971105 0.67375761]
[0.01       2.14131282 0.01433023 2.36993465 1.08919306 3.13993901
 0.03360392 0.01       0.10503525 2.72063507 0.06971105 0.67375761] 1.047601196326494
[0.01       2.14131281 0.01433024 2.36993465 1.08919306 3.13993901
 0.03360392 0.01       0.10503525 2.72063507 0.06971105 0.67375761]
[0.01       2.14131281 0.01433024 2.36993465 1.08919306 3.13993901
 0.03360392 0.01       0.10503525 2.72063507 0.06971105 0.67375761] 1.0476023215161332
[0.01       2.14131281 0.01433023 2.36993466 1.08919306 3.13993901
 0.03360392 0.01       0.10503525 2.72063507 0.06971105 0.67375761]
[0.01       2.14131281 0.01433023 2.36993466 1.08919306 3.13993901
 0.03360392 0.01       0.10503525 2.72063507 0.06971105 0.67375761] 1.0476050682435782
[0.01       2.14131281 0.01433023 2.36993465 1.08919307 3.13993901
 0.03360392 0.01       0.10503525 2.72063507 0.06971105 0.67375761]
[0.01       2.14131281 0.01433023 2.36993465 1.08919307 3.13993901
 0.03360392 0.01       0.10503525 2.72063507 0.06971105 0.67375761] 1.047600682496855
[0.01       2.14131281 0.01433023 2.36993465 1.08919306 3.13993902
 0.03360392 0.01       0.10503525 2.72063507 0.06971105 0.67375761]
[0.01       2.14131281 0.01433023 2.36993465 1.08919306 3.13993902
 0.03360392 0.01       0.10503525 2.72063507 0.06971105 0.67375761] 1.0476001869212739
[0.01       2.14131281 0.01433023 2.36993465 1.08919306 3.13993901
 0.03360393 0.01       0.10503525 2.72063507 0.06971105 0.67375761]
[0.01       2.14131281 0.01433023 2.36993465 1.08919306 3.13993901
 0.03360393 0.01       0.10503525 2.72063507 0.06971105 0.67375761] 1.047599200110322
[0.01       2.14131281 0.01433023 2.36993465 1.08919306 3.13993901
 0.03360392 0.01000001 0.10503525 2.72063507 0.06971105 0.67375761]
[0.01       2.14131281 0.01433023 2.36993465 1.08919306 3.13993901
 0.03360392 0.01000001 0.10503525 2.72063507 0.06971105 0.67375761] 1.0476012978790405
[0.01       2.14131281 0.01433023 2.36993465 1.08919306 3.13993901
 0.03360392 0.01       0.10503526 2.72063507 0.06971105 0.67375761]
[0.01       2.14131281 0.01433023 2.36993465 1.08919306 3.13993901
 0.03360392 0.01       0.10503526 2.72063507 0.06971105 0.67375761] 1.04760051744986
[0.01       2.14131281 0.01433023 2.36993465 1.08919306 3.13993901
 0.03360392 0.01       0.10503525 2.72063508 0.06971105 0.67375761]
[0.01       2.14131281 0.01433023 2.36993465 1.08919306 3.13993901
 0.03360392 0.01       0.10503525 2.72063508 0.06971105 0.67375761] 1.0475987404104428
[0.01       2.14131281 0.01433023 2.36993465 1.08919306 3.13993901
 0.03360392 0.01       0.10503525 2.72063507 0.06971106 0.67375761]
[0.01       2.14131281 0.01433023 2.36993465 1.08919306 3.13993901
 0.03360392 0.01       0.10503525 2.72063507 0.06971106 0.67375761] 1.0476029151971669
[0.01       2.14131281 0.01433023 2.36993465 1.08919306 3.13993901
 0.03360392 0.01       0.10503525 2.72063507 0.06971105 0.67375762]
[0.01       2.14131281 0.01433023 2.36993465 1.08919306 3.13993901
 0.03360392 0.01       0.10503525 2.72063507 0.06971105 0.67375762] 1.0476015541980064
[0.01       0.07639451 0.02024139 0.14566869 0.14482613 0.27712988
 0.06582538 0.01       0.23476689 0.26282288 0.15122198 1.57984624]
[0.01       0.07639451 0.02024139 0.14566869 0.14482613 0.27712988
 0.06582538 0.01       0.23476689 0.26282288 0.15122198 1.57984624] 1.0464415249420655
[0.01000001 0.07639451 0.02024139 0.14566869 0.14482613 0.27712988
 0.06582538 0.01       0.23476689 0.26282288 0.15122198 1.57984624]
[0.01000001 0.07639451 0.02024139 0.14566869 0.14482613 0.27712988
 0.06582538 0.01       0.23476689 0.26282288 0.15122198 1.57984624] 1.0464414295958986
[0.01       0.07639452 0.02024139 0.14566869 0.14482613 0.27712988
 0.06582538 0.01       0.23476689 0.26282288 0.15122198 1.57984624]
[0.01       0.07639452 0.02024139 0.14566869 0.14482613 0.27712988
 0.06582538 0.01       0.23476689 0.26282288 0.15122198 1.57984624] 1.0464413512709811
[0.01       0.07639451 0.0202414  0.14566869 0.14482613 0.27712988
 0.06582538 0.01       0.23476689 0.26282288 0.15122198 1.57984624]
[0.01       0.07639451 0.0202414  0.14566869 0.14482613 0.27712988
 0.06582538 0.01       0.23476689 0.26282288 0.15122198 1.57984624] 1.0464414904876957
[0.01       0.07639451 0.02024139 0.1456687  0.14482613 0.27712988
 0.06582538 0.01       0.23476689 0.26282288 0.15122198 1.57984624]
[0.01       0.07639451 0.02024139 0.1456687  0.14482613 0.27712988
 0.06582538 0.01       0.23476689 0.26282288 0.15122198 1.57984624] 1.0464415375180312
[0.01       0.07639451 0.02024139 0.14566869 0.14482614 0.27712988
 0.06582538 0.01       0.23476689 0.26282288 0.15122198 1.57984624]
[0.01       0.07639451 0.02024139 0.14566869 0.14482614 0.27712988
 0.06582538 0.01       0.23476689 0.26282288 0.15122198 1.57984624] 1.0464414137741918
[0.01       0.07639451 0.02024139 0.14566869 0.14482613 0.27712989
 0.06582538 0.01       0.23476689 0.26282288 0.15122198 1.57984624]
[0.01       0.07639451 0.02024139 0.14566869 0.14482613 0.27712989
 0.06582538 0.01       0.23476689 0.26282288 0.15122198 1.57984624] 1.0464415491187515
[0.01       0.07639451 0.02024139 0.14566869 0.14482613 0.27712988
 0.06582539 0.01       0.23476689 0.26282288 0.15122198 1.57984624]
[0.01       0.07639451 0.02024139 0.14566869 0.14482613 0.27712988
 0.06582539 0.01       0.23476689 0.26282288 0.15122198 1.57984624] 1.0464415665169926
[0.01       0.07639451 0.02024139 0.14566869 0.14482613 0.27712988
 0.06582538 0.01000001 0.23476689 0.26282288 0.15122198 1.57984624]
[0.01       0.07639451 0.02024139 0.14566869 0.14482613 0.27712988
 0.06582538 0.01000001 0.23476689 0.26282288 0.15122198 1.57984624] 1.0464415316156952
[0.01       0.07639451 0.02024139 0.14566869 0.14482613 0.27712988
 0.06582538 0.01       0.2347669  0.26282288 0.15122198 1.57984624]
[0.01       0.07639451 0.02024139 0.14566869 0.14482613 0.27712988
 0.06582538 0.01       0.2347669  0.26282288 0.15122198 1.57984624] 1.0464414782575542
[0.01       0.07639451 0.02024139 0.14566869 0.14482613 0.27712988
 0.06582538 0.01       0.23476689 0.26282289 0.15122198 1.57984624]
[0.01       0.07639451 0.02024139 0.14566869 0.14482613 0.27712988
 0.06582538 0.01       0.23476689 0.26282289 0.15122198 1.57984624] 1.0464416287878435
[0.01       0.07639451 0.02024139 0.14566869 0.14482613 0.27712988
 0.06582538 0.01       0.23476689 0.26282288 0.15122199 1.57984624]
[0.01       0.07639451 0.02024139 0.14566869 0.14482613 0.27712988
 0.06582538 0.01       0.23476689 0.26282288 0.15122199 1.57984624] 1.0464415876542512
[0.01       0.07639451 0.02024139 0.14566869 0.14482613 0.27712988
 0.06582538 0.01       0.23476689 0.26282288 0.15122198 1.57984625]
[0.01       0.07639451 0.02024139 0.14566869 0.14482613 0.27712988
 0.06582538 0.01       0.23476689 0.26282288 0.15122198 1.57984625] 1.0464414453758821
[0.01       0.0541881  0.02030496 0.12174863 0.13467028 0.24634284
 0.06617189 0.01       0.23616204 0.23639123 0.15209856 1.58959044]
[0.01       0.0541881  0.02030496 0.12174863 0.13467028 0.24634284
 0.06617189 0.01       0.23616204 0.23639123 0.15209856 1.58959044] 1.0472807366400412
[0.01000001 0.0541881  0.02030496 0.12174863 0.13467028 0.24634284
 0.06617189 0.01       0.23616204 0.23639123 0.15209856 1.58959044]
[0.01000001 0.0541881  0.02030496 0.12174863 0.13467028 0.24634284
 0.06617189 0.01       0.23616204 0.23639123 0.15209856 1.58959044] 1.047280531175622
[0.01       0.05418811 0.02030496 0.12174863 0.13467028 0.24634284
 0.06617189 0.01       0.23616204 0.23639123 0.15209856 1.58959044]
[0.01       0.05418811 0.02030496 0.12174863 0.13467028 0.24634284
 0.06617189 0.01       0.23616204 0.23639123 0.15209856 1.58959044] 1.0472806831407702
[0.01       0.0541881  0.02030497 0.12174863 0.13467028 0.24634284
 0.06617189 0.01       0.23616204 0.23639123 0.15209856 1.58959044]
[0.01       0.0541881  0.02030497 0.12174863 0.13467028 0.24634284
 0.06617189 0.01       0.23616204 0.23639123 0.15209856 1.58959044] 1.0472805860358994
[0.01       0.0541881  0.02030496 0.12174864 0.13467028 0.24634284
 0.06617189 0.01       0.23616204 0.23639123 0.15209856 1.58959044]
[0.01       0.0541881  0.02030496 0.12174864 0.13467028 0.24634284
 0.06617189 0.01       0.23616204 0.23639123 0.15209856 1.58959044] 1.0472805922094195
[0.01       0.0541881  0.02030496 0.12174863 0.13467029 0.24634284
 0.06617189 0.01       0.23616204 0.23639123 0.15209856 1.58959044]
[0.01       0.0541881  0.02030496 0.12174863 0.13467029 0.24634284
 0.06617189 0.01       0.23616204 0.23639123 0.15209856 1.58959044] 1.0472804254420744
[0.01       0.0541881  0.02030496 0.12174863 0.13467028 0.24634285
 0.06617189 0.01       0.23616204 0.23639123 0.15209856 1.58959044]
[0.01       0.0541881  0.02030496 0.12174863 0.13467028 0.24634285
 0.06617189 0.01       0.23616204 0.23639123 0.15209856 1.58959044] 1.0472806923648668
[0.01       0.0541881  0.02030496 0.12174863 0.13467028 0.24634284
 0.0661719  0.01       0.23616204 0.23639123 0.15209856 1.58959044]
[0.01       0.0541881  0.02030496 0.12174863 0.13467028 0.24634284
 0.0661719  0.01       0.23616204 0.23639123 0.15209856 1.58959044] 1.047280508874281
[0.01       0.0541881  0.02030496 0.12174863 0.13467028 0.24634284
 0.06617189 0.01000001 0.23616204 0.23639123 0.15209856 1.58959044]
[0.01       0.0541881  0.02030496 0.12174863 0.13467028 0.24634284
 0.06617189 0.01000001 0.23616204 0.23639123 0.15209856 1.58959044] 1.047280697102256
[0.01       0.0541881  0.02030496 0.12174863 0.13467028 0.24634284
 0.06617189 0.01       0.23616205 0.23639123 0.15209856 1.58959044]
[0.01       0.0541881  0.02030496 0.12174863 0.13467028 0.24634284
 0.06617189 0.01       0.23616205 0.23639123 0.15209856 1.58959044] 1.0472805908195215
[0.01       0.0541881  0.02030496 0.12174863 0.13467028 0.24634284
 0.06617189 0.01       0.23616204 0.23639124 0.15209856 1.58959044]
[0.01       0.0541881  0.02030496 0.12174863 0.13467028 0.24634284
 0.06617189 0.01       0.23616204 0.23639124 0.15209856 1.58959044] 1.0472807390698549
[0.01       0.0541881  0.02030496 0.12174863 0.13467028 0.24634284
 0.06617189 0.01       0.23616204 0.23639123 0.15209857 1.58959044]
[0.01       0.0541881  0.02030496 0.12174863 0.13467028 0.24634284
 0.06617189 0.01       0.23616204 0.23639123 0.15209857 1.58959044] 1.047280545512672
[0.01       0.0541881  0.02030496 0.12174863 0.13467028 0.24634284
 0.06617189 0.01       0.23616204 0.23639123 0.15209856 1.58959045]
[0.01       0.0541881  0.02030496 0.12174863 0.13467028 0.24634284
 0.06617189 0.01       0.23616204 0.23639123 0.15209856 1.58959045] 1.0472806602285694
[0.01       0.04844977 0.02032139 0.11556749 0.13204593 0.23838721
 0.06626143 0.01       0.23652256 0.22956107 0.15232508 1.59210842]
[0.01       0.04844977 0.02032139 0.11556749 0.13204593 0.23838721
 0.06626143 0.01       0.23652256 0.22956107 0.15232508 1.59210842] 1.047625055596276
[0.01000001 0.04844977 0.02032139 0.11556749 0.13204593 0.23838721
 0.06626143 0.01       0.23652256 0.22956107 0.15232508 1.59210842]
[0.01000001 0.04844977 0.02032139 0.11556749 0.13204593 0.23838721
 0.06626143 0.01       0.23652256 0.22956107 0.15232508 1.59210842] 1.0476250803115363
[0.01       0.04844978 0.02032139 0.11556749 0.13204593 0.23838721
 0.06626143 0.01       0.23652256 0.22956107 0.15232508 1.59210842]
[0.01       0.04844978 0.02032139 0.11556749 0.13204593 0.23838721
 0.06626143 0.01       0.23652256 0.22956107 0.15232508 1.59210842] 1.0476251898701086
[0.01       0.04844977 0.0203214  0.11556749 0.13204593 0.23838721
 0.06626143 0.01       0.23652256 0.22956107 0.15232508 1.59210842]
[0.01       0.04844977 0.0203214  0.11556749 0.13204593 0.23838721
 0.06626143 0.01       0.23652256 0.22956107 0.15232508 1.59210842] 1.0476249758275766
[0.01       0.04844977 0.02032139 0.1155675  0.13204593 0.23838721
 0.06626143 0.01       0.23652256 0.22956107 0.15232508 1.59210842]
[0.01       0.04844977 0.02032139 0.1155675  0.13204593 0.23838721
 0.06626143 0.01       0.23652256 0.22956107 0.15232508 1.59210842] 1.0476254408358388
[0.01       0.04844977 0.02032139 0.11556749 0.13204594 0.23838721
 0.06626143 0.01       0.23652256 0.22956107 0.15232508 1.59210842]
[0.01       0.04844977 0.02032139 0.11556749 0.13204594 0.23838721
 0.06626143 0.01       0.23652256 0.22956107 0.15232508 1.59210842] 1.0476250936410991
[0.01       0.04844977 0.02032139 0.11556749 0.13204593 0.23838722
 0.06626143 0.01       0.23652256 0.22956107 0.15232508 1.59210842]
[0.01       0.04844977 0.02032139 0.11556749 0.13204593 0.23838722
 0.06626143 0.01       0.23652256 0.22956107 0.15232508 1.59210842] 1.047625091678246
[0.01       0.04844977 0.02032139 0.11556749 0.13204593 0.23838721
 0.06626144 0.01       0.23652256 0.22956107 0.15232508 1.59210842]
[0.01       0.04844977 0.02032139 0.11556749 0.13204593 0.23838721
 0.06626144 0.01       0.23652256 0.22956107 0.15232508 1.59210842] 1.0476252186754575
[0.01       0.04844977 0.02032139 0.11556749 0.13204593 0.23838721
 0.06626143 0.01000001 0.23652256 0.22956107 0.15232508 1.59210842]
[0.01       0.04844977 0.02032139 0.11556749 0.13204593 0.23838721
 0.06626143 0.01000001 0.23652256 0.22956107 0.15232508 1.59210842] 1.0476250785560886
[0.01       0.04844977 0.02032139 0.11556749 0.13204593 0.23838721
 0.06626143 0.01       0.23652257 0.22956107 0.15232508 1.59210842]
[0.01       0.04844977 0.02032139 0.11556749 0.13204593 0.23838721
 0.06626143 0.01       0.23652257 0.22956107 0.15232508 1.59210842] 1.0476251673326031
[0.01       0.04844977 0.02032139 0.11556749 0.13204593 0.23838721
 0.06626143 0.01       0.23652256 0.22956108 0.15232508 1.59210842]
[0.01       0.04844977 0.02032139 0.11556749 0.13204593 0.23838721
 0.06626143 0.01       0.23652256 0.22956108 0.15232508 1.59210842] 1.0476251690510185
[0.01       0.04844977 0.02032139 0.11556749 0.13204593 0.23838721
 0.06626143 0.01       0.23652256 0.22956107 0.15232509 1.59210842]
[0.01       0.04844977 0.02032139 0.11556749 0.13204593 0.23838721
 0.06626143 0.01       0.23652256 0.22956107 0.15232509 1.59210842] 1.0476251350729593
[0.01       0.04844977 0.02032139 0.11556749 0.13204593 0.23838721
 0.06626143 0.01       0.23652256 0.22956107 0.15232508 1.59210843]
[0.01       0.04844977 0.02032139 0.11556749 0.13204593 0.23838721
 0.06626143 0.01       0.23652256 0.22956107 0.15232508 1.59210843] 1.047625162487438
[0.01       0.04349965 0.02033556 0.11023537 0.12978204 0.23152434
 0.06633868 0.01       0.23683356 0.22366908 0.15252048 1.59428054]
[0.01       0.04349965 0.02033556 0.11023537 0.12978204 0.23152434
 0.06633868 0.01       0.23683356 0.22366908 0.15252048 1.59428054] 1.0479774087036535
[0.01000001 0.04349965 0.02033556 0.11023537 0.12978204 0.23152434
 0.06633868 0.01       0.23683356 0.22366908 0.15252048 1.59428054]
[0.01000001 0.04349965 0.02033556 0.11023537 0.12978204 0.23152434
 0.06633868 0.01       0.23683356 0.22366908 0.15252048 1.59428054] 1.0479772746271798
[0.01       0.04349966 0.02033556 0.11023537 0.12978204 0.23152434
 0.06633868 0.01       0.23683356 0.22366908 0.15252048 1.59428054]
[0.01       0.04349966 0.02033556 0.11023537 0.12978204 0.23152434
 0.06633868 0.01       0.23683356 0.22366908 0.15252048 1.59428054] 1.0479775262892435
[0.01       0.04349965 0.02033557 0.11023537 0.12978204 0.23152434
 0.06633868 0.01       0.23683356 0.22366908 0.15252048 1.59428054]
[0.01       0.04349965 0.02033557 0.11023537 0.12978204 0.23152434
 0.06633868 0.01       0.23683356 0.22366908 0.15252048 1.59428054] 1.0479774862020483
[0.01       0.04349965 0.02033556 0.11023538 0.12978204 0.23152434
 0.06633868 0.01       0.23683356 0.22366908 0.15252048 1.59428054]
[0.01       0.04349965 0.02033556 0.11023538 0.12978204 0.23152434
 0.06633868 0.01       0.23683356 0.22366908 0.15252048 1.59428054] 1.0479774066274476
[0.01       0.04349965 0.02033556 0.11023537 0.12978205 0.23152434
 0.06633868 0.01       0.23683356 0.22366908 0.15252048 1.59428054]
[0.01       0.04349965 0.02033556 0.11023537 0.12978205 0.23152434
 0.06633868 0.01       0.23683356 0.22366908 0.15252048 1.59428054] 1.047977373217266
[0.01       0.04349965 0.02033556 0.11023537 0.12978204 0.23152435
 0.06633868 0.01       0.23683356 0.22366908 0.15252048 1.59428054]
[0.01       0.04349965 0.02033556 0.11023537 0.12978204 0.23152435
 0.06633868 0.01       0.23683356 0.22366908 0.15252048 1.59428054] 1.0479775076303643
[0.01       0.04349965 0.02033556 0.11023537 0.12978204 0.23152434
 0.06633869 0.01       0.23683356 0.22366908 0.15252048 1.59428054]
[0.01       0.04349965 0.02033556 0.11023537 0.12978204 0.23152434
 0.06633869 0.01       0.23683356 0.22366908 0.15252048 1.59428054] 1.0479774212981683
[0.01       0.04349965 0.02033556 0.11023537 0.12978204 0.23152434
 0.06633868 0.01000001 0.23683356 0.22366908 0.15252048 1.59428054]
[0.01       0.04349965 0.02033556 0.11023537 0.12978204 0.23152434
 0.06633868 0.01000001 0.23683356 0.22366908 0.15252048 1.59428054] 1.0479774718558619
[0.01       0.04349965 0.02033556 0.11023537 0.12978204 0.23152434
 0.06633868 0.01       0.23683357 0.22366908 0.15252048 1.59428054]
[0.01       0.04349965 0.02033556 0.11023537 0.12978204 0.23152434
 0.06633868 0.01       0.23683357 0.22366908 0.15252048 1.59428054] 1.0479775023926654
[0.01       0.04349965 0.02033556 0.11023537 0.12978204 0.23152434
 0.06633868 0.01       0.23683356 0.22366909 0.15252048 1.59428054]
[0.01       0.04349965 0.02033556 0.11023537 0.12978204 0.23152434
 0.06633868 0.01       0.23683356 0.22366909 0.15252048 1.59428054] 1.0479770900903937
[0.01       0.04349965 0.02033556 0.11023537 0.12978204 0.23152434
 0.06633868 0.01       0.23683356 0.22366908 0.15252049 1.59428054]
[0.01       0.04349965 0.02033556 0.11023537 0.12978204 0.23152434
 0.06633868 0.01       0.23683356 0.22366908 0.15252049 1.59428054] 1.047977372233793
[0.01       0.04349965 0.02033556 0.11023537 0.12978204 0.23152434
 0.06633868 0.01       0.23683356 0.22366908 0.15252048 1.59428055]
[0.01       0.04349965 0.02033556 0.11023537 0.12978204 0.23152434
 0.06633868 0.01       0.23683356 0.22366908 0.15252048 1.59428055] 1.0479775875977695
[0.01       0.04303193 0.0203369  0.10973156 0.12956814 0.2308759
 0.06634597 0.01       0.23686294 0.22311238 0.15253894 1.59448578]
[0.01       0.04303193 0.0203369  0.10973156 0.12956814 0.2308759
 0.06634597 0.01       0.23686294 0.22311238 0.15253894 1.59448578] 1.0480137976750832
[0.01000001 0.04303193 0.0203369  0.10973156 0.12956814 0.2308759
 0.06634597 0.01       0.23686294 0.22311238 0.15253894 1.59448578]
[0.01000001 0.04303193 0.0203369  0.10973156 0.12956814 0.2308759
 0.06634597 0.01       0.23686294 0.22311238 0.15253894 1.59448578] 1.0480136079764326
[0.01       0.04303194 0.0203369  0.10973156 0.12956814 0.2308759
 0.06634597 0.01       0.23686294 0.22311238 0.15253894 1.59448578]
[0.01       0.04303194 0.0203369  0.10973156 0.12956814 0.2308759
 0.06634597 0.01       0.23686294 0.22311238 0.15253894 1.59448578] 1.0480138280012634
[0.01       0.04303193 0.02033691 0.10973156 0.12956814 0.2308759
 0.06634597 0.01       0.23686294 0.22311238 0.15253894 1.59448578]
[0.01       0.04303193 0.02033691 0.10973156 0.12956814 0.2308759
 0.06634597 0.01       0.23686294 0.22311238 0.15253894 1.59448578] 1.048013790388503
[0.01       0.04303193 0.0203369  0.10973157 0.12956814 0.2308759
 0.06634597 0.01       0.23686294 0.22311238 0.15253894 1.59448578]
[0.01       0.04303193 0.0203369  0.10973157 0.12956814 0.2308759
 0.06634597 0.01       0.23686294 0.22311238 0.15253894 1.59448578] 1.0480137656900643
[0.01       0.04303193 0.0203369  0.10973156 0.12956815 0.2308759
 0.06634597 0.01       0.23686294 0.22311238 0.15253894 1.59448578]
[0.01       0.04303193 0.0203369  0.10973156 0.12956815 0.2308759
 0.06634597 0.01       0.23686294 0.22311238 0.15253894 1.59448578] 1.048013959953133
[0.01       0.04303193 0.0203369  0.10973156 0.12956814 0.23087591
 0.06634597 0.01       0.23686294 0.22311238 0.15253894 1.59448578]
[0.01       0.04303193 0.0203369  0.10973156 0.12956814 0.23087591
 0.06634597 0.01       0.23686294 0.22311238 0.15253894 1.59448578] 1.048013818724372
[0.01       0.04303193 0.0203369  0.10973156 0.12956814 0.2308759
 0.06634598 0.01       0.23686294 0.22311238 0.15253894 1.59448578]
[0.01       0.04303193 0.0203369  0.10973156 0.12956814 0.2308759
 0.06634598 0.01       0.23686294 0.22311238 0.15253894 1.59448578] 1.0480136451843605
[0.01       0.04303193 0.0203369  0.10973156 0.12956814 0.2308759
 0.06634597 0.01000001 0.23686294 0.22311238 0.15253894 1.59448578]
[0.01       0.04303193 0.0203369  0.10973156 0.12956814 0.2308759
 0.06634597 0.01000001 0.23686294 0.22311238 0.15253894 1.59448578] 1.048013544135065
[0.01       0.04303193 0.0203369  0.10973156 0.12956814 0.2308759
 0.06634597 0.01       0.23686295 0.22311238 0.15253894 1.59448578]
[0.01       0.04303193 0.0203369  0.10973156 0.12956814 0.2308759
 0.06634597 0.01       0.23686295 0.22311238 0.15253894 1.59448578] 1.048013680290104
[0.01       0.04303193 0.0203369  0.10973156 0.12956814 0.2308759
 0.06634597 0.01       0.23686294 0.22311239 0.15253894 1.59448578]
[0.01       0.04303193 0.0203369  0.10973156 0.12956814 0.2308759
 0.06634597 0.01       0.23686294 0.22311239 0.15253894 1.59448578] 1.0480137593845644
[0.01       0.04303193 0.0203369  0.10973156 0.12956814 0.2308759
 0.06634597 0.01       0.23686294 0.22311238 0.15253895 1.59448578]
[0.01       0.04303193 0.0203369  0.10973156 0.12956814 0.2308759
 0.06634597 0.01       0.23686294 0.22311238 0.15253895 1.59448578] 1.0480138181091458
[0.01       0.04303193 0.0203369  0.10973156 0.12956814 0.2308759
 0.06634597 0.01       0.23686294 0.22311238 0.15253894 1.59448579]
[0.01       0.04303193 0.0203369  0.10973156 0.12956814 0.2308759
 0.06634597 0.01       0.23686294 0.22311238 0.15253894 1.59448579] 1.0480137345637817
[0.01       0.04275881 0.02033768 0.10943736 0.12944323 0.23049724
 0.06635024 0.01       0.2368801  0.22278728 0.15254972 1.59460562]
[0.01       0.04275881 0.02033768 0.10943736 0.12944323 0.23049724
 0.06635024 0.01       0.2368801  0.22278728 0.15254972 1.59460562] 1.048035190901945
[0.01000001 0.04275881 0.02033768 0.10943736 0.12944323 0.23049724
 0.06635024 0.01       0.2368801  0.22278728 0.15254972 1.59460562]
[0.01000001 0.04275881 0.02033768 0.10943736 0.12944323 0.23049724
 0.06635024 0.01       0.2368801  0.22278728 0.15254972 1.59460562] 1.048035236542503
[0.01       0.04275882 0.02033768 0.10943736 0.12944323 0.23049724
 0.06635024 0.01       0.2368801  0.22278728 0.15254972 1.59460562]
[0.01       0.04275882 0.02033768 0.10943736 0.12944323 0.23049724
 0.06635024 0.01       0.2368801  0.22278728 0.15254972 1.59460562] 1.0480353070396864
[0.01       0.04275881 0.02033769 0.10943736 0.12944323 0.23049724
 0.06635024 0.01       0.2368801  0.22278728 0.15254972 1.59460562]
[0.01       0.04275881 0.02033769 0.10943736 0.12944323 0.23049724
 0.06635024 0.01       0.2368801  0.22278728 0.15254972 1.59460562] 1.0480351810383737
[0.01       0.04275881 0.02033768 0.10943737 0.12944323 0.23049724
 0.06635024 0.01       0.2368801  0.22278728 0.15254972 1.59460562]
[0.01       0.04275881 0.02033768 0.10943737 0.12944323 0.23049724
 0.06635024 0.01       0.2368801  0.22278728 0.15254972 1.59460562] 1.0480352643145283
[0.01       0.04275881 0.02033768 0.10943736 0.12944324 0.23049724
 0.06635024 0.01       0.2368801  0.22278728 0.15254972 1.59460562]
[0.01       0.04275881 0.02033768 0.10943736 0.12944324 0.23049724
 0.06635024 0.01       0.2368801  0.22278728 0.15254972 1.59460562] 1.0480351419087204
[0.01       0.04275881 0.02033768 0.10943736 0.12944323 0.23049725
 0.06635024 0.01       0.2368801  0.22278728 0.15254972 1.59460562]
[0.01       0.04275881 0.02033768 0.10943736 0.12944323 0.23049725
 0.06635024 0.01       0.2368801  0.22278728 0.15254972 1.59460562] 1.0480353791252932
[0.01       0.04275881 0.02033768 0.10943736 0.12944323 0.23049724
 0.06635025 0.01       0.2368801  0.22278728 0.15254972 1.59460562]
[0.01       0.04275881 0.02033768 0.10943736 0.12944323 0.23049724
 0.06635025 0.01       0.2368801  0.22278728 0.15254972 1.59460562] 1.048035177957964
[0.01       0.04275881 0.02033768 0.10943736 0.12944323 0.23049724
 0.06635024 0.01000001 0.2368801  0.22278728 0.15254972 1.59460562]
[0.01       0.04275881 0.02033768 0.10943736 0.12944323 0.23049724
 0.06635024 0.01000001 0.2368801  0.22278728 0.15254972 1.59460562] 1.0480351277303546
[0.01       0.04275881 0.02033768 0.10943736 0.12944323 0.23049724
 0.06635024 0.01       0.23688011 0.22278728 0.15254972 1.59460562]
[0.01       0.04275881 0.02033768 0.10943736 0.12944323 0.23049724
 0.06635024 0.01       0.23688011 0.22278728 0.15254972 1.59460562] 1.048035258161164
[0.01       0.04275881 0.02033768 0.10943736 0.12944323 0.23049724
 0.06635024 0.01       0.2368801  0.22278729 0.15254972 1.59460562]
[0.01       0.04275881 0.02033768 0.10943736 0.12944323 0.23049724
 0.06635024 0.01       0.2368801  0.22278729 0.15254972 1.59460562] 1.048035127757672
[0.01       0.04275881 0.02033768 0.10943736 0.12944323 0.23049724
 0.06635024 0.01       0.2368801  0.22278728 0.15254973 1.59460562]
[0.01       0.04275881 0.02033768 0.10943736 0.12944323 0.23049724
 0.06635024 0.01       0.2368801  0.22278728 0.15254973 1.59460562] 1.0480353437473842
[0.01       0.04275881 0.02033768 0.10943736 0.12944323 0.23049724
 0.06635024 0.01       0.2368801  0.22278728 0.15254972 1.59460563]
[0.01       0.04275881 0.02033768 0.10943736 0.12944323 0.23049724
 0.06635024 0.01       0.2368801  0.22278728 0.15254972 1.59460563] 1.0480352738963807
[0.01       0.04267124 0.02033793 0.10934304 0.12940318 0.23037584
 0.0663516  0.01       0.2368856  0.22268305 0.15255318 1.59464405]
[0.01       0.04267124 0.02033793 0.10934304 0.12940318 0.23037584
 0.0663516  0.01       0.2368856  0.22268305 0.15255318 1.59464405] 1.0480422597837953
[0.01000001 0.04267124 0.02033793 0.10934304 0.12940318 0.23037584
 0.0663516  0.01       0.2368856  0.22268305 0.15255318 1.59464405]
[0.01000001 0.04267124 0.02033793 0.10934304 0.12940318 0.23037584
 0.0663516  0.01       0.2368856  0.22268305 0.15255318 1.59464405] 1.048042108108856
[0.01       0.04267125 0.02033793 0.10934304 0.12940318 0.23037584
 0.0663516  0.01       0.2368856  0.22268305 0.15255318 1.59464405]
[0.01       0.04267125 0.02033793 0.10934304 0.12940318 0.23037584
 0.0663516  0.01       0.2368856  0.22268305 0.15255318 1.59464405] 1.0480421965014488
[0.01       0.04267124 0.02033794 0.10934304 0.12940318 0.23037584
 0.0663516  0.01       0.2368856  0.22268305 0.15255318 1.59464405]
[0.01       0.04267124 0.02033794 0.10934304 0.12940318 0.23037584
 0.0663516  0.01       0.2368856  0.22268305 0.15255318 1.59464405] 1.0480421788599854
[0.01       0.04267124 0.02033793 0.10934305 0.12940318 0.23037584
 0.0663516  0.01       0.2368856  0.22268305 0.15255318 1.59464405]
[0.01       0.04267124 0.02033793 0.10934305 0.12940318 0.23037584
 0.0663516  0.01       0.2368856  0.22268305 0.15255318 1.59464405] 1.0480421457224234
[0.01       0.04267124 0.02033793 0.10934304 0.12940319 0.23037584
 0.0663516  0.01       0.2368856  0.22268305 0.15255318 1.59464405]
[0.01       0.04267124 0.02033793 0.10934304 0.12940319 0.23037584
 0.0663516  0.01       0.2368856  0.22268305 0.15255318 1.59464405] 1.0480422836490506
[0.01       0.04267124 0.02033793 0.10934304 0.12940318 0.23037585
 0.0663516  0.01       0.2368856  0.22268305 0.15255318 1.59464405]
[0.01       0.04267124 0.02033793 0.10934304 0.12940318 0.23037585
 0.0663516  0.01       0.2368856  0.22268305 0.15255318 1.59464405] 1.0480421845125178
[0.01       0.04267124 0.02033793 0.10934304 0.12940318 0.23037584
 0.06635161 0.01       0.2368856  0.22268305 0.15255318 1.59464405]
[0.01       0.04267124 0.02033793 0.10934304 0.12940318 0.23037584
 0.06635161 0.01       0.2368856  0.22268305 0.15255318 1.59464405] 1.0480420922909521
[0.01       0.04267124 0.02033793 0.10934304 0.12940318 0.23037584
 0.0663516  0.01000001 0.2368856  0.22268305 0.15255318 1.59464405]
[0.01       0.04267124 0.02033793 0.10934304 0.12940318 0.23037584
 0.0663516  0.01000001 0.2368856  0.22268305 0.15255318 1.59464405] 1.0480421729895855
[0.01       0.04267124 0.02033793 0.10934304 0.12940318 0.23037584
 0.0663516  0.01       0.23688561 0.22268305 0.15255318 1.59464405]
[0.01       0.04267124 0.02033793 0.10934304 0.12940318 0.23037584
 0.0663516  0.01       0.23688561 0.22268305 0.15255318 1.59464405] 1.0480422262487499
[0.01       0.04267124 0.02033793 0.10934304 0.12940318 0.23037584
 0.0663516  0.01       0.2368856  0.22268306 0.15255318 1.59464405]
[0.01       0.04267124 0.02033793 0.10934304 0.12940318 0.23037584
 0.0663516  0.01       0.2368856  0.22268306 0.15255318 1.59464405] 1.0480420779891366
[0.01       0.04267124 0.02033793 0.10934304 0.12940318 0.23037584
 0.0663516  0.01       0.2368856  0.22268305 0.15255319 1.59464405]
[0.01       0.04267124 0.02033793 0.10934304 0.12940318 0.23037584
 0.0663516  0.01       0.2368856  0.22268305 0.15255319 1.59464405] 1.048042287524637
[0.01       0.04267124 0.02033793 0.10934304 0.12940318 0.23037584
 0.0663516  0.01       0.2368856  0.22268305 0.15255318 1.59464406]
[0.01       0.04267124 0.02033793 0.10934304 0.12940318 0.23037584
 0.0663516  0.01       0.2368856  0.22268305 0.15255318 1.59464406] 1.0480419851033806
[0.01       0.0426593  0.02033797 0.10933018 0.12939772 0.23035929
 0.06635179 0.01       0.23688635 0.22266884 0.15255365 1.59464929]
[0.01       0.0426593  0.02033797 0.10933018 0.12939772 0.23035929
 0.06635179 0.01       0.23688635 0.22266884 0.15255365 1.59464929] 1.048043355966146
[0.01000001 0.0426593  0.02033797 0.10933018 0.12939772 0.23035929
 0.06635179 0.01       0.23688635 0.22266884 0.15255365 1.59464929]
[0.01000001 0.0426593  0.02033797 0.10933018 0.12939772 0.23035929
 0.06635179 0.01       0.23688635 0.22266884 0.15255365 1.59464929] 1.0480427548000653
[0.01       0.04265931 0.02033797 0.10933018 0.12939772 0.23035929
 0.06635179 0.01       0.23688635 0.22266884 0.15255365 1.59464929]
[0.01       0.04265931 0.02033797 0.10933018 0.12939772 0.23035929
 0.06635179 0.01       0.23688635 0.22266884 0.15255365 1.59464929] 1.0480430410753754
[0.01       0.0426593  0.02033798 0.10933018 0.12939772 0.23035929
 0.06635179 0.01       0.23688635 0.22266884 0.15255365 1.59464929]
[0.01       0.0426593  0.02033798 0.10933018 0.12939772 0.23035929
 0.06635179 0.01       0.23688635 0.22266884 0.15255365 1.59464929] 1.0480431191400923
[0.01       0.0426593  0.02033797 0.10933019 0.12939772 0.23035929
 0.06635179 0.01       0.23688635 0.22266884 0.15255365 1.59464929]
[0.01       0.0426593  0.02033797 0.10933019 0.12939772 0.23035929
 0.06635179 0.01       0.23688635 0.22266884 0.15255365 1.59464929] 1.0480430304388724
[0.01       0.0426593  0.02033797 0.10933018 0.12939773 0.23035929
 0.06635179 0.01       0.23688635 0.22266884 0.15255365 1.59464929]
[0.01       0.0426593  0.02033797 0.10933018 0.12939773 0.23035929
 0.06635179 0.01       0.23688635 0.22266884 0.15255365 1.59464929] 1.0480430369179699
[0.01       0.0426593  0.02033797 0.10933018 0.12939772 0.2303593
 0.06635179 0.01       0.23688635 0.22266884 0.15255365 1.59464929]
[0.01       0.0426593  0.02033797 0.10933018 0.12939772 0.2303593
 0.06635179 0.01       0.23688635 0.22266884 0.15255365 1.59464929] 1.0480432751862638
[0.01       0.0426593  0.02033797 0.10933018 0.12939772 0.23035929
 0.0663518  0.01       0.23688635 0.22266884 0.15255365 1.59464929]
[0.01       0.0426593  0.02033797 0.10933018 0.12939772 0.23035929
 0.0663518  0.01       0.23688635 0.22266884 0.15255365 1.59464929] 1.0480431372707646
[0.01       0.0426593  0.02033797 0.10933018 0.12939772 0.23035929
 0.06635179 0.01000001 0.23688635 0.22266884 0.15255365 1.59464929]
[0.01       0.0426593  0.02033797 0.10933018 0.12939772 0.23035929
 0.06635179 0.01000001 0.23688635 0.22266884 0.15255365 1.59464929] 1.0480430322266354
[0.01       0.0426593  0.02033797 0.10933018 0.12939772 0.23035929
 0.06635179 0.01       0.23688636 0.22266884 0.15255365 1.59464929]
[0.01       0.0426593  0.02033797 0.10933018 0.12939772 0.23035929
 0.06635179 0.01       0.23688636 0.22266884 0.15255365 1.59464929] 1.0480428755574054
[0.01       0.0426593  0.02033797 0.10933018 0.12939772 0.23035929
 0.06635179 0.01       0.23688635 0.22266885 0.15255365 1.59464929]
[0.01       0.0426593  0.02033797 0.10933018 0.12939772 0.23035929
 0.06635179 0.01       0.23688635 0.22266885 0.15255365 1.59464929] 1.0480430353231642
[0.01       0.0426593  0.02033797 0.10933018 0.12939772 0.23035929
 0.06635179 0.01       0.23688635 0.22266884 0.15255366 1.59464929]
[0.01       0.0426593  0.02033797 0.10933018 0.12939772 0.23035929
 0.06635179 0.01       0.23688635 0.22266884 0.15255366 1.59464929] 1.0480430152333733
[0.01       0.0426593  0.02033797 0.10933018 0.12939772 0.23035929
 0.06635179 0.01       0.23688635 0.22266884 0.15255365 1.5946493 ]
[0.01       0.0426593  0.02033797 0.10933018 0.12939772 0.23035929
 0.06635179 0.01       0.23688635 0.22266884 0.15255365 1.5946493 ] 1.0480431914033792
[0.01       0.04265391 0.02033798 0.10932437 0.12939526 0.23035181
 0.06635187 0.01       0.23688669 0.22266243 0.15255386 1.59465165]
[0.01       0.04265391 0.02033798 0.10932437 0.12939526 0.23035181
 0.06635187 0.01       0.23688669 0.22266243 0.15255386 1.59465165] 1.0480436425858013
[0.01000001 0.04265391 0.02033798 0.10932437 0.12939526 0.23035181
 0.06635187 0.01       0.23688669 0.22266243 0.15255386 1.59465165]
[0.01000001 0.04265391 0.02033798 0.10932437 0.12939526 0.23035181
 0.06635187 0.01       0.23688669 0.22266243 0.15255386 1.59465165] 1.0480436350997482
[0.01       0.04265392 0.02033798 0.10932437 0.12939526 0.23035181
 0.06635187 0.01       0.23688669 0.22266243 0.15255386 1.59465165]
[0.01       0.04265392 0.02033798 0.10932437 0.12939526 0.23035181
 0.06635187 0.01       0.23688669 0.22266243 0.15255386 1.59465165] 1.0480435071589553
[0.01       0.04265391 0.02033799 0.10932437 0.12939526 0.23035181
 0.06635187 0.01       0.23688669 0.22266243 0.15255386 1.59465165]
[0.01       0.04265391 0.02033799 0.10932437 0.12939526 0.23035181
 0.06635187 0.01       0.23688669 0.22266243 0.15255386 1.59465165] 1.0480434265474325
[0.01       0.04265391 0.02033798 0.10932438 0.12939526 0.23035181
 0.06635187 0.01       0.23688669 0.22266243 0.15255386 1.59465165]
[0.01       0.04265391 0.02033798 0.10932438 0.12939526 0.23035181
 0.06635187 0.01       0.23688669 0.22266243 0.15255386 1.59465165] 1.0480436396456012
[0.01       0.04265391 0.02033798 0.10932437 0.12939527 0.23035181
 0.06635187 0.01       0.23688669 0.22266243 0.15255386 1.59465165]
[0.01       0.04265391 0.02033798 0.10932437 0.12939527 0.23035181
 0.06635187 0.01       0.23688669 0.22266243 0.15255386 1.59465165] 1.0480434360464534
[0.01       0.04265391 0.02033798 0.10932437 0.12939526 0.23035182
 0.06635187 0.01       0.23688669 0.22266243 0.15255386 1.59465165]
[0.01       0.04265391 0.02033798 0.10932437 0.12939526 0.23035182
 0.06635187 0.01       0.23688669 0.22266243 0.15255386 1.59465165] 1.0480431606014649
[0.01       0.04265391 0.02033798 0.10932437 0.12939526 0.23035181
 0.06635188 0.01       0.23688669 0.22266243 0.15255386 1.59465165]
[0.01       0.04265391 0.02033798 0.10932437 0.12939526 0.23035181
 0.06635188 0.01       0.23688669 0.22266243 0.15255386 1.59465165] 1.0480434085080175
[0.01       0.04265391 0.02033798 0.10932437 0.12939526 0.23035181
 0.06635187 0.01000001 0.23688669 0.22266243 0.15255386 1.59465165]
[0.01       0.04265391 0.02033798 0.10932437 0.12939526 0.23035181
 0.06635187 0.01000001 0.23688669 0.22266243 0.15255386 1.59465165] 1.0480434849201568
[0.01       0.04265391 0.02033798 0.10932437 0.12939526 0.23035181
 0.06635187 0.01       0.2368867  0.22266243 0.15255386 1.59465165]
[0.01       0.04265391 0.02033798 0.10932437 0.12939526 0.23035181
 0.06635187 0.01       0.2368867  0.22266243 0.15255386 1.59465165] 1.0480435022560415
[0.01       0.04265391 0.02033798 0.10932437 0.12939526 0.23035181
 0.06635187 0.01       0.23688669 0.22266244 0.15255386 1.59465165]
[0.01       0.04265391 0.02033798 0.10932437 0.12939526 0.23035181
 0.06635187 0.01       0.23688669 0.22266244 0.15255386 1.59465165] 1.0480434526627709
[0.01       0.04265391 0.02033798 0.10932437 0.12939526 0.23035181
 0.06635187 0.01       0.23688669 0.22266243 0.15255387 1.59465165]
[0.01       0.04265391 0.02033798 0.10932437 0.12939526 0.23035181
 0.06635187 0.01       0.23688669 0.22266243 0.15255387 1.59465165] 1.0480433093020982
[0.01       0.04265391 0.02033798 0.10932437 0.12939526 0.23035181
 0.06635187 0.01       0.23688669 0.22266243 0.15255386 1.59465166]
[0.01       0.04265391 0.02033798 0.10932437 0.12939526 0.23035181
 0.06635187 0.01       0.23688669 0.22266243 0.15255386 1.59465166] 1.0480437576585582
[0.01       0.0426509  0.02033799 0.10932112 0.12939388 0.23034763
 0.06635192 0.01       0.23688688 0.22265884 0.15255398 1.59465298]
[0.01       0.0426509  0.02033799 0.10932112 0.12939388 0.23034763
 0.06635192 0.01       0.23688688 0.22265884 0.15255398 1.59465298] 1.0480438810216235
[0.01000001 0.0426509  0.02033799 0.10932112 0.12939388 0.23034763
 0.06635192 0.01       0.23688688 0.22265884 0.15255398 1.59465298]
[0.01000001 0.0426509  0.02033799 0.10932112 0.12939388 0.23034763
 0.06635192 0.01       0.23688688 0.22265884 0.15255398 1.59465298] 1.0480439246834614
[0.01       0.04265091 0.02033799 0.10932112 0.12939388 0.23034763
 0.06635192 0.01       0.23688688 0.22265884 0.15255398 1.59465298]
[0.01       0.04265091 0.02033799 0.10932112 0.12939388 0.23034763
 0.06635192 0.01       0.23688688 0.22265884 0.15255398 1.59465298] 1.048043944121997
[0.01       0.0426509  0.020338   0.10932112 0.12939388 0.23034763
 0.06635192 0.01       0.23688688 0.22265884 0.15255398 1.59465298]
[0.01       0.0426509  0.020338   0.10932112 0.12939388 0.23034763
 0.06635192 0.01       0.23688688 0.22265884 0.15255398 1.59465298] 1.0480438073152658
[0.01       0.0426509  0.02033799 0.10932113 0.12939388 0.23034763
 0.06635192 0.01       0.23688688 0.22265884 0.15255398 1.59465298]
[0.01       0.0426509  0.02033799 0.10932113 0.12939388 0.23034763
 0.06635192 0.01       0.23688688 0.22265884 0.15255398 1.59465298] 1.0480438837373265
[0.01       0.0426509  0.02033799 0.10932112 0.12939389 0.23034763
 0.06635192 0.01       0.23688688 0.22265884 0.15255398 1.59465298]
[0.01       0.0426509  0.02033799 0.10932112 0.12939389 0.23034763
 0.06635192 0.01       0.23688688 0.22265884 0.15255398 1.59465298] 1.0480436753041695
[0.01       0.0426509  0.02033799 0.10932112 0.12939388 0.23034764
 0.06635192 0.01       0.23688688 0.22265884 0.15255398 1.59465298]
[0.01       0.0426509  0.02033799 0.10932112 0.12939388 0.23034764
 0.06635192 0.01       0.23688688 0.22265884 0.15255398 1.59465298] 1.0480437117892707
[0.01       0.0426509  0.02033799 0.10932112 0.12939388 0.23034763
 0.06635193 0.01       0.23688688 0.22265884 0.15255398 1.59465298]
[0.01       0.0426509  0.02033799 0.10932112 0.12939388 0.23034763
 0.06635193 0.01       0.23688688 0.22265884 0.15255398 1.59465298] 1.048043825429391
[0.01       0.0426509  0.02033799 0.10932112 0.12939388 0.23034763
 0.06635192 0.01000001 0.23688688 0.22265884 0.15255398 1.59465298]
[0.01       0.0426509  0.02033799 0.10932112 0.12939388 0.23034763
 0.06635192 0.01000001 0.23688688 0.22265884 0.15255398 1.59465298] 1.048043763620563
[0.01       0.0426509  0.02033799 0.10932112 0.12939388 0.23034763
 0.06635192 0.01       0.23688689 0.22265884 0.15255398 1.59465298]
[0.01       0.0426509  0.02033799 0.10932112 0.12939388 0.23034763
 0.06635192 0.01       0.23688689 0.22265884 0.15255398 1.59465298] 1.0480438039552022
[0.01       0.0426509  0.02033799 0.10932112 0.12939388 0.23034763
 0.06635192 0.01       0.23688688 0.22265885 0.15255398 1.59465298]
[0.01       0.0426509  0.02033799 0.10932112 0.12939388 0.23034763
 0.06635192 0.01       0.23688688 0.22265885 0.15255398 1.59465298] 1.0480436502637014
[0.01       0.0426509  0.02033799 0.10932112 0.12939388 0.23034763
 0.06635192 0.01       0.23688688 0.22265884 0.15255399 1.59465298]
[0.01       0.0426509  0.02033799 0.10932112 0.12939388 0.23034763
 0.06635192 0.01       0.23688688 0.22265884 0.15255399 1.59465298] 1.0480438335374012
[0.01       0.0426509  0.02033799 0.10932112 0.12939388 0.23034763
 0.06635192 0.01       0.23688688 0.22265884 0.15255398 1.59465299]
[0.01       0.0426509  0.02033799 0.10932112 0.12939388 0.23034763
 0.06635192 0.01       0.23688688 0.22265884 0.15255398 1.59465299] 1.048043680753987
[0.01       0.04264906 0.020338   0.10931914 0.12939304 0.23034509
 0.06635195 0.01       0.236887   0.22265666 0.15255406 1.59465378]
[0.01       0.04264906 0.020338   0.10931914 0.12939304 0.23034509
 0.06635195 0.01       0.236887   0.22265666 0.15255406 1.59465378] 1.0480438005418582
[0.01000001 0.04264906 0.020338   0.10931914 0.12939304 0.23034509
 0.06635195 0.01       0.236887   0.22265666 0.15255406 1.59465378]
[0.01000001 0.04264906 0.020338   0.10931914 0.12939304 0.23034509
 0.06635195 0.01       0.236887   0.22265666 0.15255406 1.59465378] 1.0480439274463142
[0.01       0.04264907 0.020338   0.10931914 0.12939304 0.23034509
 0.06635195 0.01       0.236887   0.22265666 0.15255406 1.59465378]
[0.01       0.04264907 0.020338   0.10931914 0.12939304 0.23034509
 0.06635195 0.01       0.236887   0.22265666 0.15255406 1.59465378] 1.0480440315743482
[0.01       0.04264906 0.02033801 0.10931914 0.12939304 0.23034509
 0.06635195 0.01       0.236887   0.22265666 0.15255406 1.59465378]
[0.01       0.04264906 0.02033801 0.10931914 0.12939304 0.23034509
 0.06635195 0.01       0.236887   0.22265666 0.15255406 1.59465378] 1.0480439599211087
[0.01       0.04264906 0.020338   0.10931915 0.12939304 0.23034509
 0.06635195 0.01       0.236887   0.22265666 0.15255406 1.59465378]
[0.01       0.04264906 0.020338   0.10931915 0.12939304 0.23034509
 0.06635195 0.01       0.236887   0.22265666 0.15255406 1.59465378] 1.0480439223344764
[0.01       0.04264906 0.020338   0.10931914 0.12939305 0.23034509
 0.06635195 0.01       0.236887   0.22265666 0.15255406 1.59465378]
[0.01       0.04264906 0.020338   0.10931914 0.12939305 0.23034509
 0.06635195 0.01       0.236887   0.22265666 0.15255406 1.59465378] 1.0480439492979796
[0.01       0.04264906 0.020338   0.10931914 0.12939304 0.2303451
 0.06635195 0.01       0.236887   0.22265666 0.15255406 1.59465378]
[0.01       0.04264906 0.020338   0.10931914 0.12939304 0.2303451
 0.06635195 0.01       0.236887   0.22265666 0.15255406 1.59465378] 1.0480439523182206
[0.01       0.04264906 0.020338   0.10931914 0.12939304 0.23034509
 0.06635196 0.01       0.236887   0.22265666 0.15255406 1.59465378]
[0.01       0.04264906 0.020338   0.10931914 0.12939304 0.23034509
 0.06635196 0.01       0.236887   0.22265666 0.15255406 1.59465378] 1.0480439670846646
[0.01       0.04264906 0.020338   0.10931914 0.12939304 0.23034509
 0.06635195 0.01000001 0.236887   0.22265666 0.15255406 1.59465378]
[0.01       0.04264906 0.020338   0.10931914 0.12939304 0.23034509
 0.06635195 0.01000001 0.236887   0.22265666 0.15255406 1.59465378] 1.0480438699717256
[0.01       0.04264906 0.020338   0.10931914 0.12939304 0.23034509
 0.06635195 0.01       0.23688701 0.22265666 0.15255406 1.59465378]
[0.01       0.04264906 0.020338   0.10931914 0.12939304 0.23034509
 0.06635195 0.01       0.23688701 0.22265666 0.15255406 1.59465378] 1.0480439213101858
[0.01       0.04264906 0.020338   0.10931914 0.12939304 0.23034509
 0.06635195 0.01       0.236887   0.22265667 0.15255406 1.59465378]
[0.01       0.04264906 0.020338   0.10931914 0.12939304 0.23034509
 0.06635195 0.01       0.236887   0.22265667 0.15255406 1.59465378] 1.0480439045429966
[0.01       0.04264906 0.020338   0.10931914 0.12939304 0.23034509
 0.06635195 0.01       0.236887   0.22265666 0.15255407 1.59465378]
[0.01       0.04264906 0.020338   0.10931914 0.12939304 0.23034509
 0.06635195 0.01       0.236887   0.22265666 0.15255407 1.59465378] 1.0480438653123278
[0.01       0.04264906 0.020338   0.10931914 0.12939304 0.23034509
 0.06635195 0.01       0.236887   0.22265666 0.15255406 1.59465379]
[0.01       0.04264906 0.020338   0.10931914 0.12939304 0.23034509
 0.06635195 0.01       0.236887   0.22265666 0.15255406 1.59465379] 1.0480441091727524
[0.01       0.04264741 0.020338   0.10931737 0.12939228 0.2303428
 0.06635197 0.01       0.2368871  0.22265469 0.15255412 1.5946545 ]
[0.01       0.04264741 0.020338   0.10931737 0.12939228 0.2303428
 0.06635197 0.01       0.2368871  0.22265469 0.15255412 1.5946545 ] 1.0480441007569503
[0.01000001 0.04264741 0.020338   0.10931737 0.12939228 0.2303428
 0.06635197 0.01       0.2368871  0.22265469 0.15255412 1.5946545 ]
[0.01000001 0.04264741 0.020338   0.10931737 0.12939228 0.2303428
 0.06635197 0.01       0.2368871  0.22265469 0.15255412 1.5946545 ] 1.0480439720551988
[0.01       0.04264742 0.020338   0.10931737 0.12939228 0.2303428
 0.06635197 0.01       0.2368871  0.22265469 0.15255412 1.5946545 ]
[0.01       0.04264742 0.020338   0.10931737 0.12939228 0.2303428
 0.06635197 0.01       0.2368871  0.22265469 0.15255412 1.5946545 ] 1.0480441066730886
[0.01       0.04264741 0.02033801 0.10931737 0.12939228 0.2303428
 0.06635197 0.01       0.2368871  0.22265469 0.15255412 1.5946545 ]
[0.01       0.04264741 0.02033801 0.10931737 0.12939228 0.2303428
 0.06635197 0.01       0.2368871  0.22265469 0.15255412 1.5946545 ] 1.0480441524240578
[0.01       0.04264741 0.020338   0.10931738 0.12939228 0.2303428
 0.06635197 0.01       0.2368871  0.22265469 0.15255412 1.5946545 ]
[0.01       0.04264741 0.020338   0.10931738 0.12939228 0.2303428
 0.06635197 0.01       0.2368871  0.22265469 0.15255412 1.5946545 ] 1.0480441015960456
[0.01       0.04264741 0.020338   0.10931737 0.12939229 0.2303428
 0.06635197 0.01       0.2368871  0.22265469 0.15255412 1.5946545 ]
[0.01       0.04264741 0.020338   0.10931737 0.12939229 0.2303428
 0.06635197 0.01       0.2368871  0.22265469 0.15255412 1.5946545 ] 1.0480439432702087
[0.01       0.04264741 0.020338   0.10931737 0.12939228 0.23034281
 0.06635197 0.01       0.2368871  0.22265469 0.15255412 1.5946545 ]
[0.01       0.04264741 0.020338   0.10931737 0.12939228 0.23034281
 0.06635197 0.01       0.2368871  0.22265469 0.15255412 1.5946545 ] 1.0480436986115291
[0.01       0.04264741 0.020338   0.10931737 0.12939228 0.2303428
 0.06635198 0.01       0.2368871  0.22265469 0.15255412 1.5946545 ]
[0.01       0.04264741 0.020338   0.10931737 0.12939228 0.2303428
 0.06635198 0.01       0.2368871  0.22265469 0.15255412 1.5946545 ] 1.0480439086769493
[0.01       0.04264741 0.020338   0.10931737 0.12939228 0.2303428
 0.06635197 0.01000001 0.2368871  0.22265469 0.15255412 1.5946545 ]
[0.01       0.04264741 0.020338   0.10931737 0.12939228 0.2303428
 0.06635197 0.01000001 0.2368871  0.22265469 0.15255412 1.5946545 ] 1.0480441660625677
[0.01       0.04264741 0.020338   0.10931737 0.12939228 0.2303428
 0.06635197 0.01       0.23688711 0.22265469 0.15255412 1.5946545 ]
[0.01       0.04264741 0.020338   0.10931737 0.12939228 0.2303428
 0.06635197 0.01       0.23688711 0.22265469 0.15255412 1.5946545 ] 1.0480442490529063
[0.01       0.04264741 0.020338   0.10931737 0.12939228 0.2303428
 0.06635197 0.01       0.2368871  0.2226547  0.15255412 1.5946545 ]
[0.01       0.04264741 0.020338   0.10931737 0.12939228 0.2303428
 0.06635197 0.01       0.2368871  0.2226547  0.15255412 1.5946545 ] 1.0480440190898646
[0.01       0.04264741 0.020338   0.10931737 0.12939228 0.2303428
 0.06635197 0.01       0.2368871  0.22265469 0.15255413 1.5946545 ]
[0.01       0.04264741 0.020338   0.10931737 0.12939228 0.2303428
 0.06635197 0.01       0.2368871  0.22265469 0.15255413 1.5946545 ] 1.0480439363356113
[0.01       0.04264741 0.020338   0.10931737 0.12939228 0.2303428
 0.06635197 0.01       0.2368871  0.22265469 0.15255412 1.59465451]
[0.01       0.04264741 0.020338   0.10931737 0.12939228 0.2303428
 0.06635197 0.01       0.2368871  0.22265469 0.15255412 1.59465451] 1.0480440607246464
[0.01       0.0426472  0.020338   0.10931714 0.12939219 0.23034251
 0.06635198 0.01       0.23688711 0.22265444 0.15255413 1.5946546 ]
[0.01       0.0426472  0.020338   0.10931714 0.12939219 0.23034251
 0.06635198 0.01       0.23688711 0.22265444 0.15255413 1.5946546 ] 1.0480442302391757
[0.01000001 0.0426472  0.020338   0.10931714 0.12939219 0.23034251
 0.06635198 0.01       0.23688711 0.22265444 0.15255413 1.5946546 ]
[0.01000001 0.0426472  0.020338   0.10931714 0.12939219 0.23034251
 0.06635198 0.01       0.23688711 0.22265444 0.15255413 1.5946546 ] 1.0480439878978802
[0.01       0.04264721 0.020338   0.10931714 0.12939219 0.23034251
 0.06635198 0.01       0.23688711 0.22265444 0.15255413 1.5946546 ]
[0.01       0.04264721 0.020338   0.10931714 0.12939219 0.23034251
 0.06635198 0.01       0.23688711 0.22265444 0.15255413 1.5946546 ] 1.0480440038072358
[0.01       0.0426472  0.02033801 0.10931714 0.12939219 0.23034251
 0.06635198 0.01       0.23688711 0.22265444 0.15255413 1.5946546 ]
[0.01       0.0426472  0.02033801 0.10931714 0.12939219 0.23034251
 0.06635198 0.01       0.23688711 0.22265444 0.15255413 1.5946546 ] 1.048044211979932
[0.01       0.0426472  0.020338   0.10931715 0.12939219 0.23034251
 0.06635198 0.01       0.23688711 0.22265444 0.15255413 1.5946546 ]
[0.01       0.0426472  0.020338   0.10931715 0.12939219 0.23034251
 0.06635198 0.01       0.23688711 0.22265444 0.15255413 1.5946546 ] 1.0480440761424068
[0.01       0.0426472  0.020338   0.10931714 0.1293922  0.23034251
 0.06635198 0.01       0.23688711 0.22265444 0.15255413 1.5946546 ]
[0.01       0.0426472  0.020338   0.10931714 0.1293922  0.23034251
 0.06635198 0.01       0.23688711 0.22265444 0.15255413 1.5946546 ] 1.048044028913809
[0.01       0.0426472  0.020338   0.10931714 0.12939219 0.23034252
 0.06635198 0.01       0.23688711 0.22265444 0.15255413 1.5946546 ]
[0.01       0.0426472  0.020338   0.10931714 0.12939219 0.23034252
 0.06635198 0.01       0.23688711 0.22265444 0.15255413 1.5946546 ] 1.048043977904672
[0.01       0.0426472  0.020338   0.10931714 0.12939219 0.23034251
 0.06635199 0.01       0.23688711 0.22265444 0.15255413 1.5946546 ]
[0.01       0.0426472  0.020338   0.10931714 0.12939219 0.23034251
 0.06635199 0.01       0.23688711 0.22265444 0.15255413 1.5946546 ] 1.048044135747865
[0.01       0.0426472  0.020338   0.10931714 0.12939219 0.23034251
 0.06635198 0.01000001 0.23688711 0.22265444 0.15255413 1.5946546 ]
[0.01       0.0426472  0.020338   0.10931714 0.12939219 0.23034251
 0.06635198 0.01000001 0.23688711 0.22265444 0.15255413 1.5946546 ] 1.048044056075083
[0.01       0.0426472  0.020338   0.10931714 0.12939219 0.23034251
 0.06635198 0.01       0.23688712 0.22265444 0.15255413 1.5946546 ]
[0.01       0.0426472  0.020338   0.10931714 0.12939219 0.23034251
 0.06635198 0.01       0.23688712 0.22265444 0.15255413 1.5946546 ] 1.048044179365793
[0.01       0.0426472  0.020338   0.10931714 0.12939219 0.23034251
 0.06635198 0.01       0.23688711 0.22265445 0.15255413 1.5946546 ]
[0.01       0.0426472  0.020338   0.10931714 0.12939219 0.23034251
 0.06635198 0.01       0.23688711 0.22265445 0.15255413 1.5946546 ] 1.048044162719443
[0.01       0.0426472  0.020338   0.10931714 0.12939219 0.23034251
 0.06635198 0.01       0.23688711 0.22265444 0.15255414 1.5946546 ]
[0.01       0.0426472  0.020338   0.10931714 0.12939219 0.23034251
 0.06635198 0.01       0.23688711 0.22265444 0.15255414 1.5946546 ] 1.0480437912097855
[0.01       0.0426472  0.020338   0.10931714 0.12939219 0.23034251
 0.06635198 0.01       0.23688711 0.22265444 0.15255413 1.59465461]
[0.01       0.0426472  0.020338   0.10931714 0.12939219 0.23034251
 0.06635198 0.01       0.23688711 0.22265444 0.15255413 1.59465461] 1.0480442011461697
[0.01       0.04264717 0.020338   0.1093171  0.12939217 0.23034246
 0.06635198 0.01       0.23688712 0.2226544  0.15255413 1.59465461]
[0.01       0.04264717 0.020338   0.1093171  0.12939217 0.23034246
 0.06635198 0.01       0.23688712 0.2226544  0.15255413 1.59465461] 1.048043994511049
[0.01000001 0.04264717 0.020338   0.1093171  0.12939217 0.23034246
 0.06635198 0.01       0.23688712 0.2226544  0.15255413 1.59465461]
[0.01000001 0.04264717 0.020338   0.1093171  0.12939217 0.23034246
 0.06635198 0.01       0.23688712 0.2226544  0.15255413 1.59465461] 1.0480439284339564
[0.01       0.04264718 0.020338   0.1093171  0.12939217 0.23034246
 0.06635198 0.01       0.23688712 0.2226544  0.15255413 1.59465461]
[0.01       0.04264718 0.020338   0.1093171  0.12939217 0.23034246
 0.06635198 0.01       0.23688712 0.2226544  0.15255413 1.59465461] 1.0480440431399085
[0.01       0.04264717 0.02033801 0.1093171  0.12939217 0.23034246
 0.06635198 0.01       0.23688712 0.2226544  0.15255413 1.59465461]
[0.01       0.04264717 0.02033801 0.1093171  0.12939217 0.23034246
 0.06635198 0.01       0.23688712 0.2226544  0.15255413 1.59465461] 1.0480440113975937
[0.01       0.04264717 0.020338   0.10931711 0.12939217 0.23034246
 0.06635198 0.01       0.23688712 0.2226544  0.15255413 1.59465461]
[0.01       0.04264717 0.020338   0.10931711 0.12939217 0.23034246
 0.06635198 0.01       0.23688712 0.2226544  0.15255413 1.59465461] 1.048044070572887
[0.01       0.04264717 0.020338   0.1093171  0.12939218 0.23034246
 0.06635198 0.01       0.23688712 0.2226544  0.15255413 1.59465461]
[0.01       0.04264717 0.020338   0.1093171  0.12939218 0.23034246
 0.06635198 0.01       0.23688712 0.2226544  0.15255413 1.59465461] 1.0480440151868404
[0.01       0.04264717 0.020338   0.1093171  0.12939217 0.23034247
 0.06635198 0.01       0.23688712 0.2226544  0.15255413 1.59465461]
[0.01       0.04264717 0.020338   0.1093171  0.12939217 0.23034247
 0.06635198 0.01       0.23688712 0.2226544  0.15255413 1.59465461] 1.0480442392127765
[0.01       0.04264717 0.020338   0.1093171  0.12939217 0.23034246
 0.06635199 0.01       0.23688712 0.2226544  0.15255413 1.59465461]
[0.01       0.04264717 0.020338   0.1093171  0.12939217 0.23034246
 0.06635199 0.01       0.23688712 0.2226544  0.15255413 1.59465461] 1.0480441118126063
[0.01       0.04264717 0.020338   0.1093171  0.12939217 0.23034246
 0.06635198 0.01000001 0.23688712 0.2226544  0.15255413 1.59465461]
[0.01       0.04264717 0.020338   0.1093171  0.12939217 0.23034246
 0.06635198 0.01000001 0.23688712 0.2226544  0.15255413 1.59465461] 1.0480442485228731
[0.01       0.04264717 0.020338   0.1093171  0.12939217 0.23034246
 0.06635198 0.01       0.23688713 0.2226544  0.15255413 1.59465461]
[0.01       0.04264717 0.020338   0.1093171  0.12939217 0.23034246
 0.06635198 0.01       0.23688713 0.2226544  0.15255413 1.59465461] 1.048044121434418
[0.01       0.04264717 0.020338   0.1093171  0.12939217 0.23034246
 0.06635198 0.01       0.23688712 0.22265441 0.15255413 1.59465461]
[0.01       0.04264717 0.020338   0.1093171  0.12939217 0.23034246
 0.06635198 0.01       0.23688712 0.22265441 0.15255413 1.59465461] 1.0480441364884767
[0.01       0.04264717 0.020338   0.1093171  0.12939217 0.23034246
 0.06635198 0.01       0.23688712 0.2226544  0.15255414 1.59465461]
[0.01       0.04264717 0.020338   0.1093171  0.12939217 0.23034246
 0.06635198 0.01       0.23688712 0.2226544  0.15255414 1.59465461] 1.0480440226028958
[0.01       0.04264717 0.020338   0.1093171  0.12939217 0.23034246
 0.06635198 0.01       0.23688712 0.2226544  0.15255413 1.59465462]
[0.01       0.04264717 0.020338   0.1093171  0.12939217 0.23034246
 0.06635198 0.01       0.23688712 0.2226544  0.15255413 1.59465462] 1.048044122020862
[0.01       0.04264719 0.020338   0.10931713 0.12939218 0.23034249
 0.06635198 0.01       0.23688711 0.22265442 0.15255413 1.5946546 ]
[0.01       0.04264719 0.020338   0.10931713 0.12939218 0.23034249
 0.06635198 0.01       0.23688711 0.22265442 0.15255413 1.5946546 ] 1.0480439345040018
[0.01000001 0.04264719 0.020338   0.10931713 0.12939218 0.23034249
 0.06635198 0.01       0.23688711 0.22265442 0.15255413 1.5946546 ]
[0.01000001 0.04264719 0.020338   0.10931713 0.12939218 0.23034249
 0.06635198 0.01       0.23688711 0.22265442 0.15255413 1.5946546 ] 1.048044144550475
[0.01       0.0426472  0.020338   0.10931713 0.12939218 0.23034249
 0.06635198 0.01       0.23688711 0.22265442 0.15255413 1.5946546 ]
[0.01       0.0426472  0.020338   0.10931713 0.12939218 0.23034249
 0.06635198 0.01       0.23688711 0.22265442 0.15255413 1.5946546 ] 1.0480442127449106
[0.01       0.04264719 0.02033801 0.10931713 0.12939218 0.23034249
 0.06635198 0.01       0.23688711 0.22265442 0.15255413 1.5946546 ]
[0.01       0.04264719 0.02033801 0.10931713 0.12939218 0.23034249
 0.06635198 0.01       0.23688711 0.22265442 0.15255413 1.5946546 ] 1.0480441905817506
[0.01       0.04264719 0.020338   0.10931714 0.12939218 0.23034249
 0.06635198 0.01       0.23688711 0.22265442 0.15255413 1.5946546 ]
[0.01       0.04264719 0.020338   0.10931714 0.12939218 0.23034249
 0.06635198 0.01       0.23688711 0.22265442 0.15255413 1.5946546 ] 1.048044162736725
[0.01       0.04264719 0.020338   0.10931713 0.12939219 0.23034249
 0.06635198 0.01       0.23688711 0.22265442 0.15255413 1.5946546 ]
[0.01       0.04264719 0.020338   0.10931713 0.12939219 0.23034249
 0.06635198 0.01       0.23688711 0.22265442 0.15255413 1.5946546 ] 1.0480440075826183
[0.01       0.04264719 0.020338   0.10931713 0.12939218 0.2303425
 0.06635198 0.01       0.23688711 0.22265442 0.15255413 1.5946546 ]
[0.01       0.04264719 0.020338   0.10931713 0.12939218 0.2303425
 0.06635198 0.01       0.23688711 0.22265442 0.15255413 1.5946546 ] 1.0480441176387794
[0.01       0.04264719 0.020338   0.10931713 0.12939218 0.23034249
 0.06635199 0.01       0.23688711 0.22265442 0.15255413 1.5946546 ]
[0.01       0.04264719 0.020338   0.10931713 0.12939218 0.23034249
 0.06635199 0.01       0.23688711 0.22265442 0.15255413 1.5946546 ] 1.0480440282102117
[0.01       0.04264719 0.020338   0.10931713 0.12939218 0.23034249
 0.06635198 0.01000001 0.23688711 0.22265442 0.15255413 1.5946546 ]
[0.01       0.04264719 0.020338   0.10931713 0.12939218 0.23034249
 0.06635198 0.01000001 0.23688711 0.22265442 0.15255413 1.5946546 ] 1.0480438570818458
[0.01       0.04264719 0.020338   0.10931713 0.12939218 0.23034249
 0.06635198 0.01       0.23688712 0.22265442 0.15255413 1.5946546 ]
[0.01       0.04264719 0.020338   0.10931713 0.12939218 0.23034249
 0.06635198 0.01       0.23688712 0.22265442 0.15255413 1.5946546 ] 1.0480439986003158
[0.01       0.04264719 0.020338   0.10931713 0.12939218 0.23034249
 0.06635198 0.01       0.23688711 0.22265443 0.15255413 1.5946546 ]
[0.01       0.04264719 0.020338   0.10931713 0.12939218 0.23034249
 0.06635198 0.01       0.23688711 0.22265443 0.15255413 1.5946546 ] 1.0480442167620287
[0.01       0.04264719 0.020338   0.10931713 0.12939218 0.23034249
 0.06635198 0.01       0.23688711 0.22265442 0.15255414 1.5946546 ]
[0.01       0.04264719 0.020338   0.10931713 0.12939218 0.23034249
 0.06635198 0.01       0.23688711 0.22265442 0.15255414 1.5946546 ] 1.0480439664285053
[0.01       0.04264719 0.020338   0.10931713 0.12939218 0.23034249
 0.06635198 0.01       0.23688711 0.22265442 0.15255413 1.59465461]
[0.01       0.04264719 0.020338   0.10931713 0.12939218 0.23034249
 0.06635198 0.01       0.23688711 0.22265442 0.15255413 1.59465461] 1.048044326773139
[0.01       0.0426472  0.020338   0.10931714 0.12939219 0.2303425
 0.06635198 0.01       0.23688711 0.22265444 0.15255413 1.5946546 ]
[0.01       0.0426472  0.020338   0.10931714 0.12939219 0.2303425
 0.06635198 0.01       0.23688711 0.22265444 0.15255413 1.5946546 ] 1.0480440585932693
[0.01000001 0.0426472  0.020338   0.10931714 0.12939219 0.2303425
 0.06635198 0.01       0.23688711 0.22265444 0.15255413 1.5946546 ]
[0.01000001 0.0426472  0.020338   0.10931714 0.12939219 0.2303425
 0.06635198 0.01       0.23688711 0.22265444 0.15255413 1.5946546 ] 1.0480439537934936
[0.01       0.04264721 0.020338   0.10931714 0.12939219 0.2303425
 0.06635198 0.01       0.23688711 0.22265444 0.15255413 1.5946546 ]
[0.01       0.04264721 0.020338   0.10931714 0.12939219 0.2303425
 0.06635198 0.01       0.23688711 0.22265444 0.15255413 1.5946546 ] 1.048044013525935
[0.01       0.0426472  0.02033801 0.10931714 0.12939219 0.2303425
 0.06635198 0.01       0.23688711 0.22265444 0.15255413 1.5946546 ]
[0.01       0.0426472  0.02033801 0.10931714 0.12939219 0.2303425
 0.06635198 0.01       0.23688711 0.22265444 0.15255413 1.5946546 ] 1.0480441888899572
[0.01       0.0426472  0.020338   0.10931715 0.12939219 0.2303425
 0.06635198 0.01       0.23688711 0.22265444 0.15255413 1.5946546 ]
[0.01       0.0426472  0.020338   0.10931715 0.12939219 0.2303425
 0.06635198 0.01       0.23688711 0.22265444 0.15255413 1.5946546 ] 1.0480441706146568
[0.01       0.0426472  0.020338   0.10931714 0.1293922  0.2303425
 0.06635198 0.01       0.23688711 0.22265444 0.15255413 1.5946546 ]
[0.01       0.0426472  0.020338   0.10931714 0.1293922  0.2303425
 0.06635198 0.01       0.23688711 0.22265444 0.15255413 1.5946546 ] 1.0480441488735122
[0.01       0.0426472  0.020338   0.10931714 0.12939219 0.23034251
 0.06635198 0.01       0.23688711 0.22265444 0.15255413 1.5946546 ]
[0.01       0.0426472  0.020338   0.10931714 0.12939219 0.23034251
 0.06635198 0.01       0.23688711 0.22265444 0.15255413 1.5946546 ] 1.0480441989333809
[0.01       0.0426472  0.020338   0.10931714 0.12939219 0.2303425
 0.06635199 0.01       0.23688711 0.22265444 0.15255413 1.5946546 ]
[0.01       0.0426472  0.020338   0.10931714 0.12939219 0.2303425
 0.06635199 0.01       0.23688711 0.22265444 0.15255413 1.5946546 ] 1.048043952512346
[0.01       0.0426472  0.020338   0.10931714 0.12939219 0.2303425
 0.06635198 0.01000001 0.23688711 0.22265444 0.15255413 1.5946546 ]
[0.01       0.0426472  0.020338   0.10931714 0.12939219 0.2303425
 0.06635198 0.01000001 0.23688711 0.22265444 0.15255413 1.5946546 ] 1.0480440623450105
[0.01       0.0426472  0.020338   0.10931714 0.12939219 0.2303425
 0.06635198 0.01       0.23688712 0.22265444 0.15255413 1.5946546 ]
[0.01       0.0426472  0.020338   0.10931714 0.12939219 0.2303425
 0.06635198 0.01       0.23688712 0.22265444 0.15255413 1.5946546 ] 1.0480441863901895
[0.01       0.0426472  0.020338   0.10931714 0.12939219 0.2303425
 0.06635198 0.01       0.23688711 0.22265445 0.15255413 1.5946546 ]
[0.01       0.0426472  0.020338   0.10931714 0.12939219 0.2303425
 0.06635198 0.01       0.23688711 0.22265445 0.15255413 1.5946546 ] 1.0480440617064959
[0.01       0.0426472  0.020338   0.10931714 0.12939219 0.2303425
 0.06635198 0.01       0.23688711 0.22265444 0.15255414 1.5946546 ]
[0.01       0.0426472  0.020338   0.10931714 0.12939219 0.2303425
 0.06635198 0.01       0.23688711 0.22265444 0.15255414 1.5946546 ] 1.0480440962654318
[0.01       0.0426472  0.020338   0.10931714 0.12939219 0.2303425
 0.06635198 0.01       0.23688711 0.22265444 0.15255413 1.59465461]
[0.01       0.0426472  0.020338   0.10931714 0.12939219 0.2303425
 0.06635198 0.01       0.23688711 0.22265444 0.15255413 1.59465461] 1.0480437721000306
[0.01       0.0426472  0.020338   0.10931714 0.12939219 0.23034251
 0.06635198 0.01       0.23688711 0.22265444 0.15255413 1.5946546 ]
[0.01       0.0426472  0.020338   0.10931714 0.12939219 0.23034251
 0.06635198 0.01       0.23688711 0.22265444 0.15255413 1.5946546 ] 1.0480439337447236
[0.01000001 0.0426472  0.020338   0.10931714 0.12939219 0.23034251
 0.06635198 0.01       0.23688711 0.22265444 0.15255413 1.5946546 ]
[0.01000001 0.0426472  0.020338   0.10931714 0.12939219 0.23034251
 0.06635198 0.01       0.23688711 0.22265444 0.15255413 1.5946546 ] 1.0480438956866316
[0.01       0.04264721 0.020338   0.10931714 0.12939219 0.23034251
 0.06635198 0.01       0.23688711 0.22265444 0.15255413 1.5946546 ]
[0.01       0.04264721 0.020338   0.10931714 0.12939219 0.23034251
 0.06635198 0.01       0.23688711 0.22265444 0.15255413 1.5946546 ] 1.048044006522312
[0.01       0.0426472  0.02033801 0.10931714 0.12939219 0.23034251
 0.06635198 0.01       0.23688711 0.22265444 0.15255413 1.5946546 ]
[0.01       0.0426472  0.02033801 0.10931714 0.12939219 0.23034251
 0.06635198 0.01       0.23688711 0.22265444 0.15255413 1.5946546 ] 1.0480440654547274
[0.01       0.0426472  0.020338   0.10931715 0.12939219 0.23034251
 0.06635198 0.01       0.23688711 0.22265444 0.15255413 1.5946546 ]
[0.01       0.0426472  0.020338   0.10931715 0.12939219 0.23034251
 0.06635198 0.01       0.23688711 0.22265444 0.15255413 1.5946546 ] 1.0480441839589048
[0.01       0.0426472  0.020338   0.10931714 0.1293922  0.23034251
 0.06635198 0.01       0.23688711 0.22265444 0.15255413 1.5946546 ]
[0.01       0.0426472  0.020338   0.10931714 0.1293922  0.23034251
 0.06635198 0.01       0.23688711 0.22265444 0.15255413 1.5946546 ] 1.0480440443536965
[0.01       0.0426472  0.020338   0.10931714 0.12939219 0.23034252
 0.06635198 0.01       0.23688711 0.22265444 0.15255413 1.5946546 ]
[0.01       0.0426472  0.020338   0.10931714 0.12939219 0.23034252
 0.06635198 0.01       0.23688711 0.22265444 0.15255413 1.5946546 ] 1.048044049050199
[0.01       0.0426472  0.020338   0.10931714 0.12939219 0.23034251
 0.06635199 0.01       0.23688711 0.22265444 0.15255413 1.5946546 ]
[0.01       0.0426472  0.020338   0.10931714 0.12939219 0.23034251
 0.06635199 0.01       0.23688711 0.22265444 0.15255413 1.5946546 ] 1.048044060938901
[0.01       0.0426472  0.020338   0.10931714 0.12939219 0.23034251
 0.06635198 0.01000001 0.23688711 0.22265444 0.15255413 1.5946546 ]
[0.01       0.0426472  0.020338   0.10931714 0.12939219 0.23034251
 0.06635198 0.01000001 0.23688711 0.22265444 0.15255413 1.5946546 ] 1.0480439839536062
[0.01       0.0426472  0.020338   0.10931714 0.12939219 0.23034251
 0.06635198 0.01       0.23688712 0.22265444 0.15255413 1.5946546 ]
[0.01       0.0426472  0.020338   0.10931714 0.12939219 0.23034251
 0.06635198 0.01       0.23688712 0.22265444 0.15255413 1.5946546 ] 1.0480439653523452
[0.01       0.0426472  0.020338   0.10931714 0.12939219 0.23034251
 0.06635198 0.01       0.23688711 0.22265445 0.15255413 1.5946546 ]
[0.01       0.0426472  0.020338   0.10931714 0.12939219 0.23034251
 0.06635198 0.01       0.23688711 0.22265445 0.15255413 1.5946546 ] 1.0480439671555308
[0.01       0.0426472  0.020338   0.10931714 0.12939219 0.23034251
 0.06635198 0.01       0.23688711 0.22265444 0.15255414 1.5946546 ]
[0.01       0.0426472  0.020338   0.10931714 0.12939219 0.23034251
 0.06635198 0.01       0.23688711 0.22265444 0.15255414 1.5946546 ] 1.048044117247659
[0.01       0.0426472  0.020338   0.10931714 0.12939219 0.23034251
 0.06635198 0.01       0.23688711 0.22265444 0.15255413 1.59465461]
[0.01       0.0426472  0.020338   0.10931714 0.12939219 0.23034251
 0.06635198 0.01       0.23688711 0.22265444 0.15255413 1.59465461] 1.0480442253301865
checking on  MEX
upper corner was better for  MEX
checking on  ROW
upper corner was better for  ROW
checking on  USA
lower corner was better for  USA
checking on  KOR
lower corner was better for  KOR
checking on  MEX
[16.1] COOP negishi done in 598s -> 2000_16.1_negishi/
not parallel
[0.08650249 0.09752048 0.10889188 0.14489911 0.18166075 0.24873229
 0.07832442 0.07130599 0.24564987 0.22255234 0.19145173 1.63146488]
[0.08650249 0.09752048 0.10889188 0.14489911 0.18166075 0.24873229
 0.07832442 0.07130599 0.24564987 0.22255234 0.19145173 1.63146488] 0.9999999997076681
[0.0865025  0.09752048 0.10889188 0.14489911 0.18166075 0.24873229
 0.07832442 0.07130599 0.24564987 0.22255234 0.19145173 1.63146488]
[0.0865025  0.09752048 0.10889188 0.14489911 0.18166075 0.24873229
 0.07832442 0.07130599 0.24564987 0.22255234 0.19145173 1.63146488] 0.9999999979817034
[0.08650249 0.09752049 0.10889188 0.14489911 0.18166075 0.24873229
 0.07832442 0.07130599 0.24564987 0.22255234 0.19145173 1.63146488]
[0.08650249 0.09752049 0.10889188 0.14489911 0.18166075 0.24873229
 0.07832442 0.07130599 0.24564987 0.22255234 0.19145173 1.63146488] 0.999999999036091
[0.08650249 0.09752048 0.10889189 0.14489911 0.18166075 0.24873229
 0.07832442 0.07130599 0.24564987 0.22255234 0.19145173 1.63146488]
[0.08650249 0.09752048 0.10889189 0.14489911 0.18166075 0.24873229
 0.07832442 0.07130599 0.24564987 0.22255234 0.19145173 1.63146488] 0.9999999992974253
[0.08650249 0.09752048 0.10889188 0.14489912 0.18166075 0.24873229
 0.07832442 0.07130599 0.24564987 0.22255234 0.19145173 1.63146488]
[0.08650249 0.09752048 0.10889188 0.14489912 0.18166075 0.24873229
 0.07832442 0.07130599 0.24564987 0.22255234 0.19145173 1.63146488] 0.9999999992093178
[0.08650249 0.09752048 0.10889188 0.14489911 0.18166076 0.24873229
 0.07832442 0.07130599 0.24564987 0.22255234 0.19145173 1.63146488]
[0.08650249 0.09752048 0.10889188 0.14489911 0.18166076 0.24873229
 0.07832442 0.07130599 0.24564987 0.22255234 0.19145173 1.63146488] 0.9999999989980985
[0.08650249 0.09752048 0.10889188 0.14489911 0.18166075 0.2487323
 0.07832442 0.07130599 0.24564987 0.22255234 0.19145173 1.63146488]
[0.08650249 0.09752048 0.10889188 0.14489911 0.18166075 0.2487323
 0.07832442 0.07130599 0.24564987 0.22255234 0.19145173 1.63146488] 1.0000000003473632
[0.08650249 0.09752048 0.10889188 0.14489911 0.18166075 0.24873229
 0.07832443 0.07130599 0.24564987 0.22255234 0.19145173 1.63146488]
[0.08650249 0.09752048 0.10889188 0.14489911 0.18166075 0.24873229
 0.07832443 0.07130599 0.24564987 0.22255234 0.19145173 1.63146488] 0.9999999987806314
[0.08650249 0.09752048 0.10889188 0.14489911 0.18166075 0.24873229
 0.07832442 0.071306   0.24564987 0.22255234 0.19145173 1.63146488]
[0.08650249 0.09752048 0.10889188 0.14489911 0.18166075 0.24873229
 0.07832442 0.071306   0.24564987 0.22255234 0.19145173 1.63146488] 0.9999999995099009
[0.08650249 0.09752048 0.10889188 0.14489911 0.18166075 0.24873229
 0.07832442 0.07130599 0.24564988 0.22255234 0.19145173 1.63146488]
[0.08650249 0.09752048 0.10889188 0.14489911 0.18166075 0.24873229
 0.07832442 0.07130599 0.24564988 0.22255234 0.19145173 1.63146488] 0.9999999998391453
[0.08650249 0.09752048 0.10889188 0.14489911 0.18166075 0.24873229
 0.07832442 0.07130599 0.24564987 0.22255235 0.19145173 1.63146488]
[0.08650249 0.09752048 0.10889188 0.14489911 0.18166075 0.24873229
 0.07832442 0.07130599 0.24564987 0.22255235 0.19145173 1.63146488] 0.999999999639503
[0.08650249 0.09752048 0.10889188 0.14489911 0.18166075 0.24873229
 0.07832442 0.07130599 0.24564987 0.22255234 0.19145174 1.63146488]
[0.08650249 0.09752048 0.10889188 0.14489911 0.18166075 0.24873229
 0.07832442 0.07130599 0.24564987 0.22255234 0.19145174 1.63146488] 1.0000000001771614
[0.08650249 0.09752048 0.10889188 0.14489911 0.18166075 0.24873229
 0.07832442 0.07130599 0.24564987 0.22255234 0.19145173 1.63146489]
[0.08650249 0.09752048 0.10889188 0.14489911 0.18166075 0.24873229
 0.07832442 0.07130599 0.24564987 0.22255234 0.19145173 1.63146489] 0.9999999998541083
[0.01       0.03036278 0.0678676  0.09506408 0.1107038  0.3127018
 0.01       0.05152927 0.25879759 0.21573584 0.23840106 1.6461089 ]
[0.01       0.03036278 0.0678676  0.09506408 0.1107038  0.3127018
 0.01       0.05152927 0.25879759 0.21573584 0.23840106 1.6461089 ] 1.06264574546028
[0.01000001 0.03036278 0.0678676  0.09506408 0.1107038  0.3127018
 0.01       0.05152927 0.25879759 0.21573584 0.23840106 1.6461089 ]
[0.01000001 0.03036278 0.0678676  0.09506408 0.1107038  0.3127018
 0.01       0.05152927 0.25879759 0.21573584 0.23840106 1.6461089 ] 1.0626457771465077
[0.01       0.03036279 0.0678676  0.09506408 0.1107038  0.3127018
 0.01       0.05152927 0.25879759 0.21573584 0.23840106 1.6461089 ]
[0.01       0.03036279 0.0678676  0.09506408 0.1107038  0.3127018
 0.01       0.05152927 0.25879759 0.21573584 0.23840106 1.6461089 ] 1.0626456412741865
[0.01       0.03036278 0.06786761 0.09506408 0.1107038  0.3127018
 0.01       0.05152927 0.25879759 0.21573584 0.23840106 1.6461089 ]
[0.01       0.03036278 0.06786761 0.09506408 0.1107038  0.3127018
 0.01       0.05152927 0.25879759 0.21573584 0.23840106 1.6461089 ] 1.0626457259373194
[0.01       0.03036278 0.0678676  0.09506409 0.1107038  0.3127018
 0.01       0.05152927 0.25879759 0.21573584 0.23840106 1.6461089 ]
[0.01       0.03036278 0.0678676  0.09506409 0.1107038  0.3127018
 0.01       0.05152927 0.25879759 0.21573584 0.23840106 1.6461089 ] 1.0626458219758406
[0.01       0.03036278 0.0678676  0.09506408 0.11070381 0.3127018
 0.01       0.05152927 0.25879759 0.21573584 0.23840106 1.6461089 ]
[0.01       0.03036278 0.0678676  0.09506408 0.11070381 0.3127018
 0.01       0.05152927 0.25879759 0.21573584 0.23840106 1.6461089 ] 1.0626457327736012
[0.01       0.03036278 0.0678676  0.09506408 0.1107038  0.31270181
 0.01       0.05152927 0.25879759 0.21573584 0.23840106 1.6461089 ]
[0.01       0.03036278 0.0678676  0.09506408 0.1107038  0.31270181
 0.01       0.05152927 0.25879759 0.21573584 0.23840106 1.6461089 ] 1.062645688895542
[0.01       0.03036278 0.0678676  0.09506408 0.1107038  0.3127018
 0.01000001 0.05152927 0.25879759 0.21573584 0.23840106 1.6461089 ]
[0.01       0.03036278 0.0678676  0.09506408 0.1107038  0.3127018
 0.01000001 0.05152927 0.25879759 0.21573584 0.23840106 1.6461089 ] 1.062645720210695
[0.01       0.03036278 0.0678676  0.09506408 0.1107038  0.3127018
 0.01       0.05152928 0.25879759 0.21573584 0.23840106 1.6461089 ]
[0.01       0.03036278 0.0678676  0.09506408 0.1107038  0.3127018
 0.01       0.05152928 0.25879759 0.21573584 0.23840106 1.6461089 ] 1.0626456592005944
[0.01       0.03036278 0.0678676  0.09506408 0.1107038  0.3127018
 0.01       0.05152927 0.2587976  0.21573584 0.23840106 1.6461089 ]
[0.01       0.03036278 0.0678676  0.09506408 0.1107038  0.3127018
 0.01       0.05152927 0.2587976  0.21573584 0.23840106 1.6461089 ] 1.0626458292123457
[0.01       0.03036278 0.0678676  0.09506408 0.1107038  0.3127018
 0.01       0.05152927 0.25879759 0.21573585 0.23840106 1.6461089 ]
[0.01       0.03036278 0.0678676  0.09506408 0.1107038  0.3127018
 0.01       0.05152927 0.25879759 0.21573585 0.23840106 1.6461089 ] 1.0626457501293824
[0.01       0.03036278 0.0678676  0.09506408 0.1107038  0.3127018
 0.01       0.05152927 0.25879759 0.21573584 0.23840107 1.6461089 ]
[0.01       0.03036278 0.0678676  0.09506408 0.1107038  0.3127018
 0.01       0.05152927 0.25879759 0.21573584 0.23840107 1.6461089 ] 1.0626457915195835
[0.01       0.03036278 0.0678676  0.09506408 0.1107038  0.3127018
 0.01       0.05152927 0.25879759 0.21573584 0.23840106 1.64610891]
[0.01       0.03036278 0.0678676  0.09506408 0.1107038  0.3127018
 0.01       0.05152927 0.25879759 0.21573584 0.23840106 1.64610891] 1.0626457600151653
[3.17862276 0.01       0.01       7.74662014 0.01       0.01
 0.01       0.01       8.63400417 0.68264608 4.84433141 3.10159744]
[3.17862276 0.01       0.01       7.74662014 0.01       0.01
 0.01       0.01       8.63400417 0.68264608 4.84433141 3.10159744] 1.0041630271118611
[3.17862277 0.01       0.01       7.74662014 0.01       0.01
 0.01       0.01       8.63400417 0.68264608 4.84433141 3.10159744]
[3.17862277 0.01       0.01       7.74662014 0.01       0.01
 0.01       0.01       8.63400417 0.68264608 4.84433141 3.10159744] 1.0041629821806097
[3.17862276 0.01000001 0.01       7.74662014 0.01       0.01
 0.01       0.01       8.63400417 0.68264608 4.84433141 3.10159744]
[3.17862276 0.01000001 0.01       7.74662014 0.01       0.01
 0.01       0.01       8.63400417 0.68264608 4.84433141 3.10159744] 1.0041624893661323
[3.17862276 0.01       0.01000001 7.74662014 0.01       0.01
 0.01       0.01       8.63400417 0.68264608 4.84433141 3.10159744]
[3.17862276 0.01       0.01000001 7.74662014 0.01       0.01
 0.01       0.01       8.63400417 0.68264608 4.84433141 3.10159744] 1.0041636865178445
[3.17862276 0.01       0.01       7.74662015 0.01       0.01
 0.01       0.01       8.63400417 0.68264608 4.84433141 3.10159744]
[3.17862276 0.01       0.01       7.74662015 0.01       0.01
 0.01       0.01       8.63400417 0.68264608 4.84433141 3.10159744] 1.0041637437903819
[3.17862276 0.01       0.01       7.74662014 0.01000001 0.01
 0.01       0.01       8.63400417 0.68264608 4.84433141 3.10159744]
[3.17862276 0.01       0.01       7.74662014 0.01000001 0.01
 0.01       0.01       8.63400417 0.68264608 4.84433141 3.10159744] 1.0041630990793882
[3.17862276 0.01       0.01       7.74662014 0.01       0.01000001
 0.01       0.01       8.63400417 0.68264608 4.84433141 3.10159744]
[3.17862276 0.01       0.01       7.74662014 0.01       0.01000001
 0.01       0.01       8.63400417 0.68264608 4.84433141 3.10159744] 1.004162504406346
[3.17862276 0.01       0.01       7.74662014 0.01       0.01
 0.01000001 0.01       8.63400417 0.68264608 4.84433141 3.10159744]
[3.17862276 0.01       0.01       7.74662014 0.01       0.01
 0.01000001 0.01       8.63400417 0.68264608 4.84433141 3.10159744] 1.0041635616477906
[3.17862276 0.01       0.01       7.74662014 0.01       0.01
 0.01       0.01000001 8.63400417 0.68264608 4.84433141 3.10159744]
[3.17862276 0.01       0.01       7.74662014 0.01       0.01
 0.01       0.01000001 8.63400417 0.68264608 4.84433141 3.10159744] 1.00416385722209
[3.17862276 0.01       0.01       7.74662014 0.01       0.01
 0.01       0.01       8.63400418 0.68264608 4.84433141 3.10159744]
[3.17862276 0.01       0.01       7.74662014 0.01       0.01
 0.01       0.01       8.63400418 0.68264608 4.84433141 3.10159744] 1.0041634297099251
[3.17862276 0.01       0.01       7.74662014 0.01       0.01
 0.01       0.01       8.63400417 0.68264609 4.84433141 3.10159744]
[3.17862276 0.01       0.01       7.74662014 0.01       0.01
 0.01       0.01       8.63400417 0.68264609 4.84433141 3.10159744] 1.0041634971130797
[3.17862276 0.01       0.01       7.74662014 0.01       0.01
 0.01       0.01       8.63400417 0.68264608 4.84433142 3.10159744]
[3.17862276 0.01       0.01       7.74662014 0.01       0.01
 0.01       0.01       8.63400417 0.68264608 4.84433142 3.10159744] 1.0041638472507268
[3.17862276 0.01       0.01       7.74662014 0.01       0.01
 0.01       0.01       8.63400417 0.68264608 4.84433141 3.10159745]
[3.17862276 0.01       0.01       7.74662014 0.01       0.01
 0.01       0.01       8.63400417 0.68264608 4.84433141 3.10159745] 1.0041636029079777
[0.17594281 0.02929636 0.06483704 0.49578099 0.10542988 0.29684912
 0.01       0.04935436 0.69741254 0.24018823 0.47961659 1.72233377]
[0.17594281 0.02929636 0.06483704 0.49578099 0.10542988 0.29684912
 0.01       0.04935436 0.69741254 0.24018823 0.47961659 1.72233377] 1.0098735047198135
[0.17594282 0.02929636 0.06483704 0.49578099 0.10542988 0.29684912
 0.01       0.04935436 0.69741254 0.24018823 0.47961659 1.72233377]
[0.17594282 0.02929636 0.06483704 0.49578099 0.10542988 0.29684912
 0.01       0.04935436 0.69741254 0.24018823 0.47961659 1.72233377] 1.00987315941325
[0.17594281 0.02929637 0.06483704 0.49578099 0.10542988 0.29684912
 0.01       0.04935436 0.69741254 0.24018823 0.47961659 1.72233377]
[0.17594281 0.02929637 0.06483704 0.49578099 0.10542988 0.29684912
 0.01       0.04935436 0.69741254 0.24018823 0.47961659 1.72233377] 1.0098731347524703
[0.17594281 0.02929636 0.06483705 0.49578099 0.10542988 0.29684912
 0.01       0.04935436 0.69741254 0.24018823 0.47961659 1.72233377]
[0.17594281 0.02929636 0.06483705 0.49578099 0.10542988 0.29684912
 0.01       0.04935436 0.69741254 0.24018823 0.47961659 1.72233377] 1.0098733022615791
[0.17594281 0.02929636 0.06483704 0.495781   0.10542988 0.29684912
 0.01       0.04935436 0.69741254 0.24018823 0.47961659 1.72233377]
[0.17594281 0.02929636 0.06483704 0.495781   0.10542988 0.29684912
 0.01       0.04935436 0.69741254 0.24018823 0.47961659 1.72233377] 1.009873404511911
[0.17594281 0.02929636 0.06483704 0.49578099 0.10542989 0.29684912
 0.01       0.04935436 0.69741254 0.24018823 0.47961659 1.72233377]
[0.17594281 0.02929636 0.06483704 0.49578099 0.10542989 0.29684912
 0.01       0.04935436 0.69741254 0.24018823 0.47961659 1.72233377] 1.0098735737738462
[0.17594281 0.02929636 0.06483704 0.49578099 0.10542988 0.29684913
 0.01       0.04935436 0.69741254 0.24018823 0.47961659 1.72233377]
[0.17594281 0.02929636 0.06483704 0.49578099 0.10542988 0.29684913
 0.01       0.04935436 0.69741254 0.24018823 0.47961659 1.72233377] 1.0098736044832115
[0.17594281 0.02929636 0.06483704 0.49578099 0.10542988 0.29684912
 0.01000001 0.04935436 0.69741254 0.24018823 0.47961659 1.72233377]
[0.17594281 0.02929636 0.06483704 0.49578099 0.10542988 0.29684912
 0.01000001 0.04935436 0.69741254 0.24018823 0.47961659 1.72233377] 1.009873268222979
[0.17594281 0.02929636 0.06483704 0.49578099 0.10542988 0.29684912
 0.01       0.04935437 0.69741254 0.24018823 0.47961659 1.72233377]
[0.17594281 0.02929636 0.06483704 0.49578099 0.10542988 0.29684912
 0.01       0.04935437 0.69741254 0.24018823 0.47961659 1.72233377] 1.0098733112067872
[0.17594281 0.02929636 0.06483704 0.49578099 0.10542988 0.29684912
 0.01       0.04935436 0.69741255 0.24018823 0.47961659 1.72233377]
[0.17594281 0.02929636 0.06483704 0.49578099 0.10542988 0.29684912
 0.01       0.04935436 0.69741255 0.24018823 0.47961659 1.72233377] 1.00987343462524
[0.17594281 0.02929636 0.06483704 0.49578099 0.10542988 0.29684912
 0.01       0.04935436 0.69741254 0.24018824 0.47961659 1.72233377]
[0.17594281 0.02929636 0.06483704 0.49578099 0.10542988 0.29684912
 0.01       0.04935436 0.69741254 0.24018824 0.47961659 1.72233377] 1.0098732789794769
[0.17594281 0.02929636 0.06483704 0.49578099 0.10542988 0.29684912
 0.01       0.04935436 0.69741254 0.24018823 0.4796166  1.72233377]
[0.17594281 0.02929636 0.06483704 0.49578099 0.10542988 0.29684912
 0.01       0.04935436 0.69741254 0.24018823 0.4796166  1.72233377] 1.0098738090571011
[0.17594281 0.02929636 0.06483704 0.49578099 0.10542988 0.29684912
 0.01       0.04935436 0.69741254 0.24018823 0.47961659 1.72233378]
[0.17594281 0.02929636 0.06483704 0.49578099 0.10542988 0.29684912
 0.01       0.04935436 0.69741254 0.24018823 0.47961659 1.72233378] 1.0098733988157518
[0.08753499 0.02986451 0.06645161 0.28229473 0.10823962 0.30529481
 0.01       0.05051307 0.4637357  0.22716095 0.35110642 1.68172415]
[0.08753499 0.02986451 0.06645161 0.28229473 0.10823962 0.30529481
 0.01       0.05051307 0.4637357  0.22716095 0.35110642 1.68172415] 1.0181878804321782
[0.087535   0.02986451 0.06645161 0.28229473 0.10823962 0.30529481
 0.01       0.05051307 0.4637357  0.22716095 0.35110642 1.68172415]
[0.087535   0.02986451 0.06645161 0.28229473 0.10823962 0.30529481
 0.01       0.05051307 0.4637357  0.22716095 0.35110642 1.68172415] 1.018187920339971
[0.08753499 0.02986452 0.06645161 0.28229473 0.10823962 0.30529481
 0.01       0.05051307 0.4637357  0.22716095 0.35110642 1.68172415]
[0.08753499 0.02986452 0.06645161 0.28229473 0.10823962 0.30529481
 0.01       0.05051307 0.4637357  0.22716095 0.35110642 1.68172415] 1.0181878704997869
[0.08753499 0.02986451 0.06645162 0.28229473 0.10823962 0.30529481
 0.01       0.05051307 0.4637357  0.22716095 0.35110642 1.68172415]
[0.08753499 0.02986451 0.06645162 0.28229473 0.10823962 0.30529481
 0.01       0.05051307 0.4637357  0.22716095 0.35110642 1.68172415] 1.0181879838830707
[0.08753499 0.02986451 0.06645161 0.28229474 0.10823962 0.30529481
 0.01       0.05051307 0.4637357  0.22716095 0.35110642 1.68172415]
[0.08753499 0.02986451 0.06645161 0.28229474 0.10823962 0.30529481
 0.01       0.05051307 0.4637357  0.22716095 0.35110642 1.68172415] 1.0181877923889293
[0.08753499 0.02986451 0.06645161 0.28229473 0.10823963 0.30529481
 0.01       0.05051307 0.4637357  0.22716095 0.35110642 1.68172415]
[0.08753499 0.02986451 0.06645161 0.28229473 0.10823963 0.30529481
 0.01       0.05051307 0.4637357  0.22716095 0.35110642 1.68172415] 1.0181879047592493
[0.08753499 0.02986451 0.06645161 0.28229473 0.10823962 0.30529482
 0.01       0.05051307 0.4637357  0.22716095 0.35110642 1.68172415]
[0.08753499 0.02986451 0.06645161 0.28229473 0.10823962 0.30529482
 0.01       0.05051307 0.4637357  0.22716095 0.35110642 1.68172415] 1.018187952817605
[0.08753499 0.02986451 0.06645161 0.28229473 0.10823962 0.30529481
 0.01000001 0.05051307 0.4637357  0.22716095 0.35110642 1.68172415]
[0.08753499 0.02986451 0.06645161 0.28229473 0.10823962 0.30529481
 0.01000001 0.05051307 0.4637357  0.22716095 0.35110642 1.68172415] 1.0181879476086582
[0.08753499 0.02986451 0.06645161 0.28229473 0.10823962 0.30529481
 0.01       0.05051308 0.4637357  0.22716095 0.35110642 1.68172415]
[0.08753499 0.02986451 0.06645161 0.28229473 0.10823962 0.30529481
 0.01       0.05051308 0.4637357  0.22716095 0.35110642 1.68172415] 1.0181879412410004
[0.08753499 0.02986451 0.06645161 0.28229473 0.10823962 0.30529481
 0.01       0.05051307 0.46373571 0.22716095 0.35110642 1.68172415]
[0.08753499 0.02986451 0.06645161 0.28229473 0.10823962 0.30529481
 0.01       0.05051307 0.46373571 0.22716095 0.35110642 1.68172415] 1.0181877897206726
[0.08753499 0.02986451 0.06645161 0.28229473 0.10823962 0.30529481
 0.01       0.05051307 0.4637357  0.22716096 0.35110642 1.68172415]
[0.08753499 0.02986451 0.06645161 0.28229473 0.10823962 0.30529481
 0.01       0.05051307 0.4637357  0.22716096 0.35110642 1.68172415] 1.018187811705594
[0.08753499 0.02986451 0.06645161 0.28229473 0.10823962 0.30529481
 0.01       0.05051307 0.4637357  0.22716095 0.35110643 1.68172415]
[0.08753499 0.02986451 0.06645161 0.28229473 0.10823962 0.30529481
 0.01       0.05051307 0.4637357  0.22716095 0.35110643 1.68172415] 1.018187995591149
[0.08753499 0.02986451 0.06645161 0.28229473 0.10823962 0.30529481
 0.01       0.05051307 0.4637357  0.22716095 0.35110642 1.68172416]
[0.08753499 0.02986451 0.06645161 0.28229473 0.10823962 0.30529481
 0.01       0.05051307 0.4637357  0.22716095 0.35110642 1.68172416] 1.018187872709229
[0.04229505 0.03015524 0.06727781 0.17304982 0.10967742 0.30961662
 0.01       0.051106   0.34415888 0.22049465 0.28534535 1.66094345]
[0.04229505 0.03015524 0.06727781 0.17304982 0.10967742 0.30961662
 0.01       0.051106   0.34415888 0.22049465 0.28534535 1.66094345] 1.0330869932880706
[0.04229506 0.03015524 0.06727781 0.17304982 0.10967742 0.30961662
 0.01       0.051106   0.34415888 0.22049465 0.28534535 1.66094345]
[0.04229506 0.03015524 0.06727781 0.17304982 0.10967742 0.30961662
 0.01       0.051106   0.34415888 0.22049465 0.28534535 1.66094345] 1.0330870109647023
[0.04229505 0.03015525 0.06727781 0.17304982 0.10967742 0.30961662
 0.01       0.051106   0.34415888 0.22049465 0.28534535 1.66094345]
[0.04229505 0.03015525 0.06727781 0.17304982 0.10967742 0.30961662
 0.01       0.051106   0.34415888 0.22049465 0.28534535 1.66094345] 1.0330869956965019
[0.04229505 0.03015524 0.06727782 0.17304982 0.10967742 0.30961662
 0.01       0.051106   0.34415888 0.22049465 0.28534535 1.66094345]
[0.04229505 0.03015524 0.06727782 0.17304982 0.10967742 0.30961662
 0.01       0.051106   0.34415888 0.22049465 0.28534535 1.66094345] 1.033087014258209
[0.04229505 0.03015524 0.06727781 0.17304983 0.10967742 0.30961662
 0.01       0.051106   0.34415888 0.22049465 0.28534535 1.66094345]
[0.04229505 0.03015524 0.06727781 0.17304983 0.10967742 0.30961662
 0.01       0.051106   0.34415888 0.22049465 0.28534535 1.66094345] 1.0330869728175232
[0.04229505 0.03015524 0.06727781 0.17304982 0.10967743 0.30961662
 0.01       0.051106   0.34415888 0.22049465 0.28534535 1.66094345]
[0.04229505 0.03015524 0.06727781 0.17304982 0.10967743 0.30961662
 0.01       0.051106   0.34415888 0.22049465 0.28534535 1.66094345] 1.0330869864392593
[0.04229505 0.03015524 0.06727781 0.17304982 0.10967742 0.30961663
 0.01       0.051106   0.34415888 0.22049465 0.28534535 1.66094345]
[0.04229505 0.03015524 0.06727781 0.17304982 0.10967742 0.30961663
 0.01       0.051106   0.34415888 0.22049465 0.28534535 1.66094345] 1.0330870135344816
[0.04229505 0.03015524 0.06727781 0.17304982 0.10967742 0.30961662
 0.01000001 0.051106   0.34415888 0.22049465 0.28534535 1.66094345]
[0.04229505 0.03015524 0.06727781 0.17304982 0.10967742 0.30961662
 0.01000001 0.051106   0.34415888 0.22049465 0.28534535 1.66094345] 1.0330870370858285
[0.04229505 0.03015524 0.06727781 0.17304982 0.10967742 0.30961662
 0.01       0.05110601 0.34415888 0.22049465 0.28534535 1.66094345]
[0.04229505 0.03015524 0.06727781 0.17304982 0.10967742 0.30961662
 0.01       0.05110601 0.34415888 0.22049465 0.28534535 1.66094345] 1.0330869483606075
[0.04229505 0.03015524 0.06727781 0.17304982 0.10967742 0.30961662
 0.01       0.051106   0.34415889 0.22049465 0.28534535 1.66094345]
[0.04229505 0.03015524 0.06727781 0.17304982 0.10967742 0.30961662
 0.01       0.051106   0.34415889 0.22049465 0.28534535 1.66094345] 1.0330869418296718
[0.04229505 0.03015524 0.06727781 0.17304982 0.10967742 0.30961662
 0.01       0.051106   0.34415888 0.22049466 0.28534535 1.66094345]
[0.04229505 0.03015524 0.06727781 0.17304982 0.10967742 0.30961662
 0.01       0.051106   0.34415888 0.22049466 0.28534535 1.66094345] 1.0330869744914744
[0.04229505 0.03015524 0.06727781 0.17304982 0.10967742 0.30961662
 0.01       0.051106   0.34415888 0.22049465 0.28534536 1.66094345]
[0.04229505 0.03015524 0.06727781 0.17304982 0.10967742 0.30961662
 0.01       0.051106   0.34415888 0.22049465 0.28534536 1.66094345] 1.0330869573116794
[0.04229505 0.03015524 0.06727781 0.17304982 0.10967742 0.30961662
 0.01       0.051106   0.34415888 0.22049465 0.28534535 1.66094346]
[0.04229505 0.03015524 0.06727781 0.17304982 0.10967742 0.30961662
 0.01       0.051106   0.34415888 0.22049465 0.28534535 1.66094346] 1.0330869678354435
[0.02291605 0.03027977 0.06763172 0.12625361 0.11029331 0.31146792
 0.01       0.05135999 0.29293689 0.21763907 0.25717591 1.65204181]
[0.02291605 0.03027977 0.06763172 0.12625361 0.11029331 0.31146792
 0.01       0.05135999 0.29293689 0.21763907 0.25717591 1.65204181] 1.0472927059059562
[0.02291606 0.03027977 0.06763172 0.12625361 0.11029331 0.31146792
 0.01       0.05135999 0.29293689 0.21763907 0.25717591 1.65204181]
[0.02291606 0.03027977 0.06763172 0.12625361 0.11029331 0.31146792
 0.01       0.05135999 0.29293689 0.21763907 0.25717591 1.65204181] 1.0472926474795716
[0.02291605 0.03027978 0.06763172 0.12625361 0.11029331 0.31146792
 0.01       0.05135999 0.29293689 0.21763907 0.25717591 1.65204181]
[0.02291605 0.03027978 0.06763172 0.12625361 0.11029331 0.31146792
 0.01       0.05135999 0.29293689 0.21763907 0.25717591 1.65204181] 1.0472927074614653
[0.02291605 0.03027977 0.06763173 0.12625361 0.11029331 0.31146792
 0.01       0.05135999 0.29293689 0.21763907 0.25717591 1.65204181]
[0.02291605 0.03027977 0.06763173 0.12625361 0.11029331 0.31146792
 0.01       0.05135999 0.29293689 0.21763907 0.25717591 1.65204181] 1.0472926667383096
[0.02291605 0.03027977 0.06763172 0.12625362 0.11029331 0.31146792
 0.01       0.05135999 0.29293689 0.21763907 0.25717591 1.65204181]
[0.02291605 0.03027977 0.06763172 0.12625362 0.11029331 0.31146792
 0.01       0.05135999 0.29293689 0.21763907 0.25717591 1.65204181] 1.0472927168286763
[0.02291605 0.03027977 0.06763172 0.12625361 0.11029332 0.31146792
 0.01       0.05135999 0.29293689 0.21763907 0.25717591 1.65204181]
[0.02291605 0.03027977 0.06763172 0.12625361 0.11029332 0.31146792
 0.01       0.05135999 0.29293689 0.21763907 0.25717591 1.65204181] 1.0472927165339225
[0.02291605 0.03027977 0.06763172 0.12625361 0.11029331 0.31146793
 0.01       0.05135999 0.29293689 0.21763907 0.25717591 1.65204181]
[0.02291605 0.03027977 0.06763172 0.12625361 0.11029331 0.31146793
 0.01       0.05135999 0.29293689 0.21763907 0.25717591 1.65204181] 1.0472927240386296
[0.02291605 0.03027977 0.06763172 0.12625361 0.11029331 0.31146792
 0.01000001 0.05135999 0.29293689 0.21763907 0.25717591 1.65204181]
[0.02291605 0.03027977 0.06763172 0.12625361 0.11029331 0.31146792
 0.01000001 0.05135999 0.29293689 0.21763907 0.25717591 1.65204181] 1.0472926384764296
[0.02291605 0.03027977 0.06763172 0.12625361 0.11029331 0.31146792
 0.01       0.05136    0.29293689 0.21763907 0.25717591 1.65204181]
[0.02291605 0.03027977 0.06763172 0.12625361 0.11029331 0.31146792
 0.01       0.05136    0.29293689 0.21763907 0.25717591 1.65204181] 1.0472927147313709
[0.02291605 0.03027977 0.06763172 0.12625361 0.11029331 0.31146792
 0.01       0.05135999 0.2929369  0.21763907 0.25717591 1.65204181]
[0.02291605 0.03027977 0.06763172 0.12625361 0.11029331 0.31146792
 0.01       0.05135999 0.2929369  0.21763907 0.25717591 1.65204181] 1.0472927148134625
[0.02291605 0.03027977 0.06763172 0.12625361 0.11029331 0.31146792
 0.01       0.05135999 0.29293689 0.21763908 0.25717591 1.65204181]
[0.02291605 0.03027977 0.06763172 0.12625361 0.11029331 0.31146792
 0.01       0.05135999 0.29293689 0.21763908 0.25717591 1.65204181] 1.0472926835295802
[0.02291605 0.03027977 0.06763172 0.12625361 0.11029331 0.31146792
 0.01       0.05135999 0.29293689 0.21763907 0.25717592 1.65204181]
[0.02291605 0.03027977 0.06763172 0.12625361 0.11029331 0.31146792
 0.01       0.05135999 0.29293689 0.21763907 0.25717592 1.65204181] 1.0472926791242212
[0.02291605 0.03027977 0.06763172 0.12625361 0.11029331 0.31146792
 0.01       0.05135999 0.29293689 0.21763907 0.25717591 1.65204182]
[0.02291605 0.03027977 0.06763172 0.12625361 0.11029331 0.31146792
 0.01       0.05135999 0.29293689 0.21763907 0.25717591 1.65204182] 1.047292666371842
[0.01439861 0.03033451 0.06778727 0.1056858  0.11056401 0.3122816
 0.01       0.05147162 0.27042387 0.21638399 0.24479491 1.64812938]
[0.01439861 0.03033451 0.06778727 0.1056858  0.11056401 0.3122816
 0.01       0.05147162 0.27042387 0.21638399 0.24479491 1.64812938] 1.0566619641299209
[0.01439862 0.03033451 0.06778727 0.1056858  0.11056401 0.3122816
 0.01       0.05147162 0.27042387 0.21638399 0.24479491 1.64812938]
[0.01439862 0.03033451 0.06778727 0.1056858  0.11056401 0.3122816
 0.01       0.05147162 0.27042387 0.21638399 0.24479491 1.64812938] 1.0566620587300635
[0.01439861 0.03033452 0.06778727 0.1056858  0.11056401 0.3122816
 0.01       0.05147162 0.27042387 0.21638399 0.24479491 1.64812938]
[0.01439861 0.03033452 0.06778727 0.1056858  0.11056401 0.3122816
 0.01       0.05147162 0.27042387 0.21638399 0.24479491 1.64812938] 1.0566619760702378
[0.01439861 0.03033451 0.06778728 0.1056858  0.11056401 0.3122816
 0.01       0.05147162 0.27042387 0.21638399 0.24479491 1.64812938]
[0.01439861 0.03033451 0.06778728 0.1056858  0.11056401 0.3122816
 0.01       0.05147162 0.27042387 0.21638399 0.24479491 1.64812938] 1.0566620487706224
[0.01439861 0.03033451 0.06778727 0.10568581 0.11056401 0.3122816
 0.01       0.05147162 0.27042387 0.21638399 0.24479491 1.64812938]
[0.01439861 0.03033451 0.06778727 0.10568581 0.11056401 0.3122816
 0.01       0.05147162 0.27042387 0.21638399 0.24479491 1.64812938] 1.0566620271681517
[0.01439861 0.03033451 0.06778727 0.1056858  0.11056402 0.3122816
 0.01       0.05147162 0.27042387 0.21638399 0.24479491 1.64812938]
[0.01439861 0.03033451 0.06778727 0.1056858  0.11056402 0.3122816
 0.01       0.05147162 0.27042387 0.21638399 0.24479491 1.64812938] 1.0566619816733545
[0.01439861 0.03033451 0.06778727 0.1056858  0.11056401 0.31228161
 0.01       0.05147162 0.27042387 0.21638399 0.24479491 1.64812938]
[0.01439861 0.03033451 0.06778727 0.1056858  0.11056401 0.31228161
 0.01       0.05147162 0.27042387 0.21638399 0.24479491 1.64812938] 1.056661946263085
[0.01439861 0.03033451 0.06778727 0.1056858  0.11056401 0.3122816
 0.01000001 0.05147162 0.27042387 0.21638399 0.24479491 1.64812938]
[0.01439861 0.03033451 0.06778727 0.1056858  0.11056401 0.3122816
 0.01000001 0.05147162 0.27042387 0.21638399 0.24479491 1.64812938] 1.0566620286052024
[0.01439861 0.03033451 0.06778727 0.1056858  0.11056401 0.3122816
 0.01       0.05147163 0.27042387 0.21638399 0.24479491 1.64812938]
[0.01439861 0.03033451 0.06778727 0.1056858  0.11056401 0.3122816
 0.01       0.05147163 0.27042387 0.21638399 0.24479491 1.64812938] 1.056661931248014
[0.01439861 0.03033451 0.06778727 0.1056858  0.11056401 0.3122816
 0.01       0.05147162 0.27042388 0.21638399 0.24479491 1.64812938]
[0.01439861 0.03033451 0.06778727 0.1056858  0.11056401 0.3122816
 0.01       0.05147162 0.27042388 0.21638399 0.24479491 1.64812938] 1.0566619956403929
[0.01439861 0.03033451 0.06778727 0.1056858  0.11056401 0.3122816
 0.01       0.05147162 0.27042387 0.216384   0.24479491 1.64812938]
[0.01439861 0.03033451 0.06778727 0.1056858  0.11056401 0.3122816
 0.01       0.05147162 0.27042387 0.216384   0.24479491 1.64812938] 1.056662010914436
[0.01439861 0.03033451 0.06778727 0.1056858  0.11056401 0.3122816
 0.01       0.05147162 0.27042387 0.21638399 0.24479492 1.64812938]
[0.01439861 0.03033451 0.06778727 0.1056858  0.11056401 0.3122816
 0.01       0.05147162 0.27042387 0.21638399 0.24479492 1.64812938] 1.056662053483403
[0.01439861 0.03033451 0.06778727 0.1056858  0.11056401 0.3122816
 0.01       0.05147162 0.27042387 0.21638399 0.24479491 1.64812939]
[0.01439861 0.03033451 0.06778727 0.1056858  0.11056401 0.3122816
 0.01       0.05147162 0.27042387 0.21638399 0.24479491 1.64812939] 1.0566620984150175
[0.01089207 0.03035704 0.06785131 0.09721825 0.11067545 0.31261658
 0.01       0.05151758 0.26115549 0.21586729 0.23969779 1.64651867]
[0.01089207 0.03035704 0.06785131 0.09721825 0.11067545 0.31261658
 0.01       0.05151758 0.26115549 0.21586729 0.23969779 1.64651867] 1.0613564619404565
[0.01089208 0.03035704 0.06785131 0.09721825 0.11067545 0.31261658
 0.01       0.05151758 0.26115549 0.21586729 0.23969779 1.64651867]
[0.01089208 0.03035704 0.06785131 0.09721825 0.11067545 0.31261658
 0.01       0.05151758 0.26115549 0.21586729 0.23969779 1.64651867] 1.0613565532414744
[0.01089207 0.03035705 0.06785131 0.09721825 0.11067545 0.31261658
 0.01       0.05151758 0.26115549 0.21586729 0.23969779 1.64651867]
[0.01089207 0.03035705 0.06785131 0.09721825 0.11067545 0.31261658
 0.01       0.05151758 0.26115549 0.21586729 0.23969779 1.64651867] 1.0613565303579826
[0.01089207 0.03035704 0.06785132 0.09721825 0.11067545 0.31261658
 0.01       0.05151758 0.26115549 0.21586729 0.23969779 1.64651867]
[0.01089207 0.03035704 0.06785132 0.09721825 0.11067545 0.31261658
 0.01       0.05151758 0.26115549 0.21586729 0.23969779 1.64651867] 1.061356605147897
[0.01089207 0.03035704 0.06785131 0.09721826 0.11067545 0.31261658
 0.01       0.05151758 0.26115549 0.21586729 0.23969779 1.64651867]
[0.01089207 0.03035704 0.06785131 0.09721826 0.11067545 0.31261658
 0.01       0.05151758 0.26115549 0.21586729 0.23969779 1.64651867] 1.0613564934943178
[0.01089207 0.03035704 0.06785131 0.09721825 0.11067546 0.31261658
 0.01       0.05151758 0.26115549 0.21586729 0.23969779 1.64651867]
[0.01089207 0.03035704 0.06785131 0.09721825 0.11067546 0.31261658
 0.01       0.05151758 0.26115549 0.21586729 0.23969779 1.64651867] 1.0613565746047946
[0.01089207 0.03035704 0.06785131 0.09721825 0.11067545 0.31261659
 0.01       0.05151758 0.26115549 0.21586729 0.23969779 1.64651867]
[0.01089207 0.03035704 0.06785131 0.09721825 0.11067545 0.31261659
 0.01       0.05151758 0.26115549 0.21586729 0.23969779 1.64651867] 1.0613565871025692
[0.01089207 0.03035704 0.06785131 0.09721825 0.11067545 0.31261658
 0.01000001 0.05151758 0.26115549 0.21586729 0.23969779 1.64651867]
[0.01089207 0.03035704 0.06785131 0.09721825 0.11067545 0.31261658
 0.01000001 0.05151758 0.26115549 0.21586729 0.23969779 1.64651867] 1.061356638232399
[0.01089207 0.03035704 0.06785131 0.09721825 0.11067545 0.31261658
 0.01       0.05151759 0.26115549 0.21586729 0.23969779 1.64651867]
[0.01089207 0.03035704 0.06785131 0.09721825 0.11067545 0.31261658
 0.01       0.05151759 0.26115549 0.21586729 0.23969779 1.64651867] 1.061356507438935
[0.01089207 0.03035704 0.06785131 0.09721825 0.11067545 0.31261658
 0.01       0.05151758 0.2611555  0.21586729 0.23969779 1.64651867]
[0.01089207 0.03035704 0.06785131 0.09721825 0.11067545 0.31261658
 0.01       0.05151758 0.2611555  0.21586729 0.23969779 1.64651867] 1.0613565017568882
[0.01089207 0.03035704 0.06785131 0.09721825 0.11067545 0.31261658
 0.01       0.05151758 0.26115549 0.2158673  0.23969779 1.64651867]
[0.01089207 0.03035704 0.06785131 0.09721825 0.11067545 0.31261658
 0.01       0.05151758 0.26115549 0.2158673  0.23969779 1.64651867] 1.0613565813119132
[0.01089207 0.03035704 0.06785131 0.09721825 0.11067545 0.31261658
 0.01       0.05151758 0.26115549 0.21586729 0.2396978  1.64651867]
[0.01089207 0.03035704 0.06785131 0.09721825 0.11067545 0.31261658
 0.01       0.05151758 0.26115549 0.21586729 0.2396978  1.64651867] 1.0613565392014197
[0.01089207 0.03035704 0.06785131 0.09721825 0.11067545 0.31261658
 0.01       0.05151758 0.26115549 0.21586729 0.23969779 1.64651868]
[0.01089207 0.03035704 0.06785131 0.09721825 0.11067545 0.31261658
 0.01       0.05151758 0.26115549 0.21586729 0.23969779 1.64651868] 1.0613565223419652
[0.01019721 0.03036151 0.067864   0.0955403  0.11069754 0.31268296
 0.01       0.05152669 0.25931885 0.2157649  0.23868773 1.64619949]
[0.01019721 0.03036151 0.067864   0.0955403  0.11069754 0.31268296
 0.01       0.05152669 0.25931885 0.2157649  0.23868773 1.64619949] 1.062357229609831
[0.01019722 0.03036151 0.067864   0.0955403  0.11069754 0.31268296
 0.01       0.05152669 0.25931885 0.2157649  0.23868773 1.64619949]
[0.01019722 0.03036151 0.067864   0.0955403  0.11069754 0.31268296
 0.01       0.05152669 0.25931885 0.2157649  0.23868773 1.64619949] 1.0623572584554501
[0.01019721 0.03036152 0.067864   0.0955403  0.11069754 0.31268296
 0.01       0.05152669 0.25931885 0.2157649  0.23868773 1.64619949]
[0.01019721 0.03036152 0.067864   0.0955403  0.11069754 0.31268296
 0.01       0.05152669 0.25931885 0.2157649  0.23868773 1.64619949] 1.0623571840897799
[0.01019721 0.03036151 0.06786401 0.0955403  0.11069754 0.31268296
 0.01       0.05152669 0.25931885 0.2157649  0.23868773 1.64619949]
[0.01019721 0.03036151 0.06786401 0.0955403  0.11069754 0.31268296
 0.01       0.05152669 0.25931885 0.2157649  0.23868773 1.64619949] 1.062357288470723
[0.01019721 0.03036151 0.067864   0.09554031 0.11069754 0.31268296
 0.01       0.05152669 0.25931885 0.2157649  0.23868773 1.64619949]
[0.01019721 0.03036151 0.067864   0.09554031 0.11069754 0.31268296
 0.01       0.05152669 0.25931885 0.2157649  0.23868773 1.64619949] 1.0623571662617504
[0.01019721 0.03036151 0.067864   0.0955403  0.11069755 0.31268296
 0.01       0.05152669 0.25931885 0.2157649  0.23868773 1.64619949]
[0.01019721 0.03036151 0.067864   0.0955403  0.11069755 0.31268296
 0.01       0.05152669 0.25931885 0.2157649  0.23868773 1.64619949] 1.062357296516689
[0.01019721 0.03036151 0.067864   0.0955403  0.11069754 0.31268297
 0.01       0.05152669 0.25931885 0.2157649  0.23868773 1.64619949]
[0.01019721 0.03036151 0.067864   0.0955403  0.11069754 0.31268297
 0.01       0.05152669 0.25931885 0.2157649  0.23868773 1.64619949] 1.0623573004375102
[0.01019721 0.03036151 0.067864   0.0955403  0.11069754 0.31268296
 0.01000001 0.05152669 0.25931885 0.2157649  0.23868773 1.64619949]
[0.01019721 0.03036151 0.067864   0.0955403  0.11069754 0.31268296
 0.01000001 0.05152669 0.25931885 0.2157649  0.23868773 1.64619949] 1.0623572258539387
[0.01019721 0.03036151 0.067864   0.0955403  0.11069754 0.31268296
 0.01       0.0515267  0.25931885 0.2157649  0.23868773 1.64619949]
[0.01019721 0.03036151 0.067864   0.0955403  0.11069754 0.31268296
 0.01       0.0515267  0.25931885 0.2157649  0.23868773 1.64619949] 1.0623572765707234
[0.01019721 0.03036151 0.067864   0.0955403  0.11069754 0.31268296
 0.01       0.05152669 0.25931886 0.2157649  0.23868773 1.64619949]
[0.01019721 0.03036151 0.067864   0.0955403  0.11069754 0.31268296
 0.01       0.05152669 0.25931886 0.2157649  0.23868773 1.64619949] 1.0623572206593355
[0.01019721 0.03036151 0.067864   0.0955403  0.11069754 0.31268296
 0.01       0.05152669 0.25931885 0.21576491 0.23868773 1.64619949]
[0.01019721 0.03036151 0.067864   0.0955403  0.11069754 0.31268296
 0.01       0.05152669 0.25931885 0.21576491 0.23868773 1.64619949] 1.0623572871262577
[0.01019721 0.03036151 0.067864   0.0955403  0.11069754 0.31268296
 0.01       0.05152669 0.25931885 0.2157649  0.23868774 1.64619949]
[0.01019721 0.03036151 0.067864   0.0955403  0.11069754 0.31268296
 0.01       0.05152669 0.25931885 0.2157649  0.23868774 1.64619949] 1.062357378440611
[0.01019721 0.03036151 0.067864   0.0955403  0.11069754 0.31268296
 0.01       0.05152669 0.25931885 0.2157649  0.23868773 1.6461995 ]
[0.01019721 0.03036151 0.067864   0.0955403  0.11069754 0.31268296
 0.01       0.05152669 0.25931885 0.2157649  0.23868773 1.6461995 ] 1.062357230249248
[0.01005848 0.0303624  0.06786654 0.0952053  0.11070194 0.31269622
 0.01       0.05152851 0.25895217 0.21574445 0.23848607 1.64613577]
[0.01005848 0.0303624  0.06786654 0.0952053  0.11070194 0.31269622
 0.01       0.05152851 0.25895217 0.21574445 0.23848607 1.64613577] 1.0625599995624986
[0.01005849 0.0303624  0.06786654 0.0952053  0.11070194 0.31269622
 0.01       0.05152851 0.25895217 0.21574445 0.23848607 1.64613577]
[0.01005849 0.0303624  0.06786654 0.0952053  0.11070194 0.31269622
 0.01       0.05152851 0.25895217 0.21574445 0.23848607 1.64613577] 1.0625600130094195
[0.01005848 0.03036241 0.06786654 0.0952053  0.11070194 0.31269622
 0.01       0.05152851 0.25895217 0.21574445 0.23848607 1.64613577]
[0.01005848 0.03036241 0.06786654 0.0952053  0.11070194 0.31269622
 0.01       0.05152851 0.25895217 0.21574445 0.23848607 1.64613577] 1.0625600610103614
[0.01005848 0.0303624  0.06786655 0.0952053  0.11070194 0.31269622
 0.01       0.05152851 0.25895217 0.21574445 0.23848607 1.64613577]
[0.01005848 0.0303624  0.06786655 0.0952053  0.11070194 0.31269622
 0.01       0.05152851 0.25895217 0.21574445 0.23848607 1.64613577] 1.0625600662582892
[0.01005848 0.0303624  0.06786654 0.09520531 0.11070194 0.31269622
 0.01       0.05152851 0.25895217 0.21574445 0.23848607 1.64613577]
[0.01005848 0.0303624  0.06786654 0.09520531 0.11070194 0.31269622
 0.01       0.05152851 0.25895217 0.21574445 0.23848607 1.64613577] 1.0625599865834274
[0.01005848 0.0303624  0.06786654 0.0952053  0.11070195 0.31269622
 0.01       0.05152851 0.25895217 0.21574445 0.23848607 1.64613577]
[0.01005848 0.0303624  0.06786654 0.0952053  0.11070195 0.31269622
 0.01       0.05152851 0.25895217 0.21574445 0.23848607 1.64613577] 1.0625600529094115
[0.01005848 0.0303624  0.06786654 0.0952053  0.11070194 0.31269623
 0.01       0.05152851 0.25895217 0.21574445 0.23848607 1.64613577]
[0.01005848 0.0303624  0.06786654 0.0952053  0.11070194 0.31269623
 0.01       0.05152851 0.25895217 0.21574445 0.23848607 1.64613577] 1.0625599158200345
[0.01005848 0.0303624  0.06786654 0.0952053  0.11070194 0.31269622
 0.01000001 0.05152851 0.25895217 0.21574445 0.23848607 1.64613577]
[0.01005848 0.0303624  0.06786654 0.0952053  0.11070194 0.31269622
 0.01000001 0.05152851 0.25895217 0.21574445 0.23848607 1.64613577] 1.0625599350691863
[0.01005848 0.0303624  0.06786654 0.0952053  0.11070194 0.31269622
 0.01       0.05152852 0.25895217 0.21574445 0.23848607 1.64613577]
[0.01005848 0.0303624  0.06786654 0.0952053  0.11070194 0.31269622
 0.01       0.05152852 0.25895217 0.21574445 0.23848607 1.64613577] 1.0625600241311093
[0.01005848 0.0303624  0.06786654 0.0952053  0.11070194 0.31269622
 0.01       0.05152851 0.25895218 0.21574445 0.23848607 1.64613577]
[0.01005848 0.0303624  0.06786654 0.0952053  0.11070194 0.31269622
 0.01       0.05152851 0.25895218 0.21574445 0.23848607 1.64613577] 1.0625600172728487
[0.01005848 0.0303624  0.06786654 0.0952053  0.11070194 0.31269622
 0.01       0.05152851 0.25895217 0.21574446 0.23848607 1.64613577]
[0.01005848 0.0303624  0.06786654 0.0952053  0.11070194 0.31269622
 0.01       0.05152851 0.25895217 0.21574446 0.23848607 1.64613577] 1.062560016808079
[0.01005848 0.0303624  0.06786654 0.0952053  0.11070194 0.31269622
 0.01       0.05152851 0.25895217 0.21574445 0.23848608 1.64613577]
[0.01005848 0.0303624  0.06786654 0.0952053  0.11070194 0.31269622
 0.01       0.05152851 0.25895217 0.21574445 0.23848608 1.64613577] 1.0625599509336374
[0.01005848 0.0303624  0.06786654 0.0952053  0.11070194 0.31269622
 0.01       0.05152851 0.25895217 0.21574445 0.23848607 1.64613578]
[0.01005848 0.0303624  0.06786654 0.0952053  0.11070194 0.31269622
 0.01       0.05152851 0.25895217 0.21574445 0.23848607 1.64613578] 1.062559972746751
[0.01001929 0.03036265 0.06786725 0.09511065 0.11070319 0.31269996
 0.01       0.05152902 0.25884857 0.21573868 0.2384291  1.64611776]
[0.01001929 0.03036265 0.06786725 0.09511065 0.11070319 0.31269996
 0.01       0.05152902 0.25884857 0.21573868 0.2384291  1.64611776] 1.0626174818283312
[0.0100193  0.03036265 0.06786725 0.09511065 0.11070319 0.31269996
 0.01       0.05152902 0.25884857 0.21573868 0.2384291  1.64611776]
[0.0100193  0.03036265 0.06786725 0.09511065 0.11070319 0.31269996
 0.01       0.05152902 0.25884857 0.21573868 0.2384291  1.64611776] 1.062617319393983
[0.01001929 0.03036266 0.06786725 0.09511065 0.11070319 0.31269996
 0.01       0.05152902 0.25884857 0.21573868 0.2384291  1.64611776]
[0.01001929 0.03036266 0.06786725 0.09511065 0.11070319 0.31269996
 0.01       0.05152902 0.25884857 0.21573868 0.2384291  1.64611776] 1.062617431765834
[0.01001929 0.03036265 0.06786726 0.09511065 0.11070319 0.31269996
 0.01       0.05152902 0.25884857 0.21573868 0.2384291  1.64611776]
[0.01001929 0.03036265 0.06786726 0.09511065 0.11070319 0.31269996
 0.01       0.05152902 0.25884857 0.21573868 0.2384291  1.64611776] 1.0626174874309358
[0.01001929 0.03036265 0.06786725 0.09511066 0.11070319 0.31269996
 0.01       0.05152902 0.25884857 0.21573868 0.2384291  1.64611776]
[0.01001929 0.03036265 0.06786725 0.09511066 0.11070319 0.31269996
 0.01       0.05152902 0.25884857 0.21573868 0.2384291  1.64611776] 1.0626174537420652
[0.01001929 0.03036265 0.06786725 0.09511065 0.1107032  0.31269996
 0.01       0.05152902 0.25884857 0.21573868 0.2384291  1.64611776]
[0.01001929 0.03036265 0.06786725 0.09511065 0.1107032  0.31269996
 0.01       0.05152902 0.25884857 0.21573868 0.2384291  1.64611776] 1.062617403011963
[0.01001929 0.03036265 0.06786725 0.09511065 0.11070319 0.31269997
 0.01       0.05152902 0.25884857 0.21573868 0.2384291  1.64611776]
[0.01001929 0.03036265 0.06786725 0.09511065 0.11070319 0.31269997
 0.01       0.05152902 0.25884857 0.21573868 0.2384291  1.64611776] 1.06261749693547
[0.01001929 0.03036265 0.06786725 0.09511065 0.11070319 0.31269996
 0.01000001 0.05152902 0.25884857 0.21573868 0.2384291  1.64611776]
[0.01001929 0.03036265 0.06786725 0.09511065 0.11070319 0.31269996
 0.01000001 0.05152902 0.25884857 0.21573868 0.2384291  1.64611776] 1.0626175427548956
[0.01001929 0.03036265 0.06786725 0.09511065 0.11070319 0.31269996
 0.01       0.05152903 0.25884857 0.21573868 0.2384291  1.64611776]
[0.01001929 0.03036265 0.06786725 0.09511065 0.11070319 0.31269996
 0.01       0.05152903 0.25884857 0.21573868 0.2384291  1.64611776] 1.0626174840931064
[0.01001929 0.03036265 0.06786725 0.09511065 0.11070319 0.31269996
 0.01       0.05152902 0.25884858 0.21573868 0.2384291  1.64611776]
[0.01001929 0.03036265 0.06786725 0.09511065 0.11070319 0.31269996
 0.01       0.05152902 0.25884858 0.21573868 0.2384291  1.64611776] 1.0626174689814722
[0.01001929 0.03036265 0.06786725 0.09511065 0.11070319 0.31269996
 0.01       0.05152902 0.25884857 0.21573869 0.2384291  1.64611776]
[0.01001929 0.03036265 0.06786725 0.09511065 0.11070319 0.31269996
 0.01       0.05152902 0.25884857 0.21573869 0.2384291  1.64611776] 1.0626174819997665
[0.01001929 0.03036265 0.06786725 0.09511065 0.11070319 0.31269996
 0.01       0.05152902 0.25884857 0.21573868 0.23842911 1.64611776]
[0.01001929 0.03036265 0.06786725 0.09511065 0.11070319 0.31269996
 0.01       0.05152902 0.25884857 0.21573868 0.23842911 1.64611776] 1.0626173936987418
[0.01001929 0.03036265 0.06786725 0.09511065 0.11070319 0.31269996
 0.01       0.05152902 0.25884857 0.21573868 0.2384291  1.64611777]
[0.01001929 0.03036265 0.06786725 0.09511065 0.11070319 0.31269996
 0.01       0.05152902 0.25884857 0.21573868 0.2384291  1.64611777] 1.0626174997098854
[0.01000848 0.03036272 0.06786745 0.09508456 0.11070353 0.31270099
 0.01       0.05152916 0.25882    0.21573709 0.23841339 1.6461128 ]
[0.01000848 0.03036272 0.06786745 0.09508456 0.11070353 0.31270099
 0.01       0.05152916 0.25882    0.21573709 0.23841339 1.6461128 ] 1.0626333394640577
[0.01000849 0.03036272 0.06786745 0.09508456 0.11070353 0.31270099
 0.01       0.05152916 0.25882    0.21573709 0.23841339 1.6461128 ]
[0.01000849 0.03036272 0.06786745 0.09508456 0.11070353 0.31270099
 0.01       0.05152916 0.25882    0.21573709 0.23841339 1.6461128 ] 1.0626332777274778
[0.01000848 0.03036273 0.06786745 0.09508456 0.11070353 0.31270099
 0.01       0.05152916 0.25882    0.21573709 0.23841339 1.6461128 ]
[0.01000848 0.03036273 0.06786745 0.09508456 0.11070353 0.31270099
 0.01       0.05152916 0.25882    0.21573709 0.23841339 1.6461128 ] 1.0626333125686538
[0.01000848 0.03036272 0.06786746 0.09508456 0.11070353 0.31270099
 0.01       0.05152916 0.25882    0.21573709 0.23841339 1.6461128 ]
[0.01000848 0.03036272 0.06786746 0.09508456 0.11070353 0.31270099
 0.01       0.05152916 0.25882    0.21573709 0.23841339 1.6461128 ] 1.0626331906756974
[0.01000848 0.03036272 0.06786745 0.09508457 0.11070353 0.31270099
 0.01       0.05152916 0.25882    0.21573709 0.23841339 1.6461128 ]
[0.01000848 0.03036272 0.06786745 0.09508457 0.11070353 0.31270099
 0.01       0.05152916 0.25882    0.21573709 0.23841339 1.6461128 ] 1.0626333783479378
[0.01000848 0.03036272 0.06786745 0.09508456 0.11070354 0.31270099
 0.01       0.05152916 0.25882    0.21573709 0.23841339 1.6461128 ]
[0.01000848 0.03036272 0.06786745 0.09508456 0.11070354 0.31270099
 0.01       0.05152916 0.25882    0.21573709 0.23841339 1.6461128 ] 1.0626333494219944
[0.01000848 0.03036272 0.06786745 0.09508456 0.11070353 0.312701
 0.01       0.05152916 0.25882    0.21573709 0.23841339 1.6461128 ]
[0.01000848 0.03036272 0.06786745 0.09508456 0.11070353 0.312701
 0.01       0.05152916 0.25882    0.21573709 0.23841339 1.6461128 ] 1.0626333909406553
[0.01000848 0.03036272 0.06786745 0.09508456 0.11070353 0.31270099
 0.01000001 0.05152916 0.25882    0.21573709 0.23841339 1.6461128 ]
[0.01000848 0.03036272 0.06786745 0.09508456 0.11070353 0.31270099
 0.01000001 0.05152916 0.25882    0.21573709 0.23841339 1.6461128 ] 1.0626332934317446
[0.01000848 0.03036272 0.06786745 0.09508456 0.11070353 0.31270099
 0.01       0.05152917 0.25882    0.21573709 0.23841339 1.6461128 ]
[0.01000848 0.03036272 0.06786745 0.09508456 0.11070353 0.31270099
 0.01       0.05152917 0.25882    0.21573709 0.23841339 1.6461128 ] 1.0626333073659877
[0.01000848 0.03036272 0.06786745 0.09508456 0.11070353 0.31270099
 0.01       0.05152916 0.25882001 0.21573709 0.23841339 1.6461128 ]
[0.01000848 0.03036272 0.06786745 0.09508456 0.11070353 0.31270099
 0.01       0.05152916 0.25882001 0.21573709 0.23841339 1.6461128 ] 1.0626333132400951
[0.01000848 0.03036272 0.06786745 0.09508456 0.11070353 0.31270099
 0.01       0.05152916 0.25882    0.2157371  0.23841339 1.6461128 ]
[0.01000848 0.03036272 0.06786745 0.09508456 0.11070353 0.31270099
 0.01       0.05152916 0.25882    0.2157371  0.23841339 1.6461128 ] 1.0626332917410841
[0.01000848 0.03036272 0.06786745 0.09508456 0.11070353 0.31270099
 0.01       0.05152916 0.25882    0.21573709 0.2384134  1.6461128 ]
[0.01000848 0.03036272 0.06786745 0.09508456 0.11070353 0.31270099
 0.01       0.05152916 0.25882    0.21573709 0.2384134  1.6461128 ] 1.0626333752996122
[0.01000848 0.03036272 0.06786745 0.09508456 0.11070353 0.31270099
 0.01       0.05152916 0.25882    0.21573709 0.23841339 1.64611281]
[0.01000848 0.03036272 0.06786745 0.09508456 0.11070353 0.31270099
 0.01       0.05152916 0.25882    0.21573709 0.23841339 1.64611281] 1.0626333089669462
[0.0100027  0.03036276 0.06786755 0.09507059 0.11070372 0.31270155
 0.01       0.05152924 0.25880472 0.21573623 0.23840498 1.64611014]
[0.0100027  0.03036276 0.06786755 0.09507059 0.11070372 0.31270155
 0.01       0.05152924 0.25880472 0.21573623 0.23840498 1.64611014] 1.0626417262611498
[0.01000271 0.03036276 0.06786755 0.09507059 0.11070372 0.31270155
 0.01       0.05152924 0.25880472 0.21573623 0.23840498 1.64611014]
[0.01000271 0.03036276 0.06786755 0.09507059 0.11070372 0.31270155
 0.01       0.05152924 0.25880472 0.21573623 0.23840498 1.64611014] 1.0626417345113748
[0.0100027  0.03036277 0.06786755 0.09507059 0.11070372 0.31270155
 0.01       0.05152924 0.25880472 0.21573623 0.23840498 1.64611014]
[0.0100027  0.03036277 0.06786755 0.09507059 0.11070372 0.31270155
 0.01       0.05152924 0.25880472 0.21573623 0.23840498 1.64611014] 1.062641890270926
[0.0100027  0.03036276 0.06786756 0.09507059 0.11070372 0.31270155
 0.01       0.05152924 0.25880472 0.21573623 0.23840498 1.64611014]
[0.0100027  0.03036276 0.06786756 0.09507059 0.11070372 0.31270155
 0.01       0.05152924 0.25880472 0.21573623 0.23840498 1.64611014] 1.0626417500131813
[0.0100027  0.03036276 0.06786755 0.0950706  0.11070372 0.31270155
 0.01       0.05152924 0.25880472 0.21573623 0.23840498 1.64611014]
[0.0100027  0.03036276 0.06786755 0.0950706  0.11070372 0.31270155
 0.01       0.05152924 0.25880472 0.21573623 0.23840498 1.64611014] 1.0626417005947875
[0.0100027  0.03036276 0.06786755 0.09507059 0.11070373 0.31270155
 0.01       0.05152924 0.25880472 0.21573623 0.23840498 1.64611014]
[0.0100027  0.03036276 0.06786755 0.09507059 0.11070373 0.31270155
 0.01       0.05152924 0.25880472 0.21573623 0.23840498 1.64611014] 1.0626417299451856
[0.0100027  0.03036276 0.06786755 0.09507059 0.11070372 0.31270156
 0.01       0.05152924 0.25880472 0.21573623 0.23840498 1.64611014]
[0.0100027  0.03036276 0.06786755 0.09507059 0.11070372 0.31270156
 0.01       0.05152924 0.25880472 0.21573623 0.23840498 1.64611014] 1.0626419130652534
[0.0100027  0.03036276 0.06786755 0.09507059 0.11070372 0.31270155
 0.01000001 0.05152924 0.25880472 0.21573623 0.23840498 1.64611014]
[0.0100027  0.03036276 0.06786755 0.09507059 0.11070372 0.31270155
 0.01000001 0.05152924 0.25880472 0.21573623 0.23840498 1.64611014] 1.0626417116327012
[0.0100027  0.03036276 0.06786755 0.09507059 0.11070372 0.31270155
 0.01       0.05152925 0.25880472 0.21573623 0.23840498 1.64611014]
[0.0100027  0.03036276 0.06786755 0.09507059 0.11070372 0.31270155
 0.01       0.05152925 0.25880472 0.21573623 0.23840498 1.64611014] 1.0626417202763516
[0.0100027  0.03036276 0.06786755 0.09507059 0.11070372 0.31270155
 0.01       0.05152924 0.25880473 0.21573623 0.23840498 1.64611014]
[0.0100027  0.03036276 0.06786755 0.09507059 0.11070372 0.31270155
 0.01       0.05152924 0.25880473 0.21573623 0.23840498 1.64611014] 1.0626417947226543
[0.0100027  0.03036276 0.06786755 0.09507059 0.11070372 0.31270155
 0.01       0.05152924 0.25880472 0.21573624 0.23840498 1.64611014]
[0.0100027  0.03036276 0.06786755 0.09507059 0.11070372 0.31270155
 0.01       0.05152924 0.25880472 0.21573624 0.23840498 1.64611014] 1.0626417866623228
[0.0100027  0.03036276 0.06786755 0.09507059 0.11070372 0.31270155
 0.01       0.05152924 0.25880472 0.21573623 0.23840499 1.64611014]
[0.0100027  0.03036276 0.06786755 0.09507059 0.11070372 0.31270155
 0.01       0.05152924 0.25880472 0.21573623 0.23840499 1.64611014] 1.062641835913192
[0.0100027  0.03036276 0.06786755 0.09507059 0.11070372 0.31270155
 0.01       0.05152924 0.25880472 0.21573623 0.23840498 1.64611015]
[0.0100027  0.03036276 0.06786755 0.09507059 0.11070372 0.31270155
 0.01       0.05152924 0.25880472 0.21573623 0.23840498 1.64611015] 1.0626417533896357
[0.01000066 0.03036277 0.06786759 0.09506567 0.11070378 0.31270174
 0.01       0.05152926 0.25879933 0.21573593 0.23840202 1.6461092 ]
[0.01000066 0.03036277 0.06786759 0.09506567 0.11070378 0.31270174
 0.01       0.05152926 0.25879933 0.21573593 0.23840202 1.6461092 ] 1.0626447618075767
[0.01000067 0.03036277 0.06786759 0.09506567 0.11070378 0.31270174
 0.01       0.05152926 0.25879933 0.21573593 0.23840202 1.6461092 ]
[0.01000067 0.03036277 0.06786759 0.09506567 0.11070378 0.31270174
 0.01       0.05152926 0.25879933 0.21573593 0.23840202 1.6461092 ] 1.0626448685117231
[0.01000066 0.03036278 0.06786759 0.09506567 0.11070378 0.31270174
 0.01       0.05152926 0.25879933 0.21573593 0.23840202 1.6461092 ]
[0.01000066 0.03036278 0.06786759 0.09506567 0.11070378 0.31270174
 0.01       0.05152926 0.25879933 0.21573593 0.23840202 1.6461092 ] 1.0626448416747054
[0.01000066 0.03036277 0.0678676  0.09506567 0.11070378 0.31270174
 0.01       0.05152926 0.25879933 0.21573593 0.23840202 1.6461092 ]
[0.01000066 0.03036277 0.0678676  0.09506567 0.11070378 0.31270174
 0.01       0.05152926 0.25879933 0.21573593 0.23840202 1.6461092 ] 1.0626447633692402
[0.01000066 0.03036277 0.06786759 0.09506568 0.11070378 0.31270174
 0.01       0.05152926 0.25879933 0.21573593 0.23840202 1.6461092 ]
[0.01000066 0.03036277 0.06786759 0.09506568 0.11070378 0.31270174
 0.01       0.05152926 0.25879933 0.21573593 0.23840202 1.6461092 ] 1.0626448470656347
[0.01000066 0.03036277 0.06786759 0.09506567 0.11070379 0.31270174
 0.01       0.05152926 0.25879933 0.21573593 0.23840202 1.6461092 ]
[0.01000066 0.03036277 0.06786759 0.09506567 0.11070379 0.31270174
 0.01       0.05152926 0.25879933 0.21573593 0.23840202 1.6461092 ] 1.0626447174741105
[0.01000066 0.03036277 0.06786759 0.09506567 0.11070378 0.31270175
 0.01       0.05152926 0.25879933 0.21573593 0.23840202 1.6461092 ]
[0.01000066 0.03036277 0.06786759 0.09506567 0.11070378 0.31270175
 0.01       0.05152926 0.25879933 0.21573593 0.23840202 1.6461092 ] 1.062644815526757
[0.01000066 0.03036277 0.06786759 0.09506567 0.11070378 0.31270174
 0.01000001 0.05152926 0.25879933 0.21573593 0.23840202 1.6461092 ]
[0.01000066 0.03036277 0.06786759 0.09506567 0.11070378 0.31270174
 0.01000001 0.05152926 0.25879933 0.21573593 0.23840202 1.6461092 ] 1.062644774208038
[0.01000066 0.03036277 0.06786759 0.09506567 0.11070378 0.31270174
 0.01       0.05152927 0.25879933 0.21573593 0.23840202 1.6461092 ]
[0.01000066 0.03036277 0.06786759 0.09506567 0.11070378 0.31270174
 0.01       0.05152927 0.25879933 0.21573593 0.23840202 1.6461092 ] 1.0626448126024919
[0.01000066 0.03036277 0.06786759 0.09506567 0.11070378 0.31270174
 0.01       0.05152926 0.25879934 0.21573593 0.23840202 1.6461092 ]
[0.01000066 0.03036277 0.06786759 0.09506567 0.11070378 0.31270174
 0.01       0.05152926 0.25879934 0.21573593 0.23840202 1.6461092 ] 1.0626447235711936
[0.01000066 0.03036277 0.06786759 0.09506567 0.11070378 0.31270174
 0.01       0.05152926 0.25879933 0.21573594 0.23840202 1.6461092 ]
[0.01000066 0.03036277 0.06786759 0.09506567 0.11070378 0.31270174
 0.01       0.05152926 0.25879933 0.21573594 0.23840202 1.6461092 ] 1.0626448133957995
[0.01000066 0.03036277 0.06786759 0.09506567 0.11070378 0.31270174
 0.01       0.05152926 0.25879933 0.21573593 0.23840203 1.6461092 ]
[0.01000066 0.03036277 0.06786759 0.09506567 0.11070378 0.31270174
 0.01       0.05152926 0.25879933 0.21573593 0.23840203 1.6461092 ] 1.0626448250454785
[0.01000066 0.03036277 0.06786759 0.09506567 0.11070378 0.31270174
 0.01       0.05152926 0.25879933 0.21573593 0.23840202 1.64610921]
[0.01000066 0.03036277 0.06786759 0.09506567 0.11070378 0.31270174
 0.01       0.05152926 0.25879933 0.21573593 0.23840202 1.64610921] 1.0626448471178997
[0.01000015 0.03036277 0.0678676  0.09506445 0.1107038  0.31270179
 0.01       0.05152927 0.258798   0.21573586 0.23840128 1.64610897]
[0.01000015 0.03036277 0.0678676  0.09506445 0.1107038  0.31270179
 0.01       0.05152927 0.258798   0.21573586 0.23840128 1.64610897] 1.0626454645605414
[0.01000016 0.03036277 0.0678676  0.09506445 0.1107038  0.31270179
 0.01       0.05152927 0.258798   0.21573586 0.23840128 1.64610897]
[0.01000016 0.03036277 0.0678676  0.09506445 0.1107038  0.31270179
 0.01       0.05152927 0.258798   0.21573586 0.23840128 1.64610897] 1.0626455614130872
[0.01000015 0.03036278 0.0678676  0.09506445 0.1107038  0.31270179
 0.01       0.05152927 0.258798   0.21573586 0.23840128 1.64610897]
[0.01000015 0.03036278 0.0678676  0.09506445 0.1107038  0.31270179
 0.01       0.05152927 0.258798   0.21573586 0.23840128 1.64610897] 1.0626454063543753
[0.01000015 0.03036277 0.06786761 0.09506445 0.1107038  0.31270179
 0.01       0.05152927 0.258798   0.21573586 0.23840128 1.64610897]
[0.01000015 0.03036277 0.06786761 0.09506445 0.1107038  0.31270179
 0.01       0.05152927 0.258798   0.21573586 0.23840128 1.64610897] 1.0626454939405985
[0.01000015 0.03036277 0.0678676  0.09506446 0.1107038  0.31270179
 0.01       0.05152927 0.258798   0.21573586 0.23840128 1.64610897]
[0.01000015 0.03036277 0.0678676  0.09506446 0.1107038  0.31270179
 0.01       0.05152927 0.258798   0.21573586 0.23840128 1.64610897] 1.0626455165007196
[0.01000015 0.03036277 0.0678676  0.09506445 0.11070381 0.31270179
 0.01       0.05152927 0.258798   0.21573586 0.23840128 1.64610897]
[0.01000015 0.03036277 0.0678676  0.09506445 0.11070381 0.31270179
 0.01       0.05152927 0.258798   0.21573586 0.23840128 1.64610897] 1.0626454536180283
[0.01000015 0.03036277 0.0678676  0.09506445 0.1107038  0.3127018
 0.01       0.05152927 0.258798   0.21573586 0.23840128 1.64610897]
[0.01000015 0.03036277 0.0678676  0.09506445 0.1107038  0.3127018
 0.01       0.05152927 0.258798   0.21573586 0.23840128 1.64610897] 1.0626454518070458
[0.01000015 0.03036277 0.0678676  0.09506445 0.1107038  0.31270179
 0.01000001 0.05152927 0.258798   0.21573586 0.23840128 1.64610897]
[0.01000015 0.03036277 0.0678676  0.09506445 0.1107038  0.31270179
 0.01000001 0.05152927 0.258798   0.21573586 0.23840128 1.64610897] 1.0626455098681493
[0.01000015 0.03036277 0.0678676  0.09506445 0.1107038  0.31270179
 0.01       0.05152928 0.258798   0.21573586 0.23840128 1.64610897]
[0.01000015 0.03036277 0.0678676  0.09506445 0.1107038  0.31270179
 0.01       0.05152928 0.258798   0.21573586 0.23840128 1.64610897] 1.062645546236815
[0.01000015 0.03036277 0.0678676  0.09506445 0.1107038  0.31270179
 0.01       0.05152927 0.25879801 0.21573586 0.23840128 1.64610897]
[0.01000015 0.03036277 0.0678676  0.09506445 0.1107038  0.31270179
 0.01       0.05152927 0.25879801 0.21573586 0.23840128 1.64610897] 1.0626455222112448
[0.01000015 0.03036277 0.0678676  0.09506445 0.1107038  0.31270179
 0.01       0.05152927 0.258798   0.21573587 0.23840128 1.64610897]
[0.01000015 0.03036277 0.0678676  0.09506445 0.1107038  0.31270179
 0.01       0.05152927 0.258798   0.21573587 0.23840128 1.64610897] 1.0626455439793832
[0.01000015 0.03036277 0.0678676  0.09506445 0.1107038  0.31270179
 0.01       0.05152927 0.258798   0.21573586 0.23840129 1.64610897]
[0.01000015 0.03036277 0.0678676  0.09506445 0.1107038  0.31270179
 0.01       0.05152927 0.258798   0.21573586 0.23840129 1.64610897] 1.0626456134201592
[0.01000015 0.03036277 0.0678676  0.09506445 0.1107038  0.31270179
 0.01       0.05152927 0.258798   0.21573586 0.23840128 1.64610898]
[0.01000015 0.03036277 0.0678676  0.09506445 0.1107038  0.31270179
 0.01       0.05152927 0.258798   0.21573586 0.23840128 1.64610898] 1.0626454648134378
[0.01000003 0.03036278 0.0678676  0.09506415 0.1107038  0.3127018
 0.01       0.05152927 0.25879767 0.21573584 0.2384011  1.64610892]
[0.01000003 0.03036278 0.0678676  0.09506415 0.1107038  0.3127018
 0.01       0.05152927 0.25879767 0.21573584 0.2384011  1.64610892] 1.0626457849455653
[0.01000004 0.03036278 0.0678676  0.09506415 0.1107038  0.3127018
 0.01       0.05152927 0.25879767 0.21573584 0.2384011  1.64610892]
[0.01000004 0.03036278 0.0678676  0.09506415 0.1107038  0.3127018
 0.01       0.05152927 0.25879767 0.21573584 0.2384011  1.64610892] 1.0626456207609902
[0.01000003 0.03036279 0.0678676  0.09506415 0.1107038  0.3127018
 0.01       0.05152927 0.25879767 0.21573584 0.2384011  1.64610892]
[0.01000003 0.03036279 0.0678676  0.09506415 0.1107038  0.3127018
 0.01       0.05152927 0.25879767 0.21573584 0.2384011  1.64610892] 1.062645701550468
[0.01000003 0.03036278 0.06786761 0.09506415 0.1107038  0.3127018
 0.01       0.05152927 0.25879767 0.21573584 0.2384011  1.64610892]
[0.01000003 0.03036278 0.06786761 0.09506415 0.1107038  0.3127018
 0.01       0.05152927 0.25879767 0.21573584 0.2384011  1.64610892] 1.0626456065860763
[0.01000003 0.03036278 0.0678676  0.09506416 0.1107038  0.3127018
 0.01       0.05152927 0.25879767 0.21573584 0.2384011  1.64610892]
[0.01000003 0.03036278 0.0678676  0.09506416 0.1107038  0.3127018
 0.01       0.05152927 0.25879767 0.21573584 0.2384011  1.64610892] 1.062645776025107
[0.01000003 0.03036278 0.0678676  0.09506415 0.11070381 0.3127018
 0.01       0.05152927 0.25879767 0.21573584 0.2384011  1.64610892]
[0.01000003 0.03036278 0.0678676  0.09506415 0.11070381 0.3127018
 0.01       0.05152927 0.25879767 0.21573584 0.2384011  1.64610892] 1.0626457707644577
[0.01000003 0.03036278 0.0678676  0.09506415 0.1107038  0.31270181
 0.01       0.05152927 0.25879767 0.21573584 0.2384011  1.64610892]
[0.01000003 0.03036278 0.0678676  0.09506415 0.1107038  0.31270181
 0.01       0.05152927 0.25879767 0.21573584 0.2384011  1.64610892] 1.0626457032007586
[0.01000003 0.03036278 0.0678676  0.09506415 0.1107038  0.3127018
 0.01000001 0.05152927 0.25879767 0.21573584 0.2384011  1.64610892]
[0.01000003 0.03036278 0.0678676  0.09506415 0.1107038  0.3127018
 0.01000001 0.05152927 0.25879767 0.21573584 0.2384011  1.64610892] 1.0626457509490088
[0.01000003 0.03036278 0.0678676  0.09506415 0.1107038  0.3127018
 0.01       0.05152928 0.25879767 0.21573584 0.2384011  1.64610892]
[0.01000003 0.03036278 0.0678676  0.09506415 0.1107038  0.3127018
 0.01       0.05152928 0.25879767 0.21573584 0.2384011  1.64610892] 1.0626457361921413
[0.01000003 0.03036278 0.0678676  0.09506415 0.1107038  0.3127018
 0.01       0.05152927 0.25879768 0.21573584 0.2384011  1.64610892]
[0.01000003 0.03036278 0.0678676  0.09506415 0.1107038  0.3127018
 0.01       0.05152927 0.25879768 0.21573584 0.2384011  1.64610892] 1.0626457094345407
[0.01000003 0.03036278 0.0678676  0.09506415 0.1107038  0.3127018
 0.01       0.05152927 0.25879767 0.21573585 0.2384011  1.64610892]
[0.01000003 0.03036278 0.0678676  0.09506415 0.1107038  0.3127018
 0.01       0.05152927 0.25879767 0.21573585 0.2384011  1.64610892] 1.0626456958250483
[0.01000003 0.03036278 0.0678676  0.09506415 0.1107038  0.3127018
 0.01       0.05152927 0.25879767 0.21573584 0.23840111 1.64610892]
[0.01000003 0.03036278 0.0678676  0.09506415 0.1107038  0.3127018
 0.01       0.05152927 0.25879767 0.21573584 0.23840111 1.64610892] 1.0626456315056532
[0.01000003 0.03036278 0.0678676  0.09506415 0.1107038  0.3127018
 0.01       0.05152927 0.25879767 0.21573584 0.2384011  1.64610893]
[0.01000003 0.03036278 0.0678676  0.09506415 0.1107038  0.3127018
 0.01       0.05152927 0.25879767 0.21573584 0.2384011  1.64610893] 1.0626457588245222
[0.01000001 0.03036278 0.0678676  0.09506411 0.1107038  0.3127018
 0.01       0.05152927 0.25879763 0.21573584 0.23840108 1.64610891]
[0.01000001 0.03036278 0.0678676  0.09506411 0.1107038  0.3127018
 0.01       0.05152927 0.25879763 0.21573584 0.23840108 1.64610891] 1.0626456915925118
[0.01000002 0.03036278 0.0678676  0.09506411 0.1107038  0.3127018
 0.01       0.05152927 0.25879763 0.21573584 0.23840108 1.64610891]
[0.01000002 0.03036278 0.0678676  0.09506411 0.1107038  0.3127018
 0.01       0.05152927 0.25879763 0.21573584 0.23840108 1.64610891] 1.0626456184131454
[0.01000001 0.03036279 0.0678676  0.09506411 0.1107038  0.3127018
 0.01       0.05152927 0.25879763 0.21573584 0.23840108 1.64610891]
[0.01000001 0.03036279 0.0678676  0.09506411 0.1107038  0.3127018
 0.01       0.05152927 0.25879763 0.21573584 0.23840108 1.64610891] 1.0626457210641729
[0.01000001 0.03036278 0.06786761 0.09506411 0.1107038  0.3127018
 0.01       0.05152927 0.25879763 0.21573584 0.23840108 1.64610891]
[0.01000001 0.03036278 0.06786761 0.09506411 0.1107038  0.3127018
 0.01       0.05152927 0.25879763 0.21573584 0.23840108 1.64610891] 1.062645831762245
[0.01000001 0.03036278 0.0678676  0.09506412 0.1107038  0.3127018
 0.01       0.05152927 0.25879763 0.21573584 0.23840108 1.64610891]
[0.01000001 0.03036278 0.0678676  0.09506412 0.1107038  0.3127018
 0.01       0.05152927 0.25879763 0.21573584 0.23840108 1.64610891] 1.0626457587032667
[0.01000001 0.03036278 0.0678676  0.09506411 0.11070381 0.3127018
 0.01       0.05152927 0.25879763 0.21573584 0.23840108 1.64610891]
[0.01000001 0.03036278 0.0678676  0.09506411 0.11070381 0.3127018
 0.01       0.05152927 0.25879763 0.21573584 0.23840108 1.64610891] 1.062645715706058
[0.01000001 0.03036278 0.0678676  0.09506411 0.1107038  0.31270181
 0.01       0.05152927 0.25879763 0.21573584 0.23840108 1.64610891]
[0.01000001 0.03036278 0.0678676  0.09506411 0.1107038  0.31270181
 0.01       0.05152927 0.25879763 0.21573584 0.23840108 1.64610891] 1.0626457137662948
[0.01000001 0.03036278 0.0678676  0.09506411 0.1107038  0.3127018
 0.01000001 0.05152927 0.25879763 0.21573584 0.23840108 1.64610891]
[0.01000001 0.03036278 0.0678676  0.09506411 0.1107038  0.3127018
 0.01000001 0.05152927 0.25879763 0.21573584 0.23840108 1.64610891] 1.062645782311431
[0.01000001 0.03036278 0.0678676  0.09506411 0.1107038  0.3127018
 0.01       0.05152928 0.25879763 0.21573584 0.23840108 1.64610891]
[0.01000001 0.03036278 0.0678676  0.09506411 0.1107038  0.3127018
 0.01       0.05152928 0.25879763 0.21573584 0.23840108 1.64610891] 1.062645768107021
[0.01000001 0.03036278 0.0678676  0.09506411 0.1107038  0.3127018
 0.01       0.05152927 0.25879764 0.21573584 0.23840108 1.64610891]
[0.01000001 0.03036278 0.0678676  0.09506411 0.1107038  0.3127018
 0.01       0.05152927 0.25879764 0.21573584 0.23840108 1.64610891] 1.0626457056833036
[0.01000001 0.03036278 0.0678676  0.09506411 0.1107038  0.3127018
 0.01       0.05152927 0.25879763 0.21573585 0.23840108 1.64610891]
[0.01000001 0.03036278 0.0678676  0.09506411 0.1107038  0.3127018
 0.01       0.05152927 0.25879763 0.21573585 0.23840108 1.64610891] 1.0626457297097887
[0.01000001 0.03036278 0.0678676  0.09506411 0.1107038  0.3127018
 0.01       0.05152927 0.25879763 0.21573584 0.23840109 1.64610891]
[0.01000001 0.03036278 0.0678676  0.09506411 0.1107038  0.3127018
 0.01       0.05152927 0.25879763 0.21573584 0.23840109 1.64610891] 1.0626456958090293
[0.01000001 0.03036278 0.0678676  0.09506411 0.1107038  0.3127018
 0.01       0.05152927 0.25879763 0.21573584 0.23840108 1.64610892]
[0.01000001 0.03036278 0.0678676  0.09506411 0.1107038  0.3127018
 0.01       0.05152927 0.25879763 0.21573584 0.23840108 1.64610892] 1.0626457807339855
[0.01000002 0.03036278 0.0678676  0.09506414 0.1107038  0.3127018
 0.01       0.05152927 0.25879766 0.21573584 0.2384011  1.64610891]
[0.01000002 0.03036278 0.0678676  0.09506414 0.1107038  0.3127018
 0.01       0.05152927 0.25879766 0.21573584 0.2384011  1.64610891] 1.0626456621824463
[0.01000003 0.03036278 0.0678676  0.09506414 0.1107038  0.3127018
 0.01       0.05152927 0.25879766 0.21573584 0.2384011  1.64610891]
[0.01000003 0.03036278 0.0678676  0.09506414 0.1107038  0.3127018
 0.01       0.05152927 0.25879766 0.21573584 0.2384011  1.64610891] 1.0626456917575253
[0.01000002 0.03036279 0.0678676  0.09506414 0.1107038  0.3127018
 0.01       0.05152927 0.25879766 0.21573584 0.2384011  1.64610891]
[0.01000002 0.03036279 0.0678676  0.09506414 0.1107038  0.3127018
 0.01       0.05152927 0.25879766 0.21573584 0.2384011  1.64610891] 1.062645621609934
[0.01000002 0.03036278 0.06786761 0.09506414 0.1107038  0.3127018
 0.01       0.05152927 0.25879766 0.21573584 0.2384011  1.64610891]
[0.01000002 0.03036278 0.06786761 0.09506414 0.1107038  0.3127018
 0.01       0.05152927 0.25879766 0.21573584 0.2384011  1.64610891] 1.0626456270289806
[0.01000002 0.03036278 0.0678676  0.09506415 0.1107038  0.3127018
 0.01       0.05152927 0.25879766 0.21573584 0.2384011  1.64610891]
[0.01000002 0.03036278 0.0678676  0.09506415 0.1107038  0.3127018
 0.01       0.05152927 0.25879766 0.21573584 0.2384011  1.64610891] 1.062645717517636
[0.01000002 0.03036278 0.0678676  0.09506414 0.11070381 0.3127018
 0.01       0.05152927 0.25879766 0.21573584 0.2384011  1.64610891]
[0.01000002 0.03036278 0.0678676  0.09506414 0.11070381 0.3127018
 0.01       0.05152927 0.25879766 0.21573584 0.2384011  1.64610891] 1.0626455831831678
[0.01000002 0.03036278 0.0678676  0.09506414 0.1107038  0.31270181
 0.01       0.05152927 0.25879766 0.21573584 0.2384011  1.64610891]
[0.01000002 0.03036278 0.0678676  0.09506414 0.1107038  0.31270181
 0.01       0.05152927 0.25879766 0.21573584 0.2384011  1.64610891] 1.0626456661241797
[0.01000002 0.03036278 0.0678676  0.09506414 0.1107038  0.3127018
 0.01000001 0.05152927 0.25879766 0.21573584 0.2384011  1.64610891]
[0.01000002 0.03036278 0.0678676  0.09506414 0.1107038  0.3127018
 0.01000001 0.05152927 0.25879766 0.21573584 0.2384011  1.64610891] 1.0626457677828944
[0.01000002 0.03036278 0.0678676  0.09506414 0.1107038  0.3127018
 0.01       0.05152928 0.25879766 0.21573584 0.2384011  1.64610891]
[0.01000002 0.03036278 0.0678676  0.09506414 0.1107038  0.3127018
 0.01       0.05152928 0.25879766 0.21573584 0.2384011  1.64610891] 1.0626457397238385
[0.01000002 0.03036278 0.0678676  0.09506414 0.1107038  0.3127018
 0.01       0.05152927 0.25879767 0.21573584 0.2384011  1.64610891]
[0.01000002 0.03036278 0.0678676  0.09506414 0.1107038  0.3127018
 0.01       0.05152927 0.25879767 0.21573584 0.2384011  1.64610891] 1.062645705199083
[0.01000002 0.03036278 0.0678676  0.09506414 0.1107038  0.3127018
 0.01       0.05152927 0.25879766 0.21573585 0.2384011  1.64610891]
[0.01000002 0.03036278 0.0678676  0.09506414 0.1107038  0.3127018
 0.01       0.05152927 0.25879766 0.21573585 0.2384011  1.64610891] 1.0626457210031222
[0.01000002 0.03036278 0.0678676  0.09506414 0.1107038  0.3127018
 0.01       0.05152927 0.25879766 0.21573584 0.23840111 1.64610891]
[0.01000002 0.03036278 0.0678676  0.09506414 0.1107038  0.3127018
 0.01       0.05152927 0.25879766 0.21573584 0.23840111 1.64610891] 1.0626456841537975
[0.01000002 0.03036278 0.0678676  0.09506414 0.1107038  0.3127018
 0.01       0.05152927 0.25879766 0.21573584 0.2384011  1.64610892]
[0.01000002 0.03036278 0.0678676  0.09506414 0.1107038  0.3127018
 0.01       0.05152927 0.25879766 0.21573584 0.2384011  1.64610892] 1.0626456653809582
[0.01000003 0.03036278 0.0678676  0.09506415 0.1107038  0.3127018
 0.01       0.05152927 0.25879767 0.21573584 0.2384011  1.64610892]
[0.01000003 0.03036278 0.0678676  0.09506415 0.1107038  0.3127018
 0.01       0.05152927 0.25879767 0.21573584 0.2384011  1.64610892] 1.0626457189286345
[0.01000004 0.03036278 0.0678676  0.09506415 0.1107038  0.3127018
 0.01       0.05152927 0.25879767 0.21573584 0.2384011  1.64610892]
[0.01000004 0.03036278 0.0678676  0.09506415 0.1107038  0.3127018
 0.01       0.05152927 0.25879767 0.21573584 0.2384011  1.64610892] 1.062645635515259
[0.01000003 0.03036279 0.0678676  0.09506415 0.1107038  0.3127018
 0.01       0.05152927 0.25879767 0.21573584 0.2384011  1.64610892]
[0.01000003 0.03036279 0.0678676  0.09506415 0.1107038  0.3127018
 0.01       0.05152927 0.25879767 0.21573584 0.2384011  1.64610892] 1.062645673732196
[0.01000003 0.03036278 0.06786761 0.09506415 0.1107038  0.3127018
 0.01       0.05152927 0.25879767 0.21573584 0.2384011  1.64610892]
[0.01000003 0.03036278 0.06786761 0.09506415 0.1107038  0.3127018
 0.01       0.05152927 0.25879767 0.21573584 0.2384011  1.64610892] 1.0626457205370632
[0.01000003 0.03036278 0.0678676  0.09506416 0.1107038  0.3127018
 0.01       0.05152927 0.25879767 0.21573584 0.2384011  1.64610892]
[0.01000003 0.03036278 0.0678676  0.09506416 0.1107038  0.3127018
 0.01       0.05152927 0.25879767 0.21573584 0.2384011  1.64610892] 1.062645809064903
[0.01000003 0.03036278 0.0678676  0.09506415 0.11070381 0.3127018
 0.01       0.05152927 0.25879767 0.21573584 0.2384011  1.64610892]
[0.01000003 0.03036278 0.0678676  0.09506415 0.11070381 0.3127018
 0.01       0.05152927 0.25879767 0.21573584 0.2384011  1.64610892] 1.0626457117090173
[0.01000003 0.03036278 0.0678676  0.09506415 0.1107038  0.31270181
 0.01       0.05152927 0.25879767 0.21573584 0.2384011  1.64610892]
[0.01000003 0.03036278 0.0678676  0.09506415 0.1107038  0.31270181
 0.01       0.05152927 0.25879767 0.21573584 0.2384011  1.64610892] 1.0626457056534333
[0.01000003 0.03036278 0.0678676  0.09506415 0.1107038  0.3127018
 0.01000001 0.05152927 0.25879767 0.21573584 0.2384011  1.64610892]
[0.01000003 0.03036278 0.0678676  0.09506415 0.1107038  0.3127018
 0.01000001 0.05152927 0.25879767 0.21573584 0.2384011  1.64610892] 1.0626456625468714
[0.01000003 0.03036278 0.0678676  0.09506415 0.1107038  0.3127018
 0.01       0.05152928 0.25879767 0.21573584 0.2384011  1.64610892]
[0.01000003 0.03036278 0.0678676  0.09506415 0.1107038  0.3127018
 0.01       0.05152928 0.25879767 0.21573584 0.2384011  1.64610892] 1.062645687086102
[0.01000003 0.03036278 0.0678676  0.09506415 0.1107038  0.3127018
 0.01       0.05152927 0.25879768 0.21573584 0.2384011  1.64610892]
[0.01000003 0.03036278 0.0678676  0.09506415 0.1107038  0.3127018
 0.01       0.05152927 0.25879768 0.21573584 0.2384011  1.64610892] 1.0626457210962756
[0.01000003 0.03036278 0.0678676  0.09506415 0.1107038  0.3127018
 0.01       0.05152927 0.25879767 0.21573585 0.2384011  1.64610892]
[0.01000003 0.03036278 0.0678676  0.09506415 0.1107038  0.3127018
 0.01       0.05152927 0.25879767 0.21573585 0.2384011  1.64610892] 1.0626457667800089
[0.01000003 0.03036278 0.0678676  0.09506415 0.1107038  0.3127018
 0.01       0.05152927 0.25879767 0.21573584 0.23840111 1.64610892]
[0.01000003 0.03036278 0.0678676  0.09506415 0.1107038  0.3127018
 0.01       0.05152927 0.25879767 0.21573584 0.23840111 1.64610892] 1.0626457592165186
[0.01000003 0.03036278 0.0678676  0.09506415 0.1107038  0.3127018
 0.01       0.05152927 0.25879767 0.21573584 0.2384011  1.64610893]
[0.01000003 0.03036278 0.0678676  0.09506415 0.1107038  0.3127018
 0.01       0.05152927 0.25879767 0.21573584 0.2384011  1.64610893] 1.0626456846521573
[0.01000003 0.03036278 0.0678676  0.09506415 0.1107038  0.3127018
 0.01       0.05152927 0.25879767 0.21573584 0.2384011  1.64610892]
[0.01000003 0.03036278 0.0678676  0.09506415 0.1107038  0.3127018
 0.01       0.05152927 0.25879767 0.21573584 0.2384011  1.64610892] 1.0626457313656077
[0.01000004 0.03036278 0.0678676  0.09506415 0.1107038  0.3127018
 0.01       0.05152927 0.25879767 0.21573584 0.2384011  1.64610892]
[0.01000004 0.03036278 0.0678676  0.09506415 0.1107038  0.3127018
 0.01       0.05152927 0.25879767 0.21573584 0.2384011  1.64610892] 1.0626457055064449
[0.01000003 0.03036279 0.0678676  0.09506415 0.1107038  0.3127018
 0.01       0.05152927 0.25879767 0.21573584 0.2384011  1.64610892]
[0.01000003 0.03036279 0.0678676  0.09506415 0.1107038  0.3127018
 0.01       0.05152927 0.25879767 0.21573584 0.2384011  1.64610892] 1.0626457365665218
[0.01000003 0.03036278 0.06786761 0.09506415 0.1107038  0.3127018
 0.01       0.05152927 0.25879767 0.21573584 0.2384011  1.64610892]
[0.01000003 0.03036278 0.06786761 0.09506415 0.1107038  0.3127018
 0.01       0.05152927 0.25879767 0.21573584 0.2384011  1.64610892] 1.0626457105746256
[0.01000003 0.03036278 0.0678676  0.09506416 0.1107038  0.3127018
 0.01       0.05152927 0.25879767 0.21573584 0.2384011  1.64610892]
[0.01000003 0.03036278 0.0678676  0.09506416 0.1107038  0.3127018
 0.01       0.05152927 0.25879767 0.21573584 0.2384011  1.64610892] 1.0626457775105032
[0.01000003 0.03036278 0.0678676  0.09506415 0.11070381 0.3127018
 0.01       0.05152927 0.25879767 0.21573584 0.2384011  1.64610892]
[0.01000003 0.03036278 0.0678676  0.09506415 0.11070381 0.3127018
 0.01       0.05152927 0.25879767 0.21573584 0.2384011  1.64610892] 1.0626457019243336
[0.01000003 0.03036278 0.0678676  0.09506415 0.1107038  0.31270181
 0.01       0.05152927 0.25879767 0.21573584 0.2384011  1.64610892]
[0.01000003 0.03036278 0.0678676  0.09506415 0.1107038  0.31270181
 0.01       0.05152927 0.25879767 0.21573584 0.2384011  1.64610892] 1.0626456159310362
[0.01000003 0.03036278 0.0678676  0.09506415 0.1107038  0.3127018
 0.01000001 0.05152927 0.25879767 0.21573584 0.2384011  1.64610892]
[0.01000003 0.03036278 0.0678676  0.09506415 0.1107038  0.3127018
 0.01000001 0.05152927 0.25879767 0.21573584 0.2384011  1.64610892] 1.062645657614272
[0.01000003 0.03036278 0.0678676  0.09506415 0.1107038  0.3127018
 0.01       0.05152928 0.25879767 0.21573584 0.2384011  1.64610892]
[0.01000003 0.03036278 0.0678676  0.09506415 0.1107038  0.3127018
 0.01       0.05152928 0.25879767 0.21573584 0.2384011  1.64610892] 1.0626456666621529
[0.01000003 0.03036278 0.0678676  0.09506415 0.1107038  0.3127018
 0.01       0.05152927 0.25879768 0.21573584 0.2384011  1.64610892]
[0.01000003 0.03036278 0.0678676  0.09506415 0.1107038  0.3127018
 0.01       0.05152927 0.25879768 0.21573584 0.2384011  1.64610892] 1.062645726228928
[0.01000003 0.03036278 0.0678676  0.09506415 0.1107038  0.3127018
 0.01       0.05152927 0.25879767 0.21573585 0.2384011  1.64610892]
[0.01000003 0.03036278 0.0678676  0.09506415 0.1107038  0.3127018
 0.01       0.05152927 0.25879767 0.21573585 0.2384011  1.64610892] 1.0626456743028658
[0.01000003 0.03036278 0.0678676  0.09506415 0.1107038  0.3127018
 0.01       0.05152927 0.25879767 0.21573584 0.23840111 1.64610892]
[0.01000003 0.03036278 0.0678676  0.09506415 0.1107038  0.3127018
 0.01       0.05152927 0.25879767 0.21573584 0.23840111 1.64610892] 1.0626456684665462
[0.01000003 0.03036278 0.0678676  0.09506415 0.1107038  0.3127018
 0.01       0.05152927 0.25879767 0.21573584 0.2384011  1.64610893]
[0.01000003 0.03036278 0.0678676  0.09506415 0.1107038  0.3127018
 0.01       0.05152927 0.25879767 0.21573584 0.2384011  1.64610893] 1.0626458293332022
RUNNING THE L-BFGS-B CODE

           * * *

Machine precision = 2.220D-16
 N =           12     M =           10

At X0         0 variables are exactly at the bounds

At iterate    0    f= -1.00000D+00    |proj g|=  9.46910D-02

At iterate    1    f= -1.04752D+00    |proj g|=  1.09787D+01
  ys=-1.513E+00  -gs= 5.807E-02 BFGS update SKIPPED

At iterate    2    f= -1.04752D+00    |proj g|=  7.14736D+00

At iterate    3    f= -1.04752D+00    |proj g|=  1.11437D+01

At iterate    4    f= -1.04752D+00    |proj g|=  3.07105D+00

At iterate    5    f= -1.04752D+00    |proj g|=  8.40585D+00

At iterate    6    f= -1.04753D+00    |proj g|=  1.19843D+01

At iterate    7    f= -1.04753D+00    |proj g|=  7.25444D+00

At iterate    8    f= -1.04753D+00    |proj g|=  1.71448D+00

At iterate    9    f= -1.04753D+00    |proj g|=  1.18004D+01

           * * *

Tit   = total number of iterations
Tnf   = total number of function evaluations
Tnint = total number of segments explored during Cauchy searches
Skip  = number of BFGS updates skipped
Nact  = number of active bounds at final generalized Cauchy point
Projg = norm of the final projected gradient
F     = final function value

           * * *

   N    Tit     Tnf  Tnint  Skip  Nact     Projg        F
   12      9     62     17     1     0   1.180D+01  -1.048D+00
  F =  -1.0475267106494155     

CONVERGENCE: REL_REDUCTION_OF_F_<=_FACTR*EPSMCH             
RUNNING THE L-BFGS-B CODE

           * * *

Machine precision = 2.220D-16
 N =           12     M =           10

At X0         0 variables are exactly at the bounds

At iterate    0    f= -1.00000D+00    |proj g|=  1.26669D-01

At iterate    1    f= -1.05848D+00    |proj g|=  4.65587D-01
  ys=-1.737E-01  -gs= 5.402E-02 BFGS update SKIPPED

At iterate    2    f= -1.05848D+00    |proj g|=  3.17352D-01

At iterate    3    f= -1.05848D+00    |proj g|=  6.71415D-01

           * * *

Tit   = total number of iterations
Tnf   = total number of function evaluations
Tnint = total number of segments explored during Cauchy searches
Skip  = number of BFGS updates skipped
Nact  = number of active bounds at final generalized Cauchy point
Projg = norm of the final projected gradient
F     = final function value

           * * *

   N    Tit     Tnf  Tnint  Skip  Nact     Projg        F
   12      3     20      5     1     2   6.714D-01  -1.058D+00
  F =  -1.0584801256995089     

CONVERGENCE: REL_REDUCTION_OF_F_<=_FACTR*EPSMCH             
RUNNING THE L-BFGS-B CODE

           * * *

Machine precision = 2.220D-16
 N =           12     M =           10

At X0         0 variables are exactly at the bounds

At iterate    0    f= -1.00000D+00    |proj g|=  8.85539D-02

At iterate    1    f= -1.04804D+00    |proj g|=  5.00675D+00
  ys=-5.461E+00  -gs= 3.896E-02 BFGS update SKIPPED

At iterate    2    f= -1.04804D+00    |proj g|=  1.19797D+01

           * * *

Tit   = total number of iterations
Tnf   = total number of function evaluations
Tnint = total number of segments explored during Cauchy searches
Skip  = number of BFGS updates skipped
Nact  = number of active bounds at final generalized Cauchy point
Projg = norm of the final projected gradient
F     = final function value

           * * *

   N    Tit     Tnf  Tnint  Skip  Nact     Projg        F
   12      2     21      9     1     7   1.198D+01  -1.048D+00
  F =  -1.0480439337447236     

CONVERGENCE: REL_REDUCTION_OF_F_<=_FACTR*EPSMCH             
RUNNING THE L-BFGS-B CODE

           * * *

Machine precision = 2.220D-16
 N =           12     M =           10

At X0         0 variables are exactly at the bounds

At iterate    0    f= -1.00000D+00    |proj g|=  7.65025D-02

At iterate    1    f= -1.06265D+00    |proj g|=  8.37521D+00
  ys=-5.315E-01  -gs= 4.037E-02 BFGS update SKIPPED

At iterate    2    f= -1.06265D+00    |proj g|=  9.79676D+00

           * * *

Tit   = total number of iterations
Tnf   = total number of function evaluations
Tnint = total number of segments explored during Cauchy searches
Skip  = number of BFGS updates skipped
Nact  = number of active bounds at final generalized Cauchy point
checking on  MEX
checking on  ROW
upper corner was better for  ROW
checking on  USA
lower corner was better for  USA
checking on  CAN
checking on  MEX
lower corner was better for  MEX
[16.1] COOP pop_weighted done in 597s -> 2000_16.1_pop_weighted/

 Warning:  more than 10 function and gradient
   evaluations in the last line search.  Termination
   may possibly be caused by a bad search direction.

 Warning:  more than 10 function and gradient
   evaluations in the last line search.  Termination
   may possibly be caused by a bad search direction.
Projg = norm of the final projected gradient
F     = final function value

           * * *

   N    Tit     Tnf  Tnint  Skip  Nact     Projg        F
   12      2     21      9     1     6   9.797D+00  -1.063D+00
  F =  -1.0626457313656077     

CONVERGENCE: REL_REDUCTION_OF_F_<=_FACTR*EPSMCH             
