baseline calibration_results_matched_economy/2000/ | countries ['USA', 'EUR', 'JAP', 'CHN', 'BRA', 'IND', 'CAN', 'KOR', 'RUS', 'MEX', 'ZAF', 'ROW']

===== tau off-diagonal x 1.0 (patenting sector) =====
12  countries,  2  sectors 
Solving time : 0.0023017920029815286 
Iterations :  9 
Deviation norm :  TODO 
Status :  successful 
Hit the bounds  0  times
0
4.58977247488876 USA -0.999015708850148
7.420227525111239 USA -0.999016085983201
9.16954494977752 USA -0.9990161451547287
9.074004418739122 USA -0.9990161428255123
10.250682575333716 USA -0.9990161699744453
10.918862374443803 USA -0.9990161827250081
11.331820200889913 USA -0.9990161893822737
11.58704217355389 USA -0.9990161931078035
11.744778027336023 USA -0.9990161952768589
11.842264146217866 USA -0.9990161965696223
11.902513881118157 USA -0.9990161973510475
11.939750265099708 USA -0.9990161978274498
11.96276361601845 USA -0.9990161981194213
11.97698664908126 USA -0.9990161982989323
11.98577696693719 USA -0.9990161984095235
11.991209682144069 USA -0.9990161984777417
11.994567284793119 USA -0.9990161985198479
11.996642397350948 USA -0.9990161985458558
11.997924887442169 USA -0.9990161985619208
11.99871750990878 USA -0.9990161985718427
11.999207377533391 USA -0.9990161985779774
11.99951013237539 USA -0.9990161985817703
11.999697245158004 USA -0.9990161985841045
11.999812887217388 USA -0.9990161985855585
11.999884357940616 USA -0.9990161985864535
11.99992852927677 USA -0.9990161985870074
11.999955828663843 USA -0.9990161985873482
11.999972700612927 USA -0.999016198587547
11.999983128050918 USA -0.9990161985876869
11.999989572562011 USA -0.9990161985877754
11.999993555488908 USA -0.9990161985878246
11.999996017073105 USA -0.9990161985878517
11.999997538415805 USA -0.9990161985878716
11.999998478657302 USA -0.9990161985878809
11.999999059758505 USA -0.9990161985878866
11.999999418898799 USA -0.9990161985878913
11.999999640859707 USA -0.999016198587895
11.999999818848465 USA -0.9990161985878974
4.58977247488876 EUR -0.9943108322159592
7.420227525111239 EUR -0.994311773661755
9.16954494977752 EUR -0.9943119406026393
9.216244107042929 EUR -0.9943119436129193
10.279544241769717 EUR -0.9943119992071168
10.936699865273214 EUR -0.9943120242498876
11.342844376496505 EUR -0.9943120372068992
11.593855488776711 EUR -0.9943120444136336
11.748988887719793 EUR -0.994312048593293
11.844866601056916 EUR -0.9943120510783652
11.904122286662878 EUR -0.9943120525782304
11.940744314394038 EUR -0.9943120534917919
11.963377972268837 EUR -0.9943120540513563
11.977366342125201 EUR -0.9943120543952706
11.986011630143638 EUR -0.9943120546070934
11.991354711981565 EUR -0.9943120547377344
11.994656918162075 EUR -0.9943120548183746
11.99669779381949 EUR -0.9943120548681771
11.997959124342584 EUR -0.9943120548989332
11.998738669476905 EUR -0.9943120549179348
11.99922045486568 EUR -0.9943120549296823
11.999518214611227 EUR -0.9943120549369384
11.999702240254456 EUR -0.9943120549414268
11.999815974356771 EUR -0.9943120549441962
11.999886265897683 EUR -0.9943120549459079
11.999929708459089 EUR -0.9943120549469657
11.999956557438596 EUR -0.9943120549476251
11.999973151020495 EUR -0.9943120549480274
11.999983406418103 EUR -0.9943120549482656
11.999989744602393 EUR -0.9943120549484316
11.999993661815711 EUR -0.9943120549485297
11.999996082786684 EUR -0.9943120549485904
11.99999757902903 EUR -0.9943120549486257
11.999998503757654 EUR -0.9943120549486442
11.999999075271374 EUR -0.9943120549486582
11.999999428486278 EUR -0.9943120549486671
11.999999646785096 EUR -0.9943120549486719
4.58977247488876 JAP -0.9905186527271588
7.420227525111239 JAP -0.9905199267792758
9.16954494977752 JAP -0.990520171878968
9.329815832324089 JAP -0.9905201867029297
10.349735428154439 JAP -0.9905202631379559
10.98008040416965 JAP -0.9905202985538593
11.369655023984787 JAP -0.990520317094311
11.61042538018486 JAP -0.9905203274778748
11.759229643799925 JAP -0.9905203335249346
11.851195736384934 JAP -0.9905203371293467
11.90803390741499 JAP -0.9905203393081189
11.943161828969945 JAP -0.9905203406364521
11.964872078445046 JAP -0.9905203414505371
11.978289750524898 JAP -0.9905203419510636
11.986582327920146 JAP -0.990520342259424
11.99170742260475 JAP -0.9905203424496232
11.994874905315395 JAP -0.9905203425670203
11.996832517289352 JAP -0.9905203426395438
11.998042388026041 JAP -0.9905203426843162
11.998790129263309 JAP -0.9905203427120073
11.99925225876273 JAP -0.9905203427291132
11.999537870500578 JAP -0.9905203427396823
11.999714388262154 JAP -0.9905203427462053
11.999823482238424 JAP -0.9905203427502562
11.999890906023728 JAP -0.9905203427527388
11.999932576214697 JAP -0.9905203427542677
11.999958329809033 JAP -0.9905203427552046
11.999974246405664 JAP -0.9905203427558104
11.999984083403367 JAP -0.9905203427561967
11.999990163002296 JAP -0.9905203427564294
11.999993920401073 JAP -0.9905203427565541
11.999996242601226 JAP -0.9905203427566439
11.999997677799849 JAP -0.9905203427566872
11.999998564801377 JAP -0.9905203427567209
11.99999911299847 JAP -0.9905203427567425
11.999999451802907 JAP -0.9905203427567556
11.999999661195565 JAP -0.990520342756763
4.58977247488876 CHN -0.9926907390581349
7.420227525111239 CHN -0.9926927515899773
9.16954494977752 CHN -0.9926931147259558
9.239091640505565 CHN -0.9926931246311048
10.293664794008725 CHN -0.9926932530072092
10.945426846496838 CHN -0.9926933132075562
11.348237947511885 CHN -0.9926933447121491
11.597188898984951 CHN -0.9926933623575876
11.751049048526932 CHN -0.9926933728591439
11.846139850458018 CHN -0.9926933793144401
11.904909198068914 CHN -0.9926933832147219
11.941230652389105 CHN -0.9926933855919151
11.96367854567981 CHN -0.9926933870485687
11.977552106709297 CHN -0.992693387944094
11.986126438970514 CHN -0.9926933884957433
11.991425667738781 CHN -0.9926933888359982
11.994700771231733 CHN -0.9926933890460317
11.99672489650705 CHN -0.9926933891757356
11.997975874724684 CHN -0.9926933892558613
11.998749021782366 CHN -0.9926933893053691
11.999226852942316 CHN -0.9926933893359596
11.99952216884005 CHN -0.9926933893548635
11.999704684102268 CHN -0.9926933893665457
11.999817484737783 CHN -0.9926933893737752
11.999887199364483 CHN -0.9926933893782287
11.999930285373297 CHN -0.9926933893809878
11.999956913991184 CHN -0.9926933893826853
11.999973371382112 CHN -0.9926933893837442
11.99998354260907 CHN -0.9926933893843986
11.999989828773039 CHN -0.9926933893847973
11.99999371383603 CHN -0.9926933893850496
11.999996114937009 CHN -0.9926933893852072
11.999997598899023 CHN -0.9926933893853094
11.999998516037985 CHN -0.9926933893853579
11.999999082861036 CHN -0.9926933893853959
11.999999433176948 CHN -0.9926933893854154
11.999999649684089 CHN -0.9926933893854276
4.58977247488876 BRA -0.9862190581316934
7.420227525111239 BRA -0.9862207973188558
9.16954494977752 BRA -0.9862211237209658
9.29348208895702 BRA -0.9862211392066345
10.327279939815075 BRA -0.9862212444791072
10.966202149141946 BRA -0.9862212931741078
11.361077790673129 BRA -0.98622131864895
11.605124358468819 BRA -0.9862213329117706
11.755953432204311 BRA -0.9862213412167271
11.84917092626451 BRA -0.9862213461666156
11.906782505939804 BRA -0.9862213491585213
11.942388420324708 BRA -0.9862213509825692
11.964394085615096 BRA -0.9862213521004348
11.97799433470961 BRA -0.9862213527877488
11.986399750905486 BRA -0.9862213532111945
11.991594583804126 BRA -0.9862213534723592
11.994805167101362 BRA -0.9862213536335788
11.996789416702764 BRA -0.9862213537331338
11.998015750398595 BRA -0.9862213537946276
11.998773666304169 BRA -0.9862213538326695
11.999242084094428 BRA -0.9862213538561542
11.999531582209743 BRA -0.9862213538706671
11.999710501884685 BRA -0.9862213538796237
11.999821080325056 BRA -0.9862213538851233
11.999889421559628 BRA -0.986221353888573
11.999931658765426 BRA -0.9862213538906701
11.9999577627942 BRA -0.9862213538921255
11.999973895971225 BRA -0.9862213538929305
11.999983866822975 BRA -0.9862213538934115
11.999990029148252 BRA -0.9862213538936295
11.999993837674722 BRA -0.986221353893841
11.999996191473528 BRA -0.9862213538939743
11.999997646201193 BRA -0.9862213538940469
11.999998545272334 BRA -0.9862213538940838
11.999999100928857 BRA -0.9862213538941071
11.999999444343475 BRA -0.9862213538941208
11.99999965658538 BRA -0.9862213538941281
4.58977247488876 IND -0.9839747191769259
7.420227525111239 IND -0.9839765962983898
9.16954494977752 IND -0.9839769800199529
9.426616001235566 IND -0.9839770181931566
10.409561222658462 IND -0.9839771363811463
11.017054778577103 IND -0.9839771947697317
11.39250644408136 IND -0.9839772255935055
11.624548334495746 IND -0.9839772429403437
11.767958109585614 IND -0.9839772530717811
11.85659022491013 IND -0.9839772591212219
11.911367884675483 IND -0.9839772627819172
11.945222340234649 IND -0.983977265015145
11.966145544440835 IND -0.9839772663843678
11.979076795793812 IND -0.9839772672264179
11.98706874864702 IND -0.9839772677452779
11.992008047146792 IND -0.983977268065328
11.99506070150023 IND -0.983977268262906
11.99694734564656 IND -0.9839772683849428
11.998113355853668 IND -0.9839772684603285
11.99883398979289 IND -0.9839772685068922
11.999279366060778 IND -0.9839772685356788
11.999554623732115 IND -0.9839772685534538
11.999724742328665 IND -0.9839772685644534
11.99982988140345 IND -0.9839772685712461
11.999894860925213 IND -0.9839772685754136
11.999935020478237 IND -0.9839772685780452
11.999959840446978 IND -0.9839772685796135
11.99997518003126 IND -0.9839772685806168
11.99998466041572 IND -0.9839772685812512
11.999990519615542 IND -0.9839772685816045
11.999994140800178 IND -0.9839772685818775
11.999996378815363 IND -0.98397726858196
11.999998062131715 IND -0.9839772685821361
11.999998802331534 IND -0.9839772685821381
11.999998464335562 IND -0.9839772685821363
11.99999925980018 IND -0.983977268582165
11.999999542531352 IND -0.9839772685822246
11.99999972052011 IND -0.9839772685822276
4.58977247488876 CAN -0.9982049858735205
7.420227525111239 CAN -0.9982064302397184
9.16954494977752 CAN -0.998206689316455
9.231226188721719 CAN -0.9982066955155577
10.288803677469435 CAN -0.9982067827189695
10.942422511252284 CAN -0.9982068227342481
11.346381166217151 CAN -0.9982068435791221
11.59604134503513 CAN -0.9982068552214686
11.750339821182019 CAN -0.9982068619909438
11.84570152385311 CAN -0.9982068660221782
11.904638297328907 CAN -0.9982068684576865
11.941063226524202 CAN -0.9982068699418876
11.963575070804703 CAN -0.9982068708514203
11.977488155719499 CAN -0.9982068714105143
11.986086915085206 CAN -0.9982068717549631
11.991401240634294 CAN -0.998206871967349
11.994685674450912 CAN -0.9982068720985394
11.996715566183381 CAN -0.9982068721794981
11.99797010826753 CAN -0.9982068722294952
11.99874545791585 CAN -0.9982068722604109
11.999224650351678 CAN -0.998206872279513
11.999520807564172 CAN -0.9982068722913542
11.999703842787508 CAN -0.9982068722986017
11.999816964776667 CAN -0.9982068723030637
11.999886878010841 CAN -0.9982068723059558
11.999930086765824 CAN -0.9982068723076263
11.999956791245015 CAN -0.9982068723085146
11.999973295520808 CAN -0.9982068723091969
11.999983495724209 CAN -0.9982068723096463
11.999989799796602 CAN -0.9982068723100227
11.999993695927607 CAN -0.9982068723101124
11.999994949454372 CAN -0.9982068723101292
11.99999687859114 CAN -0.9982068723102262
11.999998070863231 CAN -0.9982068723102646
11.999998807727907 CAN -0.9982068723102886
11.999999263135322 CAN -0.9982068723103085
11.999999544592583 CAN -0.9982068723103206
11.999999722581341 CAN -0.9982068723103268
4.58977247488876 KOR -1.0003496968929333
7.420227525111239 KOR -1.0003512401117305
9.16954494977752 KOR -1.0003515161913545
9.227758720200958 KOR -1.0003515224854498
10.286660664068684 KOR -1.0003516164515198
10.941098056132272 KOR -1.0003516595507453
11.345562607936412 KOR -1.00035168199679
11.59553544819586 KOR -1.0003516945317281
11.750027159740549 KOR -1.000351701819625
11.845508288455312 KOR -1.0003517061593727
11.904518871285239 KOR -1.0003517087811034
11.940989417170075 KOR -1.0003517103789132
11.963529454115164 KOR -1.0003517113579414
11.977459963054908 KOR -1.0003517119597982
11.986069491060254 KOR -1.0003517123305565
11.991390471994652 KOR -1.0003517125592332
11.9946790190656 KOR -1.0003517127003825
11.99671145292905 KOR -1.000351712787551
11.997967566136548 KOR -1.0003517128413968
11.9987438867925 KOR -1.0003517128746682
11.999223679344047 KOR -1.0003517128952275
11.999520207448452 KOR -1.0003517129079338
11.999703471895595 KOR -1.0003517129157828
11.999816735552859 KOR -1.0003517129206383
11.999886736342738 KOR -1.0003517129236397
11.999929999210122 KOR -1.0003517129254946
11.999956737132617 KOR -1.000351712926638
11.999973262077507 KOR -1.0003517129272863
11.99998347505511 KOR -1.0003517129277346
11.999989787022395 KOR -1.0003517129280297
11.999993688032713 KOR -1.0003517129282462
11.999996098989682 KOR -1.0003517129283335
11.999997589043033 KOR -1.000351712928355
11.9999981409005 KOR -1.0003517129283748
11.99999885101332 KOR -1.000351712928403
11.99999928988718 KOR -1.0003517129284336
11.999999561126142 KOR -1.0003517129284547
11.9999997391149 KOR -1.0003517129284671
4.58977247488876 RUS -0.9828506518273512
7.420227525111239 RUS -0.9828524847643592
9.16954494977752 RUS -0.9828528350780679
9.320029735021318 RUS -0.9828528553212157
10.343687287404112 RUS -0.9828529672289982
10.976342447617204 RUS -0.9828530191751702
11.367344839786906 RUS -0.9828530464079606
11.608997607830297 RUS -0.9828530616708494
11.758347231956607 RUS -0.9828530705635795
11.85065037587369 RUS -0.9828530758656948
11.907696856082918 RUS -0.9828530790712728
11.94295351979077 RUS -0.9828530810258251
11.964743336292148 RUS -0.9828530822237808
11.978210183498623 RUS -0.9828530829603693
11.986533152793525 RUS -0.9828530834141639
11.991677030705096 RUS -0.9828530836940758
11.994856122088429 RUS -0.9828530838668615
11.99682090861667 RUS -0.9828530839735741
11.99803521347176 RUS -0.9828530840394766
11.998785695144909 RUS -0.9828530840802097
11.999249518326849 RUS -0.982853084105377
11.999536176818058 RUS -0.9828530841209235
11.999713341508789 RUS -0.9828530841305323
11.999822835309267 RUS -0.9828530841364579
11.99989050619952 RUS -0.9828530841401563
11.999932329109747 RUS -0.98285308414243
11.999958177089775 RUS -0.9828530841436748
11.999974152019973 RUS -0.9828530841445589
11.999984025069804 RUS -0.9828530841453641
11.99999012695017 RUS -0.9828530841454992
11.999989948961552 RUS -0.9828530841454958
11.999993898119632 RUS -0.9828530841458216
11.999996228830538 RUS -0.9828530841458554
11.999995685626978 RUS -0.9828530841458463
11.999997669289096 RUS -0.9828530841459092
11.999998559541444 RUS -0.9828530841459593
11.999999109747653 RUS -0.982853084145998
11.99999944979379 RUS -0.9828530841460226
11.999999659953861 RUS -0.9828530841460358
4.58977247488876 MEX -0.9838394377103601
7.420227525111239 MEX -0.9838411077299251
9.16954494977752 MEX -0.9838414176642171
9.277605172326128 MEX -0.983841430525126
10.317467465700634 MEX -0.9838415315600005
10.960137706625494 MEX -0.9838415782001849
11.35732975907514 MEX -0.9838416025736836
11.602807947550353 MEX -0.983841616211489
11.754521811524787 MEX -0.9838416241496758
11.848286136025566 MEX -0.9838416288799164
11.906235675499222 MEX -0.9838416317387326
11.942050460526344 MEX -0.9838416334814801
11.964185214972877 MEX -0.9838416345494674
11.977865245553467 MEX -0.9838416352060823
11.98631996941941 MEX -0.9838416356105901
11.991545276134058 MEX -0.9838416358600883
11.994774693285352 MEX -0.9838416360140854
11.996770582848704 MEX -0.9838416361092304
11.998004110436648 MEX -0.9838416361679777
11.998766472412058 MEX -0.9838416362042801
11.99923763802459 MEX -0.9838416362266671
11.999528834387466 MEX -0.9838416362405721
11.999708803637123 MEX -0.9838416362491439
11.999820030750342 MEX -0.9838416362543652
11.999888772886782 MEX -0.9838416362577099
11.999931257863562 MEX -0.9838416362597203
11.999957515023222 MEX -0.9838416362608686
11.999973742840341 MEX -0.9838416362615363
11.999983772182883 MEX -0.9838416362620342
11.999989970657458 MEX -0.9838416362625857
11.999993801525424 MEX -0.9838416362625432
11.999991329837647 MEX -0.9838416362625465
11.99998760305085 MEX -0.9838416362623645
11.999989066312205 MEX -0.9838416362622738
11.999990489818092 MEX -0.9838416362624014
11.99998962522831 MEX -0.9838416362623896
11.999990168959174 MEX -0.9838416362623974
4.58977247488876 ZAF -0.9841874974080173
7.420227525111239 ZAF -0.9841888342097693
9.16954494977752 ZAF -0.9841890734171145
9.228063072918077 ZAF -0.9841890788419314
10.286848764392433 ZAF -0.9841891593983506
10.941214308525645 ZAF -0.984189196349256
11.345634455866788 ZAF -0.9841892155938712
11.595579852658856 ZAF -0.9841892263411837
11.750054603207932 ZAF -0.984189232589811
11.845525249450922 ZAF -0.984189236310726
11.904529353757008 ZAF -0.9841892385586185
11.940995895693913 ZAF -0.9841892399285853
11.963533458063095 ZAF -0.9841892407680185
11.97746243763082 ZAF -0.9841892412840614
11.986071020432275 ZAF -0.9841892416019509
11.991391417198543 ZAF -0.9841892417980198
11.994679603233731 ZAF -0.9841892419190457
11.996711813964811 ZAF -0.984189241993783
11.997967789268921 ZAF -0.9841892420399091
11.998744024695892 ZAF -0.9841892420684515
11.999223764573031 ZAF -0.9841892420860469
11.999520260122862 ZAF -0.9841892420969753
11.99970350445017 ZAF -0.9841892421037319
11.999816755672692 ZAF -0.984189242107887
11.999886748777477 ZAF -0.9841892421102574
11.999930006895214 ZAF -0.9841892421118885
11.999956741882265 ZAF -0.9841892421129028
11.999973265012951 ZAF -0.9841892421137763
11.999983476869314 ZAF -0.984189242113849
11.999980448152286 ZAF -0.9841892421138119
11.999989788143635 ZAF -0.9841892421141395
11.999993688725679 ZAF -0.9841892421142864
11.999996099417958 ZAF -0.9841892421145567
11.999997589307721 ZAF -0.9841892421145754
11.999997089441576 ZAF -0.9841892421145692
11.999998510110235 ZAF -0.9841892421145839
11.999999079197485 ZAF -0.9841892421145909
11.999999430912748 ZAF -0.9841892421145952
11.999999648284735 ZAF -0.9841892421145978
4.58977247488876 ROW -0.9791129216426252
7.420227525111239 ROW -0.9791146927221671
9.16954494977752 ROW -0.979114997330626
9.17784491197973 ROW -0.9791149983335051
10.255812234080022 ROW -0.9791151040019882
10.922032677899708 ROW -0.9791151519957756
11.333779556180314 ROW -0.9791151795006273
11.588253121719394 ROW -0.9791151948830237
11.745526434460919 ROW -0.9791152038592724
11.842726687258473 ROW -0.9791152092344819
11.902799747202444 ROW -0.9791152124819744
11.939926940056028 ROW -0.97911521446119
11.962872807146415 ROW -0.9791152156740285
11.977054132909611 ROW -0.9791152164196716
11.985818674236802 ROW -0.9791152168790129
11.99123545867281 ROW -0.9791152171623317
11.994583215563994 ROW -0.9791152173372173
11.996652243108816 ROW -0.9791152174452201
11.997930972455176 ROW -0.9791152175119342
11.99872127065364 ROW -0.979115217553157
11.999209701801538 ROW -0.9791152175786297
11.999511568852103 ROW -0.9791152175943678
11.999698132949435 ROW -0.979115217604098
11.999813435902666 ROW -0.979115217610104
11.999884697046767 ROW -0.979115217613824
11.999928738855898 ROW -0.9791152176161173
11.999955958190867 ROW -0.9791152176175448
11.99997278066503 ROW -0.979115217618415
11.999983177525836 ROW -0.9791152176189633
11.999989603139191 ROW -0.9791152176192944
11.999993574386643 ROW -0.9791152176195022
11.999996028752546 ROW -0.9791152176196171
11.999997545634097 ROW -0.9791152176197007
11.999998483118452 ROW -0.9791152176197576
11.999999062515647 ROW -0.9791152176197911
11.999999420602805 ROW -0.979115217619804
11.99999964191284 ROW -0.9791152176198187
11.999999819901598 ROW -0.9791152176198247
ROW [[11.99999982]
 [11.99999965]
 [11.99999966]
 [11.99999965]
 [11.99999966]
 [11.99999972]
 [11.99999972]
 [11.99999974]
 [11.99999966]
 [11.99998997]
 [11.99999965]
 [11.99999982]]
0.0
  US Nash delta = 12.0000  -> complete protection: False

===== tau off-diagonal x 1.5 (patenting sector) =====
12  countries,  2  sectors 
Solving time : 0.07034983299672604 
Iterations :  306 
Deviation norm :  TODO 
Status :  successful 
Hit the bounds  0  times
0
4.58977247488876 USA -0.9975939273817772
7.420227525111239 USA -0.9975937249332388
2.840455050222478 USA -0.9975944512866338
1.7593174246662822 USA -0.997595933511256
1.0911376255561962 USA -0.997599708013914
0.6781797991100862 USA -0.9976071649375721
0.4229578264461101 USA -0.9976120362531992
0.26522197266397624 USA -0.997563980257744
0.5204439453279524 USA -0.9976116034662423
0.44779637710309134 USA -0.9976124544740514
0.46412189837893414 USA -0.9976124687922979
0.4570901412904572 USA -0.9976124832415417
0.4573492022428395 USA -0.9976124832320116
0.4571579421234282 USA -0.9976124832430683
0.45716034938604955 USA -0.9976124832430717
0.4571615259892793 USA -0.997612483243075
0.45723321193925803 USA -0.9976124832414242
0.45718890758565534 USA -0.9976124832428171
0.4571719848284287 USA -0.9976124832430318
0.4571655209103515 USA -0.9976124832430641
0.4571630519133465 USA -0.9976124832430714
0.45716166881835507 USA -0.9976124832430718
0.45716101129003167 USA -0.9976124832430723
0.45716132939166065 USA -0.9976124832430718
0.45716145089567106 USA -0.9976124832430732
0.4571615805451317 USA -0.9976124832430721
0.4571614973060733 USA -0.9976124832430724
0.4571615468277606 USA -0.9976124832430734
0.4571615192084777 USA -0.9976124832430712
0.4571615339488709 USA -0.9976124832430721
4.58977247488876 EUR -0.993075517888714
7.420227525111239 EUR -0.9930759402875128
9.16954494977752 EUR -0.9930760151973679
9.216389585127848 EUR -0.9930760165387728
10.279634152170814 EUR -0.9930760414401792
10.936755432957034 EUR -0.993076052751873
11.34287871921378 EUR -0.9930760586079976
11.593876713743253 EUR -0.9930760618662914
11.749002005470528 EUR -0.9930760637563579
11.844874708272727 EUR -0.9930760648802491
11.904127297197801 EUR -0.9930760655586202
11.940747411074923 EUR -0.9930760659718288
11.963379886122878 EUR -0.9930760662249282
11.977367524952047 EUR -0.9930760663804884
11.98601236117083 EUR -0.9930760664763084
11.991355163781215 EUR -0.9930760665353972
11.994657197389614 EUR -0.9930760665718746
11.9966979663916 EUR -0.9930760665943982
11.997959230998015 EUR -0.993076066608311
11.998738735393585 EUR -0.9930760666168978
11.999220495604428 EUR -0.9930760666222197
11.999518239789156 EUR -0.9930760666255029
11.99970225581527 EUR -0.9930760666275208
11.999815983973884 EUR -0.9930760666287831
11.999886271841385 EUR -0.993076066629561
11.999929712132499 EUR -0.9930760666300389
11.999956559708888 EUR -0.9930760666303325
11.999973152423612 EUR -0.9930760666305183
11.999983407285276 EUR -0.9930760666306351
11.999989745138334 EUR -0.9930760666307005
11.99999366214694 EUR -0.9930760666307409
11.999996082991393 EUR -0.9930760666307676
11.999997579155547 EUR -0.9930760666307851
11.999998503835847 EUR -0.9930760666307956
11.999999075319701 EUR -0.9930760666308014
11.999999428516146 EUR -0.9930760666308059
11.999999646803554 EUR -0.9930760666308088
4.58977247488876 JAP -0.9918224827422943
7.420227525111239 JAP -0.9918232174453346
9.16954494977752 JAP -0.9918233535044055
9.274595877307707 JAP -0.9918233589909584
10.315607619097074 JAP -0.9918234033764275
10.958988258210633 JAP -0.9918234238244316
11.356619360886443 JAP -0.9918234343152743
11.602368897324192 JAP -0.9918234401745751
11.75425046356225 JAP -0.9918234435812706
11.84811843376194 JAP -0.9918234456098707
11.906132029800311 JAP -0.9918234468353296
11.94198640396163 JAP -0.9918234475822025
11.96414562583868 JAP -0.9918234480398324
11.977840778122948 JAP -0.9918234483211312
11.986304847715731 JAP -0.9918234484944337
11.991535930407217 JAP -0.9918234486013261
11.994768917308516 JAP -0.9918234486672893
11.996767013098701 JAP -0.9918234487080334
11.998001904209813 JAP -0.9918234487331987
11.998765108888886 JAP -0.9918234487487401
11.999236795320927 JAP -0.9918234487583629
11.99952831356796 JAP -0.991823448764304
11.999708481752968 JAP -0.9918234487679691
11.999819831814994 JAP -0.9918234487702794
11.999888649937976 JAP -0.9918234487716363
11.99993118187702 JAP -0.9918234487725172
11.999957468060957 JAP -0.9918234487730628
11.999973713816065 JAP -0.9918234487733795
11.999983754244893 JAP -0.9918234487735805
11.99998995957117 JAP -0.991823448773704
11.999993794673722 JAP -0.9918234487737796
11.99999616489745 JAP -0.9918234487738264
11.999997629776274 JAP -0.9918234487738556
11.999998535121177 JAP -0.9918234487738735
11.999999094655099 JAP -0.9918234487738861
11.99999944046608 JAP -0.9918234487738941
11.99999965418902 JAP -0.9918234487738985
4.58977247488876 CHN -0.9909133203053467
7.420227525111239 CHN -0.990914507354019
9.16954494977752 CHN -0.9909147424705321
9.374863293613021 CHN -0.9909147609823427
10.377576290337894 CHN -0.9909148340502845
10.997287003275128 CHN -0.9909148682219923
11.380289287062768 CHN -0.990914886206393
11.616997716212362 CHN -0.990914896402781
11.763291570850408 CHN -0.990914902385785
11.853706145361956 CHN -0.9909149059555991
11.909585425488453 CHN -0.990914908114798
11.944120719873505 CHN -0.9909149094316883
11.965464705614949 CHN -0.990914910238961
11.978656014258554 CHN -0.9909149107353649
11.986808691356394 CHN -0.9909149110412119
11.991847322902162 CHN -0.9909149112298724
11.994961368454232 CHN -0.9909149113463265
11.996885954447928 CHN -0.9909149114182502
11.998075414006303 CHN -0.9909149114626795
11.998810540441623 CHN -0.9909149114901352
11.99926487356468 CHN -0.9909149115071003
11.999545666876944 CHN -0.9909149115176008
11.999719206687736 CHN -0.9909149115240596
11.999826460189206 CHN -0.9909149115280653
11.999892746498528 CHN -0.9909149115305317
11.999933713690679 CHN -0.9909149115320668
11.999959032807851 CHN -0.9909149115330217
11.99997468088283 CHN -0.9909149115336049
11.999984351925024 CHN -0.9909149115339558
11.999990328957805 CHN -0.9909149115341889
11.999994022967217 CHN -0.9909149115343213
11.999996305990589 CHN -0.990914911534406
11.99999771697663 CHN -0.9909149115344569
11.99999858901396 CHN -0.9909149115344877
11.99999912796267 CHN -0.990914911534508
11.99999946105129 CHN -0.9909149115345194
11.999999666911378 CHN -0.9909149115345274
4.58977247488876 BRA -0.9874869755655413
7.420227525111239 BRA -0.9874880927897015
9.16954494977752 BRA -0.9874882941165751
9.23735854777446 BRA -0.9874882993963504
10.292593683795248 BRA -0.9874883667452224
10.944764863979213 BRA -0.9874883976631513
11.347828819816035 BRA -0.9874884137736974
11.596936044163177 BRA -0.9874884227734051
11.750892775652858 BRA -0.9874884280067617
11.846043268510321 BRA -0.9874884311234166
11.904849507142538 BRA -0.9874884330063711
11.941193761367785 BRA -0.9874884341539919
11.963655745774753 BRA -0.9874884348571811
11.97753801559303 BRA -0.9874884352894052
11.986117730181723 BRA -0.9874884355557539
11.991420285411309 BRA -0.9874884357199681
11.994697444770415 BRA -0.9874884358213618
11.996722840640892 BRA -0.9874884358839467
11.99797460412952 BRA -0.987488435922628
11.99874823651137 BRA -0.9874884359465563
11.99922636761815 BRA -0.9874884359613717
11.999521868893218 BRA -0.9874884359704443
11.999704498724931 BRA -0.9874884359761322
11.999817370168289 BRA -0.987488435979622
11.999887128556644 BRA -0.9874884359817706
11.999930241611647 BRA -0.9874884359830971
11.999956886944997 BRA -0.9874884359839055
11.999973354666649 BRA -0.9874884359843427
11.999983532278348 BRA -0.9874884359846706
11.999989822388303 BRA -0.9874884359848684
11.999993709890047 BRA -0.9874884359849896
11.999996112498255 BRA -0.9874884359850605
11.99999759739179 BRA -0.9874884359851079
11.999998515106464 BRA -0.9874884359851369
11.999999082285324 BRA -0.9874884359851499
11.999999432821138 BRA -0.9874884359851597
11.999999649464186 BRA -0.9874884359851676
4.58977247488876 IND -0.985942873995337
7.420227525111239 IND -0.9859441289439672
9.16954494977752 IND -0.9859443782771935
9.379780377185336 IND -0.9859443984935704
10.380615215111108 IND -0.9859444761961265
10.999165162074227 IND -0.9859445125281551
11.38145005303688 IND -0.9859445316454731
11.617715109037347 IND -0.9859445423841263
11.763734943999532 IND -0.9859445486491686
11.853980165037814 IND -0.9859445523875516
11.90975477896172 IND -0.9859445546488105
11.944225386076095 IND -0.9859445560279864
11.965529392885623 IND -0.9859445568734255
11.97869599319047 IND -0.9859445573933412
11.986833399695152 IND -0.9859445577136493
11.99186259349532 IND -0.9859445579112496
11.994970806199833 IND -0.9859445580332159
11.996891787295485 IND -0.9859445581085494
11.998079018904345 IND -0.9859445581550811
11.99881276839114 IND -0.9859445581838276
11.999266250513207 IND -0.9859445582015963
11.999546517877935 IND -0.9859445582125757
11.999719732635274 IND -0.9859445582193607
11.999826785242663 IND -0.9859445582235591
11.999892947392613 IND -0.9859445582261633
11.999933837850051 IND -0.9859445582277471
11.999959109542562 IND -0.9859445582287549
11.999974728307487 IND -0.9859445582293636
11.999984381235073 IND -0.9859445582297403
11.999990347072414 IND -0.9859445582299418
11.999994034162661 IND -0.9859445582301176
11.999996312909753 IND -0.9859445582301801
11.999999210846626 IND -0.9859445582302918
11.999998103933239 IND -0.9859445582302772
11.999999032857874 IND -0.9859445582302954
11.999998842608965 IND -0.9859445582302924
4.58977247488876 CAN -0.9995187616927318
7.420227525111239 CAN -0.9995197638228366
9.16954494977752 CAN -0.999519942430983
9.222848718426945 CAN -0.9995199461198805
10.283626116087522 CAN -0.9995200063721364
10.939222602339422 CAN -0.9995200339690234
11.3444035137481 CAN -0.9995200483322239
11.594819088591322 CAN -0.9995200563503596
11.749584425156778 CAN -0.9995200610111393
11.845234663434546 CAN -0.9995200637861595
11.904349761722232 CAN -0.9995200654624588
11.940884901712312 CAN -0.9995200664839752
11.963464860009918 CAN -0.9995200671099039
11.977420041702393 CAN -0.999520067494692
11.986044818307525 CAN -0.9995200677317215
11.99137522339487 CAN -0.9995200678779187
11.994669594912654 CAN -0.9995200679681625
11.996705628482214 CAN -0.9995200680238797
11.997963966430438 CAN -0.9995200680583107
11.998741662051776 CAN -0.9995200680796258
11.999222304378664 CAN -0.9995200680927739
11.999519357673112 CAN -0.999520068100868
11.99970294670555 CAN -0.9995200681058682
11.99981641096756 CAN -0.9995200681089326
11.999886535737991 CAN -0.9995200681108839
11.99992987522957 CAN -0.9995200681120952
11.99995666050842 CAN -0.9995200681129401
11.999973214721148 CAN -0.9995200681133237
11.999983445787272 CAN -0.9995200681135985
11.999989768933878 CAN -0.9995200681137542
11.999993676853395 CAN -0.9995200681138571
11.999996092080481 CAN -0.9995200681139161
11.999997584772911 CAN -0.9995200681139577
11.999998507307568 CAN -0.9995200681139811
11.999999077465342 CAN -0.9995200681139952
11.999999429842225 CAN -0.9995200681140065
11.999999647623117 CAN -0.999520068114013
4.58977247488876 KOR -0.9993284661897592
7.420227525111239 KOR -0.9993293933129687
9.16954494977752 KOR -0.9993295578949785
9.217666191018017 KOR -0.9993295609654927
10.280423138001177 KOR -0.999329616641536
10.93724305301684 KOR -0.9993296421150472
11.343180084984336 KOR -0.9993296553634551
11.594062968032503 KOR -0.9993296628574143
11.749117116951835 KOR -0.9993296672163781
11.84494585108067 KOR -0.9993296698116
11.904171265871167 KOR -0.9993296713792695
11.940774585209503 KOR -0.9993296723346151
11.963396680661662 KOR -0.9993296729199497
11.97737790454784 KOR -0.9993296732798067
11.98601877611382 KOR -0.9993296735014559
11.991359128434018 KOR -0.9993296736381965
11.9946596476798 KOR -0.9993296737225699
11.996699480754216 KOR -0.9993296737746966
11.997960166925582 KOR -0.9993296738068946
11.998739313828633 KOR -0.999329673826769
11.999220853096949 KOR -0.999329673839073
11.999518460731686 KOR -0.9993296738466605
11.999702392365265 KOR -0.9993296738513657
11.999816068366423 KOR -0.9993296738542383
11.999886323998844 KOR -0.9993296738560428
11.99992974436758 KOR -0.9993296738571819
11.999956579631263 KOR -0.9993296738578827
11.999973164736316 KOR -0.9993296738582798
11.999983414894945 KOR -0.9993296738585503
11.999989749841369 KOR -0.9993296738586946
11.999993665053577 KOR -0.9993296738587896
11.999996084787794 KOR -0.9993296738588492
11.999997580265784 KOR -0.9993296738588907
11.999998504522011 KOR -0.9993296738589155
11.999999075743773 KOR -0.9993296738589312
11.999999428778237 KOR -0.999329673858939
11.999999646965534 KOR -0.9993296738589452
4.58977247488876 RUS -0.9851444085078291
7.420227525111239 RUS -0.9851455823313743
9.16954494977752 RUS -0.9851458009395043
9.282521808242484 RUS -0.9851458104099319
10.32050611380725 RUS -0.9851458813861228
10.962015694435232 RUS -0.9851459141613655
11.358490419372016 RUS -0.9851459312929081
11.603525275063214 RUS -0.9851459408797495
11.754965144308802 RUS -0.9851459464603572
11.848560130754414 RUS -0.9851459497858825
11.906405013554387 RUS -0.9851459517957983
11.942155117200025 RUS -0.9851459530210643
11.964249896354362 RUS -0.9851459537719927
11.977905220845663 RUS -0.985145954233599
11.986344675508697 RUS -0.9851459545180317
11.991560545336966 RUS -0.9851459546934352
11.994784130171732 RUS -0.9851459548017552
11.996776415165236 RUS -0.9851459548686282
11.998007715006498 RUS -0.9851459549099296
11.99876870015874 RUS -0.9851459549354413
11.99923901484776 RUS -0.9851459549512284
11.999529685310982 RUS -0.9851459549609859
11.99970932953678 RUS -0.9851459549669684
11.999820355774204 RUS -0.9851459549706805
11.999888973762575 RUS -0.9851459549731497
11.999931382011628 RUS -0.9851459549745477
11.999957591750947 RUS -0.9851459549753986
11.999973790260682 RUS -0.9851459549758429
11.999983801490265 RUS -0.9851459549762602
11.999989988770416 RUS -0.9851459549763869
11.999994712191599 RUS -0.9851459549765327
11.999996731954683 RUS -0.9851459549766126
11.999997980236918 RUS -0.9851459549766572
11.999998751717767 RUS -0.985145954976685
11.999999228519153 RUS -0.985145954976699
11.999999523198614 RUS -0.9851459549767113
11.999999705320537 RUS -0.9851459549767208
4.58977247488876 MEX -0.9857266640932326
7.420227525111239 MEX -0.9857278251374362
9.16954494977752 MEX -0.9857280340935385
9.235660006499385 MEX -0.9857280394371639
10.291543927555956 MEX -0.9857281094094056
10.944116078943429 MEX -0.9857281415287645
11.347427848612528 MEX -0.9857281582636013
11.5966882303309 MEX -0.9857281676113419
11.750739618281626 MEX -0.985728173046945
11.845948612049272 MEX -0.9857281762840265
11.904791006232355 MEX -0.9857281782396466
11.941157605816919 MEX -0.9857281794315724
11.963633400415437 MEX -0.9857281801618952
11.977524205401483 MEX -0.9857281806108938
11.986109195013956 MEX -0.9857281808874658
11.991415010387529 MEX -0.9857281810580435
11.994694184626429 MEX -0.9857281811633563
11.996720825761102 MEX -0.9857281812284382
11.997973358865329 MEX -0.9857281812686114
11.998747466895775 MEX -0.9857281812934315
11.999225891969555 MEX -0.9857281813087594
11.99952157492622 MEX -0.9857281813182535
11.999704317043333 MEX -0.9857281813240961
11.999817257882887 MEX -0.9857281813276589
11.999887059160448 MEX -0.9857281813298948
11.999930198722438 MEX -0.9857281813314575
11.999956860438008 MEX -0.9857281813322821
11.999973338284429 MEX -0.9857281813327138
11.99998352215358 MEX -0.9857281813331121
11.999989816130851 MEX -0.9857281813332337
11.99999470617837 MEX -0.9857281813333774
11.999996728238303 MEX -0.9857281813334546
11.999997977940069 MEX -0.9857281813334974
11.999998750298236 MEX -0.9857281813335237
11.999999227641833 MEX -0.9857281813335442
11.9999995226564 MEX -0.9857281813335547
11.99999970498543 MEX -0.9857281813335563
4.58977247488876 ZAF -0.9862771599205983
7.420227525111239 ZAF -0.9862780147354512
9.16954494977752 ZAF -0.9862781674034661
9.2255526559792 ZAF -0.9862781707174445
10.285297241398274 ZAF -0.9862782221995537
10.940255414580927 ZAF -0.9862782458011642
11.345041826817347 ZAF -0.9862782580896121
11.595213587763581 ZAF -0.9862782649510292
11.749828239053766 ZAF -0.98627826893996
11.845385348709813 ZAF -0.9862782713151327
11.904442890343951 ZAF -0.9862782727499796
11.94094245836586 ZAF -0.9862782736244328
11.96350043197809 ZAF -0.9862782741602256
11.977442026387772 ZAF -0.9862782744895987
11.98605840559032 ZAF -0.9862782746924962
11.991383620797452 ZAF -0.986278274817674
11.994674784792867 ZAF -0.9862782748949381
11.996708836004585 ZAF -0.9862782749426454
11.997965948788284 ZAF -0.9862782749720919
11.998742887216302 ZAF -0.9862782749902682
11.999223061571982 ZAF -0.9862782750015288
11.999519825644319 ZAF -0.9862782750084789
11.999703235927663 ZAF -0.9862782750129163
11.999816589716657 ZAF -0.986278275015614
11.999886646211008 ZAF -0.986278275017216
11.99992994350565 ZAF -0.9862782750182119
11.99995670270536 ZAF -0.986278275018627
11.99997324080029 ZAF -0.9862782750192185
11.999983461905067 ZAF -0.986278275019326
11.999983922145276 ZAF -0.9862782750193305
11.999990063339315 ZAF -0.9862782750194324
11.999993858805961 ZAF -0.9862782750195151
11.999996204533353 ZAF -0.9862782750195717
11.99999765427261 ZAF -0.9862782750196036
11.999998550260745 ZAF -0.9862782750196302
11.999999104011867 ZAF -0.9862782750196353
11.999999282000617 ZAF -0.986278275019637
11.999999556251977 ZAF -0.9862782750196579
11.999999734240735 ZAF -0.9862782750196595
4.58977247488876 ROW -0.9828060932143456
7.420227525111239 ROW -0.9828072849053634
9.16954494977752 ROW -0.9828075181979379
9.356491319868118 ROW -0.982807534884952
10.366221786123123 ROW -0.9828076088513874
10.990269533744994 ROW -0.9828076437123076
11.375952252378127 ROW -0.9828076621262832
11.614317281366866 ROW -0.9828076724953194
11.76163497101126 ROW -0.9828076785540746
11.852682310355604 ROW -0.9828076821728482
11.908952660655656 ROW -0.9828076843629457
11.94372964969995 ROW -0.9828076856987197
11.965223010955706 ROW -0.9828076865177608
11.978506638744243 ROW -0.982807687021499
11.986716372211461 ROW -0.9828076873318882
11.99179026653278 ROW -0.9828076875233593
11.99492610567868 ROW -0.9828076876415602
11.996864160854098 ROW -0.982807687714563
11.998061944824581 ROW -0.9828076877596538
11.99880221602952 ROW -0.9828076877875231
11.999259728795064 ROW -0.9828076878047427
11.999542487234457 ROW -0.9828076878153834
11.999717241560608 ROW -0.9828076878219572
11.99982524567385 ROW -0.9828076878260207
11.999891995886758 ROW -0.982807687828533
11.999933249787091 ROW -0.9828076878300899
11.999958746099665 ROW -0.9828076878310461
11.999974503687424 ROW -0.982807687831631
11.999984242412241 ROW -0.9828076878319986
11.999990261275185 ROW -0.9828076878322336
11.999993981137058 ROW -0.9828076878323753
11.999996280138127 ROW -0.9828076878324623
11.999997700998929 ROW -0.9828076878325138
11.999998579139199 ROW -0.982807687832545
11.999999121859732 ROW -0.982807687832565
11.999999457279467 ROW -0.9828076878325761
11.999999664580264 ROW -0.9828076878325847
ROW [[ 0.45716153]
 [11.99999965]
 [11.99999965]
 [11.99999967]
 [11.99999965]
 [11.99999903]
 [11.99999965]
 [11.99999965]
 [11.99999971]
 [11.9999997 ]
 [11.99999973]
 [11.99999966]]
0.96190320616756
1
4.58977247488876 USA -0.997593927381775
7.420227525111239 USA -0.9975937249332366
2.840455050222478 USA -0.9975944512866332
1.7593174246662822 USA -0.9975959335112569
1.0911376255561962 USA -0.997599708013914
0.6781797991100862 USA -0.997607164937572
0.4229578264461101 USA -0.9976120362531994
0.26522197266397624 USA -0.9975639802577442
0.5204439453279524 USA -0.9976116034662441
0.4477963772170928 USA -0.9976124544740518
0.46412189838643214 USA -0.9976124687922964
0.45709014120707914 USA -0.997612483241541
0.4573492021121929 USA -0.9976124832320099
0.45715793614837874 USA -0.9976124832430722
0.45716041603973673 USA -0.9976124832430745
0.45716070222266764 USA -0.997612483243073
0.4571593801740193 USA -0.9976124832430743
0.45716002037424047 USA -0.997612483243076
0.45715991466985895 USA -0.997612483243072
0.4571600271550197 USA -0.9976124832430748
0.4571599799987595 USA -0.9976124832430738
0.45716000495217907 USA -0.997612483243075
0.45716001359346126 USA -0.9976124832430782
4.58977247488876 EUR -0.9934672925012338
7.420227525111239 EUR -0.9934676787786187
9.16954494977752 EUR -0.9934677472490444
9.215757413278487 EUR -0.9934677484754502
10.279243448481179 EUR -0.993467771648474
10.936513964797308 EUR -0.9934677822462679
11.34272948368387 EUR -0.9934677877570408
11.59378448111344 EUR -0.9934677908318168
11.748945002570432 EUR -0.9934677926185876
11.84483947854301 EUR -0.9934677936822324
11.904105524027424 EUR -0.9934677943246818
11.940733954515588 EUR -0.9934677947161745
11.963371569511835 EUR -0.9934677949560429
11.977362385003751 EUR -0.9934677951034983
11.986009184508085 EUR -0.9934677951943215
11.991353200495668 EUR -0.99346779525034
11.994655984012418 EUR -0.9934677952849196
11.996697216483252 EUR -0.9934677953062749
11.997958767529166 EUR -0.9934677953194647
11.998738448954084 EUR -0.9934677953276153
11.99922031857508 EUR -0.9934677953326514
11.999518130379002 EUR -0.9934677953357638
11.999702188196077 EUR -0.9934677953376972
11.999815942182924 EUR -0.9934677953388751
11.999886246013151 EUR -0.993467795339616
11.999929696169772 EUR -0.9934677953400646
11.99995654984338 EUR -0.9934677953403495
11.999973146326393 EUR -0.9934677953405184
11.999983403516989 EUR -0.9934677953406317
11.999989742809406 EUR -0.9934677953406942
11.999993660707585 EUR -0.9934677953407329
11.999996082101823 EUR -0.993467795340758
11.999997578605763 EUR -0.9934677953407729
11.99999850349606 EUR -0.9934677953407834
11.9999990751097 EUR -0.9934677953407897
11.999999428386358 EUR -0.9934677953407932
11.99999964672334 EUR -0.9934677953407939
4.58977247488876 JAP -0.992215111626781
7.420227525111239 JAP -0.9922158602941598
9.16954494977752 JAP -0.9922159937452529
9.223017096898 JAP -0.992215996510975
10.283730179705607 JAP -0.9922160415467088
10.93928691719239 JAP -0.9922160621798644
11.344443262513215 JAP -0.9922160729191429
11.594843654679174 JAP -0.9922160789144259
11.74959960783404 JAP -0.9922160823994299
11.845244046845135 JAP -0.9922160844744035
11.904355560988908 JAP -0.9922160857278621
11.94088848585623 JAP -0.9922160864917351
11.96346707513268 JAP -0.9922160869597622
11.97742141072355 JAP -0.992216087247486
11.986045664409131 JAP -0.9922160874247208
11.991375746314421 JAP -0.9922160875340388
11.994669918094711 JAP -0.9922160876015158
11.99670582821971 JAP -0.9922160876431892
11.997964089875 JAP -0.9922160876689261
11.998741738344709 JAP -0.9922160876848326
11.999222351530289 JAP -0.992216087694661
11.99951938681442 JAP -0.9922160877007338
11.99970296471587 JAP -0.9922160877044841
11.99981642209855 JAP -0.9922160877068059
11.999886542617322 JAP -0.9922160877082405
11.99992987948123 JAP -0.9922160877091346
11.999956663136091 JAP -0.9922160877096942
11.999973216345138 JAP -0.9922160877100178
11.999983446790953 JAP -0.9922160877102215
11.999989769554187 JAP -0.9922160877103483
11.999993677236768 JAP -0.9922160877104252
11.999996092317419 JAP -0.9922160877104745
11.999997584919347 JAP -0.992216087710505
11.999998507398072 JAP -0.9922160877105239
11.999999077521277 JAP -0.9922160877105357
11.999999429876796 JAP -0.992216087710543
11.999999647644483 JAP -0.9922160877105486
4.58977247488876 CHN -0.9912866778737374
7.420227525111239 CHN -0.9912880403210662
9.16954494977752 CHN -0.991288283511528
9.224802037180082 CHN -0.9912882887197366
10.284833333467823 CHN -0.9912883707311007
10.939968703712259 CHN -0.9912884083210213
11.344864629755566 CHN -0.991288427890608
11.595104073956694 CHN -0.991288438816906
11.749760555798874 CHN -0.9912884451687515
11.84534351815782 CHN -0.9912884489508299
11.904417037641052 CHN -0.9912884512355666
11.940926480516769 CHN -0.9912884526279357
11.963490557124285 CHN -0.9912884534810777
11.977435923392486 CHN -0.9912884540055459
11.9860546337318 CHN -0.9912884543286241
11.991381289660687 CHN -0.9912884545278939
11.994673344071115 CHN -0.9912884546508892
11.996707945589574 CHN -0.9912884547268577
11.997965398481542 CHN -0.9912884547737751
11.99874254710803 CHN -0.9912884548027627
11.99922285137351 CHN -0.9912884548206784
11.999519695734518 CHN -0.9912884548317482
11.99970315563899 CHN -0.9912884548385893
11.999816540095527 CHN -0.9912884548428175
11.999886615543463 CHN -0.9912884548454505
11.999929924552065 CHN -0.9912884548470446
11.9999566909914 CHN -0.9912884548480569
11.999973233560667 CHN -0.9912884548486602
11.999983457430734 CHN -0.9912884548490452
11.999989776129931 CHN -0.991288454849287
11.9999936813008 CHN -0.9912884548494284
11.99999609482913 CHN -0.9912884548495172
11.999997586471672 CHN -0.9912884548495701
11.99999850835746 CHN -0.9912884548496029
11.999999078114211 CHN -0.9912884548496245
11.999999430243248 CHN -0.9912884548496372
11.999999647870961 CHN -0.9912884548496452
4.58977247488876 BRA -0.9878652736162591
7.420227525111239 BRA -0.9878664051867798
9.16954494977752 BRA -0.9878666072957126
9.225636703293258 BRA -0.9878666116895561
10.285349185495024 BRA -0.9878666798242428
10.940287517798234 BRA -0.987866711060161
11.345061667696791 BRA -0.9878667273236348
11.595225850101444 BRA -0.9878667364045405
11.749835817595347 BRA -0.9878667416837635
11.845390032506096 BRA -0.9878667448272757
11.904445785089251 BRA -0.9878667467262731
11.940944247416846 BRA -0.9878667478835597
11.963501537672407 BRA -0.9878667485926869
11.97744270974444 BRA -0.9878667490285952
11.986058827927966 BRA -0.987866749297126
11.991383881816473 BRA -0.9878667494627025
11.994674946111495 BRA -0.9878667495649306
11.996708935704978 BRA -0.9878667496280603
11.997966010406515 BRA -0.9878667496670722
11.998742925298462 BRA -0.9878667496911769
11.999223085108051 BRA -0.9878667497061131
11.999519840190409 BRA -0.9878667497153238
11.999703244917642 BRA -0.9878667497210106
11.999816595272769 BRA -0.9878667497245307
11.999886649644873 BRA -0.9878667497266975
11.999929945627894 BRA -0.9878667497280355
11.999956704016977 BRA -0.9878667497288505
11.999973241610915 BRA -0.9878667497292916
11.999983462406062 BRA -0.9878667497296217
11.999989779204855 BRA -0.9878667497298206
11.999993683201208 BRA -0.9878667497299423
11.999996096003645 BRA -0.9878667497300219
11.99999758719756 BRA -0.9878667497300613
11.999998508806085 BRA -0.9878667497300903
11.999999078391477 BRA -0.9878667497301084
11.999999430414608 BRA -0.987866749730118
11.999999647976868 BRA -0.9878667497301257
4.58977247488876 IND -0.9863170753080912
7.420227525111239 IND -0.9863185104347724
9.16954494977752 IND -0.9863187667560819
9.225608341181582 IND -0.986318772325579
10.285331656746015 IND -0.9863188587373508
10.940276684435565 IND -0.9863188983519703
11.345054972310448 IND -0.9863189189777719
11.595221712125117 IND -0.9863189304944757
11.749833260185333 IND -0.9863189371897817
11.845388451939785 IND -0.9863189411764549
11.904444808245549 IND -0.9863189435847968
11.940943643694235 IND -0.9863189450525137
11.963501164551312 IND -0.9863189459518286
11.97744247914292 IND -0.9863189465046954
11.986058685408391 IND -0.9863189468452467
11.991383793734531 IND -0.9863189470552963
11.99467489167386 IND -0.9863189471849546
11.99670890206067 IND -0.9863189472650344
11.997965989613188 IND -0.9863189473144777
11.99874291244748 IND -0.98631894734505
11.999223077165707 IND -0.9863189473639398
11.999519835281772 IND -0.986318947375607
11.999703241883937 IND -0.9863189473828105
11.999816593397835 IND -0.9863189473872711
11.9998866484861 IND -0.9863189473900325
11.999929944911734 IND -0.9863189473917412
11.999956703574368 IND -0.9863189473927965
11.999973241337369 IND -0.9863189473934454
11.999983462237001 IND -0.986318947393845
11.99998977910037 IND -0.9863189473940647
11.999993683136633 IND -0.9863189473942465
11.999996095963738 IND -0.986318947394313
11.999997587172897 IND -0.9863189473943745
11.999998508790842 IND -0.9863189473944157
11.999999078382055 IND -0.9863189473944559
11.999999430408785 IND -0.9863189473944628
11.999999608397541 IND -0.9863189473944667
11.999999786386299 IND -0.9863189473944707
4.58977247488876 CAN -0.9999322822120237
7.420227525111239 CAN -0.9999332885487038
9.16954494977752 CAN -0.9999334682716381
9.225505035437932 CAN -0.9999334721695488
10.285267810285207 CAN -0.9999335327607574
10.940237225152725 CAN -0.9999335605374852
11.345030585132482 CAN -0.9999335749995598
11.595206640020244 CAN -0.9999335830745769
11.74982394511224 CAN -0.9999335877690496
11.845382694908006 CAN -0.9999335905643026
11.904441250204234 CAN -0.9999335922529277
11.94094144470377 CAN -0.9999335932820383
11.963499805500465 CAN -0.9999335939125444
11.977441639203306 CAN -0.9999335943001801
11.98605816629716 CAN -0.999933594538969
11.991383472906147 CAN -0.999933594686262
11.994674693391014 CAN -0.9999335947771608
11.996708779515131 CAN -0.9999335948333384
11.99796591387588 CAN -0.9999335948679837
11.99874286563925 CAN -0.9999335948894299
11.999223048236631 CAN -0.9999335949026634
11.99951981740262 CAN -0.9999335949108603
11.999703230834013 CAN -0.9999335949159184
11.999816586568608 CAN -0.9999335949189793
11.999886644265407 CAN -0.9999335949209444
11.999929942303202 CAN -0.9999335949221647
11.999956701962205 CAN -0.9999335949230159
11.999973240340996 CAN -0.9999335949234021
11.999983461621207 CAN -0.9999335949236796
11.999989778719787 CAN -0.9999335949238363
11.999993682901419 CAN -0.9999335949239393
11.999996095818366 CAN -0.9999335949239994
11.999997587083051 CAN -0.9999335949240405
11.999998508735313 CAN -0.9999335949240639
11.999999078347738 CAN -0.9999335949240784
11.999999430387577 CAN -0.9999335949240898
11.999999647960163 CAN -0.9999335949240956
4.58977247488876 KOR -0.9997394250441648
7.420227525111239 KOR -0.9997403603422184
9.16954494977752 KOR -0.9997405273725096
9.2254598613714 KOR -0.9997405309922301
10.28523989117668 KOR -0.9997405873052804
10.94021997019472 KOR -0.9997406131205011
11.34501992098196 KOR -0.9997406265612354
11.595200049212758 KOR -0.9997406340659744
11.7498198717692 KOR -0.9997406384288585
11.845380177443559 KOR -0.9997406410267047
11.904439694325642 KOR -0.9997406425960434
11.940940483117917 KOR -0.9997406435524785
11.963499211207724 KOR -0.9997406441384692
11.977441271910193 KOR -0.9997406444987257
11.986057939297533 KOR -0.9997406447206477
11.991383332612662 KOR -0.9997406448575422
11.994674606684873 KOR -0.9997406449420226
11.99670872592779 KOR -0.9997406449941991
11.997965880757084 KOR -0.9997406450264429
11.998742845170709 KOR -0.9997406450463601
11.999223035586377 KOR -0.9997406450586677
11.999519809584331 KOR -0.9997406450662711
11.999703226002044 KOR -0.9997406450709638
11.999816583582286 KOR -0.999740645073871
11.999886642419758 KOR -0.9997406450756547
11.999929941162529 KOR -0.9997406450767908
11.999956701257231 KOR -0.9997406450774928
11.999973239905298 KOR -0.9997406450778961
11.999983461351931 KOR -0.9997406450781549
11.999989778553365 KOR -0.9997406450783066
11.999993682798566 KOR -0.9997406450784019
11.9999960957548 KOR -0.9997406450784606
11.999997587043767 KOR -0.9997406450785015
11.999998508711034 KOR -0.9997406450785261
11.999999078332731 KOR -0.9997406450785418
11.9999994303783 KOR -0.9997406450785502
11.999999647954429 KOR -0.9997406450785561
4.58977247488876 RUS -0.9855243708843171
7.420227525111239 RUS -0.9855255994613884
9.16954494977752 RUS -0.985525818899576
9.225654540988732 RUS -0.985525823671538
10.285360209797108 RUS -0.9855258976478468
10.940294331191623 RUS -0.9855259315618861
11.345065878605483 RUS -0.9855259492197388
11.59522845258614 RUS -0.9855259590792755
11.749837426019345 RUS -0.9855259648111666
11.845391026566796 RUS -0.9855259682241858
11.904446399452551 RUS -0.9855259702860023
11.940944627114247 RUS -0.9855259715425451
11.963501772338306 RUS -0.9855259723124632
11.977442854775942 RUS -0.9855259727857526
11.986058917562366 RUS -0.9855259730773169
11.991383937213577 RUS -0.9855259732571648
11.994674980348787 RUS -0.985525973368154
11.99670895686479 RUS -0.9855259734366953
11.997966023483999 RUS -0.985525973479069
11.998742933380791 RUS -0.9855259735052504
11.999223090103206 RUS -0.9855259735213815
11.999519843277584 RUS -0.9855259735313744
11.99970324682562 RUS -0.9855259735375677
11.999816596451964 RUS -0.9855259735413561
11.999886650373657 RUS -0.9855259735438888
11.999929946078309 RUS -0.9855259735453226
11.99995670429535 RUS -0.9855259735461959
11.999973241782959 RUS -0.9855259735466507
11.99998346251239 RUS -0.9855259735470782
11.999989779270567 RUS -0.9855259735472081
11.999994620050916 RUS -0.9855259735473579
11.999996675008608 RUS -0.9855259735474405
11.999997945042308 RUS -0.9855259735474866
11.9999987299663 RUS -0.9855259735475153
11.999999215076008 RUS -0.9855259735475373
11.999999514890295 RUS -0.9855259735475486
11.999999700185715 RUS -0.9855259735475512
4.58977247488876 MEX -0.9861228561204848
7.420227525111239 MEX -0.9861240306824016
9.16954494977752 MEX -0.9861242404647034
9.225603688258756 MEX -0.9861242450225417
10.285328781081562 MEX -0.9861243157451396
10.940274907177194 MEX -0.9861243481671278
11.34505387390437 MEX -0.9861243650480118
11.595221033272825 MEX -0.9861243744736771
11.749832840631543 MEX -0.9861243799533389
11.845388192641282 MEX -0.9861243832161689
11.904444647990262 MEX -0.986124385187203
11.940943544651022 MEX -0.9861243863884883
11.96350110333924 MEX -0.9861243871244689
11.97744244131178 MEX -0.9861243875769934
11.98605866202746 MEX -0.9861243878556722
11.991383779284321 MEX -0.9861243880276424
11.994674882743139 MEX -0.9861243881337586
11.99670889654118 MEX -0.986124388199253
11.997965986201958 MEX -0.9861243882397673
11.998742910339224 MEX -0.9861243882647986
11.999223075862735 MEX -0.9861243882802281
11.99951983447649 MEX -0.9861243882897747
11.999703241386246 MEX -0.9861243882956761
11.999816593090246 MEX -0.9861243882993354
11.999886648296 MEX -0.9861243883016197
11.999929944794244 MEX -0.9861243883030986
11.999956703501754 MEX -0.9861243883039359
11.99997324129249 MEX -0.9861243883043703
11.999983462209265 MEX -0.9861243883047797
11.999989779083228 MEX -0.9861243883048956
11.99999361245598 MEX -0.9861243883050067
11.999996052280691 MEX -0.9861243883050894
11.99999756017529 MEX -0.9861243883051471
11.999998492105403 MEX -0.9861243883051845
11.999999068069888 MEX -0.9861243883052068
11.999999424035515 MEX -0.986124388305218
11.999999644034371 MEX -0.9861243883052279
4.58977247488876 ZAF -0.9866549758084505
7.420227525111239 ZAF -0.9866558339409776
9.16954494977752 ZAF -0.9866559872180717
9.225694007077465 ZAF -0.9866559905536175
10.285384601181349 ZAF -0.9866560422250988
10.940309405896118 ZAF -0.986656065913848
11.345075195285231 ZAF -0.9866560782477857
11.595234210610885 ZAF -0.986656085134647
11.749840984674345 ZAF -0.9866560891383859
11.845393225936538 ZAF -0.9866560915224288
11.904447758737804 ZAF -0.9866560929625596
11.940945467198732 ZAF -0.9866560938402658
11.96350229153907 ZAF -0.9866560943780461
11.97744317565966 ZAF -0.9866560947087151
11.986059115879408 ZAF -0.9866560949123133
11.99138405978025 ZAF -0.9866560950379305
11.994675056099158 ZAF -0.9866560951154928
11.996709003681094 ZAF -0.9866560951633702
11.997966052418064 ZAF -0.9866560951929209
11.998742951263027 ZAF -0.9866560952111944
11.999223101155035 ZAF -0.9866560952224853
11.99951985010799 ZAF -0.9866560952294563
11.999703251047043 ZAF -0.9866560952339084
11.999816599060946 ZAF -0.9866560952366163
11.999886651986095 ZAF -0.9866560952382238
11.99992994707485 ZAF -0.9866560952392237
11.999956704911247 ZAF -0.9866560952396404
11.999973242163605 ZAF -0.9866560952402362
11.999983462747643 ZAF -0.9866560952403443
11.999983906103974 ZAF -0.9866560952403488
11.999990053425245 ZAF -0.9866560952404507
11.99999385267873 ZAF -0.9866560952405329
11.999996200746516 ZAF -0.9866560952405896
11.999997651932215 ZAF -0.9866560952406209
11.9999985488143 ZAF -0.9866560952406475
11.999999103117913 ZAF -0.9866560952406526
11.999999281106664 ZAF -0.9866560952406547
11.999999555699484 ZAF -0.986656095240676
11.999999733688242 ZAF -0.9866560952406777
4.58977247488876 ROW -0.9831867611206796
7.420227525111239 ROW -0.9831883866304615
9.16954494977752 ROW -0.9831886766211441
9.224102802466174 ROW -0.9831886827530762
10.284401182648514 ROW -0.9831887805741281
10.939701619817658 ROW -0.9831888254027945
11.344699562830854 ROW -0.983188848738805
11.595002056986804 ROW -0.9831888617673558
11.749697505844052 ROW -0.9831888693410782
11.845304551142751 ROW -0.983188873850615
11.904392954701299 ROW -0.9831888765747732
11.940911596441453 ROW -0.9831888782349433
11.963481358259848 ROW -0.9831888792521577
11.977430238181606 ROW -0.9831888798774845
11.986051120078242 ROW -0.983188880262702
11.991379118103362 ROW -0.9831888805002891
11.994672001974878 ROW -0.9831888806469441
11.996707116128482 ROW -0.9831888807375125
11.997964885846395 ROW -0.9831888807934596
11.998742230282087 ROW -0.9831888808280265
11.99922265556431 ROW -0.9831888808493837
11.999519574717779 ROW -0.9831888808625817
11.999703080846533 ROW -0.9831888808707402
11.999816493871247 ROW -0.9831888808757792
11.999886586975286 ROW -0.9831888808789006
11.999929906895959 ROW -0.983188880880825
11.999956680079325 ROW -0.9831888808820124
11.999973226816634 ROW -0.9831888808827338
11.999983453262693 ROW -0.9831888808831952
11.999989773553942 ROW -0.9831888808834873
11.999993679708751 ROW -0.9831888808836642
11.999996093845189 ROW -0.9831888808837718
11.99999758586356 ROW -0.9831888808838372
11.999998507981626 ROW -0.9831888808838758
11.999999077881933 ROW -0.9831888808838999
11.999999430099693 ROW -0.9831888808839148
11.999999647782241 ROW -0.9831888808839245
ROW [[ 0.45716001]
 [11.99999965]
 [11.99999965]
 [11.99999965]
 [11.99999965]
 [11.99999979]
 [11.99999965]
 [11.99999965]
 [11.9999997 ]
 [11.99999964]
 [11.99999973]
 [11.99999965]]
3.3082307500692427e-06
  US Nash delta = 0.4572  -> complete protection: False

===== tau off-diagonal x 2.0 (patenting sector) =====
12  countries,  2  sectors 
Solving time : 0.06353441599640064 
Iterations :  284 
Deviation norm :  TODO 
Status :  successful 
Hit the bounds  0  times
0
4.58977247488876 USA -0.9959872724564082
7.420227525111239 USA -0.9959868871660362
2.840455050222478 USA -0.9959884756614159
1.7593174246662822 USA -0.995992102706617
1.0911376255561962 USA -0.9960026793481159
0.6781797991100862 USA -0.9960311017026797
0.4229578264461101 USA -0.9960975249674886
0.26522197266397624 USA -0.9962170448680769
0.16773585378213388 USA -0.9963191515016343
0.1074861188818424 USA -0.9960493882244768
0.20497223776368476 USA -0.9962894127945005
0.14472250286339328 USA -0.9963018384585672
0.17084154881269745 USA -0.9963184097144482
0.1661416219071219 USA -0.9963193272139527
0.16492515253129555 USA -0.996319359631053
0.16508524865054544 USA -0.9963193605823144
0.16510149869749075 USA -0.9963193605891664
0.1651001087899954 USA -0.9963193605892231
0.1651001479769385 USA -0.9963193605892289
0.1651006572235689 USA -0.9963193605892169
0.16510034249184266 USA -0.9963193605892243
0.1651002292175654 USA -0.9963193605892259
0.1651001790080967 USA -0.9963193605892249
0.16510013300885815 USA -0.9963193605892277
0.16510015982978624 USA -0.9963193605892274
0.16510014552810723 USA -0.9963193605892272
0.16510015042576978 USA -0.9963193605892294
0.16510015401778444 USA -0.9963193605892288
4.58977247488876 EUR -0.9924605920557317
7.420227525111239 EUR -0.9924607975638777
9.16954494977752 EUR -0.9924608339166839
9.213101894482142 EUR -0.9924608345300117
10.277602247607273 EUR -0.9924608468348102
10.93549964687487 EUR -0.9924608524194778
11.342102600732405 EUR -0.9924608552468137
11.593397046142465 EUR -0.9924608568176313
11.748705554589938 EUR -0.9924608577279975
11.844691491552526 EUR -0.992460858269027
11.90401406303741 EUR -0.9924608585954746
11.940677428515114 EUR -0.9924608587942786
11.963336634522296 EUR -0.992460858916038
11.97734079399282 EUR -0.9924608589908537
11.985995840529476 EUR -0.9924608590369418
11.991344953463342 EUR -0.9924608590653644
11.994650887066133 EUR -0.9924608590829049
11.996694066397207 EUR -0.9924608590937395
11.997956820668923 EUR -0.9924608591004335
11.998737245728284 EUR -0.9924608591045645
11.999219574940641 EUR -0.9924608591071218
11.999517670787643 EUR -0.9924608591087006
11.999701904152996 EUR -0.9924608591096761
11.999815766634645 EUR -0.9924608591102796
11.999886137518349 EUR -0.9924608591106437
11.999929629116297 EUR -0.9924608591108796
11.999956508402054 EUR -0.9924608591110312
11.999973120714245 EUR -0.9924608591111151
11.99998338768781 EUR -0.9924608591111663
11.999989733026434 EUR -0.9924608591111993
11.999993654661374 EUR -0.9924608591112183
11.99999607836506 EUR -0.9924608591112313
11.999997576296316 EUR -0.9924608591112396
11.999998502068745 EUR -0.9924608591112448
11.999999074227572 EUR -0.9924608591112486
11.999999427841173 EUR -0.9924608591112501
11.999999646386398 EUR -0.9924608591112514
4.58977247488876 JAP -0.9917790639214616
7.420227525111239 JAP -0.9917795485101459
9.16954494977752 JAP -0.9917796357439673
9.235981969219612 JAP -0.991779637983934
10.291742911460167 JAP -0.9917796671587954
10.944239057759445 JAP -0.9917796805448966
11.347503853700722 JAP -0.9917796875176206
11.596735204058723 JAP -0.9917796914119166
11.750768649642 JAP -0.9917796936762366
11.845966554416723 JAP -0.9917796950246048
11.904802095225277 JAP -0.9917796958392103
11.941164459191445 JAP -0.9917796963356751
11.963637636033832 JAP -0.9917796966398816
11.977526823157614 JAP -0.9917796968268817
11.986110812876218 JAP -0.991779696942083
11.991416010281394 JAP -0.9917796970131405
11.994694802594822 JAP -0.9917796970570064
11.996721207686573 JAP -0.9917796970840843
11.99797359490825 JAP -0.9917796971008217
11.998747612778324 JAP -0.991779697111158
11.999225982129929 JAP -0.9917796971175392
11.999521630648395 JAP -0.9917796971214888
11.999704351481531 JAP -0.9917796971239263
11.999817279166862 JAP -0.9917796971254541
11.999887072314667 JAP -0.9917796971263951
11.999930206852193 JAP -0.9917796971269593
11.999956865462474 JAP -0.9917796971273067
11.99997334138972 JAP -0.9917796971275217
11.999983524072755 JAP -0.9917796971276531
11.999989817316967 JAP -0.9917796971277356
11.99999370675579 JAP -0.9917796971277872
11.99999611056118 JAP -0.9917796971278188
11.999997596194612 JAP -0.9917796971278388
11.999998514366569 JAP -0.9917796971278502
11.999999081828044 JAP -0.9917796971278595
11.999999432538523 JAP -0.9917796971278647
11.99999964928952 JAP -0.9917796971278681
4.58977247488876 CHN -0.990374705424888
7.420227525111239 CHN -0.9903755952134939
9.16954494977752 CHN -0.9903757618469532
9.290413138184743 CHN -0.9903757695568255
10.325383223928007 CHN -0.9903758237391725
10.965029914256737 CHN -0.9903758490592878
11.36035330967127 CHN -0.9903758623000356
11.604676604585466 CHN -0.9903758697114944
11.755676705085804 CHN -0.9903758740264448
11.848999899499663 CHN -0.9903758765979905
11.906676805586143 CHN -0.9903758781523044
11.942323093913522 CHN -0.9903758790998363
11.96435371167262 CHN -0.9903758796805443
11.9779693822409 CHN -0.9903758800375694
11.986384329431718 CHN -0.9903758802575295
11.99158505280918 CHN -0.9903758803931829
11.994799276622537 CHN -0.9903758804769285
11.996785776186641 CHN -0.990375880528647
11.998013500435896 CHN -0.9903758805605818
11.998772275750747 CHN -0.9903758805803347
11.99924122468515 CHN -0.9903758805925363
11.999531051065599 CHN -0.9903758806000684
11.999710173619553 CHN -0.9903758806047377
11.999820877446048 CHN -0.9903758806076081
11.999889296173507 CHN -0.9903758806093858
11.999931581272543 CHN -0.9903758806104865
11.999957714900965 CHN -0.9903758806111771
11.99997386637158 CHN -0.9903758806115951
11.999983848529387 CHN -0.9903758806118514
11.999990017842194 CHN -0.9903758806120097
11.999993830687195 CHN -0.9903758806121048
11.999996187155 CHN -0.9903758806121656
11.999997643532197 CHN -0.990375880612203
11.999998543622805 CHN -0.9903758806122263
11.999999099909394 CHN -0.990375880612241
11.999999443713412 CHN -0.9903758806122497
11.99999965619598 CHN -0.9903758806122555
4.58977247488876 BRA -0.9880872313762732
7.420227525111239 BRA -0.9880880609914523
9.16954494977752 BRA -0.9880882090690143
9.224759136087402 BRA -0.9880882122378305
10.284806819134392 BRA -0.9880882621750514
10.939952316953008 BRA -0.988088285063577
11.344854502181382 BRA -0.9880882969794458
11.595097814771623 BRA -0.9880883036324493
11.749756687409757 BRA -0.9880883075000537
11.845341127361866 BRA -0.9880883098029312
11.904415560047893 BRA -0.9880883111941
11.940925567313974 BRA -0.9880883120419075
11.963489992733917 BRA -0.9880883125613759
11.977435574580054 BRA -0.988088312880717
11.986054418153861 BRA -0.9880883130774054
11.991381156426193 BRA -0.9880883131987421
11.99467326172767 BRA -0.988088313273602
11.996707894698524 BRA -0.9880883133199033
11.997965367029144 BRA -0.9880883133484737
11.99874252766938 BRA -0.9880883133660854
11.999222839359765 BRA -0.9880883133769849
11.999519688309617 BRA -0.9880883133837411
11.999703151050149 BRA -0.988088313387962
11.999816537259466 BRA -0.9880883133905253
11.99988661379068 BRA -0.9880883133921099
11.999929923468786 BRA -0.988088313393022
11.999956690321897 BRA -0.9880883133936951
11.999973233146891 BRA -0.9880883133939883
11.999983457175007 BRA -0.9880883133942127
11.999989775971885 BRA -0.9880883133943628
11.999993681203122 BRA -0.9880883133944554
11.999996094768761 BRA -0.9880883133945162
11.999997586434361 BRA -0.9880883133945553
11.999998508334402 BRA -0.9880883133945726
11.999999078099961 BRA -0.9880883133945855
11.99999943023444 BRA -0.9880883133945954
11.999999647865518 BRA -0.9880883133946042
4.58977247488876 IND -0.9868725751343954
7.420227525111239 IND -0.9868735432664693
9.16954494977752 IND -0.9868737277659554
9.31577308511661 IND -0.9868737381115786
10.341056533084794 IND -0.9868737970757215
10.974716552031817 IND -0.9868738244200203
11.366339981052977 IND -0.9868738387447832
11.608376570978837 IND -0.9868738467711363
11.75796341007414 IND -0.986873851446866
11.850413160904699 IND -0.986873854234415
11.907550249169443 IND -0.9868738559196388
11.942862911735256 IND -0.9868738569471383
11.964687337434185 IND -0.9868738575768866
11.978175574301071 IND -0.9868738579640897
11.986511763133116 IND -0.9868738582026295
11.991663811167957 IND -0.9868738583497682
11.99484795196516 IND -0.9868738584405948
11.996815859202796 IND -0.9868738584966937
11.998032092762363 IND -0.9868738585313417
11.998783766440434 IND -0.986873858552759
11.999248326321931 IND -0.9868738585659973
11.999535440118505 IND -0.9868738585741569
11.999712886203426 IND -0.9868738585792096
11.999822553915077 IND -0.986873858582331
11.999890332288347 IND -0.9868738585842668
11.99993222162673 IND -0.9868738585854655
11.999958110661618 IND -0.9868738585862055
11.999974110965114 IND -0.9868738585866602
11.999983999696505 IND -0.9868738585869159
11.99999011126861 IND -0.9868738585871152
11.999993888427896 IND -0.986873858587198
11.999996222840716 IND -0.986873858587266
11.999997665587182 IND -0.9868738585873101
11.999998557253535 IND -0.9868738585873374
11.999999108333649 IND -0.9868738585873549
11.999999448919889 IND -0.9868738585873648
11.99999965941376 IND -0.9868738585873708
4.58977247488876 CAN -0.9987175787225104
7.420227525111239 CAN -0.9987183498769067
9.16954494977752 CAN -0.9987184875056279
9.224624184684176 CAN -0.9987184904436129
10.28472341458037 CAN -0.9987185368575943
10.939900770103806 CAN -0.9987185580862362
11.344822644476563 CAN -0.9987185691354036
11.595078125627243 CAN -0.9987185753035985
11.74974451884932 CAN -0.9987185788890601
11.845333606777922 CAN -0.9987185810238675
11.9044109120714 CAN -0.9987185823134347
11.940922694706522 CAN -0.9987185830993102
11.963488217364876 CAN -0.9987185835807898
11.977434477341646 CAN -0.9987185838767919
11.986053740023232 CAN -0.9987185840591418
11.991380737318416 CAN -0.9987185841715992
11.994673002704817 CAN -0.9987185842410331
11.996707734613597 CAN -0.9987185842839131
11.997965268091217 CAN -0.9987185843104148
11.998742466522378 CAN -0.9987185843268165
11.99922280156884 CAN -0.9987185843368437
11.99951966495354 CAN -0.9987185843430896
11.9997031366153 CAN -0.9987185843469821
11.99981652833824 CAN -0.9987185843493905
11.999886608277059 CAN -0.9987185843509945
11.999929920061179 CAN -0.9987185843518476
11.99995668821588 CAN -0.9987185843523927
11.999973231845301 CAN -0.9987185843527262
11.99998345637058 CAN -0.9987185843529245
11.999989775474722 CAN -0.9987185843530507
11.999993680895859 CAN -0.9987185843531227
11.999996094578862 CAN -0.9987185843531731
11.999997586316995 CAN -0.9987185843532027
11.999998508261864 CAN -0.9987185843532255
11.99999907805513 CAN -0.9987185843532354
11.999999430206735 CAN -0.9987185843532428
11.999999647848396 CAN -0.9987185843532492
4.58977247488876 KOR -0.9979970259548164
7.420227525111239 KOR -0.9979976858824172
9.16954494977752 KOR -0.9979978028470153
9.215621838825822 KOR -0.9979978049363882
10.279159658861424 KOR -0.9979978445313643
10.936462179964396 KOR -0.9979978626351713
11.342697478897028 KOR -0.9979978720469614
11.593764701067368 KOR -0.9979978772975052
11.74893277782966 KOR -0.9979978803483152
11.84483192323771 KOR -0.9979978821643198
11.904100854591952 KOR -0.9979978832611405
11.940731068645759 KOR -0.9979978839295002
11.963369785946195 KOR -0.9979978843390046
11.977361282699565 KOR -0.9979978845907217
11.986008503246632 KOR -0.9979978847457787
11.991352779452935 KOR -0.9979978848414163
11.994655723793697 KOR -0.997997884900456
11.996697055659236 KOR -0.9979978849369007
11.997958668134459 KOR -0.9979978849594177
11.998738387524778 KOR -0.9979978849733367
11.999220280609682 KOR -0.9979978849819303
11.999518106915096 KOR -0.9979978849872522
11.999702173694585 KOR -0.9979978849905361
11.99981593322051 KOR -0.9979978849925859
11.999886240474076 KOR -0.9979978849938511
11.999929692746434 KOR -0.9979978849945977
11.99995654772764 KOR -0.997997884995074
11.999973145018794 KOR -0.9979978849953549
11.999983402708848 KOR -0.9979978849955344
11.999989742309946 KOR -0.9979978849956458
11.9999936603989 KOR -0.9979978849957164
11.999996081911044 KOR -0.9979978849957583
11.999997578487855 KOR -0.9979978849957867
11.99999850342319 KOR -0.9979978849958026
11.999999075064665 KOR -0.9979978849958129
11.999999428358525 KOR -0.9979978849958194
11.999999646706138 KOR -0.9979978849958226
4.58977247488876 RUS -0.9862926115895777
7.420227525111239 RUS -0.9862935083914637
9.16954494977752 RUS -0.9862936684629329
9.224773744438444 RUS -0.9862936718892649
10.284815847591856 RUS -0.9862937258710003
10.939957896846588 RUS -0.9862937506133631
11.344857950745268 RUS -0.9862937634943602
11.595099946101318 RUS -0.9862937706861961
11.74975800464395 RUS -0.9862937748670624
11.845341941457367 RUS -0.986293777356478
11.90441606318658 RUS -0.9862937788603173
11.940925878270784 RUS -0.986293779776805
11.963490184915797 RUS -0.9862937803383455
11.97743569335499 RUS -0.9862937806835623
11.986054491560807 RUS -0.986293780896235
11.99138120179418 RUS -0.9862937810273817
11.994673289766627 RUS -0.9862937811083664
11.996707912027555 RUS -0.9862937811583452
11.997965377739074 RUS -0.9862937811892492
11.99874253428848 RUS -0.9862937812083028
11.999222843450593 RUS -0.986293781220119
11.999519690837886 RUS -0.9862937812273905
11.999703152612705 RUS -0.9862937812320322
11.999816538225181 RUS -0.9862937812348056
11.999886614387526 RUS -0.9862937812364976
11.999929923837655 RUS -0.9862937812375421
11.999956690549869 RUS -0.986293781238076
11.999973233287784 RUS -0.9862937812385939
11.999983457262084 RUS -0.9862937812387448
11.999990278638991 RUS -0.9862937812388971
11.99999399186848 RUS -0.9862937812389992
11.999996286770513 RUS -0.9862937812390596
11.999997705097968 RUS -0.9862937812390972
11.999998581672543 RUS -0.9862937812391276
11.999999123425424 RUS -0.9862937812391429
11.999999458247117 RUS -0.9862937812391466
11.999999636235874 RUS -0.9862937812391573
11.999999814224632 RUS -0.9862937812391597
4.58977247488876 MEX -0.9868748792320308
7.420227525111239 MEX -0.986875765660535
9.16954494977752 MEX -0.9868759243294063
9.228488164846118 MEX -0.9868759279515874
10.287111485652305 MEX -0.9868759813295589
10.941376679193812 MEX -0.9868760058068662
11.345734806458491 MEX -0.9868760185531009
11.59564187273532 MEX -0.9868760256707426
11.750092933723172 MEX -0.9868760298084877
11.845548939012147 MEX -0.9868760322723046
11.904543994711023 MEX -0.9868760337607264
11.941004944301122 MEX -0.9868760346678251
11.963539050409901 MEX -0.9868760352236304
11.977465893891223 MEX -0.9868760355653146
11.986073156518678 MEX -0.9868760357758312
11.991392737372543 MEX -0.9868760359056384
11.994680419146135 MEX -0.986876035985776
11.99671231822641 MEX -0.9868760360352644
11.997968100919728 MEX -0.9868760360658212
11.998744217306681 MEX -0.9868760360847185
11.999223883613045 MEX -0.9868760360963922
11.999520333693637 MEX -0.9868760361035838
11.99970354991941 MEX -0.9868760361081174
11.999816783774227 MEX -0.9868760361109139
11.999886766145181 MEX -0.986876036112599
11.999930017629044 MEX -0.986876036113636
11.999956748516135 MEX -0.9868760361141933
11.999973269112909 MEX -0.9868760361146761
11.999983479403229 MEX -0.9868760361148362
11.999993844243882 MEX -0.9868760361150895
11.99998988522704 MEX -0.9868760361150736
11.999992493650394 MEX -0.9868760361150999
11.999992310333498 MEX -0.986876036115098
11.999992840124245 MEX -0.9868760361151034
11.999993223663818 MEX -0.9868760361151119
11.99999346070431 MEX -0.9868760361151143
11.999993638692978 MEX -0.9868760361151163
4.58977247488876 ZAF -0.9872149513742443
7.420227525111239 ZAF -0.9872155870449641
9.16954494977752 ZAF -0.9872157004971415
9.224662990097771 ZAF -0.9872157029207552
10.284747397644919 ZAF -0.9872157411829815
10.939915592452852 ZAF -0.987215758719989
11.344831805192067 ZAF -0.9872157678497478
11.595083787260785 ZAF -0.9872157729471404
11.749748017931282 ZAF -0.9872157759103988
11.845335769329504 ZAF -0.9872157776748263
11.90441224860178 ZAF -0.987215778740696
11.940923520727724 ZAF -0.9872157793902584
11.963488727874054 ZAF -0.987215779788269
11.97743479285367 ZAF -0.9872157800329462
11.986053935020387 ZAF -0.9872157801836834
11.991380857833285 ZAF -0.9872157802766527
11.994673077187102 ZAF -0.9872157803340533
11.996707780646181 ZAF -0.9872157803694558
11.99796529654092 ZAF -0.9872157803913374
11.998742484105263 ZAF -0.9872157804048571
11.99922281243566 ZAF -0.9872157804133269
11.999519671669605 ZAF -0.9872157804185144
11.999703140766057 ZAF -0.987215780421682
11.99981653090355 ZAF -0.9872157804236412
11.999886609862509 ZAF -0.9872157804248447
11.999929921041042 ZAF -0.9872157804253993
11.999956688821468 ZAF -0.9872157804258836
11.999973232219574 ZAF -0.987215780426177
11.999983456601893 ZAF -0.9872157804263753
11.99998977561768 ZAF -0.9872157804264784
11.999993680984213 ZAF -0.9872157804265593
11.999996094633469 ZAF -0.987215780426602
11.999997586350744 ZAF -0.9872157804266363
11.999998508282722 ZAF -0.987215780426643
11.999998686271464 ZAF -0.9872157804266447
11.999999188071113 ZAF -0.9872157804266704
11.999999498200351 ZAF -0.9872157804266725
11.999999676189107 ZAF -0.987215780426674
4.58977247488876 ROW -0.9845848941986807
7.420227525111239 ROW -0.9845858619300599
9.16954494977752 ROW -0.984586049937908
9.344714066743554 ROW -0.9845860626333012
10.358943043398032 ROW -0.9845861228968236
10.985771023345523 ROW -0.9845861520630064
11.37317202005251 ROW -0.9845861674313681
11.612599003293013 ROW -0.984586176098398
11.760573016759496 ROW -0.9845861811679311
11.852025986533517 ROW -0.9845861841948756
11.908547030225979 ROW -0.9845861860263371
11.943478956307539 ROW -0.9845861871436024
11.965068073918442 ROW -0.9845861878286096
11.978410882389097 ROW -0.984586188249876
11.986657191529343 ROW -0.9845861885094349
11.991753690859754 ROW -0.9845861886695564
11.99490350066959 ROW -0.9845861887683985
11.996850190190166 ROW -0.9845861888294386
11.998053310479424 ROW -0.9845861888671524
11.99879687971074 ROW -0.9845861888904562
11.999256430768684 ROW -0.9845861889048443
11.999540448942058 ROW -0.984586188913751
11.999715981826625 ROW -0.9845861889192482
11.999824467115431 ROW -0.9845861889226456
11.999891514711193 ROW -0.9845861889247465
11.999932952404238 ROW -0.9845861889260475
11.999958562306956 ROW -0.9845861889268507
11.999974390097284 ROW -0.9845861889273493
11.999984172209674 ROW -0.9845861889276563
11.999990217887612 ROW -0.9845861889278452
11.999993954322063 ROW -0.9845861889279607
11.99999626356555 ROW -0.9845861889280312
11.999997690756512 ROW -0.984586188928074
11.999998572809035 ROW -0.9845861889281015
11.999999117947475 ROW -0.9845861889281174
11.999999454861559 ROW -0.984586188928128
11.999999663085914 ROW -0.9845861889281343
ROW [[ 0.16510015]
 [11.99999965]
 [11.99999965]
 [11.99999966]
 [11.99999965]
 [11.99999966]
 [11.99999965]
 [11.99999965]
 [11.99999981]
 [11.99999364]
 [11.99999968]
 [11.99999966]]
0.9862416541311858
1
4.58977247488876 USA -0.9959872724564076
7.420227525111239 USA -0.9959868871660376
2.840455050222478 USA -0.9959884756614107
1.7593174246662822 USA -0.995992102706616
1.0911376255561962 USA -0.9960026793481156
0.6781797991100862 USA -0.9960311017026814
0.4229578264461101 USA -0.9960975249674869
0.26522197266397624 USA -0.996217044868075
0.16773585378213388 USA -0.9963191515016344
0.1074861188818424 USA -0.9960493882244783
0.20497223776368476 USA -0.9962894127945008
0.14472250286339328 USA -0.9963018384585662
0.17084154881323615 USA -0.9963184097144475
0.16614162190539128 USA -0.9963193272139467
0.16492515266671848 USA -0.9963193596310539
0.1650852485256636 USA -0.9963193605823164
0.16510149890831713 USA -0.9963193605891695
0.16510010984046652 USA -0.9963193605892261
0.1651001494496464 USA -0.9963193605892319
0.16510065691505305 USA -0.9963193605892173
0.16510034328418363 USA -0.9963193605892243
0.1651002217535972 USA -0.9963193605892221
0.16510015189847768 USA -0.9963193605892265
0.16510013096510176 USA -0.9963193605892237
0.1651001423891786 USA -0.9963193605892263
0.16510014700081513 USA -0.9963193605892294
4.58977247488876 EUR -0.9951726497304201
7.420227525111239 EUR -0.9951728293630201
9.16954494977752 EUR -0.9951728609437475
9.205231124845906 EUR -0.9951728613805713
10.272737844454458 EUR -0.9951728721127795
10.932493280391448 EUR -0.9951728770080935
11.340244564063012 EUR -0.995172879550064
11.592248716328438 EUR -0.9951728809672497
11.747995847734575 EUR -0.9951728817904003
11.844252868593864 EUR -0.9951728822802797
11.903742979140713 EUR -0.995172882576118
11.940509889453153 EUR -0.9951728827563803
11.96323308968756 EUR -0.9951728828668126
11.977276799765592 EUR -0.9951728829346976
11.985956289921967 EUR -0.9951728829765119
11.991320509843627 EUR -0.9951728830023027
11.994635780078342 EUR -0.9951728830182217
11.996684729765287 EUR -0.9951728830280506
11.997951050313056 EUR -0.9951728830341299
11.99873367945223 EUR -0.9951728830378811
11.999217370860825 EUR -0.9951728830401971
11.999516308591403 EUR -0.9951728830416302
11.999701062269422 EUR -0.9951728830425138
11.999815246321983 EUR -0.9951728830430654
11.999885815947438 EUR -0.9951728830434015
11.999929430374543 EUR -0.9951728830436183
11.999956385572894 EUR -0.9951728830437445
11.99997304480165 EUR -0.9951728830438229
11.999983340771246 EUR -0.9951728830438681
11.999989704030403 EUR -0.9951728830438956
11.999993636740841 EUR -0.9951728830439139
11.99999606728956 EUR -0.9951728830439255
11.99999756945128 EUR -0.9951728830439344
11.999998497838279 EUR -0.9951728830439394
11.999999071612999 EUR -0.995172883043943
11.999999426225278 EUR -0.9951728830439439
11.999999604214034 EUR -0.995172883043945
11.999999782202792 EUR -0.9951728830439459
4.58977247488876 JAP -0.9944875964223723
7.420227525111239 JAP -0.9944880840121437
9.16954494977752 JAP -0.9944881707718196
9.220708585473734 JAP -0.9944881724922738
10.282303441181995 JAP -0.9944882017978985
10.938405144291739 JAP -0.9944882152167192
11.343898296890254 JAP -0.9944882221989441
11.594506847401485 JAP -0.9944882260961588
11.74939144948877 JAP -0.9944882283613508
11.845115397912716 JAP -0.9944882297099674
11.904276051576055 JAP -0.9944882305246088
11.94083934633666 JAP -0.994488231021053
11.963436705239394 JAP -0.9944882313252272
11.977402641097264 JAP -0.9944882315122138
11.986034064142128 JAP -0.9944882316273974
11.991368576955134 JAP -0.9944882316984445
11.994665487186994 JAP -0.9944882317422912
11.996703089768141 JAP -0.9944882317693728
11.997962397418855 JAP -0.9944882317861014
11.998740692349287 JAP -0.9944882317964413
11.999221705069566 JAP -0.994488231802828
11.99951898727972 JAP -0.9944882318067712
11.999702717789846 JAP -0.9944882318092096
11.999816269489875 JAP -0.9944882318107204
11.999886448299973 JAP -0.9944882318116792
11.999929821189903 JAP -0.994488231812242
11.99995662711007 JAP -0.9944882318125892
11.999973194079832 JAP -0.9944882318128038
11.999983433030236 JAP -0.9944882318129364
11.999989761049596 JAP -0.9944882318130183
11.999993671980642 JAP -0.99448823181307
11.999996089068954 JAP -0.9944882318131018
11.999997582911686 JAP -0.9944882318131218
11.999998506157269 JAP -0.9944882318131344
11.999999076754419 JAP -0.9944882318131414
11.99999942940285 JAP -0.9944882318131464
11.999999647351567 JAP -0.9944882318131495
4.58977247488876 CHN -0.9930075852649628
7.420227525111239 CHN -0.9930085584924214
9.16954494977752 CHN -0.9930087321027691
9.224002938071836 CHN -0.9930087357670866
10.284339463058547 CHN -0.9930087943325289
10.939663475013287 CHN -0.9930088211707986
11.344675988045259 CHN -0.9930088351415512
11.594987486968027 CHN -0.9930088429413955
11.74968850107723 CHN -0.9930088474755667
11.845298985890796 CHN -0.9930088501752911
11.904389515186436 CHN -0.9930088518061626
11.940909470704362 CHN -0.9930088528000478
11.963480044482074 CHN -0.9930088534090415
11.977429426222287 CHN -0.9930088537833865
11.986050618259785 CHN -0.9930088540140134
11.9913788079625 CHN -0.9930088541562361
11.994671810297286 CHN -0.9930088542440297
11.996706997665216 CHN -0.9930088542982511
11.997964812632071 CHN -0.9930088543317446
11.998742185033146 CHN -0.9930088543524388
11.999222627598925 CHN -0.9930088543652268
11.999519557434219 CHN -0.9930088543731276
11.999703070164704 CHN -0.9930088543780171
11.999816487269513 CHN -0.9930088543810284
11.99988658289519 CHN -0.9930088543828894
11.999929904374321 CHN -0.9930088543840481
11.999956678520867 CHN -0.9930088543847632
11.999973225853452 CHN -0.9930088543852101
11.999983452667413 CHN -0.9930088543854793
11.999989773186039 CHN -0.9930088543856446
11.999993679481376 CHN -0.9930088543857464
11.999996093704663 CHN -0.9930088543858102
11.999997585776711 CHN -0.9930088543858476
11.999998507927952 CHN -0.9930088543858716
11.999999077848761 CHN -0.9930088543858868
11.99999943007919 CHN -0.9930088543858965
11.999999647769569 CHN -0.9930088543859026
4.58977247488876 BRA -0.9907325473302319
7.420227525111239 BRA -0.9907334021927898
9.16954494977752 BRA -0.9907335547889672
9.224863889411557 BRA -0.9907335580607227
10.284871560249154 BRA -0.9907336095195868
10.9399923291624 BRA -0.990733633106163
11.344879231086752 BRA -0.9907336453856026
11.595113098075647 BRA -0.9907336522416725
11.749766133011104 BRA -0.9907336562273364
11.845346965064541 BRA -0.9907336586005158
11.904419167946562 BRA -0.9907336600341381
11.94092779711798 BRA -0.9907336609078456
11.963491370828583 BRA -0.9907336614431754
11.9774364262894 BRA -0.9907336617722752
11.986054944539186 BRA -0.9907336619749388
11.991381481750215 BRA -0.9907336620999687
11.994673462788972 BRA -0.9907336621771989
11.996708018961243 BRA -0.9907336622248322
11.997965443827727 BRA -0.9907336622542446
11.998742575133514 BRA -0.9907336622725129
11.999222868694213 BRA -0.9907336622836802
11.999519706439303 BRA -0.9907336622907058
11.999703162254912 BRA -0.9907336622949618
11.999816544184391 BRA -0.9907336622976416
11.99988661807052 BRA -0.9907336622992718
11.999929926113872 BRA -0.9907336623001985
11.99995669195665 BRA -0.9907336623009045
11.999973234157222 BRA -0.990733662301205
11.999983457799425 BRA -0.990733662301446
11.999989776357797 BRA -0.9907336623015959
11.99999368144163 BRA -0.9907336623016898
11.999996094916167 BRA -0.9907336623017521
11.999997586525462 BRA -0.9907336623017838
11.999998508390703 BRA -0.990733662301809
11.999999078134756 BRA -0.9907336623018225
11.999999430255947 BRA -0.9907336623018328
11.999999647878811 BRA -0.9907336623018352
4.58977247488876 IND -0.9894961911122595
7.420227525111239 IND -0.9894972618114797
9.16954494977752 IND -0.9894974529315488
9.22483814246739 IND -0.9894974570272992
10.284855647762553 IND -0.9894975214780177
10.939982494704836 IND -0.9894975510192916
11.344873153057717 IND -0.9894975663987695
11.595109341647118 IND -0.9894975749856354
11.749763811410597 IND -0.9894975799774894
11.84534553023652 IND -0.9894975829497801
11.904418281174076 IND -0.989497584745335
11.940927249062444 IND -0.9894975858395951
11.963491032111634 IND -0.9894975865100726
11.977436216950812 IND -0.9894975869222463
11.986054815160823 IND -0.9894975871761454
11.991381401789988 IND -0.9894975873327511
11.994673413370833 IND -0.9894975874294069
11.996707988419153 IND -0.9894975874891122
11.997965424951678 IND -0.9894975875259833
11.998742563467475 IND -0.9894975875487675
11.999222861484204 IND -0.9894975875628413
11.999519701983271 IND -0.9894975875715505
11.999703159500932 IND -0.9894975875769279
11.999816542482339 IND -0.9894975875802483
11.999886617018594 IND -0.9894975875823075
11.999929925463746 IND -0.9894975875835805
11.99995669155485 IND -0.989497587584367
11.999973233908896 IND -0.9894975875848513
11.999983457645952 IND -0.9894975875851237
11.999989776262945 IND -0.9894975875853358
11.999993681383009 IND -0.9894975875854266
11.999996094879938 IND -0.989497587585498
11.999997586503072 IND -0.9894975875855444
11.999998508376867 IND -0.9894975875855752
11.999999078126205 IND -0.9894975875855925
11.99999943025066 IND -0.9894975875856038
11.999999647875542 IND -0.9894975875856092
4.58977247488876 CAN -1.0015135835735505
7.420227525111239 CAN -1.001514378944344
9.16954494977752 CAN -1.0015145209054264
9.224720291602589 CAN -1.0015145239411831
10.284782811922502 CAN -1.0015145718164584
10.939937479680086 CAN -1.001514593759662
11.344845332242418 CAN -1.001514605183333
11.595092147437668 CAN -1.0015146115614781
11.749753184804748 CAN -1.0015146152693142
11.84533896263292 CAN -1.0015146174770648
11.904414222171827 CAN -1.001514618810716
11.940924740461092 CAN -1.0015146196234819
11.963489481710734 CAN -1.0015146201215417
11.97743525875036 CAN -1.0015146204276386
11.986054222960375 CAN -1.0015146206162435
11.991381035789983 CAN -1.0015146207325558
11.99467318717039 CAN -1.0015146208043613
11.996707848619591 CAN -1.0015146208487118
11.997965338550797 CAN -1.001514620876139
11.998742510068793 CAN -1.0015146208930659
11.999222828482003 CAN -1.001514620903536
11.99951968158679 CAN -1.0015146209099128
11.999703146895214 CAN -1.0015146209139356
11.999816534691577 CAN -1.0015146209164283
11.999886612203639 CAN -1.0015146209179717
11.99992992248794 CAN -1.001514620918991
11.9999566897157 CAN -1.0015146209195283
11.999973232772241 CAN -1.001514620919877
11.999983456943461 CAN -1.0015146209200836
11.999989775828782 CAN -1.0015146209202137
11.999993681114681 CAN -1.001514620920293
11.999996094714103 CAN -1.001514620920338
11.99999758640058 CAN -1.0015146209203734
11.999998508313523 CAN -1.0015146209203916
11.999999078087056 CAN -1.0015146209204062
11.999999430226465 CAN -1.0015146209204135
11.999999647860589 CAN -1.0015146209204158
4.58977247488876 KOR -1.0008027749221784
7.420227525111239 KOR -1.0008034556214729
9.16954494977752 KOR -1.0008035771003727
9.224557407186945 KOR -1.0008035796904726
10.284682143817397 KOR -1.000803620660929
10.939875263369547 KOR -1.0008036394386293
11.34480688044785 KOR -1.000803649214127
11.595068382921697 KOR -1.0008036546719925
11.74973849752615 KOR -1.0008036578448105
11.845329885395545 KOR -1.0008036597339964
11.904408612130606 KOR -1.000803660875229
11.94092127326494 KOR -1.0008036615707343
11.963487338865667 KOR -1.0008036619968748
11.977433934399274 KOR -1.000803662258848
11.986053404466391 KOR -1.0008036624202339
11.991380529932883 KOR -1.0008036625197716
11.99467287453351 KOR -1.000803662581202
11.996707655399375 KOR -1.0008036626191437
11.997965219134135 KOR -1.0008036626425874
11.998742436265237 KOR -1.0008036626570582
11.999222782868898 KOR -1.0008036626660157
11.99951965339634 KOR -1.0008036626715355
11.999703129472557 KOR -1.0008036626749564
11.999816523923782 KOR -1.0008036626770949
11.999886605548774 KOR -1.0008036626784147
11.999929918375006 KOR -1.000803662679194
11.999956687173768 KOR -1.000803662679688
11.99997323120124 KOR -1.0008036626799799
11.999983455972528 KOR -1.0008036626801622
11.99998977522871 KOR -1.0008036626802812
11.999993680743817 KOR -1.0008036626803567
11.999996094484896 KOR -1.0008036626803996
11.999997586258923 KOR -1.0008036626804289
11.999998508225975 KOR -1.000803662680445
11.99999907803295 KOR -1.0008036626804566
11.999999430193027 KOR -1.0008036626804635
11.999999647839923 KOR -1.000803662680467
4.58977247488876 RUS -0.9889559605416542
7.420227525111239 RUS -0.9889568834517553
9.16954494977752 RUS -0.9889570481965354
9.22487865959814 RUS -0.9889570517296019
10.284880688726483 RUS -0.9889571072850092
10.939997970871655 RUS -0.9889571327492822
11.344882717854826 RUS -0.9889571460063247
11.595115253016829 RUS -0.9889571534081756
11.749767464838 RUS -0.9889571577111496
11.845347788178831 RUS -0.9889571602732679
11.904419676659169 RUS -0.9889571618210329
11.94092811151966 RUS -0.9889571627642879
11.963491565139506 RUS -0.9889571633422433
11.977436546380153 RUS -0.988957163697534
11.986055018759352 RUS -0.988957163916428
11.9913815276208 RUS -0.9889571640514041
11.99467349113855 RUS -0.9889571641347414
11.996708036482246 RUS -0.988957164186194
11.997965454656304 RUS -0.9889571642179795
11.998742581825944 RUS -0.988957164237618
11.999222872830362 RUS -0.9889571642497674
11.999519708995583 RUS -0.9889571642572322
11.999703163834779 RUS -0.9889571642620059
11.999816545160803 RUS -0.9889571642648814
11.999886618673976 RUS -0.988957164266622
11.999929926486828 RUS -0.988957164267698
11.99995669218715 RUS -0.9889571642682476
11.99997323429968 RUS -0.9889571642687808
11.99998345788747 RUS -0.9889571642689425
11.999991252383508 RUS -0.9889571642691146
11.999994593675687 RUS -0.9889571642692175
11.99999665870782 RUS -0.9889571642692755
11.999997934967867 RUS -0.9889571642693118
11.999998723739955 RUS -0.9889571642693303
11.999999211227914 RUS -0.9889571642693458
11.999999512512042 RUS -0.9889571642693586
11.999999698715873 RUS -0.9889571642693606
4.58977247488876 MEX -0.9896008939515765
7.420227525111239 MEX -0.9896018105778832
9.16954494977752 MEX -0.9896019741969285
9.22484636154691 MEX -0.9896019777038072
10.284860727433053 MEX -0.9896020328803097
10.939985634113857 MEX -0.9896020581707152
11.344875093319196 MEX -0.9896020713371693
11.59511054079466 MEX -0.9896020786884389
11.749764552524537 MEX -0.9896020829619964
11.845345988270125 MEX -0.9896020855066043
11.904418564254412 MEX -0.9896020870437859
11.940927424015712 MEX -0.9896020879805868
11.963491140238698 MEX -0.9896020885545804
11.977436283777012 MEX -0.989602088907454
11.986054856461687 MEX -0.9896020891248314
11.991381427315327 MEX -0.9896020892588896
11.99467342914636 MEX -0.9896020893416495
11.996707998168965 MEX -0.9896020893927764
11.997965430977393 MEX -0.9896020894243518
11.998742567191572 MEX -0.9896020894438452
11.999222863785823 MEX -0.9896020894558921
11.99951970340575 MEX -0.9896020894633325
11.999703160380074 MEX -0.9896020894679961
11.999816543025679 MEX -0.9896020894709007
11.999886617354397 MEX -0.9896020894726413
11.999929925671283 MEX -0.9896020894737131
11.999956691683114 MEX -0.9896020894742881
11.999973233988168 MEX -0.9896020894747861
11.999983457694945 MEX -0.9896020894749586
11.999995413698025 MEX -0.9896020894752483
11.999990846911219 MEX -0.9896020894752294
11.999993890190773 MEX -0.989602089475263
11.999993587595688 MEX -0.9896020894752598
11.999994210427934 MEX -0.9896020894752662
11.99999467003621 MEX -0.9896020894752734
11.999994954089747 MEX -0.9896020894752762
11.999995132078435 MEX -0.9896020894752802
4.58977247488876 ZAF -0.9898563467906436
7.420227525111239 ZAF -0.9898570010859334
9.16954494977752 ZAF -0.9898571178839038
9.224906477537225 ZAF -0.9898571203899894
10.284897881158335 ZAF -0.9898571597762702
10.94000859637889 ZAF -0.9898571778294591
11.344889284779445 ZAF -0.9898571872281812
11.595119311599444 ZAF -0.9898571924758295
11.749769973180001 ZAF -0.9898571955264907
11.845349338419442 ZAF -0.9898571973429507
11.904420634760557 ZAF -0.9898571984402538
11.940928703658884 ZAF -0.9898571991089942
11.963491931101673 ZAF -0.9898571995187442
11.977436772557212 ZAF -0.9898571997706495
11.986055158544463 ZAF -0.9898571999257996
11.99138161401275 ZAF -0.9898572000215262
11.994673544531715 ZAF -0.989857200080595
11.996708069481036 ZAF -0.9898572001170884
11.997965475050677 ZAF -0.9898572001396013
11.99874259443036 ZAF -0.9898572001535344
11.99922288062032 ZAF -0.9898572001622162
11.999519713810042 ZAF -0.9898572001675818
11.999703166810278 ZAF -0.9898572001708431
11.999816546999762 ZAF -0.9898572001728588
11.999886619810514 ZAF -0.9898572001740988
11.999929927189246 ZAF -0.9898572001746696
11.999956692621266 ZAF -0.9898572001751957
11.999973234567978 ZAF -0.9898572001754864
11.999983458053286 ZAF -0.9898572001756574
11.99998977651469 ZAF -0.9898572001757903
11.999993681538594 ZAF -0.9898572001758713
11.999996094976094 ZAF -0.9898572001759133
11.999997586562499 ZAF -0.9898572001759253
11.999998519455671 ZAF -0.9898572001759557
11.999999084973282 ZAF -0.9898572001759602
11.999998906984532 ZAF -0.9898572001759588
11.999999434482389 ZAF -0.9898572001759847
11.999999650490896 ZAF -0.9898572001759866
4.58977247488876 ROW -0.987237115705812
7.420227525111239 ROW -0.9872384113908483
9.16954494977752 ROW -0.98723864245527
9.223619244362345 ROW -0.9872386472978961
10.284102327304813 ROW -0.987238725256703
10.939516917057531 ROW -0.9872387609788624
11.34458541024728 ROW -0.9872387795732332
11.594931506810251 ROW -0.9872387899541474
11.74965390343703 ROW -0.9872387959886262
11.845277603373221 ROW -0.9872387995816235
11.904376300063808 ROW -0.9872388017520976
11.940901303309412 ROW -0.987238803074827
11.963474996754396 ROW -0.9872388038852865
11.977426306555017 ROW -0.9872388043835191
11.98604869019938 ROW -0.9872388046904281
11.991377616355638 ROW -0.9872388048797238
11.994671073843744 ROW -0.9872388049965696
11.996706542511895 ROW -0.9872388050687315
11.997964531331847 ROW -0.9872388051133071
11.998742011180047 ROW -0.9872388051408472
11.999222520151802 ROW -0.9872388051578578
11.999519491028245 ROW -0.9872388051683844
11.999703029123555 ROW -0.9872388051748805
11.999816461904688 ROW -0.9872388051788878
11.999886567218867 ROW -0.9872388051813715
11.999929894685822 ROW -0.9872388051829172
11.999956672533045 ROW -0.9872388051838548
11.999973222152775 ROW -0.9872388051844514
11.99998345038027 ROW -0.9872388051848161
11.999989771772507 ROW -0.9872388051850413
11.999993678607764 ROW -0.9872388051851781
11.999996093164741 ROW -0.9872388051852612
11.99999758544302 ROW -0.9872388051853118
11.999998507721719 ROW -0.987238805185344
11.999999077721302 ROW -0.9872388051853636
11.999999430000418 ROW -0.9872388051853761
11.999999647720886 ROW -0.9872388051853827
ROW [[ 0.16510015]
 [11.99999978]
 [11.99999965]
 [11.99999965]
 [11.99999965]
 [11.99999965]
 [11.99999965]
 [11.99999965]
 [11.9999997 ]
 [11.99999513]
 [11.99999965]
 [11.99999965]]
5.9123106432993465e-09
  US Nash delta = 0.1651  -> complete protection: False

===== tau off-diagonal x 2.5 (patenting sector) =====
12  countries,  2  sectors 
Solving time : 0.06589374999748543 
Iterations :  286 
Deviation norm :  TODO 
Status :  successful 
Hit the bounds  0  times
0
4.58977247488876 USA -0.9948683567964643
7.420227525111239 USA -0.9948678949728204
2.840455050222478 USA -0.9948699095746691
1.7593174246662822 USA -0.9948746041388707
1.0911376255561962 USA -0.9948885838028769
0.6781797991100862 USA -0.9949276064000342
0.4229578264461101 USA -0.9950256293453486
0.26522197266397624 USA -0.9952330110879657
0.16773585378213388 USA -0.9955550793247719
0.1074861188818424 USA -0.995760593340105
0.07024973490029149 USA -0.995152146758597
0.13049946980058297 USA -0.9957170892118716
0.0958476980021568 USA -0.9957188485091311
0.11301298198383788 USA -0.995760659166725
0.11027814474847736 USA -0.9957618164025767
0.11028776831987498 USA -0.9957618161989904
0.11021124876475856 USA -0.9957618170216826
0.1102149422317815 USA -0.9957618170238527
0.11021498193427147 USA -0.9957618170238574
0.1102154284309989 USA -0.9957618170238268
0.11021515248084549 USA -0.9957618170238518
0.11021504439563838 USA -0.9957618170238551
0.1102150012959106 USA -0.9957618170238536
0.11021496676926974 USA -0.9957618170238547
0.11021498932975954 USA -0.9957618170238569
0.11021497614175625 USA -0.9957618170238584
0.11021497256178496 USA -0.9957618170238562
0.11021497835430018 USA -0.9957618170238579
0.11021497450700364 USA -0.9957618170238575
4.58977247488876 EUR -0.9920267366855451
7.420227525111239 EUR -0.9920268287776296
9.16954494977752 EUR -0.9920268448025169
9.192272786484788 EUR -0.9920268449436958
10.264729150909565 EUR -0.9920268504167342
10.927543635575221 EUR -0.992026852904928
11.337185515334342 EUR -0.9920268541946922
11.590358120240877 EUR -0.9920268549130372
11.746827395093465 EUR -0.9920268553300307
11.843530725147414 EUR -0.9920268555781089
11.903296669946052 EUR -0.9920268557278916
11.94023405520136 EUR -0.992026855819145
11.963062614744691 EUR -0.9920268558750458
11.97717144045667 EUR -0.9920268559094066
11.985891174288021 EUR -0.9920268559305697
11.991280266168648 EUR -0.9920268559436338
11.994610908119371 EUR -0.9920268559516814
11.996669358049276 EUR -0.9920268559566584
11.997941550070097 EUR -0.9920268559597303
11.99872780797918 EUR -0.9920268559616295
11.999213742090916 EUR -0.9920268559628035
11.999514065888263 EUR -0.992026855963529
11.999699676202654 EUR -0.9920268559639751
11.99981438968561 EUR -0.9920268559642554
11.999885286517046 EUR -0.9920268559644232
11.999929103168567 EUR -0.992026855964531
11.99995618334848 EUR -0.9920268559646019
11.999972919820088 EUR -0.9920268559646376
11.999983263528392 EUR -0.9920268559646603
11.999989656291694 EUR -0.9920268559646752
11.999993607236696 EUR -0.9920268559646843
11.999996049054996 EUR -0.9920268559646908
11.9999975581817 EUR -0.9920268559646949
11.999998490873297 EUR -0.9920268559646966
11.999999067308405 EUR -0.9920268559646981
11.999999423564892 EUR -0.9920268559646993
11.99999964374351 EUR -0.9920268559646999
11.999999821732269 EUR -0.9920268559647004
4.58977247488876 JAP -0.9915640413182905
7.420227525111239 JAP -0.9915643857886027
9.16954494977752 JAP -0.9915644472180425
9.223592550601767 JAP -0.9915644485037952
10.284085829653488 JAP -0.9915644692058763
10.939506720948279 JAP -0.9915644786870857
11.34457910870521 JAP -0.9915644836209708
11.594927612243069 JAP -0.9915644863750412
11.749651496462139 JAP -0.991564487975854
11.845276115780928 JAP -0.991564488928943
11.904375380681211 JAP -0.9915644895046688
11.940900735099719 JAP -0.9915644898555435
11.963474645581492 JAP -0.9915644900704973
11.977426089518225 JAP -0.9915644902026487
11.986048556063265 JAP -0.991564490284053
11.991377533454958 JAP -0.9915644903342612
11.994671022608305 JAP -0.9915644903652524
11.996706510846654 JAP -0.9915644903843933
11.997964511761653 JAP -0.991564490396214
11.998741999085 JAP -0.9915644904035235
11.999222512676651 JAP -0.991564490408033
11.999519486408348 JAP -0.9915644904108201
11.999703026268303 JAP -0.9915644904125531
11.999816460140046 JAP -0.9915644904136486
11.999886566128257 JAP -0.991564490414294
11.999929894011787 JAP -0.9915644904146902
11.99995667211647 JAP -0.991564490414936
11.999973221895319 JAP -0.9915644904150862
11.999983450221153 JAP -0.9915644904151792
11.999989771674166 JAP -0.9915644904152382
11.999993678546986 JAP -0.9915644904152742
11.999996093127178 JAP -0.9915644904152953
11.999997585419807 JAP -0.9915644904153096
11.999998507707373 JAP -0.9915644904153185
11.999999077712435 JAP -0.9915644904153246
11.999999429994936 JAP -0.9915644904153282
11.999999647717496 JAP -0.9915644904153306
4.58977247488876 CHN -0.9901327124996392
7.420227525111239 CHN -0.9901334424257674
9.16954494977752 CHN -0.990133573703991
9.234766554967866 CHN -0.9901335770573968
10.290991744142177 CHN -0.9901336215816404
10.943774810825689 CHN -0.9901336420125217
11.347216933316489 CHN -0.9901336526554138
11.5965578775092 CHN -0.9901336585997081
11.750659055807287 CHN -0.9901336620560277
11.845898821701912 CHN -0.9901336641142819
11.904760234105375 CHN -0.9901336653577328
11.941138587596539 CHN -0.9901336661155725
11.963621646508836 CHN -0.9901336665799344
11.977516941087702 CHN -0.9901336668654068
11.986104705421134 CHN -0.990133667041251
11.99141223566657 CHN -0.9901336671497102
11.994692469754566 CHN -0.990133667216669
11.996719765912005 CHN -0.9901336672580048
11.997972703842564 CHN -0.9901336672835459
11.998747062069443 CHN -0.9901336672993276
11.999225641773121 CHN -0.9901336673090735
11.99952142029632 CHN -0.9901336673151048
11.9997042214768 CHN -0.9901336673188222
11.999817198819521 CHN -0.9901336673211275
11.99988702265728 CHN -0.9901336673225543
11.99993017616224 CHN -0.9901336673234367
11.999956846495039 CHN -0.9901336673239876
11.9999733296672 CHN -0.990133667324318
11.99998351682784 CHN -0.9901336673245217
11.999989812839363 CHN -0.9901336673246475
11.999993703988478 CHN -0.9901336673247255
11.999996108850885 CHN -0.9901336673247735
11.999997595137591 CHN -0.9901336673248036
11.999998513713294 CHN -0.9901336673248216
11.9999990814243 CHN -0.9901336673248335
11.999999432288996 CHN -0.9901336673248408
11.999999649135304 CHN -0.9901336673248455
4.58977247488876 BRA -0.9883659288969674
7.420227525111239 BRA -0.9883666006247379
9.16954494977752 BRA -0.9883667204795072
9.224306041061217 BRA -0.9883667230233718
10.284526791008076 BRA -0.9883667634501042
10.939779250053139 BRA -0.9883667819775219
11.344747540954936 BRA -0.9883667916223982
11.595031709098201 BRA -0.988366797007227
11.749715831856733 BRA -0.988366800137562
11.845315877241468 BRA -0.9883668020014252
11.904399954615267 BRA -0.9883668031273642
11.940915922626202 BRA -0.9883668038135429
11.963484031989063 BRA -0.9883668042339704
11.977431890637137 BRA -0.9883668044924152
11.986052141351927 BRA -0.9883668046516162
11.991379749285212 BRA -0.9883668047497999
11.994672392066715 BRA -0.9883668048104283
11.996707357218495 BRA -0.9883668048478573
11.997965034848217 BRA -0.9883668048709745
11.998742322370276 BRA -0.9883668048852646
11.999222712477941 BRA -0.9883668048941453
11.999519609892337 BRA -0.9883668048995465
11.999703102585604 BRA -0.9883668049029306
11.99981650730673 BRA -0.9883668049050531
11.999886595278872 BRA -0.9883668049062502
11.999929912027858 BRA -0.98836680490713
11.999956683251014 BRA -0.988366804907518
11.999973228776845 BRA -0.9883668049078266
11.99998345447417 BRA -0.9883668049080183
11.999989774302676 BRA -0.9883668049081477
11.999993680171496 BRA -0.9883668049082237
11.999996094131182 BRA -0.9883668049082713
11.999997586040315 BRA -0.9883668049082927
11.999998508090867 BRA -0.9883668049083169
11.999999077949447 BRA -0.9883668049083224
11.999999255938198 BRA -0.9883668049083306
11.999999540144517 BRA -0.9883668049083334
11.999999718133274 BRA -0.988366804908335
4.58977247488876 IND -0.987341580529827
7.420227525111239 IND -0.987342394820916
9.16954494977752 IND -0.9873425442318322
9.26177984376803 IND -0.9873425495354342
10.307686874768596 IND -0.987342598703431
10.954092968999435 IND -0.987342621346225
11.353593905769161 IND -0.9873426331638983
11.600499063230274 IND -0.9873426397714773
11.753094842538886 IND -0.9873426436159313
11.847404220691386 IND -0.9873426459061758
11.905690621847498 IND -0.9873426472901072
11.941713598843887 IND -0.987342648133693
11.963977023003611 IND -0.9873426486506315
11.977736575840277 IND -0.9873426489684325
11.986240447163336 IND -0.987342649164203
11.991496128676943 IND -0.9873426492849625
11.994744318486395 IND -0.9873426493594947
11.996751810190547 IND -0.9873426494055249
11.997992508295846 IND -0.9873426494339748
11.9987593018947 IND -0.9873426494515426
11.999233206401147 IND -0.9873426494623854
11.999526095493554 IND -0.9873426494691178
11.999707110907595 IND -0.9873426494732456
11.999818984585959 IND -0.9873426494758126
11.999888126321634 IND -0.9873426494774071
11.999930858264323 IND -0.9873426494783919
11.99995726805731 IND -0.9873426494789962
11.999973590207013 IND -0.9873426494793393
11.999983677850299 IND -0.9873426494795993
11.999989912356716 IND -0.9873426494797164
11.999993765493583 IND -0.987342649479805
11.99999614686313 IND -0.9873426494798625
11.999997618630452 IND -0.9873426494798977
11.99999852823268 IND -0.9873426494799208
11.999999090397774 IND -0.9873426494799334
11.999999437834909 IND -0.9873426494799418
11.999999652562867 IND -0.9873426494799461
4.58977247488876 CAN -0.9977672810942665
7.420227525111239 CAN -0.9977679170857575
9.16954494977752 CAN -0.9977680305516079
9.224161187492482 CAN -0.9977680329534351
10.284437266579207 CAN -0.9977680712274337
10.939723920913275 CAN -0.997768088767601
11.344713345665932 CAN -0.9977680978983791
11.595010575247342 CAN -0.997768102996139
11.749702770418589 CAN -0.997768105959565
11.845307804828751 CAN -0.997768107724051
11.904394965589836 CAN -0.9977681087899425
11.940912839238916 CAN -0.9977681094395039
11.96348212635092 CAN -0.9977681098375203
11.977430712887994 CAN -0.9977681100821942
11.986051413462926 CAN -0.9977681102329193
11.99137929942507 CAN -0.9977681103258926
11.994672114037858 CAN -0.9977681103832601
11.996707185387212 CAN -0.9977681104187236
11.997964928650644 CAN -0.9977681104406224
11.998742256736566 CAN -0.9977681104541746
11.999222671914076 CAN -0.997768110462462
11.999519584822488 CAN -0.9977681104676431
11.999703087091586 CAN -0.9977681104708528
11.999816497730901 CAN -0.9977681104728433
11.999886589360685 CAN -0.9977681104741483
11.999929908370218 CAN -0.9977681104748531
11.999956680990469 CAN -0.9977681104753067
11.999973227379751 CAN -0.9977681104755757
11.999983453610719 CAN -0.9977681104757473
11.999989773769034 CAN -0.9977681104758477
11.999993679841687 CAN -0.9977681104759084
11.999996093927349 CAN -0.9977681104759446
11.99999758591434 CAN -0.9977681104759729
11.999998508013011 CAN -0.9977681104759853
11.99999907790133 CAN -0.9977681104759949
11.999999430111682 CAN -0.9977681104760034
11.99999964778965 CAN -0.9977681104760103
4.58977247488876 KOR -0.9970482785957943
7.420227525111239 KOR -0.9970488020972442
9.16954494977752 KOR -0.9970488953931512
9.222751283965126 KOR -0.997048897307516
10.283565898278443 KOR -0.9970489286186813
10.939185385686683 KOR -0.9970489429468876
11.344380512591759 KOR -0.9970489503989859
11.594804873094922 KOR -0.9970489545572572
11.749575639496834 KOR -0.9970489569737453
11.845229233598086 KOR -0.9970489584122614
11.904346405898748 KOR -0.9970489592811325
11.94088282769934 KOR -0.9970489598106094
11.96346357819941 KOR -0.9970489601350128
11.977419249499933 KOR -0.9970489603344364
11.986044328699478 KOR -0.9970489604572719
11.991374920800457 KOR -0.9970489605330445
11.994669407899023 KOR -0.9970489605798109
11.996705512901434 KOR -0.997048960608681
11.997963894997588 KOR -0.9970489606265395
11.998741617903846 KOR -0.9970489606375587
11.999222277093743 KOR -0.9970489606443675
11.999519340810103 KOR -0.9970489606485939
11.999702936283638 KOR -0.9970489606512255
11.999816404526465 KOR -0.9970489606528405
11.999886531757175 KOR -0.9970489606538023
11.999929872769291 KOR -0.9970489606544019
11.999956658987886 KOR -0.9970489606547672
11.999973213781406 KOR -0.9970489606549942
11.999983445206478 KOR -0.9970489606551336
11.999989768574927 KOR -0.9970489606552244
11.999993676631552 KOR -0.997048960655281
11.999996091943377 KOR -0.9970489606553156
11.999997584688177 KOR -0.9970489606553363
11.999998507255201 KOR -0.9970489606553506
11.999999077432978 KOR -0.9970489606553574
11.999999429822223 KOR -0.9970489606553632
11.999999647610753 KOR -0.9970489606553663
4.58977247488876 RUS -0.9868713659731213
7.420227525111239 RUS -0.9868720897532322
9.16954494977752 RUS -0.9868722188968493
9.224318931361996 RUS -0.9868722216384146
10.284534757652084 RUS -0.9868722651980846
10.939784173709912 RUS -0.9868722851613007
11.34475058394217 RUS -0.9868722955536602
11.59503358976774 RUS -0.9868723013558262
11.74971699417443 RUS -0.9868723047287649
11.84531659559331 RUS -0.9868723067370911
11.90440039858112 RUS -0.9868723079502951
11.94091619701219 RUS -0.9868723086896503
11.96348420156893 RUS -0.9868723091426753
11.977431995443258 RUS -0.9868723094211752
11.98605220612567 RUS -0.9868723095927238
11.991379789317586 RUS -0.9868723096985549
11.994672416808083 RUS -0.9868723097638837
11.996707372509503 RUS -0.9868723098042077
11.997965044298581 RUS -0.9868723098290866
11.998742328210923 RUS -0.9868723098445094
11.999222716087658 RUS -0.9868723098540017
11.999519612123263 RUS -0.986872309859992
11.999703103964393 RUS -0.9868723098636478
11.99981650815887 RUS -0.9868723098658693
11.999886595805524 RUS -0.9868723098672413
11.999929912353346 RUS -0.9868723098679437
11.999956683452176 RUS -0.9868723098686178
11.999973228901169 RUS -0.9868723098688137
11.999984167294217 RUS -0.986872309869015
11.999990214849692 RUS -0.9868723098691513
11.999993952444525 RUS -0.9868723098692319
11.999996262405167 RUS -0.9868723098692813
11.999997690039358 RUS -0.9868723098693216
11.99999857236581 RUS -0.9868723098693414
11.999999117673546 RUS -0.9868723098693584
11.999999454692263 RUS -0.9868723098693615
11.99999963268102 RUS -0.986872309869363
11.999999810669777 RUS -0.9868723098693649
4.58977247488876 MEX -0.9874453888202879
7.420227525111239 MEX -0.9874461196093351
9.16954494977752 MEX -0.9874462500013126
9.224296487645182 MEX -0.9874462527682596
10.284520886672258 MEX -0.9874462967493751
10.939775600972922 MEX -0.987446316905655
11.344745285699334 MEX -0.9874463273984869
11.595030315273586 MEX -0.987446333256732
11.749714970425748 MEX -0.9874463366622622
11.84531534484784 MEX -0.9874463386899913
11.90439962557791 MEX -0.9874463399149279
11.940915719269931 MEX -0.9874463406614282
11.963483906307976 MEX -0.9874463411188305
11.977431812961953 MEX -0.9874463414000078
11.986052093346022 MEX -0.9874463415732405
11.99137971961593 MEX -0.9874463416800622
11.99467237373009 MEX -0.9874463417460031
11.996707345885838 MEX -0.9874463417867311
11.99796502784425 MEX -0.9874463418118938
11.998742318041588 MEX -0.9874463418274353
11.999222709802664 MEX -0.9874463418370372
11.999519608238925 MEX -0.9874463418430279
11.99970310156374 MEX -0.9874463418467347
11.999816506675185 MEX -0.9874463418489876
11.999886594888554 MEX -0.9874463418503747
11.999929911786628 MEX -0.9874463418511408
11.999956683101926 MEX -0.9874463418517623
11.999973228684704 MEX -0.9874463418519882
11.999983454417224 MEX -0.9874463418521929
11.999989774267481 MEX -0.9874463418523195
11.999993680149744 MEX -0.9874463418524068
11.999996094117739 MEX -0.9874463418524617
11.999997586032007 MEX -0.9874463418524957
11.999998508085733 MEX -0.9874463418525136
11.999999077946274 MEX -0.9874463418525279
11.999999430139457 MEX -0.9874463418525311
11.999999608128213 MEX -0.9874463418525324
11.999999786116971 MEX -0.9874463418525427
4.58977247488876 ZAF -0.9876674274743933
7.420227525111239 ZAF -0.9876679435001011
9.16954494977752 ZAF -0.9876680355757631
9.224340625196898 ZAF -0.9876680375312055
10.2845481651794 ZAF -0.9876680685849661
10.939792460017498 ZAF -0.9876680828166435
11.344755705161901 ZAF -0.9876680902252786
11.595036754855597 ZAF -0.9876680943615749
11.749718950306303 ZAF -0.9876680967661091
11.845317804549294 ZAF -0.9876680981978105
11.90440114575701 ZAF -0.9876680990627015
11.940916658792284 ZAF -0.9876680995897823
11.963484486964724 ZAF -0.987668099912738
11.977432171827559 ZAF -0.9876681001112624
11.986052315137163 ZAF -0.9876681002335513
11.991379856690395 ZAF -0.9876681003090002
11.99467245844677 ZAF -0.9876681003555493
11.996707398243627 ZAF -0.9876681003842995
11.997965060203144 ZAF -0.9876681004020813
11.998742338040483 ZAF -0.9876681004131376
11.99922272216266 ZAF -0.9876681004199663
11.999519615877821 ZAF -0.9876681004241153
11.999703106284837 ZAF -0.9876681004266934
11.999816509592984 ZAF -0.9876681004282756
11.999886596691855 ZAF -0.9876681004290412
11.99992991290113 ZAF -0.9876681004298746
11.999956683790726 ZAF -0.9876681004300976
11.999970037953473 ZAF -0.9876681004302643
11.999981482436873 ZAF -0.9876681004304176
11.999988555516598 ZAF -0.9876681004305056
11.999992926920275 ZAF -0.9876681004305767
11.999995628596325 ZAF -0.9876681004306146
11.999997298323951 ZAF -0.9876681004306256
11.999998399793702 ZAF -0.9876681004306536
11.999999011018119 ZAF -0.9876681004306577
11.999999189006868 ZAF -0.987668100430659
11.99999949877868 ZAF -0.9876681004306613
11.999999690228188 ZAF -0.9876681004306624
4.58977247488876 ROW -0.9855099599577243
7.420227525111239 ROW -0.9855108201846617
9.16954494977752 ROW -0.9855109839680277
9.31440191419383 ROW -0.985510993301134
10.34020910285013 ROW -0.9855110474454738
10.974192811343698 ROW -0.9855110730615849
11.36601629150643 ROW -0.9855110872535054
11.608176519837269 ROW -0.985511095206317
11.757839771669161 ROW -0.9855110998395554
11.850336748168106 ROW -0.9855111026019023
11.907503023501054 ROW -0.9855111042719388
11.94283372466705 ROW -0.9855111052901983
11.964669298834002 ROW -0.9855111059142893
11.978164425833048 ROW -0.985511106298022
11.986504873000955 ROW -0.9855111065344314
11.991659552832093 ROW -0.9855111066802517
11.99484532016886 ROW -0.9855111067702688
11.996814232663231 ROW -0.9855111068258585
11.998031087505629 ROW -0.9855111068601987
11.998783145157605 ROW -0.9855111068814286
11.999247942348024 ROW -0.9855111068945257
11.999535202809579 ROW -0.9855111069026414
11.999712739538444 ROW -0.9855111069076365
11.999822463271133 ROW -0.9855111069107305
11.999890276267308 ROW -0.9855111069126449
11.999932187003823 ROW -0.9855111069138308
11.999958089263483 ROW -0.9855111069145669
11.999974097740338 ROW -0.9855111069150171
11.999983991523143 ROW -0.9855111069152963
11.999990106217194 ROW -0.985511106915466
11.999993885305948 ROW -0.9855111069155703
11.999996220911244 ROW -0.985511106915634
11.999997664394703 ROW -0.9855111069156738
11.999998556516543 ROW -0.9855111069156987
11.99999910787816 ROW -0.9855111069157139
11.99999944863838 ROW -0.9855111069157233
11.99999965923978 ROW -0.985511106915729
ROW [[ 0.11021498]
 [11.99999982]
 [11.99999965]
 [11.99999965]
 [11.99999972]
 [11.99999965]
 [11.99999965]
 [11.99999965]
 [11.99999981]
 [11.99999979]
 [11.99999969]
 [11.99999966]]
0.9908154186548536
1
4.58977247488876 USA -0.9948683567964656
7.420227525111239 USA -0.9948678949728192
2.840455050222478 USA -0.9948699095746705
1.7593174246662822 USA -0.9948746041388707
1.0911376255561962 USA -0.9948885838028774
0.6781797991100862 USA -0.9949276064000344
0.4229578264461101 USA -0.9950256293453472
0.26522197266397624 USA -0.9952330110879655
0.16773585378213388 USA -0.9955550793247689
0.1074861188818424 USA -0.9957605933401041
0.07024973490029149 USA -0.995152146758598
0.13049946980058297 USA -0.995717089211873
0.09584769800533956 USA -0.9957188485091543
0.11301298198339792 USA -0.9957606591667257
0.11027814474898816 USA -0.9957618164025793
0.1102877683205318 USA -0.9957618161989913
0.11021124810806544 USA -0.9957618170216815
0.1102149429509208 USA -0.9957618170238586
0.11021498702613317 USA -0.9957618170238571
0.1102148665611764 USA -0.9957618170238536
0.11021494489249233 USA -0.9957618170238579
0.11021491377263483 USA -0.9957618170238581
0.11021492902271361 USA -0.9957618170238569
0.11021493763081905 USA -0.995761817023861
0.11021493434281535 USA -0.9957618170238547
0.1102149396629171 USA -0.9957618170238617
0.11021494129766916 USA -0.9957618170238621
4.58977247488876 EUR -0.9971511235915526
7.420227525111239 EUR -0.997151200154688
9.16954494977752 EUR -0.9971512133495187
9.18032896632673 EUR -0.9971512134046713
10.25734746409637 EUR -0.9971512179315509
10.92298150223036 EUR -0.9971512199831585
11.334365961866009 EUR -0.997151221044844
11.58861554036435 EUR -0.9971512216356033
11.74575042150166 EUR -0.9971512219783435
11.842865118862692 EUR -0.9971512221821811
11.90288530263897 EUR -0.9971512223052242
11.939979816223723 EUR -0.9971512223801808
11.962905486415245 EUR -0.9971512224260931
11.977074329808477 EUR -0.9971512224543153
11.98583115660677 EUR -0.9971512224716949
11.99124317320171 EUR -0.9971512224824209
11.994587983405061 EUR -0.9971512224890358
11.99665518979665 EUR -0.9971512224931199
11.997932793608411 EUR -0.9971512224956407
11.998722396188237 EUR -0.9971512224972029
11.999210397420175 EUR -0.9971512224981677
11.999511998768064 EUR -0.9971512224987655
11.99969839865211 EUR -0.9971512224991291
11.999813600115951 EUR -0.997151222499357
11.99988479853616 EUR -0.9971512224994976
11.999928801579793 EUR -0.9971512224995925
11.999955996956366 EUR -0.9971512224996433
11.999972804623425 EUR -0.9971512224996728
11.99998319233294 EUR -0.997151222499691
11.999989612290484 EUR -0.9971512224997029
11.999993580042455 EUR -0.9971512224997108
11.999996032248031 EUR -0.9971512224997152
11.999997547794424 EUR -0.9971512224997183
11.999998484453606 EUR -0.9971512224997204
11.999999063340816 EUR -0.9971512224997213
11.999999421112788 EUR -0.9971512224997224
11.999999642228028 EUR -0.9971512224997228
11.999999820216786 EUR -0.9971512224997228
4.58977247488876 JAP -0.9966723614033842
7.420227525111239 JAP -0.9966727159318726
9.16954494977752 JAP -0.9966727789189262
9.218725973616907 JAP -0.9966727801195904
10.281078119667978 JAP -0.9966728014120023
10.937647853948931 JAP -0.9966728111569099
11.343430265719046 JAP -0.996672816226162
11.594217588229883 JAP -0.9966728190552182
11.749212677489162 JAP -0.996672820699416
11.84500491074072 JAP -0.996672821678265
11.90420776674844 JAP -0.9966728222695207
11.940797143992278 JAP -0.9966728226298677
11.963410622756161 JAP -0.9966728228506184
11.977386521236115 JAP -0.996672822986312
11.986024101520044 JAP -0.9966728230699043
11.991362419716069 JAP -0.9966728231214643
11.994661681803974 JAP -0.9966728231532925
11.996700737912095 JAP -0.996672823172945
11.997960943891881 JAP -0.9966728231850868
11.998739794020214 JAP -0.9966728231925897
11.999221149871666 JAP -0.996672823197221
11.999518644148548 JAP -0.9966728232000874
11.99970250572312 JAP -0.9966728232018582
11.999816138425428 JAP -0.9966728232029901
11.99988636729769 JAP -0.9966728232036527
11.99992977112774 JAP -0.9966728232040604
11.999956596169952 JAP -0.9966728232043115
11.999973174957788 JAP -0.9966728232044663
11.999983421212162 JAP -0.9966728232045613
11.999989753745623 JAP -0.9966728232046214
11.999993667466537 JAP -0.9966728232046586
11.999996086279085 JAP -0.9966728232046802
11.999997581187452 JAP -0.9966728232046952
11.999998505091634 JAP -0.9966728232047045
11.99999907609582 JAP -0.9966728232047114
11.999999428995814 JAP -0.9966728232047152
11.999999647100005 JAP -0.9966728232047173
4.58977247488876 CHN -0.9951550927640492
7.420227525111239 CHN -0.9951558782399978
9.16954494977752 CHN -0.9951560183109589
9.223563880473638 CHN -0.9951560212435523
10.284068110539842 CHN -0.9951560685031265
10.939495769933794 CHN -0.9951560901580488
11.344572340606046 CHN -0.9951561014299517
11.594923429327746 CHN -0.9951561077228305
11.749648911278298 CHN -0.995156111380909
11.845274518049447 CHN -0.9951561135589679
11.90437439322885 CHN -0.995156114874716
11.940900124820597 CHN -0.9951561156765449
11.963474268408254 CHN -0.9951561161678238
11.977425856412346 CHN -0.9951561164698485
11.98604841199591 CHN -0.9951561166559023
11.991377444416436 CHN -0.9951561167706477
11.994670967579472 CHN -0.995156116841478
11.996706476836964 CHN -0.995156116885219
11.99796449074251 CHN -0.9951561169122408
11.998741986094455 CHN -0.9951561169289387
11.999222504648053 CHN -0.9951561169392494
11.999519481446402 CHN -0.9951561169456251
11.999703023201652 CHN -0.9951561169495684
11.999816458244752 CHN -0.9951561169520001
11.9998865649569 CHN -0.9951561169535056
11.999929893287849 CHN -0.9951561169544326
11.99995667166905 CHN -0.9951561169550259
11.999973221618797 CHN -0.9951561169553744
11.999983450050253 CHN -0.9951561169555901
11.999989771568545 CHN -0.9951561169557235
11.99999367848171 CHN -0.9951561169558062
11.999996093086835 CHN -0.9951561169558557
11.999997585394873 CHN -0.9951561169558879
11.999998507691961 CHN -0.9951561169559076
11.99999907770291 CHN -0.9951561169559193
11.999999429989051 CHN -0.9951561169559279
11.99999964771386 CHN -0.9951561169559329
4.58977247488876 BRA -0.9933946379836455
7.420227525111239 BRA -0.9933953515605969
9.16954494977752 BRA -0.9933954789016951
9.224503918922887 BRA -0.9933954816141866
10.28464908625221 BRA -0.9933955245626899
10.939854832670676 BRA -0.9933955442467098
11.344794253581533 BRA -0.9933955544939644
11.595060579089143 BRA -0.9933955602152059
11.74973367449239 BRA -0.9933955635411115
11.845326904596751 BRA -0.9933955655214517
11.904406769895637 BRA -0.9933955667177513
11.940920134701114 BRA -0.9933955674468045
11.963486635194524 BRA -0.9933955678935079
11.977433499506592 BRA -0.9933955681680997
11.986053135687932 BRA -0.993395568337251
11.991380363818658 BRA -0.9933955684415835
11.994672771869272 BRA -0.9933955685059772
11.996707591949386 BRA -0.9933955685457735
11.997965179919888 BRA -0.9933955685703524
11.9987424120295 BRA -0.9933955685854896
11.999222767890387 BRA -0.9933955685948804
11.999519644139111 BRA -0.9933955686007336
11.999703123751276 BRA -0.9933955686043149
11.999816520387837 BRA -0.9933955686065292
11.999886603363441 BRA -0.993395568607889
11.999929917024396 BRA -0.9933955686086241
11.999956686339043 BRA -0.9933955686091662
11.999973230685352 BRA -0.9933955686094974
11.999983455653693 BRA -0.993395568609704
11.999989775031661 BRA -0.9933955686098274
11.999993680622033 BRA -0.9933955686099075
11.999996094409628 BRA -0.9933955686099586
11.999997586212404 BRA -0.9933955686099893
11.999998508197224 BRA -0.9933955686100057
11.99999907801518 BRA -0.9933955686100183
11.999999430182045 BRA -0.9933955686100217
11.999999608170802 BRA -0.9933955686100301
11.99999978615956 BRA -0.993395568610032
4.58977247488876 IND -0.9923365375267805
7.420227525111239 IND -0.992337424745072
9.16954494977752 IND -0.9923375830701067
9.224477819798478 IND -0.9923375864409549
10.284632956106249 IND -0.9923376398399965
10.93984486369223 IND -0.9923376643135379
11.34478809241402 IND -0.9923376770541086
11.595056771278209 IND -0.9923376841673955
11.74973132113581 IND -0.9923376883025585
11.845325450142399 IND -0.9923376907647258
11.904405870993413 IND -0.9923376922520928
11.940919579148987 IND -0.992337693158537
11.963486291844426 IND -0.9923376937139256
11.97743328730456 IND -0.9923376940553756
11.986053004539864 IND -0.9923376942656862
11.991380282764695 IND -0.9923376943954091
11.994672721775167 IND -0.9923376944754823
11.996707560989526 IND -0.992337694524929
11.997965160785641 IND -0.9923376945554787
11.998742400203886 IND -0.992337694574372
11.999222760581757 IND -0.9923376945860097
11.999519639622129 IND -0.9923376945932256
11.999703120959627 IND -0.9923376945976804
11.999816518662502 IND -0.9923376946004415
11.999886602297126 IND -0.9923376946021206
11.999929916365378 IND -0.9923376946031968
11.999956685931748 IND -0.9923376946038447
11.999973230433628 IND -0.992337694604219
11.999983455498118 IND -0.992337694604494
11.99998977493551 IND -0.9923376946046203
11.999993680562609 IND -0.9923376946047153
11.999996094372902 IND -0.992337694604777
11.999997586189705 IND -0.9923376946048169
11.999998508183195 IND -0.99233769460484
11.999999078006509 IND -0.992337694604853
11.999999430176684 IND -0.9923376946048618
11.999999647829823 IND -0.9923376946048672
4.58977247488876 CAN -1.002985591155877
7.420227525111239 CAN -1.0029862686024087
9.16954494977752 CAN -1.002986389481717
9.22435094839021 CAN -1.0029863920493571
10.284554545263738 CAN -1.0029864328209637
10.93979640312647 CAN -1.00298645150659
11.344758142137266 CAN -1.0029864612339023
11.595038260989202 CAN -1.0029864666647812
11.749719881148064 CAN -1.0029864698218809
11.84531837984114 CAN -1.0029864717016697
11.904401501306923 CAN -1.0029864728372184
11.940916878534216 CAN -1.002986473529278
11.963484622772707 CAN -1.0029864739532959
11.97743225576151 CAN -1.0029864742140062
11.9860523670112 CAN -1.0029864743745398
11.991379888750311 CAN -1.0029864744736177
11.994672478260886 CAN -1.0029864745347616
11.996707410489424 CAN -1.0029864745725157
11.997965067771464 CAN -1.0029864745958346
11.998742342717962 CAN -1.002986474610256
11.999222725053501 CAN -1.002986474619127
11.99951961766446 CAN -1.0029864746246135
11.99970310738904 CAN -1.0029864746280355
11.999816510275418 CAN -1.0029864746301558
11.99988659711362 CAN -1.0029864746315447
11.999929913161795 CAN -1.0029864746322994
11.999956683951826 CAN -1.002986474632779
11.99997322920997 CAN -1.002986474633072
11.999983454741857 CAN -1.0029864746332489
11.999989774468116 CAN -1.0029864746333612
11.999993680273743 CAN -1.0029864746334236
11.999996094194374 CAN -1.0029864746334674
11.99999758607937 CAN -1.00298647463349
11.999998508115004 CAN -1.002986474633509
11.999999077964365 CAN -1.0029864746335189
11.999999430150638 CAN -1.0029864746335266
11.999999647813725 CAN -1.0029864746335286
4.58977247488876 KOR -1.0022889624594606
7.420227525111239 KOR -1.0022895182258957
9.16954494977752 KOR -1.0022896173731608
9.224084657896348 KOR -1.002289619468976
10.284389968687652 KOR -1.0022896529140561
10.939694689208697 KOR -1.0022896682409537
11.344695279478954 KOR -1.002289676219513
11.594999409729743 KOR -1.0022896806739563
11.74969586974921 KOR -1.0022896832633919
11.84530353998053 KOR -1.0022896848052045
11.90439232976868 KOR -1.002289685736586
11.940911210211853 KOR -1.0022896863041957
11.963481119556828 KOR -1.0022896866519861
11.977430090655027 KOR -1.0022896868657865
11.986051028901803 KOR -1.0022896869974778
11.991379061753225 KOR -1.0022896870787037
11.994671967148578 KOR -1.0022896871288527
11.996707094604645 KOR -1.0022896871598082
11.997964872543932 KOR -1.0022896871789417
11.998742222060711 KOR -1.0022896871907563
11.999222650483219 KOR -1.0022896871980578
11.99951957157749 KOR -1.0022896872025577
11.999703078905728 KOR -1.0022896872054157
11.999816492671764 KOR -1.0022896872071483
11.999886586233965 KOR -1.0022896872081832
11.999929906437798 KOR -1.0022896872088227
11.999956679796167 KOR -1.002289687209216
11.999973226641632 KOR -1.0022896872094589
11.999983453154536 KOR -1.0022896872096112
11.999989773487098 KOR -1.0022896872097058
11.99999367966744 KOR -1.0022896872097662
11.999996093819657 KOR -1.0022896872098037
11.999997585847781 KOR -1.0022896872098257
11.999998507971874 KOR -1.0022896872098408
11.999999077875906 KOR -1.0022896872098483
11.999999430095968 KOR -1.0022896872098546
11.999999647779939 KOR -1.002289687209858
4.58977247488876 RUS -0.99194396599794
7.420227525111239 RUS -0.9919447326407216
9.16954494977752 RUS -0.991944869452989
9.224516596652414 RUS -0.9919448723678274
10.284656921519957 RUS -0.9919449185104533
10.939859675132455 RUS -0.9919449396584655
11.344797246387502 RUS -0.9919449506678749
11.595062428744953 RUS -0.9919449568146441
11.749734817642548 RUS -0.9919449603879268
11.845327611102404 RUS -0.9919449625155521
11.904407206540144 RUS -0.9919449638008364
11.940920404562261 RUS -0.9919449645841136
11.963486801977885 RUS -0.9919449650640819
11.977433602584377 RUS -0.9919449653591118
11.986053199393506 RUS -0.9919449655408719
11.991380403190869 RUS -0.991944965652959
11.994672796202636 RUS -0.9919449657221575
11.996707606988231 RUS -0.9919449657648821
11.997965189214405 RUS -0.9919449657912767
11.998742417773828 RUS -0.9919449658075732
11.999222771440579 RUS -0.9919449658176566
11.999519646333251 RUS -0.9919449658238694
11.99970312510733 RUS -0.9919449658278751
11.999816521225924 RUS -0.9919449658302159
11.999886603881407 RUS -0.9919449658316694
11.999929917344517 RUS -0.9919449658324127
11.999956686536889 RUS -0.9919449658331274
11.999973230807626 RUS -0.9919449658333358
11.999984298141595 RUS -0.9919449658335511
11.999990295717819 RUS -0.9919449658336954
11.999994002423776 RUS -0.9919449658337796
11.999996293294043 RUS -0.9919449658338318
11.999997709129731 RUS -0.9919449658338734
11.99999858416431 RUS -0.991944965833895
11.99999912496542 RUS -0.9919449658339001
11.999999302954171 RUS -0.9919449658339017
11.999999569201986 RUS -0.9919449658339172
11.999999747190744 RUS -0.9919449658339188
4.58977247488876 MEX -0.9925744143341781
7.420227525111239 MEX -0.9925751920410171
9.16954494977752 MEX -0.9925753308255325
9.224495848145427 MEX -0.9925753337812956
10.284644098237424 MEX -0.9925753805894862
10.939851749908001 MEX -0.9925754020424352
11.34479234832942 MEX -0.9925754132105626
11.59505940157858 MEX -0.9925754194459308
11.74973294675084 MEX -0.9925754230707204
11.845326454827738 MEX -0.9925754252290133
11.9044064919231 MEX -0.9925754265328176
11.940919962904637 MEX -0.9925754273273966
11.96348652901846 MEX -0.9925754278142472
11.977433433886176 MEX -0.992575428113547
11.986053095132286 MEX -0.9925754282979079
11.991380338753892 MEX -0.992575428411625
11.994672756378394 MEX -0.9925754284818026
11.996707582375496 MEX -0.9925754285251694
11.997965174002898 MEX -0.9925754285519363
11.9987424083726 MEX -0.9925754285684835
11.9992227656303 MEX -0.9925754285787114
11.999519642742301 MEX -0.9925754285850616
11.999703122888 MEX -0.9925754285890297
11.999816519854303 MEX -0.9925754285914263
11.999886603033698 MEX -0.992575428592898
11.999929916820603 MEX -0.9925754285937168
11.999956686213093 MEX -0.992575428594381
11.99997323060751 MEX -0.9925754285946197
11.999983455605584 MEX -0.9925754285948374
11.999989775001927 MEX -0.9925754285949726
11.999993680603655 MEX -0.9925754285950652
11.99999609439827 MEX -0.9925754285951247
11.999997586205385 MEX -0.9925754285951607
11.999998508192887 MEX -0.9925754285951794
11.999999078012499 MEX -0.9925754285951944
11.999999430180386 MEX -0.9925754285951985
11.999999621425395 MEX -0.9925754285952086
11.999999799414153 MEX -0.9925754285952109
4.58977247488876 ZAF -0.9926886575965033
7.420227525111239 ZAF -0.9926892044137612
9.16954494977752 ZAF -0.9926893019983877
9.224538271106274 ZAF -0.9926893040782855
10.284670317069132 ZAF -0.9926893369903351
10.939867954037144 ZAF -0.992689352074612
11.34480236303199 ZAF -0.992689359927333
11.595065591005156 ZAF -0.99268936431166
11.749736772026836 ZAF -0.9926893668603975
11.84532881897832 ZAF -0.9926893683779792
11.904407953048514 ZAF -0.9926893692947429
11.940920865929806 ZAF -0.9926893698534441
11.963487087118708 ZAF -0.992689370195764
11.977433778811097 ZAF -0.9926893704062074
11.98605330830761 ZAF -0.9926893705358449
11.991380470503488 ZAF -0.9926893706158112
11.994672837804123 ZAF -0.992689370665147
11.996707632699364 ZAF -0.9926893706956347
11.997965205104759 ZAF -0.992689370714461
11.998742427594607 ZAF -0.9926893707260946
11.999222777510154 ZAF -0.9926893707334211
11.999519650084455 ZAF -0.9926893707378248
11.9997031274257 ZAF -0.9926893707405559
11.999816522658755 ZAF -0.9926893707422336
11.999886604766944 ZAF -0.992689370743073
11.999929917891809 ZAF -0.9926893707439252
11.999956686875134 ZAF -0.9926893707441723
11.999974279544412 ZAF -0.9926893707444073
11.999984103884241 ZAF -0.9926893707445388
11.999990175660171 ZAF -0.9926893707446256
11.999993928224068 ZAF -0.9926893707446955
11.999996247436101 ZAF -0.992689370744712
11.999996949401135 ZAF -0.9926893707447387
11.999998114626216 ZAF -0.9926893707447467
11.999997736919601 ZAF -0.9926893707447441
11.99999883477492 ZAF -0.9926893707447515
11.999999279851295 ZAF -0.9926893707447759
11.999999554923622 ZAF -0.9926893707447779
11.99999973291238 ZAF -0.9926893707447793
4.58977247488876 ROW -0.9905402643978555
7.420227525111239 ROW -0.9905413782261523
9.16954494977752 ROW -0.9905415768295365
9.223423174555125 ROW -0.9905415809767619
10.283981149499782 ROW -0.990541647988788
10.93944202505534 ROW -0.9905416786934751
11.344539124444442 ROW -0.9905416946757043
11.594902900610899 ROW -0.9905417035981726
11.74963622383354 ROW -0.990541708784811
11.845266676777356 ROW -0.9905417118729811
11.904369547056183 ROW -0.9905417137384852
11.940897129721174 ROW -0.9905417148753625
11.963472417335009 ROW -0.9905417155719453
11.977424712386163 ROW -0.9905417160001669
11.986047704948845 ROW -0.9905417162639538
11.99137700743732 ROW -0.9905417164266503
11.994670697511527 ROW -0.9905417165270769
11.996706309925795 ROW -0.9905417165891005
11.997964387585734 ROW -0.9905417166274118
11.998741922340063 ROW -0.990541716651088
11.999222465245673 ROW -0.9905417166657093
11.999519457094392 ROW -0.990541716674747
11.99970300815128 ROW -0.9905417166803376
11.99981644894311 ROW -0.9905417166837854
11.999886559208171 ROW -0.9905417166859233
11.99992988973494 ROW -0.9905417166872463
11.999956669473233 ROW -0.9905417166880635
11.999973220261708 ROW -0.9905417166885693
11.999983449211525 ROW -0.9905417166888811
11.999989771050181 ROW -0.9905417166890705
11.999993678161342 ROW -0.9905417166891867
11.999996092888837 ROW -0.9905417166892584
11.999997585272503 ROW -0.990541716689302
11.999998507616333 ROW -0.9905417166893292
11.999999077656168 ROW -0.9905417166893468
11.999999429960162 ROW -0.9905417166893572
11.999999647696006 ROW -0.9905417166893641
ROW [[ 0.11021494]
 [11.99999982]
 [11.99999965]
 [11.99999965]
 [11.99999979]
 [11.99999965]
 [11.99999965]
 [11.99999965]
 [11.99999975]
 [11.9999998 ]
 [11.99999973]
 [11.99999965]]
3.1614657379279414e-07
  US Nash delta = 0.1102  -> complete protection: False

===== tau off-diagonal x 3.0 (patenting sector) =====
12  countries,  2  sectors 
Solving time : 0.06618854199768975 
Iterations :  287 
Deviation norm :  TODO 
Status :  successful 
Hit the bounds  0  times
0
4.58977247488876 USA -0.9941216595944337
7.420227525111239 USA -0.9941211559633252
2.840455050222478 USA -0.9941234022141123
1.7593174246662822 USA -0.9941287360633936
1.0911376255561962 USA -0.9941447326292375
0.6781797991100862 USA -0.9941900457987694
0.4229578264461101 USA -0.9943069239971656
0.26522197266397624 USA -0.9945671534505344
0.16773585378213388 USA -0.9950230084232922
0.1074861188818424 USA -0.9955218673746111
0.07024973490029149 USA -0.9954478574491494
0.09830361959076601 USA -0.995583282452901
0.09208139280959486 USA -0.9956092744111765
0.08374244151900144 USA -0.9956093373706975
0.08789873432408041 USA -0.9956155282354285
0.08790137010424902 USA -0.9956155278710815
0.08772346042026032 USA -0.9956155413198576
0.08620284650983519 USA -0.9956146972553042
0.08770665238742682 USA -0.9956155414157682
0.0877071075780726 USA -0.9956155414158558
0.08770714673163442 USA -0.9956155414158542
0.08770708241318993 USA -0.9956155414158544
0.08770711346093035 USA -0.9956155414158544
0.08770709793706015 USA -0.9956155414158535
0.08770710389553353 USA -0.9956155414158565
0.08770710161959921 USA -0.9956155414158533
0.0877071053021383 USA -0.9956155414158581
4.58977247488876 EUR -0.9916980449562143
7.420227525111239 EUR -0.9916980689100342
9.16954494977752 EUR -0.9916980727874075
9.107444466392606 EUR -0.9916980726941951
10.250682575333716 EUR -0.9916980740972436
10.918862374443803 EUR -0.9916980746836415
11.331820200889913 EUR -0.991698074985099
11.58704217355389 EUR -0.9916980751522102
11.744778027336023 EUR -0.9916980752489494
11.842264146217866 EUR -0.9916980753064047
11.902513881118157 EUR -0.9916980753410611
11.939750265099708 EUR -0.9916980753621607
11.96276361601845 EUR -0.9916980753750825
11.97698664908126 EUR -0.991698075383023
11.98577696693719 EUR -0.991698075387913
11.991209682144069 EUR -0.9916980753909297
11.994567284793119 EUR -0.9916980753927898
11.996642397350948 EUR -0.9916980753939387
11.997924887442169 EUR -0.9916980753946456
11.99871750990878 EUR -0.9916980753950843
11.999207377533391 EUR -0.9916980753953601
11.99951013237539 EUR -0.9916980753955221
11.999697245158004 EUR -0.9916980753956297
11.999812887217388 EUR -0.9916980753956881
11.999884357940616 EUR -0.9916980753957378
11.99992852927677 EUR -0.9916980753957673
11.999955828663843 EUR -0.9916980753957774
11.999986861057078 EUR -0.9916980753957961
11.999975007737614 EUR -0.9916980753957853
11.999991879686698 EUR -0.9916980753957935
11.999986278981151 EUR -0.9916980753957944
11.999988955379806 EUR -0.9916980753957888
11.999987661017176 EUR -0.9916980753957945
11.999987039045648 EUR -0.9916980753957929
11.999986683068508 EUR -0.9916980753957921
4.58977247488876 JAP -0.9913432035624977
7.420227525111239 JAP -0.9913434626023443
9.16954494977752 JAP -0.991343508571164
9.21722475093278 JAP -0.9913435094206733
10.280150313024505 JAP -0.9913435249694096
10.937074437908276 JAP -0.991343532082973
11.343075875116227 JAP -0.9913435357826922
11.593998562792049 JAP -0.9913435378472077
11.74907731232418 JAP -0.9913435390469891
11.84492125046787 JAP -0.9913435397612324
11.904156061856312 JAP -0.9913435401926517
11.940765188611559 JAP -0.9913435404555577
11.963390873244753 JAP -0.9913435406166294
11.977374315366804 JAP -0.9913435407156471
11.98601655787795 JAP -0.9913435407766509
11.991357757488856 JAP -0.9913435408142648
11.994658800389095 JAP -0.9913435408374855
11.996698957099763 JAP -0.9913435408518262
11.997959843289332 JAP -0.9913435408606863
11.99873911381043 JAP -0.9913435408661586
11.9992207294789 JAP -0.9913435408695367
11.999518384331529 JAP -0.9913435408716462
11.99970234514737 JAP -0.9913435408729274
11.999816039184157 JAP -0.9913435408737543
11.99988630596321 JAP -0.9913435408742334
11.999929733220945 JAP -0.9913435408745298
11.999956572742263 JAP -0.9913435408747128
11.99997316047868 JAP -0.9913435408748253
11.999983412263582 JAP -0.9913435408748937
11.999989748215096 JAP -0.991343540874937
11.999993664048484 JAP -0.9913435408749636
11.999996084166613 JAP -0.9913435408749804
11.999997579881873 JAP -0.9913435408749908
11.99999850428474 JAP -0.991343540874998
11.999999075597131 JAP -0.9913435408750023
11.999999428687607 JAP -0.9913435408750048
11.999999646909522 JAP -0.9913435408750065
4.58977247488876 CHN -0.9899677618171128
7.420227525111239 CHN -0.9899683778050418
9.16954494977752 CHN -0.9899684888428696
9.237779336848547 CHN -0.9899684917812475
10.292853745745127 CHN -0.9899685290187356
10.944925591103418 CHN -0.9899685461119309
11.347928154641709 CHN -0.9899685550178065
11.596997436461711 CHN -0.9899685599924638
11.750930718179998 CHN -0.9899685628851672
11.846066718281712 CHN -0.9899685646078437
11.904863999898286 CHN -0.9899685656486042
11.941202718383428 CHN -0.9899685662829085
11.96366128151486 CHN -0.9899685666715743
11.977541436868568 CHN -0.9899685669105077
11.98611984464629 CHN -0.9899685670577003
11.991421592222277 CHN -0.9899685671484809
11.99469825242401 CHN -0.9899685672045201
11.996723339798265 CHN -0.9899685672391244
11.997974912625743 CHN -0.9899685672605022
11.99874842717252 CHN -0.9899685672737097
11.999226485453223 CHN -0.9899685672818658
11.9995219417193 CHN -0.9899685672869155
11.999704543733923 CHN -0.989968567290033
11.999817397985375 CHN -0.9899685672919606
11.999887145748547 CHN -0.989968567293159
11.999930252236828 CHN -0.9899685672939057
11.99995689351172 CHN -0.9899685672943542
11.999973358725107 CHN -0.9899685672946309
11.999983534786612 CHN -0.9899685672948011
11.999989823938494 CHN -0.9899685672949066
11.999993710848118 CHN -0.9899685672949713
11.999996113090377 CHN -0.989968567295011
11.999997597757742 CHN -0.9899685672950366
11.999998515332635 CHN -0.989968567295052
11.999999082425106 CHN -0.9899685672950617
11.999999432907527 CHN -0.9899685672950681
11.999999649517576 CHN -0.989968567295071
4.58977247488876 BRA -0.9884963831802708
7.420227525111239 BRA -0.9884969591957544
9.16954494977752 BRA -0.988497061952131
9.224043151505189 BRA -0.9884970641226187
10.284364316327164 BRA -0.9884970987857072
10.939678835178023 BRA -0.9884971146706779
11.344685481149138 BRA -0.9884971229396803
11.594993354028883 BRA -0.9884971275562795
11.749692127120253 BRA -0.9884971302399701
11.845301226908628 BRA -0.988497131837898
11.904390900211624 BRA -0.988497132803174
11.940910326697002 BRA -0.9884971333914476
11.96348057351462 BRA -0.9884971337518803
11.977429753182381 BRA -0.9884971339734621
11.986050820332238 BRA -0.9884971341099155
11.991378932850145 BRA -0.9884971341940813
11.994671887482093 BRA -0.9884971342460775
11.99670704536805 BRA -0.9884971342781481
11.997964842114044 BRA -0.9884971342979748
11.998742203254007 BRA -0.9884971343102209
11.999222638860038 BRA -0.9884971343178511
11.999519564393971 BRA -0.9884971343224581
11.999703074466069 BRA -0.9884971343254176
11.999816489927904 BRA -0.9884971343271963
11.999886584538167 BRA -0.9884971343281773
11.999929905389738 BRA -0.9884971343288902
11.99995667914843 BRA -0.9884971343293983
11.999973226241307 BRA -0.9884971343295763
11.999993279761094 BRA -0.9884971343298622
11.99998561999813 BRA -0.988497134329809
11.999995332807659 BRA -0.9884971343299042
11.999997115516502 BRA -0.9884971343299377
11.999998217291157 BRA -0.9884971343299557
11.999998898225343 BRA -0.9884971343299697
11.999999319065815 BRA -0.9884971343299729
11.999999497054569 BRA -0.9884971343299831
11.99999968916263 BRA -0.9884971343299848
4.58977247488876 IND -0.987595348280227
7.420227525111239 IND -0.9875960550529962
9.16954494977752 IND -0.9875961826817767
9.240143432087187 IND -0.9875961861633966
10.294314836955248 IND -0.9875962287635204
10.945828595131937 IND -0.9875962483264012
11.348486241823311 IND -0.9875962585212777
11.597342353308626 IND -0.9875962642166387
11.751143888514685 IND -0.9875962675286647
11.846198464793941 IND -0.9875962695011475
11.904945423720742 IND -0.9875962706928486
11.9412530410732 IND -0.9875962714191456
11.963692382647544 IND -0.9875962718642112
11.977560658425656 IND -0.9875962721378008
11.986131724221886 IND -0.9875962723063415
11.99142893420377 IND -0.9875962724102955
11.994702790018119 IND -0.9875962724744636
11.996726144185653 IND -0.9875962725140914
11.997976645832466 IND -0.9875962725385684
11.998749498353185 IND -0.9875962725536914
11.99922714747928 IND -0.9875962725630559
11.999522350873903 IND -0.9875962725688233
11.999704796605375 IND -0.9875962725723851
11.999817554268528 IND -0.9875962725746176
11.999887242336849 IND -0.9875962725759833
11.99993031193168 IND -0.9875962725768233
11.999956930405167 IND -0.9875962725773129
11.999973381526512 IND -0.9875962725776632
11.999983548878657 IND -0.9875962725778354
11.999989832647858 IND -0.9875962725779589
11.9999937162308 IND -0.9875962725780372
11.999996116417057 IND -0.9875962725780847
11.999997599813742 IND -0.9875962725781133
11.999998516603313 IND -0.987596272578131
11.999999083210428 IND -0.9875962725781418
11.999999433392883 IND -0.9875962725781476
11.999999649817543 IND -0.9875962725781523
4.58977247488876 CAN -0.9969671525066068
7.420227525111239 CAN -0.9969677026683785
9.16954494977752 CAN -0.99696780080095
9.223887211208712 CAN -0.9969678028677805
10.284267939923726 CAN -0.9969678359732198
10.939619271284986 CAN -0.9969678511437348
11.34464866863874 CAN -0.9969678590406776
11.594970602646246 CAN -0.9969678634494922
11.749678065992493 CAN -0.9969678660123578
11.845292536653753 CAN -0.9969678675383412
11.904385529338741 CAN -0.9969678684601738
11.940907007315012 CAN -0.9969678690219613
11.963478522023728 CAN -0.9969678693661845
11.977428485291282 CAN -0.9969678695778066
11.986050036732445 CAN -0.9969678697081487
11.991378448558839 CAN -0.9969678697885618
11.994671588173606 CAN -0.9969678698381682
11.996706860385231 CAN -0.9969678698688278
11.997964727788375 CAN -0.9969678698877664
11.998742132596858 CAN -0.9969678698994123
11.999222595191517 CAN -0.9969678699066589
11.99951953740534 CAN -0.9969678699111326
11.999703057786176 CAN -0.9969678699139111
11.999816479619161 CAN -0.9969678699157265
11.999886578167013 CAN -0.9969678699167315
11.999929901452148 CAN -0.9969678699173635
11.999956676714866 CAN -0.9969678699177498
11.999973224737284 CAN -0.9969678699179841
11.999983451977583 CAN -0.9969678699181269
11.9999897727597 CAN -0.9969678699182214
11.999993679217884 CAN -0.9969678699182613
11.999996093541817 CAN -0.996967869918307
11.999997585676068 CAN -0.9969678699183233
11.999999507310026 CAN -0.9969678699183537
11.999998773311168 CAN -0.9969678699183485
11.999999685298782 CAN -0.9969678699183552
4.58977247488876 KOR -0.9962960121856504
7.420227525111239 KOR -0.9962964550233858
9.16954494977752 KOR -0.9962965339933442
9.223570104430571 KOR -0.9962965356468817
10.284071957156772 KOR -0.9962965622910935
10.939498147273799 KOR -0.9962965744432484
11.344573809882972 KOR -0.9962965807579597
11.594924337390825 KOR -0.9962965842817275
11.749649472492145 KOR -0.9962965863295326
11.84527486489868 KOR -0.9962965875486016
11.904374607593466 KOR -0.996296588284938
11.940900257305216 KOR -0.9962965887336651
11.96347435028825 KOR -0.9962965890085698
11.977425907016965 KOR -0.9962965891775647
11.986048443271283 KOR -0.996296589281679
11.99137746374568 KOR -0.9962965893458852
11.994670979525601 KOR -0.9962965893855039
11.996706484220077 KOR -0.9962965894099687
11.997964495305524 KOR -0.9962965894251211
11.998741988914555 KOR -0.9962965894344484
11.999222506390971 KOR -0.9962965894402214
11.999519482523585 KOR -0.9962965894438127
11.999703023867387 KOR -0.9962965894460714
11.999816458656197 KOR -0.9962965894474061
11.999886565211188 KOR -0.9962965894482257
11.999929893445007 KOR -0.9962965894487305
11.99995667176618 KOR -0.9962965894490392
11.999973221678827 KOR -0.9962965894492325
11.999983450087354 KOR -0.9962965894493535
11.999989771591475 KOR -0.9962965894494263
11.99999367849588 KOR -0.9962965894494744
11.999996093095593 KOR -0.9962965894495035
11.999997585400285 KOR -0.9962965894495227
11.999998507695308 KOR -0.9962965894495339
11.99999907770498 KOR -0.9962965894495402
11.99999942999033 KOR -0.9962965894495454
11.99999964771465 KOR -0.9962965894495482
4.58977247488876 RUS -0.987187370223008
7.420227525111239 RUS -0.9871879895709273
9.16954494977752 RUS -0.987188100058438
9.22405482632541 RUS -0.9871881023926556
10.284371531762874 RUS -0.9871881396636168
10.939683294562537 RUS -0.9871881567436571
11.344688237200337 RUS -0.9871881656347861
11.5949950573622 RUS -0.9871881705987162
11.749693179838138 RUS -0.9871881734843267
11.845301877524061 RUS -0.9871881752024734
11.904391302314076 RUS -0.9871881762403846
11.940910575209985 RUS -0.987188176872913
11.96348072710409 RUS -0.9871881772604714
11.977429848105894 RUS -0.9871881774987445
11.986050878998194 RUS -0.9871881776455194
11.991378969107698 RUS -0.9871881777360401
11.994671909890494 RUS -0.9871881777919089
11.996707059217202 RUS -0.987188177826431
11.99796485067329 RUS -0.9871881778477485
11.998742208543911 RUS -0.987188177860878
11.999222642129379 RUS -0.9871881778690382
11.999519566414534 RUS -0.9871881778742126
11.999703075714844 RUS -0.9871881778772839
11.999816490699688 RUS -0.9871881778791791
11.999886585015156 RUS -0.9871881778803483
11.999929905684533 RUS -0.9871881778809098
11.999956679330623 RUS -0.9871881778813864
11.999973226353909 RUS -0.9871881778816978
11.999983452976712 RUS -0.9871881778818808
11.999989773377196 RUS -0.9871881778819962
11.999993679599518 RUS -0.9871881778820557
11.99999609377768 RUS -0.9871881778821006
11.99999758582184 RUS -0.9871881778821244
11.999998507955842 RUS -0.9871881778821433
11.999999077865997 RUS -0.9871881778821477
11.999999255854748 RUS -0.987188177882149
11.999999540092942 RUS -0.9871881778821621
11.9999997180817 RUS -0.9871881778821637
4.58977247488876 MEX -0.9877472428636161
7.420227525111239 MEX -0.9877478747626669
9.16954494977752 MEX -0.9877479874879183
9.2240397986937 MEX -0.9877479898687737
10.284362244175707 MEX -0.9877480278948034
10.939677554517994 MEX -0.9877480453208229
11.344684689657713 MEX -0.9877480543920427
11.59499286486028 MEX -0.9877480594565013
11.74969182479743 MEX -0.9877480624005543
11.845301040062848 MEX -0.9877480641534981
11.904390784734582 MEX -0.9877480652124228
11.940910255328266 MEX -0.9877480658577672
11.963480529406315 MEX -0.9877480662531818
11.97742972592195 MEX -0.9877480664962508
11.986050803484366 MEX -0.9877480666459985
11.991378922437587 MEX -0.9877480667383469
11.994671881046779 MEX -0.9877480667953568
11.996707041390806 MEX -0.9877480668305635
11.997964839655971 MEX -0.9877480668523103
11.998742201734833 MEX -0.9877480668657584
11.999222637921136 MEX -0.9877480668740616
11.999519563813697 MEX -0.9877480668792739
11.99970307410744 MEX -0.987748066882436
11.999816489706259 MEX -0.987748066884379
11.999886584401182 MEX -0.9877480668855755
11.999929905305075 MEX -0.9877480668861914
11.999956679096105 MEX -0.9877480668866924
11.999973226208969 MEX -0.987748066886973
11.999983452887134 MEX -0.987748066887159
11.999989773321833 MEX -0.9877480668872669
11.9999936795653 MEX -0.987748066887335
11.99999609375653 MEX -0.9877480668873767
11.999997585808767 MEX -0.9877480668873994
11.999998507947764 MEX -0.9877480668874166
11.999999077861006 MEX -0.9877480668874209
11.999999305183303 MEX -0.987748066887433
11.999999570579666 MEX -0.9877480668874351
11.999999748568424 MEX -0.9877480668874453
4.58977247488876 ZAF -0.987901484462039
7.420227525111239 ZAF -0.9879019272262587
9.16954494977752 ZAF -0.9879020062135231
9.224073020277439 ZAF -0.987902007882812
10.284382776243618 ZAF -0.9879020345275211
10.939690244033823 ZAF -0.9879020467379613
11.344692532209796 ZAF -0.9879020530938324
11.594997711824027 ZAF -0.9879020566422415
11.749694820385768 ZAF -0.9879020587049884
11.845302891438257 ZAF -0.9879020599331821
11.90439192894751 ZAF -0.987902060675121
11.940910962490745 ZAF -0.9879020611272401
11.963480966456764 ZAF -0.9879020614043112
11.977429996033983 ZAF -0.9879020615746189
11.986050970422781 ZAF -0.9879020616795399
11.9913790256112 ZAF -0.9879020617442392
11.99467194481158 ZAF -0.9879020617841834
11.996707080799622 ZAF -0.9879020618088583
11.997964864011958 ZAF -0.987902061824099
11.998742216787662 ZAF -0.9879020618336303
11.999222647224295 ZAF -0.9879020618394322
11.999519569563365 ZAF -0.9879020618430022
11.999703077660929 ZAF -0.987902061845208
11.999816491902434 ZAF -0.9879020618465653
11.999886585758494 ZAF -0.9879020618472252
11.999929906143942 ZAF -0.9879020618477223
11.999956679614554 ZAF -0.9879020618480844
11.999973226529388 ZAF -0.9879020618482447
11.999983453085164 ZAF -0.9879020618483692
11.999989773444222 ZAF -0.9879020618484377
11.99999367964094 ZAF -0.9879020618484908
11.999996093803281 ZAF -0.9879020618485344
11.999997585837662 ZAF -0.9879020618485431
11.999997784852686 ZAF -0.9879020618485446
11.99999863096367 ZAF -0.9879020618485493
11.999999153889016 ZAF -0.9879020618485522
11.999999477074654 ZAF -0.9879020618485838
11.999999676814364 ZAF -0.9879020618485852
4.58977247488876 ROW -0.9860391879390636
7.420227525111239 ROW -0.9860399571136481
9.16954494977752 ROW -0.9860401056900907
9.335962044951069 ROW -0.9860401158274786
10.353533996459996 ROW -0.9860401661183635
10.982428048491073 ROW -0.9860401895113061
11.371105947968923 ROW -0.9860402017868364
11.61132210052215 ROW -0.9860402086717809
11.759783847446773 ROW -0.9860402126849623
11.851538253075375 ROW -0.986040215078371
11.908245594371397 ROW -0.9860402165256326
11.943292658703978 ROW -0.9860402174081646
11.964952935667418 ROW -0.9860402179491075
11.97833972303656 ROW -0.9860402182817285
11.986613212630859 ROW -0.9860402184866496
11.991726510405703 ROW -0.9860402186130591
11.994886702225156 ROW -0.9860402186910872
11.996839808180546 ROW -0.986040218739277
11.998046894044608 ROW -0.9860402187690394
11.998792914135938 ROW -0.9860402187874383
11.999253979908671 ROW -0.9860402187987972
11.99953893422727 ROW -0.9860402188058276
11.999715045681404 ROW -0.9860402188101596
11.999823888545867 ROW -0.9860402188128468
11.999891157135538 ROW -0.9860402188145156
11.999932731410329 ROW -0.9860402188155428
11.999958425725207 ROW -0.9860402188161764
11.99997430568512 ROW -0.9860402188165658
11.999984120040086 ROW -0.9860402188168063
11.999990185645034 ROW -0.9860402188169529
11.999993934395054 ROW -0.9860402188170434
11.99999625124998 ROW -0.9860402188170992
11.999997683145072 ROW -0.9860402188171333
11.999998568104907 ROW -0.9860402188171538
11.999999115040165 ROW -0.9860402188171677
11.999999453064744 ROW -0.9860402188171747
11.999999661975423 ROW -0.9860402188171805
ROW [[ 0.08770711]
 [11.99998686]
 [11.99999965]
 [11.99999965]
 [11.99999969]
 [11.99999965]
 [11.99999969]
 [11.99999965]
 [11.99999972]
 [11.99999975]
 [11.99999968]
 [11.99999966]]
0.9926910745581551
1
4.58977247488876 USA -0.9941216595944322
7.420227525111239 USA -0.9941211559633265
2.840455050222478 USA -0.994123402214111
1.7593174246662822 USA -0.9941287360633931
1.0911376255561962 USA -0.9941447326292375
0.6781797991100862 USA -0.9941900457987682
0.4229578264461101 USA -0.9943069239971642
0.26522197266397624 USA -0.9945671534505324
0.16773585378213388 USA -0.995023008423293
0.1074861188818424 USA -0.9955218673746102
0.07024973490029149 USA -0.9954478574491481
0.09830361959083876 USA -0.995583282452901
0.09208139280956261 USA -0.9956092744111765
0.08374244151898151 USA -0.9956093373706975
0.087898734324054 USA -0.9956155282354301
0.08790137010422558 USA -0.9956155278710793
0.08772345874627781 USA -0.9956155413198766
0.08620284547524949 USA -0.9956146972541223
0.08770665478612981 USA -0.995615541415769
0.08770710751729606 USA -0.9956155414158544
0.08770714268333178 USA -0.995615541415854
0.08770710978948808 USA -0.995615541415855
0.08770712429194755 USA -0.9956155414158544
0.08770711532893467 USA -0.9956155414158524
0.0877071119053684 USA -0.9956155414158515
4.58977247488876 EUR -0.9987863024888789
7.420227525111239 EUR -0.9987863180664117
9.16954494977752 EUR -0.998786320386062
9.021745098502443 EUR -0.9987863202538869
10.250682575333716 EUR -0.9987863211440573
10.918862374443803 EUR -0.998786321477799
11.331820200889913 EUR -0.9987863216478097
11.58704217355389 EUR -0.9987863217415545
11.744778027336023 EUR -0.9987863217956509
11.842264146217866 EUR -0.9987863218277152
11.902513881118157 EUR -0.9987863218470386
11.939750265099708 EUR -0.9987863218587952
11.96276361601845 EUR -0.99878632186599
11.97698664908126 EUR -0.9987863218704098
11.98577696693719 EUR -0.9987863218731304
11.991209682144069 EUR -0.9987863218748132
11.994567284793119 EUR -0.9987863218758462
11.996642397350948 EUR -0.998786321876488
11.997924887442169 EUR -0.9987863218768812
11.99871750990878 EUR -0.9987863218771244
11.999207377533391 EUR -0.9987863218772761
11.99951013237539 EUR -0.998786321877368
11.999697245158004 EUR -0.9987863218774273
11.999812887217388 EUR -0.9987863218774641
11.999884357940616 EUR -0.9987863218774854
11.99992852927677 EUR -0.9987863218775072
11.999955828663843 EUR -0.998786321877511
11.999956699694373 EUR -0.998786321877508
11.999942738401902 EUR -0.998786321877503
11.999950828628704 EUR -0.9987863218775034
11.999953918820365 EUR -0.9987863218775045
11.999955099168547 EUR -0.9987863218775052
11.9999561613679 EUR -0.998786321877506
11.999955550021435 EUR -0.9987863218775097
4.58977247488876 JAP -0.9984024752745898
7.420227525111239 JAP -0.9984027506293205
9.16954494977752 JAP -0.998402799479086
9.216846974543909 JAP -0.9984028003746805
10.279916834376035 JAP -0.9984028169003314
10.936930140167874 JAP -0.9984028244601237
11.34298669420816 JAP -0.9984028283917291
11.593943445959715 JAP -0.9984028305855736
11.749043248248446 JAP -0.9984028318604986
11.84490019771127 JAP -0.998402832619469
11.904143050537176 JAP -0.9984028330778987
11.940757147174093 JAP -0.9984028333572796
11.963385903363081 JAP -0.99840283352842
11.97737124381101 JAP -0.9984028336336478
11.98601465955207 JAP -0.9984028336984541
11.991356584258941 JAP -0.9984028337384264
11.99465807529313 JAP -0.9984028337631032
11.99669850896581 JAP -0.9984028337783408
11.997959566327317 JAP -0.9984028337877606
11.998738942638493 JAP -0.998402833793568
11.999220623688826 JAP -0.9984028337971629
11.999518318949669 JAP -0.9984028337993865
11.999702304739158 JAP -0.9984028338007715
11.99981601421051 JAP -0.9984028338016421
11.999886290528648 JAP -0.9984028338021527
11.999929723681863 JAP -0.9984028338024664
11.999956566846787 JAP -0.9984028338026609
11.999973156835075 JAP -0.99840283380278
11.99998341001171 JAP -0.9984028338028547
11.999989746823363 JAP -0.9984028338029001
11.999993663188345 JAP -0.998402833802927
11.999996083635017 JAP -0.9984028338029457
11.999997579553328 JAP -0.9984028338029567
11.99999850408169 JAP -0.9984028338029636
11.99999907547164 JAP -0.9984028338029675
11.99999942861005 JAP -0.9984028338029707
11.999999646861589 JAP -0.9984028338029731
4.58977247488876 CHN -0.9969530502947201
7.420227525111239 CHN -0.9969537261409367
9.16954494977752 CHN -0.9969538466371061
9.223293839654376 CHN -0.9969538491472817
10.283901216135188 CHN -0.9969538898067305
10.939392623519186 CHN -0.9969539084361779
11.344508592616002 CHN -0.9969539181329077
11.594884030903184 CHN -0.9969539235462954
11.749624561712816 CHN -0.996953926693087
11.845259469190369 CHN -0.9969539285667041
11.904365092522447 CHN -0.9969539296985286
11.94089437666792 CHN -0.99695393038827
11.963470715854525 CHN -0.996953930810893
11.977423660813393 CHN -0.9969539310706916
11.986047055041132 CHN -0.9969539312307372
11.991376605772263 CHN -0.9969539313294449
11.994670449268868 CHN -0.9969539313903729
11.996706156503393 CHN -0.9969539314280015
11.997964292765474 CHN -0.9969539314512453
11.99874186373792 CHN -0.9969539314656054
11.999222429027556 CHN -0.9969539314744819
11.999519434710365 CHN -0.996953931479965
11.999702994317191 CHN -0.9969539314833534
11.999816440393172 CHN -0.9969539314854473
11.999886553924018 CHN -0.9969539314867579
11.999929886469152 CHN -0.9969539314875635
11.999956667454864 CHN -0.9969539314880494
11.999973219014286 CHN -0.9969539314883493
11.999983448440577 CHN -0.9969539314885358
11.99998977057371 CHN -0.9969539314886503
11.999993677866868 CHN -0.9969539314887199
11.999996092706843 CHN -0.9969539314887641
11.999997585160024 CHN -0.9969539314887915
11.999998507546817 CHN -0.996953931488809
11.999999077613206 CHN -0.9969539314888192
11.99999942993361 CHN -0.9969539314888263
11.999999647679594 CHN -0.9969539314888303
4.58977247488876 BRA -0.9954772763986368
7.420227525111239 BRA -0.9954779047060248
9.16954494977752 BRA -0.9954780168142618
9.224316088486104 BRA -0.995478019194139
10.284533000658156 BRA -0.9954780570078536
10.939783087827946 BRA -0.9954780743377122
11.344749912830208 BRA -0.9954780833592429
11.595033174997738 BRA -0.995478088396039
11.749716737832472 BRA -0.9954780913240519
11.845316437165266 BRA -0.9954780930674502
11.904400300667204 BRA -0.9954780941206197
11.94091613649806 BRA -0.995478094762461
11.963484164169142 BRA -0.9954780951557136
11.977431972328919 BRA -0.9954780953974344
11.986052191840225 BRA -0.9954780955463354
11.991379780488696 BRA -0.9954780956381928
11.994672411351528 BRA -0.9954780956949476
11.996707369137166 BRA -0.9954780957299063
11.997965042214362 BRA -0.9954780957515904
11.998742326922805 BRA -0.9954780957649008
11.999222715291557 BRA -0.9954780957732098
11.999519611631246 BRA -0.9954780957783244
11.99970310366031 BRA -0.9954780957814767
11.999816507970937 BRA -0.9954780957834181
11.999886595689375 BRA -0.9954780957844876
11.999929912281564 BRA -0.995478095785363
11.999956683407813 BRA -0.9954780957857049
11.99997322887375 BRA -0.995478095785979
11.99998345453406 BRA -0.9954780957861629
11.99998977433969 BRA -0.995478095786287
11.999993680194372 BRA -0.9954780957863574
11.99999609414532 BRA -0.9954780957864107
11.999997586049053 BRA -0.9954780957864425
11.999998508096267 BRA -0.9954780957864593
11.999999077952785 BRA -0.995478095786464
11.999999403470088 BRA -0.9954780957864754
11.99999963132424 BRA -0.9954780957864772
11.999999809312998 BRA -0.9954780957864787
4.58977247488876 IND -0.9945361178448027
7.420227525111239 IND -0.9945368952210798
9.16954494977752 IND -0.9945370339246973
9.224289455651462 IND -0.9945370368676736
10.28451654066113 IND -0.9945370836524053
10.93977291499033 IND -0.9945371050935552
11.3447436256708 IND -0.9945371162552348
11.59502928931953 IND -0.9945371224868833
11.74971433635127 IND -0.9945371261095156
11.84531495296826 IND -0.9945371282664996
11.904399383383009 IND -0.9945371295694992
11.94091556958525 IND -0.9945371303635938
11.963483813797756 IND -0.994537130850151
11.977431755787494 IND -0.9945371311492568
11.986052058010264 IND -0.994537131333491
11.991379697777232 IND -0.9945371314471262
11.994672360233032 IND -0.9945371315172826
11.996707337544198 IND -0.9945371315605996
11.997965022688833 IND -0.9945371315873616
11.998742314855363 IND -0.9945371316039181
11.999222707833468 IND -0.9945371316141102
11.999519607021893 IND -0.9945371316204238
11.999703100811573 IND -0.9945371316243303
11.999816506210319 IND -0.994537131626763
11.999886594601252 IND -0.9945371316282541
11.999929911609065 IND -0.9945371316291741
11.999956682992186 IND -0.9945371316297099
11.99997322861688 IND -0.9945371316300928
11.999983454375306 IND -0.9945371316302793
11.999989774241573 IND -0.9945371316304152
11.999993680133732 IND -0.9945371316305011
11.999996094107843 IND -0.9945371316305532
11.99999758602589 IND -0.9945371316305851
11.999998508081951 IND -0.9945371316306043
11.999999077943938 IND -0.9945371316306172
11.999999430138015 IND -0.9945371316306245
11.999999647805923 IND -0.994537131630629
4.58977247488876 CAN -1.0041332950676096
7.420227525111239 CAN -1.004133897948895
9.16954494977752 CAN -1.0041340055070078
9.224153679333973 CAN -1.0041340077834704
10.284432626282056 CAN -1.0041340440647992
10.939721053051917 CAN -1.004134060691735
11.344711573230137 CAN -1.0041340693471148
11.595009479821778 CAN -1.0041340741794547
11.74970209340836 CAN -1.0041340769885785
11.84530738641342 CAN -1.0041340786611832
11.90439470699494 CAN -1.0041340796715565
11.940912679418481 CAN -1.0041340802873235
11.963482027576461 CAN -1.00413408066463
11.977430651842022 CAN -1.0041340808965622
11.98605137573444 CAN -1.004134081039457
11.991379276107583 CAN -1.0041340811275803
11.994672099626857 CAN -1.0041340811819863
11.996707176480724 CAN -1.004134081215584
11.997964923146132 CAN -1.0041340812363244
11.99874225333459 CAN -1.0041340812491448
11.999222669811541 CAN -1.0041340812570279
11.999519583523051 CAN -1.0041340812619386
11.99970308628849 CAN -1.0041340812649857
11.99981649723456 CAN -1.0041340812669706
11.99988658905393 CAN -1.0041340812680786
11.999929908180633 CAN -1.0041340812687716
11.999956680873298 CAN -1.0041340812691943
11.999973227307335 CAN -1.0041340812694564
11.999983453565962 CAN -1.004134081269613
11.999989773741373 CAN -1.004134081269712
11.999993679824591 CAN -1.0041340812697601
11.999996093916783 CAN -1.0041340812698079
11.99999758590781 CAN -1.004134081269825
11.999999531241038 CAN -1.0041340812698627
11.999998788189863 CAN -1.0041340812698571
11.999999709229796 CAN -1.0041340812698643
4.58977247488876 KOR -1.0034993254574118
7.420227525111239 KOR -1.0034998078135602
9.16954494977752 KOR -1.0034998938463828
9.223807783482187 KOR -1.0034998956557382
10.284218850889085 KOR -1.003499924680176
10.939588932593102 KOR -1.0034999379803233
11.34462991829598 KOR -1.0034999449035866
11.594959014297121 KOR -1.003499948768778
11.74967090399886 KOR -1.0034999510156555
11.84528811029826 KOR -1.0034999523534789
11.9043827937006 KOR -1.003499953161645
11.94090531659766 KOR -1.0034999536541465
11.96347747710294 KOR -1.003499953955918
11.97742783949472 KOR -1.003499954141447
11.986049637608218 KOR -1.0034999542557144
11.991378201886501 KOR -1.003499954326208
11.994671435721719 KOR -1.0034999543696972
11.996706766164783 KOR -1.0034999543965566
11.997964669556934 KOR -1.0034999544131575
11.998742096607847 KOR -1.0034999544234056
11.999222572949085 KOR -1.0034999544297492
11.99951952365876 KOR -1.003499954433684
11.999703049290323 KOR -1.0034999544361622
11.999816474368437 KOR -1.003499954437634
11.999886574921888 KOR -1.003499954438533
11.99992989944655 KOR -1.0034999544390877
11.999956675475339 KOR -1.0034999544394252
11.999973223971214 KOR -1.0034999544396361
11.999983451504127 KOR -1.0034999544397682
11.999989772467087 KOR -1.0034999544398502
11.999993679037038 KOR -1.0034999544399017
11.999996093430047 KOR -1.0034999544399343
11.99999758560699 KOR -1.0034999544399559
11.999998507823056 KOR -1.003499954439968
11.999999077783931 KOR -1.0034999544399756
11.999999430039125 KOR -1.003499954439981
11.999999647744808 KOR -1.0034999544399847
4.58977247488876 RUS -0.9942390519858036
7.420227525111239 RUS -0.994239724591978
9.16954494977752 RUS -0.9942398446054719
9.22432774170074 RUS -0.9942398471536297
10.28454020274088 RUS -0.9942398876335764
10.93978753895986 RUS -0.9942399061854441
11.344752663781021 RUS -0.994239915843099
11.595034875178841 RUS -0.994239921235061
11.74971778860218 RUS -0.994239924369544
11.84531708657666 RUS -0.9942399262358791
11.90440070202552 RUS -0.9942399273633165
11.940916384551143 RUS -0.9942399280504082
11.963484317474379 RUS -0.9942399284714007
11.977432067076766 RUS -0.9942399287302128
11.986052250397613 RUS -0.9942399288896537
11.991379816679151 RUS -0.9942399289879793
11.99467243371846 RUS -0.9942399290486792
11.99670738296069 RUS -0.9942399290861593
11.997965050757768 RUS -0.9942399291092985
11.99874233220292 RUS -0.9942399291236108
11.999222718554847 RUS -0.9942399291324382
11.99951961364807 RUS -0.9942399291380569
11.999703104906775 RUS -0.9942399291414026
11.999816508741294 RUS -0.9942399291434678
11.999886596165481 RUS -0.9942399291447416
11.999929912575814 RUS -0.9942399291453522
11.99995668358967 RUS -0.9942399291460277
11.999973228986144 RUS -0.994239929146204
11.999980790242294 RUS -0.9942399291463236
11.999988127716822 RUS -0.9942399291464449
11.999992662525472 RUS -0.9942399291465315
11.99999546519135 RUS -0.9942399291465879
11.999997197334123 RUS -0.9942399291466187
11.99999826785723 RUS -0.9942399291466436
11.999998929476895 RUS -0.994239929146665
11.999999338380336 RUS -0.9942399291466683
11.999999160391582 RUS -0.9942399291466668
11.999999591096561 RUS -0.9942399291466705
11.999999769085319 RUS -0.9942399291466719
4.58977247488876 MEX -0.9948215515261657
7.420227525111239 MEX -0.9948222428239073
9.16954494977752 MEX -0.9948223661712882
9.224314395995599 MEX -0.9948223687896156
10.284531954641498 MEX -0.9948224103942997
10.9397824413541 MEX -0.9948224294615602
11.344749513287399 MEX -0.9948224393874933
11.5950329280667 MEX -0.9948224449292493
11.749716585220698 MEX -0.9948224481507999
11.845316342846004 MEX -0.9948224500689811
11.904400242374695 MEX -0.9948224512277375
11.94091610047131 MEX -0.9948224519339129
11.963484141903384 MEX -0.9948224523666005
11.977431958567923 MEX -0.9948224526325888
11.986052183335461 MEX -0.9948224527964548
11.991379775232463 MEX -0.9948224528975157
11.994672408102998 MEX -0.9948224529599056
11.996707367129464 MEX -0.9948224529984105
11.997965040973533 MEX -0.9948224530222171
11.99874232615593 MEX -0.9948224530369093
11.999222714817604 MEX -0.9948224530459984
11.999519611338327 MEX -0.9948224530517058
11.999703103479275 MEX -0.9948224530551762
11.99981650785905 MEX -0.9948224530573052
11.999886595620225 MEX -0.9948224530586194
11.999929912238827 MEX -0.9948224530592931
11.999956683381399 MEX -0.9948224530599377
11.999973228857426 MEX -0.9948224530601287
11.999984917477382 MEX -0.9948224530603377
11.999990678488386 MEX -0.994822453060451
11.999994238988997 MEX -0.9948224530605273
11.999996439499391 MEX -0.9948224530605749
11.999997799489607 MEX -0.9948224530606001
11.999998640009785 MEX -0.9948224530606075
11.999999197178845 MEX -0.9948224530606258
11.999999503829239 MEX -0.994822453060629
11.999999681817995 MEX -0.9948224530606302
4.58977247488876 ZAF -0.9948727007807865
7.420227525111239 ZAF -0.9948731819429737
9.16954494977752 ZAF -0.9948732677981894
9.224345685078136 ZAF -0.9948732696216875
10.284551292357984 ZAF -0.9948732985800123
10.939794392720152 ZAF -0.9948733118515848
11.344756899637831 ZAF -0.9948733187604554
11.595037493082321 ZAF -0.9948733226177582
11.74971940655551 ZAF -0.9948733248601206
11.845318086526811 ZAF -0.9948733261952579
11.904401320028699 ZAF -0.9948733270018132
11.940916766498113 ZAF -0.9948733274933312
11.963484553530588 ZAF -0.9948733277945152
11.977432212967527 ZAF -0.994873327979651
11.986052340563063 ZAF -0.9948733280936912
11.991379872404465 ZAF -0.9948733281640454
11.9946724681586 ZAF -0.994873328207468
11.996707404245868 ZAF -0.9948733282342813
11.997965063912732 ZAF -0.9948733282508555
11.998742340333134 ZAF -0.9948733282612194
11.999222723579598 ZAF -0.9948733282675074
11.999519616753538 ZAF -0.9948733282713956
11.999703106826061 ZAF -0.9948733282737982
11.999816509927477 ZAF -0.994873328275278
11.999886596898582 ZAF -0.994873328275994
11.999929913028895 ZAF -0.9948733282765961
11.999956683869689 ZAF -0.9948733282769352
11.999973229159206 ZAF -0.9948733282771369
11.999983454710481 ZAF -0.9948733282772643
11.999989774448723 ZAF -0.9948733282773349
11.999993680261758 ZAF -0.9948733282773902
11.999996094186967 ZAF -0.9948733282774355
11.999997586074793 ZAF -0.9948733282774442
11.99999776406352 ZAF -0.9948733282774458
11.999998618115258 ZAF -0.9948733282774509
11.99999931197925 ZAF -0.994873328277484
11.999999046946789 ZAF -0.9948733282774826
11.999999489968005 ZAF -0.9948733282774855
11.99999968478289 ZAF -0.9948733282774866
4.58977247488876 ROW -0.9930137828931949
7.420227525111239 ROW -0.9930147797592133
9.16954494977752 ROW -0.9930149574936119
9.223321912278012 ROW -0.9930149611980761
10.28391856597075 ROW -0.993015021170994
10.939403346307262 ROW -0.9930150486497064
11.344515219663487 ROW -0.9930150629525862
11.594888126643776 ROW -0.993015070937458
11.74962709301971 ROW -0.9930150755790448
11.845261033624064 ROW -0.9930150783426852
11.904366059395645 ROW -0.9930150800121426
11.94089497422842 ROW -0.9930150810295462
11.963471085167226 ROW -0.993015081652922
11.977423889061196 ROW -0.9930150820361427
11.98604719610603 ROW -0.9930150822722068
11.991376692955164 ROW -0.9930150824177971
11.994670503150864 ROW -0.9930150825076816
11.996706189804298 ROW -0.9930150825631832
11.997964313346566 ROW -0.9930150825974604
11.998741876457734 ROW -0.9930150826186491
11.999222436888832 ROW -0.9930150826317418
11.9995194395689 ROW -0.993015082639837
11.999702997319933 ROW -0.9930150826448337
11.999816442248969 ROW -0.9930150826479142
11.999886555070965 ROW -0.9930150826498345
11.999929887178006 ROW -0.9930150826510221
11.99995666789296 ROW -0.9930150826517523
11.999973219285044 ROW -0.9930150826522013
11.999983448607914 ROW -0.9930150826524765
11.99998977067713 ROW -0.9930150826526463
11.999993677930785 ROW -0.9930150826527504
11.999996092746345 ROW -0.9930150826528142
11.999997585184438 ROW -0.9930150826528541
11.999998507561907 ROW -0.9930150826528787
11.999999077622533 ROW -0.9930150826528937
11.999999429939376 ROW -0.9930150826529034
11.999999647683158 ROW -0.993015082652909
ROW [[ 0.08770711]
 [11.99995583]
 [11.99999965]
 [11.99999965]
 [11.99999981]
 [11.99999965]
 [11.99999971]
 [11.99999965]
 [11.99999977]
 [11.99999968]
 [11.99999968]
 [11.99999965]]
5.116289915125623e-08
  US Nash delta = 0.0877  -> complete protection: False

=== US Nash delta vs off-diagonal patenting-sector trade-cost factor ===
            US_nash_delta  US_complete_protection
tau_factor                                       
1.000              12.000                   False
1.500               0.457                   False
2.000               0.165                   False
2.500               0.110                   False
3.000               0.088                   False

=== full Nash delta matrix (rows = tau factor, cols = country) ===
              USA    EUR    JAP    CHN    BRA    IND    CAN    KOR    RUS    MEX    ZAF    ROW
tau_factor                                                                                    
1.000      12.000 12.000 12.000 12.000 12.000 12.000 12.000 12.000 12.000 12.000 12.000 12.000
1.500       0.457 12.000 12.000 12.000 12.000 12.000 12.000 12.000 12.000 12.000 12.000 12.000
2.000       0.165 12.000 12.000 12.000 12.000 12.000 12.000 12.000 12.000 12.000 12.000 12.000
2.500       0.110 12.000 12.000 12.000 12.000 12.000 12.000 12.000 12.000 12.000 12.000 12.000
3.000       0.088 12.000 12.000 12.000 12.000 12.000 12.000 12.000 12.000 12.000 12.000 12.000

US does not reach complete protection within the tested factor range.

saved nash_trade_cost_deviation_2000.csv
