new-fee UUPCOSTS rescale ratio = 1.04664 ($14370 1994$ vs $17078 2005$)
RDPHARMACHEM backfill (earliest ANBERD): [(7, 'RD ratio pharma', np.float64(0.0493), 1994), (7, 'RD ratio chemicals', np.float64(0.0319), 1994), (8, 'RD ratio pharma', np.float64(0.0139), 1995), (8, 'RD ratio chemicals', np.float64(0.0667), 1995)]

RUNNING 12 configs


========================================================================
  label: s_base
  seed: 8.0
  fix_delta: False
  calib_parameters: ['delta', 'T', 'eta']
  delta_free_by_sector: [0, 12, 12]
  fe_free: 0
  fo_free: 0
  nu_free: 0
  moments: ['SPFLOW', 'DOMPATINUS', 'OUT', 'RD', 'RP', 'SRGDP', 'UUPCOSTS', 'RDPHARMACHEM']
  weights: {'SPFLOW': 1, 'DOMPATINUS': 1, 'OUT': 5, 'RD': 10, 'RP': 1, 'SRGDP': 1, 'UUPCOSTS': 1, 'RDPHARMACHEM': 1}
  r_hjort_recomputed_for_1992: True
  UUPCOSTS_target_newfee: [0.001161, 0.00047]
  nu_seed(rest,pharma): [0.08361, 0.18716]
  [s_base] initial solve: successful | obj=4.8421
fe :  [0.06348811 0.01849524] fo :  [0.02808923 0.00573732] delta :  [[0.12122029 0.13701525]
 [0.1219394  0.17401727]
 [0.13569281 0.16081868]
 [0.20254102 0.25579869]
 [0.18565147 0.27440652]
 [0.26624266 0.3719205 ]
 [0.08920552 0.09868685]
 [0.07999848 0.13460961]
 [0.2380961  0.4042963 ]
 [0.22529086 0.26891107]
 [0.16855547 0.30509089]
 [1.53556001 2.39937209]] nu :  [0.08360685 0.18715854] k : [1.77830521 1.46044372 1.03960354] theta : [6.43256312 3.4704715 ] sigma : [2.9        1.85599824] zeta : [0.01011387 0.04444895] rho : 0.02 kappa : 0.5
   Iteration     Total nfev        Cost      Cost reduction    Step norm     Optimality   
       0              1         1.1723e+01                                    4.38e+07    
       1              2         1.0784e+01      9.39e-01       1.99e-03       3.38e+07    
fe :  [0.06348811 0.01849524] fo :  [0.02808923 0.00573732] delta :  [[0.12122029 0.13701525]
 [0.1219394  0.17401727]
 [0.13569281 0.16081868]
 [0.20254102 0.25579869]
 [0.18565147 0.27440653]
 [0.26624266 0.3719205 ]
 [0.08920552 0.09868685]
 [0.07999848 0.13460961]
 [0.2380961  0.4042963 ]
 [0.22529086 0.26891107]
 [0.16855547 0.30509089]
 [1.53556001 2.39937209]] nu :  [0.08360685 0.18715854] k : [1.77830521 1.46044372 1.03960354] theta : [6.43256312 3.4704715 ] sigma : [2.9        1.85599824] zeta : [0.01011387 0.04444895] rho : 0.02 kappa : 0.5
       2              3         6.7075e+00      4.08e+00       1.53e-02       1.26e+07    
       3              4         5.5065e+00      1.20e+00       8.54e-03       9.33e+06    
fe :  [0.06348811 0.01849524] fo :  [0.02808923 0.00573732] delta :  [[0.12122029 0.13701524]
 [0.1219394  0.17401727]
 [0.1356928  0.16081868]
 [0.20254102 0.2557987 ]
 [0.18565148 0.27440654]
 [0.26624269 0.37192052]
 [0.08920552 0.09868685]
 [0.07999847 0.13460961]
 [0.23809614 0.40429632]
 [0.22529087 0.26891108]
 [0.16855548 0.30509089]
 [1.53556001 2.39937209]] nu :  [0.08360685 0.18715854] k : [1.77830521 1.46044372 1.03960354] theta : [6.43256312 3.4704715 ] sigma : [2.9        1.85599824] zeta : [0.01011387 0.04444895] rho : 0.02 kappa : 0.5
       4              5         3.7219e+00      1.78e+00       2.74e-02       2.72e+06    
       5              7         1.7654e+00      1.96e+00       3.20e+04       1.84e+06    
       6              8         1.4157e+00      3.50e-01       1.69e+03       1.27e+06    
fe :  [0.06348811 0.01849524] fo :  [0.02808923 0.00573732] delta :  [[0.17907567 0.30311918]
 [0.15958134 0.36477542]
 [0.16993913 0.30473576]
 [0.30502083 0.61041628]
 [0.27489477 0.53551812]
 [0.50827152 1.14534302]
 [0.08992331 0.131752  ]
 [0.12015928 0.28895765]
 [0.48382539 1.09766722]
 [0.31455217 0.53961494]
 [0.21328055 0.36259039]
 [1.70489904 3.96321072]] nu :  [0.08360685 0.18715854] k : [1.77830521 1.46044372 1.03960354] theta : [6.43256312 3.4704715 ] sigma : [2.9        1.85599824] zeta : [0.01011387 0.04444895] rho : 0.02 kappa : 0.5
       7              9         1.3154e+00      1.00e-01       2.53e+03       1.07e+06    
       8             10         9.8287e-01      3.33e-01       1.02e+05       3.91e+06    
fe :  [0.06348811 0.01849524] fo :  [0.02808923 0.00573732] delta :  [[0.19902315 0.30042095]
 [0.1784563  0.32436252]
 [0.18106631 0.27571284]
 [0.31646969 0.64185186]
 [0.27350247 0.49602667]
 [0.55831512 1.3767011 ]
 [0.08081237 0.0988089 ]
 [0.11894376 0.24292704]
 [0.54263995 1.22103703]
 [0.3093754  0.54047035]
 [0.2001557  0.3311053 ]
 [1.61457827 3.59985564]] nu :  [0.08360685 0.18715854] k : [1.77830521 1.46044372 1.03960354] theta : [6.43256312 3.4704715 ] sigma : [2.9        1.85599824] zeta : [0.01011387 0.04444895] rho : 0.02 kappa : 0.5
       9             12         9.6992e-01      1.30e-02       7.58e+03       4.96e+06    
      10             13         9.2563e-01      4.43e-02       2.27e+03       6.94e+05    
fe :  [0.06348811 0.01849524] fo :  [0.02808923 0.00573732] delta :  [[0.1976251  0.2714259 ]
 [0.17710511 0.30320452]
 [0.17290316 0.26210776]
 [0.30622859 0.60697896]
 [0.26487894 0.48134752]
 [0.54726048 1.32621933]
 [0.07721058 0.09113636]
 [0.11358834 0.22956643]
 [0.53117552 1.17641884]
 [0.3022936  0.46577779]
 [0.19331296 0.2935717 ]
 [1.5819837  3.45794908]] nu :  [0.08360685 0.18715854] k : [1.77830521 1.46044372 1.03960354] theta : [6.43256312 3.4704715 ] sigma : [2.9        1.85599824] zeta : [0.01011387 0.04444895] rho : 0.02 kappa : 0.5
      11             14         9.1193e-01      1.37e-02       2.72e+03       8.42e+05    
      12             20         9.1042e-01      1.51e-03       4.73e-02       6.54e+04    
      13             21         9.0996e-01      4.55e-04       3.92e-02       9.97e+04    
fe :  [0.06348811 0.01849524] fo :  [0.02808923 0.00573732] delta :  [[0.19887603 0.27553443]
 [0.17911435 0.31079884]
 [0.17480446 0.27116861]
 [0.30918294 0.61653572]
 [0.26686465 0.4937692 ]
 [0.55118684 1.33282696]
 [0.07847806 0.0949525 ]
 [0.11502982 0.23644687]
 [0.53537882 1.18496132]
 [0.30515671 0.47288001]
 [0.1954294  0.30117319]
 [1.58917829 3.46378258]] nu :  [0.08360685 0.18715854] k : [1.77830521 1.46044372 1.03960354] theta : [6.43256312 3.4704715 ] sigma : [2.9        1.85599824] zeta : [0.01011387 0.04444895] rho : 0.02 kappa : 0.5
      14             22         9.0977e-01      1.93e-04       6.84e-02       2.92e+04    
      15             26         9.0977e-01      2.64e-06       1.71e-03       2.20e+03    
fe :  [0.06348811 0.01849524] fo :  [0.02808923 0.00573732] delta :  [[0.19896204 0.27610137]
 [0.17916277 0.31078904]
 [0.17486691 0.27115259]
 [0.30927772 0.61676044]
 [0.26686902 0.49398985]
 [0.55130414 1.33329253]
 [0.07859721 0.09494081]
 [0.11502846 0.23642829]
 [0.53546146 1.18550262]
 [0.30520127 0.47285373]
 [0.19542909 0.30115993]
 [1.58975672 3.46408911]] nu :  [0.08360685 0.18715854] k : [1.77830521 1.46044372 1.03960354] theta : [6.43256312 3.4704715 ] sigma : [2.9        1.85599824] zeta : [0.01011387 0.04444895] rho : 0.02 kappa : 0.5
      16             30         9.0977e-01      7.71e-08       9.21e-06       1.33e+02    
`xtol` termination condition is satisfied.
Function evaluations 30, initial cost 1.1723e+01, final cost 9.0977e-01, first-order optimality 1.33e+02.
   Iteration     Total nfev        Cost      Cost reduction    Step norm     Optimality   
       0              1         9.0977e-01                                    2.95e-02    
fe :  [0.06348811 0.01849524] fo :  [0.02808923 0.00573732] delta :  [[0.19849899 0.26795245]
 [0.17444199 0.295281  ]
 [0.17034144 0.25592359]
 [0.30240268 0.59479422]
 [0.26115588 0.47293275]
 [0.54085828 1.28729456]
 [0.0757381  0.08762611]
 [0.11156336 0.22289714]
 [0.52545032 1.1431379 ]
 [0.29917972 0.45126585]
 [0.19088877 0.28654867]
 [1.56566925 3.37739194]] nu :  [0.08360685 0.18715854] k : [1.77830521 1.46044372 1.03960354] theta : [6.43256312 3.4704715 ] sigma : [2.9        1.85599824] zeta : [0.01011387 0.04444895] rho : 0.02 kappa : 0.5
       1              7         9.0936e-01      4.08e-04       1.01e+00       1.80e+05    
       2             10         9.0914e-01      2.20e-04       2.99e-02       2.08e+04    
fe :  [0.06348811 0.01849524] fo :  [0.02808923 0.00573732] delta :  [[0.19839345 0.26922855]
 [0.17566923 0.29946852]
 [0.17164449 0.26019157]
 [0.30468506 0.59913101]
 [0.26277605 0.47788333]
 [0.54375519 1.29441846]
 [0.07641913 0.08973307]
 [0.11258693 0.22672163]
 [0.5281563  1.15083749]
 [0.30073033 0.45531189]
 [0.19210268 0.29043282]
 [1.57197146 3.37964627]] nu :  [0.08360685 0.18715854] k : [1.77830521 1.46044372 1.03960354] theta : [6.43256312 3.4704715 ] sigma : [2.9        1.85599824] zeta : [0.01011387 0.04444895] rho : 0.02 kappa : 0.5
       3             11         9.0906e-01      8.21e-05       2.75e-02       2.39e+04    
       4             12         9.0900e-01      5.51e-05       1.92e-02       3.84e+04    
       5             16         9.0900e-01      1.56e-06       1.31e-04       5.71e+03    
fe :  [0.06348811 0.01849524] fo :  [0.02808923 0.00573732] delta :  [[0.1981694  0.26853725]
 [0.17519914 0.29861783]
 [0.1711911  0.25942446]
 [0.30391082 0.59750932]
 [0.26211601 0.47667072]
 [0.54239747 1.2919225 ]
 [0.0761974  0.08944332]
 [0.11228434 0.22605799]
 [0.52681936 1.14827919]
 [0.29996991 0.45411437]
 [0.19160935 0.28962636]
 [1.5694297  3.3771103 ]] nu :  [0.08360685 0.18715854] k : [1.77830521 1.46044372 1.03960354] theta : [6.43256312 3.4704715 ] sigma : [2.9        1.85599824] zeta : [0.01011387 0.04444895] rho : 0.02 kappa : 0.5
       6             18         9.0900e-01      2.51e-08       2.47e-05       6.18e-02    
       7             19         9.0900e-01      5.14e-08       5.96e-06       3.49e+02    
`xtol` termination condition is satisfied.
Function evaluations 19, initial cost 9.0977e-01, final cost 9.0900e-01, first-order optimality 3.49e+02.
fe :  [0.06348811 0.01849524] fo :  [0.02808923 0.00573732] delta :  [[0.19817389 0.26853766]
 [0.1751991  0.29861775]
 [0.17119106 0.25942437]
 [0.30391077 0.59750916]
 [0.26211596 0.47667065]
 [0.54239741 1.29192241]
 [0.07619736 0.08944327]
 [0.1122843  0.2260579 ]
 [0.52681928 1.14827904]
 [0.29996986 0.45411424]
 [0.19160929 0.28962626]
 [1.56942958 3.37711019]] nu :  [0.08360685 0.18715854] k : [1.77830521 1.46044372 1.03960354] theta : [6.43256312 3.4704715 ] sigma : [2.9        1.85599824] zeta : [0.01011387 0.04444895] rho : 0.02 kappa : 0.5
   Iteration     Total nfev        Cost      Cost reduction    Step norm     Optimality   
       0              1         9.0900e-01                                    6.73e-02    
       1              8         9.0888e-01      1.18e-04       2.27e-01       6.29e+04    
fe :  [0.06348811 0.01849524] fo :  [0.02808923 0.00573732] delta :  [[0.19834219 0.26685516]
 [0.17408811 0.29477272]
 [0.1702346  0.25562393]
 [0.30228794 0.59103515]
 [0.26078769 0.47176206]
 [0.5398532  1.28250769]
 [0.07547556 0.08768518]
 [0.11149456 0.2225076 ]
 [0.52421301 1.13790626]
 [0.29852544 0.44859253]
 [0.19056256 0.28581012]
 [1.56210503 3.36066087]] nu :  [0.08360685 0.18715854] k : [1.77830521 1.46044372 1.03960354] theta : [6.43256312 3.4704715 ] sigma : [2.9        1.85599824] zeta : [0.01011387 0.04444895] rho : 0.02 kappa : 0.5
       2             12         9.0887e-01      1.11e-05       1.54e-03       1.89e+03    
       3             13         9.0887e-01      3.88e-06       3.51e-04       1.89e+03    
       4             17         9.0887e-01      8.04e-08       1.56e-05       5.36e-02    
`xtol` termination condition is satisfied.
Function evaluations 17, initial cost 9.0900e-01, final cost 9.0887e-01, first-order optimality 5.36e-02.
fe :  [0.06348811 0.01849524] fo :  [0.02808923 0.00573732] delta :  [[0.19833601 0.2668547 ]
 [0.17408583 0.29477008]
 [0.17023437 0.25562278]
 [0.30228716 0.59102566]
 [0.2607863  0.47175493]
 [0.53984791 1.28248996]
 [0.07547363 0.08768445]
 [0.11149374 0.22250613]
 [0.52420979 1.13789154]
 [0.29852345 0.44858631]
 [0.1905616  0.28580697]
 [1.56209692 3.36064179]] nu :  [0.08360685 0.18715854] k : [1.77830521 1.46044372 1.03960354] theta : [6.43256312 3.4704715 ] sigma : [2.9        1.85599824] zeta : [0.01011387 0.04444895] rho : 0.02 kappa : 0.5
   Iteration     Total nfev        Cost      Cost reduction    Step norm     Optimality   
       0              1         9.0887e-01                                    4.91e-02    
       1              7         9.0886e-01      4.07e-06       2.10e+00       2.03e+05    
fe :  [0.06348811 0.01849524] fo :  [0.02808923 0.00573732] delta :  [[0.19773818 0.25993312]
 [0.17081578 0.28434385]
 [0.16718782 0.24595154]
 [0.29814521 0.57159198]
 [0.25681409 0.45676808]
 [0.53314138 1.24469341]
 [0.07329473 0.08277128]
 [0.10913612 0.21404545]
 [0.5183105  1.10707799]
 [0.29452318 0.43449737]
 [0.18752632 0.27606778]
 [1.54784797 3.27200454]] nu :  [0.08360685 0.18715854] k : [1.77830521 1.46044372 1.03960354] theta : [6.43256312 3.4704715 ] sigma : [2.9        1.85599824] zeta : [0.01011387 0.04444895] rho : 0.02 kappa : 0.5
       2              8         9.0862e-01      2.46e-04       1.88e+00       1.76e+04    
       3              9         9.0861e-01      3.59e-06       1.38e+00       1.61e+05    
fe :  [0.06348811 0.01849524] fo :  [0.02808923 0.00573732] delta :  [[0.19751505 0.25688266]
 [0.16925543 0.28098523]
 [0.1658001  0.24164854]
 [0.29608803 0.56488727]
 [0.25516854 0.45020223]
 [0.52988045 1.22801612]
 [0.07231396 0.08112154]
 [0.1081191  0.21034038]
 [0.51510366 1.09148545]
 [0.29257953 0.42809841]
 [0.18611189 0.27165074]
 [1.53813388 3.23046976]] nu :  [0.08360685 0.18715854] k : [1.77830521 1.46044372 1.03960354] theta : [6.43256312 3.4704715 ] sigma : [2.9        1.85599824] zeta : [0.01011387 0.04444895] rho : 0.02 kappa : 0.5
       4             10         9.0857e-01      4.92e-05       5.03e-01       8.38e+03    
       5             13         9.0856e-01      8.15e-06       6.80e-03       5.96e+03    
       6             16         9.0856e-01      4.14e-07       1.02e-04       1.05e+03    
fe :  [0.06348811 0.01849524] fo :  [0.02808923 0.00573732] delta :  [[0.19769791 0.25766621]
 [0.16989201 0.28240297]
 [0.1664167  0.24297965]
 [0.29710467 0.56674761]
 [0.25610027 0.45185514]
 [0.53137668 1.22961545]
 [0.07271344 0.08190817]
 [0.10862628 0.21169593]
 [0.51655966 1.09321485]
 [0.29358916 0.42981173]
 [0.18688289 0.27322468]
 [1.53946744 3.23091507]] nu :  [0.08360685 0.18715854] k : [1.77830521 1.46044372 1.03960354] theta : [6.43256312 3.4704715 ] sigma : [2.9        1.85599824] zeta : [0.01011387 0.04444895] rho : 0.02 kappa : 0.5
       7             22         9.0856e-01      9.42e-10       2.30e-06       3.82e+01    
       8             23         9.0856e-01      1.89e-10       1.50e-07       4.87e-02    
`ftol` termination condition is satisfied.
Function evaluations 23, initial cost 9.0887e-01, final cost 9.0856e-01, first-order optimality 4.87e-02.
fe :  [0.06348811 0.01849524] fo :  [0.02808923 0.00573732] delta :  [[0.19769791 0.25766621]
 [0.16989201 0.28240297]
 [0.16641669 0.24297965]
 [0.29710467 0.56674761]
 [0.25610027 0.45185514]
 [0.53137668 1.22961545]
 [0.07271344 0.08190817]
 [0.10862628 0.21169593]
 [0.51655966 1.09321485]
 [0.29358916 0.42981173]
 [0.18688289 0.27322468]
 [1.53946744 3.23091507]] nu :  [0.08360685 0.18715854] k : [1.77830521 1.46044372 1.03960354] theta : [6.43256312 3.4704715 ] sigma : [2.9        1.85599824] zeta : [0.01011387 0.04444895] rho : 0.02 kappa : 0.5
   Iteration     Total nfev        Cost      Cost reduction    Step norm     Optimality   
       0              1         9.0856e-01                                    5.26e-02    
       1             21         9.0856e-01      6.61e-11       3.57e-09       5.70e-02    
`ftol` termination condition is satisfied.
Function evaluations 21, initial cost 9.0856e-01, final cost 9.0856e-01, first-order optimality 5.70e-02.
fe :  [0.06348811 0.01849524] fo :  [0.02808923 0.00573732] delta :  [[0.19769791 0.25766621]
 [0.16989201 0.28240297]
 [0.16641669 0.24297965]
 [0.29710467 0.56674761]
 [0.25610027 0.45185514]
 [0.53137668 1.22961545]
 [0.07271344 0.08190817]
 [0.10862628 0.21169593]
 [0.51655966 1.09321485]
 [0.29358916 0.42981173]
 [0.18688289 0.27322468]
 [1.53946744 3.23091507]] nu :  [0.08360685 0.18715854] k : [1.77830521 1.46044372 1.03960354] theta : [6.43256312 3.4704715 ] sigma : [2.9        1.85599824] zeta : [0.01011387 0.04444895] rho : 0.02 kappa : 0.5
   Iteration     Total nfev        Cost      Cost reduction    Step norm     Optimality   
       0              1         9.0856e-01                                    5.26e-02    
       1             21         9.0856e-01      6.61e-11       3.57e-09       5.70e-02    
`ftol` termination condition is satisfied.
Function evaluations 21, initial cost 9.0856e-01, final cost 9.0856e-01, first-order optimality 5.70e-02.
  [s_base] DONE  obj=1.3480  status=successful  nu_rest=0.0836 nu_pharma=0.1872  -> calibration_results_matched_economy/baseline_2002_variations/pre_trips_tries_newfee/s_base/

========================================================================
  label: s_fefo
  seed: 8.0
  fix_delta: False
  calib_parameters: ['delta', 'T', 'eta', 'fe', 'fo']
  delta_free_by_sector: [0, 12, 12]
  fe_free: 2
  fo_free: 2
  nu_free: 0
  moments: ['SPFLOW', 'DOMPATINUS', 'OUT', 'RD', 'RP', 'SRGDP', 'UUPCOSTS', 'RDPHARMACHEM']
  weights: {'SPFLOW': 1, 'DOMPATINUS': 1, 'OUT': 5, 'RD': 10, 'RP': 1, 'SRGDP': 1, 'UUPCOSTS': 1, 'RDPHARMACHEM': 1}
  r_hjort_recomputed_for_1992: True
  UUPCOSTS_target_newfee: [0.001161, 0.00047]
  nu_seed(rest,pharma): [0.08361, 0.18716]
  [s_fefo] initial solve: successful | obj=4.8421
fe :  [0.06348811 0.01849524] fo :  [0.02808923 0.00573732] delta :  [[0.12122029 0.13701525]
 [0.1219394  0.17401727]
 [0.13569281 0.16081868]
 [0.20254102 0.25579869]
 [0.18565147 0.27440652]
 [0.26624266 0.3719205 ]
 [0.08920552 0.09868685]
 [0.07999848 0.13460961]
 [0.2380961  0.4042963 ]
 [0.22529086 0.26891107]
 [0.16855547 0.30509089]
 [1.53556001 2.39937209]] nu :  [0.08360685 0.18715854] k : [1.77830521 1.46044372 1.03960354] theta : [6.43256312 3.4704715 ] sigma : [2.9        1.85599824] zeta : [0.01011387 0.04444895] rho : 0.02 kappa : 0.5
   Iteration     Total nfev        Cost      Cost reduction    Step norm     Optimality   
       0              1         1.1723e+01                                    4.38e+07    
       1              2         1.0784e+01      9.39e-01       1.99e-03       3.38e+07    
fe :  [0.06348811 0.01849524] fo :  [0.02808923 0.00573732] delta :  [[0.12122029 0.13701525]
 [0.1219394  0.17401727]
 [0.13569281 0.16081868]
 [0.20254102 0.25579869]
 [0.18565147 0.27440653]
 [0.26624266 0.3719205 ]
 [0.08920552 0.09868685]
 [0.07999848 0.13460961]
 [0.2380961  0.4042963 ]
 [0.22529086 0.26891107]
 [0.16855547 0.3050909 ]
 [1.53556001 2.39937209]] nu :  [0.08360685 0.18715854] k : [1.77830521 1.46044372 1.03960354] theta : [6.43256312 3.4704715 ] sigma : [2.9        1.85599824] zeta : [0.01011387 0.04444895] rho : 0.02 kappa : 0.5
       2              3         6.7075e+00      4.08e+00       1.53e-02       1.26e+07    
       3              4         5.5065e+00      1.20e+00       8.54e-03       9.33e+06    
fe :  [0.06348811 0.02115995] fo :  [0.02810301 0.00573732] delta :  [[0.12122029 0.13701524]
 [0.1219394  0.17401727]
 [0.1356928  0.16081868]
 [0.20254102 0.2557987 ]
 [0.18565148 0.27440654]
 [0.26624269 0.37192052]
 [0.08920552 0.09868685]
 [0.07999847 0.13460961]
 [0.23809614 0.40429632]
 [0.22529087 0.26891108]
 [0.16855548 0.30509089]
 [1.53556001 2.39937209]] nu :  [0.08360685 0.18715854] k : [1.77830521 1.46044372 1.03960354] theta : [6.43256312 3.4704715 ] sigma : [2.9        1.85599824] zeta : [0.01011387 0.04444895] rho : 0.02 kappa : 0.5
       4              5         3.6757e+00      1.83e+00       2.80e-02       2.63e+06    
       5              6         3.6228e+00      5.29e-02       4.38e+03       2.45e+06    
fe :  [0.06395907 0.02182873] fo :  [0.02816043 0.00582012] delta :  [[0.12378509 0.14057497]
 [0.12347499 0.17829997]
 [0.13698902 0.16297978]
 [0.2070048  0.26537802]
 [0.19013231 0.28110712]
 [0.27699607 0.39366043]
 [0.0893402  0.09833685]
 [0.08191506 0.13842848]
 [0.24904829 0.42427322]
 [0.23006814 0.27699302]
 [0.17133113 0.30233107]
 [1.54669463 2.44039484]] nu :  [0.08360685 0.18715854] k : [1.77830521 1.46044372 1.03960354] theta : [6.43256312 3.4704715 ] sigma : [2.9        1.85599824] zeta : [0.01011387 0.04444895] rho : 0.02 kappa : 0.5
       6              7         3.5980e+00      2.48e-02       2.01e+03       2.40e+06    
       7              8         1.5363e+00      2.06e+00       2.21e+04       9.05e+05    
fe :  [0.07435502 0.02192492] fo :  [0.03529052 0.00117238] delta :  [[0.18354622 0.30466525]
 [0.16884773 0.35233914]
 [0.17049606 0.28122801]
 [0.31137366 0.60108247]
 [0.28105219 0.45942039]
 [0.53186385 1.15511273]
 [0.08724245 0.11742568]
 [0.12065139 0.27237028]
 [0.5081543  1.08778967]
 [0.32152296 0.49633041]
 [0.21516134 0.31359567]
 [1.69120883 3.69835153]] nu :  [0.08360685 0.18715854] k : [1.77830521 1.46044372 1.03960354] theta : [6.43256312 3.4704715 ] sigma : [2.9        1.85599824] zeta : [0.01011387 0.04444895] rho : 0.02 kappa : 0.5
       8             10         1.2821e+00      2.54e-01       7.24e+03       1.75e+06    
       9             11         1.1180e+00      1.64e-01       4.55e+03       1.53e+06    
      10             12         1.0863e+00      3.18e-02       5.00e+02       1.47e+06    
fe :  [0.07368443 0.01696771] fo :  [0.03495643 0.00018501] delta :  [[0.18597997 0.39372762]
 [0.16915196 0.4173231 ]
 [0.16906655 0.35777265]
 [0.30454992 0.72430455]
 [0.26891886 0.57968903]
 [0.53803161 1.46492837]
 [0.08090222 0.14581971]
 [0.11526471 0.32108842]
 [0.5146152  1.33133049]
 [0.30695552 0.59194171]
 [0.20101699 0.36795213]
 [1.61892356 4.14091182]] nu :  [0.08360685 0.18715854] k : [1.77830521 1.46044372 1.03960354] theta : [6.43256312 3.4704715 ] sigma : [2.9        1.85599824] zeta : [0.01011387 0.04444895] rho : 0.02 kappa : 0.5
      11             13         1.0531e+00      3.31e-02       2.80e+03       1.34e+06    
      12             14         9.9259e-01      6.05e-02       9.62e+03       6.25e+06    
fe :  [0.0723786  0.01578259] fo :  [0.04428796 0.00058465] delta :  [[0.17943523 0.35724029]
 [0.15537352 0.34523781]
 [0.15641308 0.30911855]
 [0.27877434 0.65727498]
 [0.24119443 0.5228881 ]
 [0.50583896 1.44959941]
 [0.06545268 0.10787894]
 [0.09855435 0.27394017]
 [0.48971891 1.25885757]
 [0.27667424 0.51742042]
 [0.1752408  0.34176787]
 [1.47580312 3.84491475]] nu :  [0.08360685 0.18715854] k : [1.77830521 1.46044372 1.03960354] theta : [6.43256312 3.4704715 ] sigma : [2.9        1.85599824] zeta : [0.01011387 0.04444895] rho : 0.02 kappa : 0.5
      13             19         9.7934e-01      1.32e-02       2.75e+00       9.08e+05    
      14             20         9.7380e-01      5.54e-03       6.19e+00       6.44e+05    
fe :  [0.0677972  0.01173846] fo :  [0.04122272 0.00021918] delta :  [[0.18539271 0.4818699 ]
 [0.17062027 0.48242578]
 [0.16912753 0.42810979]
 [0.30133814 0.87149099]
 [0.26161871 0.71905496]
 [0.54689179 1.77115078]
 [0.07332845 0.17186019]
 [0.10971304 0.36354405]
 [0.5282924  1.56332166]
 [0.29995277 0.68609014]
 [0.1903717  0.45558617]
 [1.57833262 4.25022349]] nu :  [0.08360685 0.18715854] k : [1.77830521 1.46044372 1.03960354] theta : [6.43256312 3.4704715 ] sigma : [2.9        1.85599824] zeta : [0.01011387 0.04444895] rho : 0.02 kappa : 0.5
      15             22         9.7212e-01      1.68e-03       2.68e-01       1.64e+06    
      16             23         9.7196e-01      1.60e-04       6.58e-02       7.83e+04    
fe :  [0.06691287 0.01150792] fo :  [0.04025661 0.000296  ] delta :  [[0.18705593 0.49368239]
 [0.1743875  0.4960709 ]
 [0.17283875 0.44360133]
 [0.3077643  0.89933654]
 [0.26611367 0.73957032]
 [0.55414376 1.79600807]
 [0.07672844 0.18104462]
 [0.11268206 0.38454274]
 [0.53788539 1.59425179]
 [0.30368737 0.706046  ]
 [0.19375751 0.47612745]
 [1.59125526 4.2647294 ]] nu :  [0.08360685 0.18715854] k : [1.77830521 1.46044372 1.03960354] theta : [6.43256312 3.4704715 ] sigma : [2.9        1.85599824] zeta : [0.01011387 0.04444895] rho : 0.02 kappa : 0.5
      17             24         9.7189e-01      7.68e-05       1.60e-02       2.88e+04    
      18             25         9.7180e-01      8.58e-05       5.17e-03       4.96e+03    
      19             35         9.7180e-01      3.05e-08       3.10e-06       6.87e+02    
`xtol` termination condition is satisfied.
Function evaluations 35, initial cost 1.1723e+01, final cost 9.7180e-01, first-order optimality 6.87e+02.
fe :  [0.06675544 0.01146881] fo :  [0.04023364 0.00029583] delta :  [[0.18702563 0.49356582]
 [0.17438708 0.49592623]
 [0.17280395 0.44345036]
 [0.30762081 0.89913667]
 [0.26598375 0.73934798]
 [0.55390105 1.79621862]
 [0.07669317 0.1809567 ]
 [0.11263367 0.3844513 ]
 [0.53765568 1.59459528]
 [0.30357863 0.70581459]
 [0.19368432 0.47596275]
 [1.59097972 4.26558424]] nu :  [0.08360685 0.18715854] k : [1.77830521 1.46044372 1.03960354] theta : [6.43256312 3.4704715 ] sigma : [2.9        1.85599824] zeta : [0.01011387 0.04444895] rho : 0.02 kappa : 0.5
   Iteration     Total nfev        Cost      Cost reduction    Step norm     Optimality   
       0              1         9.7180e-01                                    3.61e+02    
       1              2         9.7102e-01      7.80e-04       8.32e+02       2.03e+05    
fe :  [0.06624426 0.01118326] fo :  [0.03985769 0.00026561] delta :  [[0.18603283 0.50007359]
 [0.17196266 0.49748926]
 [0.17065139 0.44263209]
 [0.30459586 0.90048444]
 [0.26317877 0.74111977]
 [0.54772161 1.80882788]
 [0.07515911 0.18045631]
 [0.11105931 0.38369699]
 [0.5312504  1.60596696]
 [0.30031483 0.71812638]
 [0.19147613 0.47675521]
 [1.57594446 4.34261532]] nu :  [0.08360685 0.18715854] k : [1.77830521 1.46044372 1.03960354] theta : [6.43256312 3.4704715 ] sigma : [2.9        1.85599824] zeta : [0.01011387 0.04444895] rho : 0.02 kappa : 0.5
       2              4         9.5667e-01      1.44e-02       1.97e+03       3.28e+05    
       3              8         9.3888e-01      1.78e-02       4.54e+03       1.49e+06    
fe :  [0.07774628 0.0136866 ] fo :  [0.0576595  0.00052597] delta :  [[0.1602526  0.40701623]
 [0.14149524 0.36696225]
 [0.14059484 0.32165948]
 [0.25583711 0.70463365]
 [0.22199832 0.5667888 ]
 [0.47437815 1.49808385]
 [0.05586498 0.11211449]
 [0.08473707 0.32191261]
 [0.46112619 1.3284428 ]
 [0.25315818 0.55443838]
 [0.15953157 0.35326563]
 [1.39182401 3.89314132]] nu :  [0.08360685 0.18715854] k : [1.77830521 1.46044372 1.03960354] theta : [6.43256312 3.4704715 ] sigma : [2.9        1.85599824] zeta : [0.01011387 0.04444895] rho : 0.02 kappa : 0.5
       4             12         9.3187e-01      7.01e-03       1.48e+01       1.12e+06    
       5             13         9.1702e-01      1.48e-02       4.27e+00       4.72e+05    
fe :  [0.07949114 0.01442047] fo :  [0.05607694 0.00186295] delta :  [[0.16512958 0.41322679]
 [0.15192821 0.4110363 ]
 [0.14898675 0.3671702 ]
 [0.2752221  0.77592111]
 [0.23609581 0.63129937]
 [0.49685777 1.63375275]
 [0.060978   0.14376367]
 [0.09550506 0.32156181]
 [0.47944336 1.41630105]
 [0.27132701 0.59874281]
 [0.17059655 0.39439271]
 [1.44398277 4.15355676]] nu :  [0.08360685 0.18715854] k : [1.77830521 1.46044372 1.03960354] theta : [6.43256312 3.4704715 ] sigma : [2.9        1.85599824] zeta : [0.01011387 0.04444895] rho : 0.02 kappa : 0.5
       6             17         9.1657e-01      4.57e-04       1.69e-02       1.67e+05    
       7             18         9.1646e-01      1.12e-04       4.34e-03       1.13e+04    
fe :  [0.07944282 0.01449734] fo :  [0.05596351 0.00208953] delta :  [[0.16493496 0.4138445 ]
 [0.15186086 0.41170742]
 [0.15020844 0.36800153]
 [0.27533785 0.77702513]
 [0.23647016 0.6322474 ]
 [0.49779733 1.634243  ]
 [0.06159926 0.14364093]
 [0.09543182 0.32229407]
 [0.48042393 1.41710734]
 [0.27162615 0.59982824]
 [0.17086022 0.39592385]
 [1.44482443 4.15370913]] nu :  [0.08360685 0.18715854] k : [1.77830521 1.46044372 1.03960354] theta : [6.43256312 3.4704715 ] sigma : [2.9        1.85599824] zeta : [0.01011387 0.04444895] rho : 0.02 kappa : 0.5
       8             19         9.1642e-01      3.76e-05       4.74e-03       1.17e+04    
       9             20         9.1640e-01      2.00e-05       4.75e-03       2.66e+03    
      10             21         9.1639e-01      9.89e-06       1.61e-03       5.85e+02    
fe :  [0.079392   0.01445416] fo :  [0.05585967 0.00208479] delta :  [[0.164853   0.41431204]
 [0.15183436 0.41235878]
 [0.15052423 0.36867667]
 [0.27517685 0.77893361]
 [0.23636592 0.6333795 ]
 [0.49837224 1.63547384]
 [0.06164545 0.14352375]
 [0.09536207 0.32259699]
 [0.48098347 1.41929159]
 [0.27149179 0.60118725]
 [0.17076185 0.39853042]
 [1.44679076 4.15441507]] nu :  [0.08360685 0.18715854] k : [1.77830521 1.46044372 1.03960354] theta : [6.43256312 3.4704715 ] sigma : [2.9        1.85599824] zeta : [0.01011387 0.04444895] rho : 0.02 kappa : 0.5
      11             22         9.1637e-01      1.83e-05       3.69e-03       1.05e-01    
      12             23         9.1635e-01      1.93e-05       4.82e-03       6.86e+03    
fe :  [0.07926571 0.01441283] fo :  [0.05573373 0.00208062] delta :  [[0.16480463 0.41407118]
 [0.1517085  0.4120729 ]
 [0.15039341 0.36839335]
 [0.27479577 0.7786026 ]
 [0.23607469 0.6330081 ]
 [0.49797646 1.63509149]
 [0.06158138 0.14327325]
 [0.09520778 0.32230365]
 [0.48058954 1.41912186]
 [0.27113673 0.60085688]
 [0.17052109 0.39837734]
 [1.44648546 4.15442058]] nu :  [0.08360685 0.18715854] k : [1.77830521 1.46044372 1.03960354] theta : [6.43256312 3.4704715 ] sigma : [2.9        1.85599824] zeta : [0.01011387 0.04444895] rho : 0.02 kappa : 0.5
      13             24         9.1632e-01      2.74e-05       7.66e-03       6.57e+03    
      14             28         9.1632e-01      4.01e-08       1.42e-04       4.88e+01    
fe :  [0.0792649  0.01441287] fo :  [0.05573295 0.00208063] delta :  [[0.16484188 0.41410339]
 [0.15172718 0.41210139]
 [0.1504176  0.36842193]
 [0.27479782 0.77864531]
 [0.23608352 0.63304422]
 [0.49800365 1.63511734]
 [0.0615959  0.1432721 ]
 [0.09520715 0.32232739]
 [0.48061673 1.41916123]
 [0.27114326 0.60089576]
 [0.17052388 0.39842648]
 [1.44652008 4.15443236]] nu :  [0.08360685 0.18715854] k : [1.77830521 1.46044372 1.03960354] theta : [6.43256312 3.4704715 ] sigma : [2.9        1.85599824] zeta : [0.01011387 0.04444895] rho : 0.02 kappa : 0.5
      15             29         9.1632e-01      2.34e-07       5.84e-05       9.79e-02    
      16             30         9.1632e-01      3.83e-07       1.01e-04       1.06e-01    
fe :  [0.07926274 0.0144127 ] fo :  [0.05573109 0.00208061] delta :  [[0.16484084 0.41409987]
 [0.15172511 0.41209682]
 [0.15041561 0.36841751]
 [0.27479231 0.77863944]
 [0.23607923 0.6330381 ]
 [0.49799745 1.6351104 ]
 [0.06159485 0.14326851]
 [0.09520496 0.32232287]
 [0.48061059 1.41915615]
 [0.27113808 0.60089023]
 [0.17052041 0.39842369]
 [1.44651409 4.15443006]] nu :  [0.08360685 0.18715854] k : [1.77830521 1.46044372 1.03960354] theta : [6.43256312 3.4704715 ] sigma : [2.9        1.85599824] zeta : [0.01011387 0.04444895] rho : 0.02 kappa : 0.5
      17             31         9.1632e-01      2.78e-07       7.28e-05       9.96e-02    
      18             32         9.1632e-01      3.44e-07       9.30e-05       1.00e-01    
      19             33         9.1632e-01      3.36e-07       9.16e-05       3.11e+02    
fe :  [0.07925943 0.0144123 ] fo :  [0.05572808 0.00208056] delta :  [[0.16483932 0.41409444]
 [0.15172185 0.41208989]
 [0.15041256 0.36841089]
 [0.27478363 0.77863165]
 [0.23607254 0.63302944]
 [0.49798826 1.63510146]
 [0.06159324 0.14326274]
 [0.09520148 0.3223161 ]
 [0.48060155 1.41915063]
 [0.27113002 0.60088264]
 [0.17051497 0.39842017]
 [1.44650705 4.15442918]] nu :  [0.08360685 0.18715854] k : [1.77830521 1.46044372 1.03960354] theta : [6.43256312 3.4704715 ] sigma : [2.9        1.85599824] zeta : [0.01011387 0.04444895] rho : 0.02 kappa : 0.5
      20             34         9.1632e-01      3.64e-07       1.02e-04       1.01e-01    
      21             35         9.1632e-01      3.22e-07       8.94e-05       1.00e-01    
fe :  [0.07925734 0.01441197] fo :  [0.05572617 0.00208053] delta :  [[0.16483822 0.41409052]
 [0.15171964 0.41208502]
 [0.15041045 0.36840625]
 [0.2747779  0.77862562]
 [0.23606808 0.63302311]
 [0.49798183 1.63509431]
 [0.06159216 0.14325899]
 [0.09519921 0.32231143]
 [0.48059524 1.41914558]
 [0.27112466 0.60087701]
 [0.17051138 0.39841735]
 [1.44650107 4.15442685]] nu :  [0.08360685 0.18715854] k : [1.77830521 1.46044372 1.03960354] theta : [6.43256312 3.4704715 ] sigma : [2.9        1.85599824] zeta : [0.01011387 0.04444895] rho : 0.02 kappa : 0.5
      22             36         9.1632e-01      3.25e-07       9.08e-05       7.46e+02    
      23             37         9.1632e-01      4.74e-07       1.25e-04       9.69e-02    
fe :  [0.07925403 0.0144113 ] fo :  [0.05572283 0.00208048] delta :  [[0.16483744 0.41408651]
 [0.15171667 0.41207949]
 [0.15040774 0.36840086]
 [0.27476911 0.77862426]
 [0.23606152 0.63301749]
 [0.49797432 1.63509448]
 [0.06159063 0.14325279]
 [0.09519557 0.32230552]
 [0.48058784 1.4191598 ]
 [0.27111666 0.60087258]
 [0.17050587 0.39842436]
 [1.44650944 4.15443761]] nu :  [0.08360685 0.18715854] k : [1.77830521 1.46044372 1.03960354] theta : [6.43256312 3.4704715 ] sigma : [2.9        1.85599824] zeta : [0.01011387 0.04444895] rho : 0.02 kappa : 0.5
      24             38         9.1632e-01      7.69e-07       2.23e-04       1.03e-01    
      25             39         9.1632e-01      5.75e-07       1.64e-04       5.09e+02    
fe :  [0.07924997 0.01441033] fo :  [0.05571882 0.00208041] delta :  [[0.16483564 0.41407902]
 [0.1517123  0.41207034]
 [0.15040363 0.36839219]
 [0.2747575  0.77861501]
 [0.23605262 0.63300666]
 [0.49796244 1.63508406]
 [0.0615885  0.14324497]
 [0.0951909  0.32229671]
 [0.48057623 1.41916217]
 [0.27110595 0.60086335]
 [0.17049863 0.39842037]
 [1.44650282 4.15444093]] nu :  [0.08360685 0.18715854] k : [1.77830521 1.46044372 1.03960354] theta : [6.43256312 3.4704715 ] sigma : [2.9        1.85599824] zeta : [0.01011387 0.04444895] rho : 0.02 kappa : 0.5
      26             40         9.1632e-01      8.42e-07       2.39e-04       5.10e+02    
      27             41         9.1632e-01      1.44e-06       4.18e-04       9.48e-02    
      28             42         9.1632e-01      1.82e-06       5.11e-04       1.07e-01    
fe :  [0.07923673 0.01440638] fo :  [0.055705   0.00208016] delta :  [[0.16483733 0.41405602]
 [0.1516984  0.41204149]
 [0.15039013 0.36836421]
 [0.27471862 0.77866376]
 [0.23602294 0.63300488]
 [0.49792391 1.63510033]
 [0.06158145 0.14321838]
 [0.09517513 0.32226766]
 [0.48053826 1.41926714]
 [0.27106999 0.60088686]
 [0.17047419 0.39851188]
 [1.44656995 4.15446713]] nu :  [0.08360685 0.18715854] k : [1.77830521 1.46044372 1.03960354] theta : [6.43256312 3.4704715 ] sigma : [2.9        1.85599824] zeta : [0.01011387 0.04444895] rho : 0.02 kappa : 0.5
      29             43         9.1631e-01      1.93e-06       5.76e-04       1.94e+03    
      30             44         9.1631e-01      4.69e-09       1.53e-04       1.08e+02    
fe :  [0.07923613 0.0144062 ] fo :  [0.05570405 0.00208016] delta :  [[0.16487584 0.41409382]
 [0.15170551 0.41206661]
 [0.1504025  0.36838609]
 [0.27471738 0.77872223]
 [0.23602225 0.63304665]
 [0.49794465 1.63513574]
 [0.06158134 0.14321709]
 [0.09517447 0.32228076]
 [0.48055846 1.41931997]
 [0.27106902 0.60093416]
 [0.1704734  0.39857763]
 [1.44661659 4.15448274]] nu :  [0.08360685 0.18715854] k : [1.77830521 1.46044372 1.03960354] theta : [6.43256312 3.4704715 ] sigma : [2.9        1.85599824] zeta : [0.01011387 0.04444895] rho : 0.02 kappa : 0.5
      31             45         9.1631e-01      1.68e-07       4.96e-05       5.45e+01    
      32             46         9.1631e-01      1.72e-07       4.86e-05       9.57e-02    
fe :  [0.07923538 0.01440599] fo :  [0.0557031  0.00208015] delta :  [[0.16487615 0.41409618]
 [0.15170488 0.41206621]
 [0.15040197 0.36838518]
 [0.27471534 0.77873352]
 [0.23602078 0.6330522 ]
 [0.49794336 1.63514282]
 [0.061581   0.14321554]
 [0.0951736  0.32227962]
 [0.48055716 1.41933454]
 [0.2710672  0.60094168]
 [0.17047212 0.39859128]
 [1.44662709 4.1544886 ]] nu :  [0.08360685 0.18715854] k : [1.77830521 1.46044372 1.03960354] theta : [6.43256312 3.4704715 ] sigma : [2.9        1.85599824] zeta : [0.01011387 0.04444895] rho : 0.02 kappa : 0.5
      33             47         9.1631e-01      2.08e-07       5.97e-05       1.03e+02    
      34             48         9.1631e-01      3.84e-07       1.12e-04       9.58e-02    
fe :  [0.07923371 0.01440546] fo :  [0.05570089 0.00208012] delta :  [[0.1648849  0.41410704]
 [0.15170362 0.41206432]
 [0.15040077 0.36838301]
 [0.2747107  0.77875179]
 [0.23601741 0.63305638]
 [0.49794021 1.63515501]
 [0.06158021 0.14321202]
 [0.09517159 0.32227683]
 [0.48055389 1.41936097]
 [0.27106296 0.60094862]
 [0.17046915 0.39861271]
 [1.44664531 4.15450019]] nu :  [0.08360685 0.18715854] k : [1.77830521 1.46044372 1.03960354] theta : [6.43256312 3.4704715 ] sigma : [2.9        1.85599824] zeta : [0.01011387 0.04444895] rho : 0.02 kappa : 0.5
      35             49         9.1631e-01      4.05e-07       1.20e-04       9.42e-02    
      36             50         9.1631e-01      9.21e-07       2.56e-04       9.46e-02    
      37             51         9.1631e-01      1.83e-06       5.13e-04       9.55e-02    
fe :  [0.07921997 0.01440047] fo :  [0.05568352 0.00207988] delta :  [[0.16488056 0.41409239]
 [0.15169063 0.4120414 ]
 [0.15038825 0.36835942]
 [0.27467017 0.77874365]
 [0.23598731 0.63303459]
 [0.49790734 1.63516031]
 [0.0615731  0.14318242]
 [0.09515459 0.32225023]
 [0.48052103 1.41947905]
 [0.27102592 0.60093203]
 [0.17044352 0.39862175]
 [1.44669376 4.15457102]] nu :  [0.08360685 0.18715854] k : [1.77830521 1.46044372 1.03960354] theta : [6.43256312 3.4704715 ] sigma : [2.9        1.85599824] zeta : [0.01011387 0.04444895] rho : 0.02 kappa : 0.5
      38             52         9.1631e-01      3.43e-06       1.00e-03       4.02e+02    
      39             53         9.1630e-01      5.31e-06       1.67e-03       1.93e+02    
fe :  [0.07919866 0.01438985] fo :  [0.05565385 0.00207943] delta :  [[0.16490167 0.41414556]
 [0.15166995 0.41200617]
 [0.15036755 0.36832164]
 [0.27460285 0.7790615 ]
 [0.23593711 0.63316836]
 [0.49785271 1.63535514]
 [0.06156133 0.14313352]
 [0.09512627 0.32220648]
 [0.4804658  1.41985366]
 [0.27096376 0.601125  ]
 [0.17040047 0.3989957 ]
 [1.44697756 4.15470137]] nu :  [0.08360685 0.18715854] k : [1.77830521 1.46044372 1.03960354] theta : [6.43256312 3.4704715 ] sigma : [2.9        1.85599824] zeta : [0.01011387 0.04444895] rho : 0.02 kappa : 0.5
      40             54         9.1630e-01      5.53e-06       1.67e-03       1.08e+03    
      41             55         9.1629e-01      5.91e-06       1.86e-03       1.44e+03    
fe :  [0.07918628 0.01437943] fo :  [0.05562763 0.00207918] delta :  [[0.16494573 0.41427896]
 [0.15166074 0.41200583]
 [0.15036004 0.36833391]
 [0.27456042 0.77975626]
 [0.23590814 0.63351502]
 [0.49784348 1.63584836]
 [0.06155527 0.14309874]
 [0.09510704 0.32219456]
 [0.48045863 1.4206804 ]
 [0.27092689 0.60157882]
 [0.1703733  0.39969208]
 [1.44760545 4.15498001]] nu :  [0.08360685 0.18715854] k : [1.77830521 1.46044372 1.03960354] theta : [6.43256312 3.4704715 ] sigma : [2.9        1.85599824] zeta : [0.01011387 0.04444895] rho : 0.02 kappa : 0.5
      42             56         9.1628e-01      4.79e-06       1.61e-03       1.15e+03    
      43             57         9.1628e-01      6.79e-06       2.12e-03       1.50e+02    
fe :  [0.07913968 0.0143587 ] fo :  [0.05557271 0.00208393] delta :  [[0.16494064 0.41422739]
 [0.15161685 0.41193413]
 [0.15031571 0.36825987]
 [0.27442776 0.77973062]
 [0.23580774 0.63344546]
 [0.49773141 1.63593546]
 [0.06153113 0.14300534]
 [0.09505177 0.3221125 ]
 [0.48034812 1.42121523]
 [0.27080432 0.60152561]
 [0.17028817 0.39967312]
 [1.44771291 4.15529098]] nu :  [0.08360685 0.18715854] k : [1.77830521 1.46044372 1.03960354] theta : [6.43256312 3.4704715 ] sigma : [2.9        1.85599824] zeta : [0.01011387 0.04444895] rho : 0.02 kappa : 0.5
      44             58         9.1626e-01      1.43e-05       4.57e-03       5.81e+02    
      45             59         9.1625e-01      1.64e-05       6.35e-03       1.21e+04    
      46             60         9.1623e-01      2.17e-05       7.88e-03       6.16e+03    
fe :  [0.07905035 0.01431426] fo :  [0.05546791 0.00213411] delta :  [[0.16505097 0.41461733]
 [0.15159314 0.41232364]
 [0.15029112 0.36861142]
 [0.27423008 0.78118008]
 [0.23566697 0.63438656]
 [0.49769908 1.63701439]
 [0.06151251 0.14286914]
 [0.09496839 0.32226482]
 [0.48031625 1.42296867]
 [0.27061849 0.60262096]
 [0.17015946 0.40093486]
 [1.44876907 4.15603106]] nu :  [0.08360685 0.18715854] k : [1.77830521 1.46044372 1.03960354] theta : [6.43256312 3.4704715 ] sigma : [2.9        1.85599824] zeta : [0.01011387 0.04444895] rho : 0.02 kappa : 0.5
      47             63         9.1622e-01      3.86e-06       2.94e-04       9.78e-02    
      48             64         9.1622e-01      1.27e-06       4.49e-04       9.72e-02    
fe :  [0.07904337 0.01431152] fo :  [0.05545834 0.00213392] delta :  [[0.16504445 0.41460311]
 [0.15158449 0.41230745]
 [0.15028254 0.36859517]
 [0.27420969 0.78116003]
 [0.23565061 0.6343648 ]
 [0.49767464 1.63699787]
 [0.0615079  0.14285641]
 [0.09496028 0.32224892]
 [0.48029207 1.42296035]
 [0.2705987  0.60260108]
 [0.17014614 0.40092176]
 [1.44874642 4.1560476 ]] nu :  [0.08360685 0.18715854] k : [1.77830521 1.46044372 1.03960354] theta : [6.43256312 3.4704715 ] sigma : [2.9        1.85599824] zeta : [0.01011387 0.04444895] rho : 0.02 kappa : 0.5
      49             65         9.1622e-01      1.31e-06       4.82e-04       9.42e-02    
      50             66         9.1622e-01      1.68e-06       5.85e-04       9.97e-02    
fe :  [0.07903318 0.01430721] fo :  [0.05544491 0.00213364] delta :  [[0.16503528 0.41458074]
 [0.15157157 0.41228338]
 [0.15026965 0.36857144]
 [0.27418012 0.78113168]
 [0.23562683 0.63433366]
 [0.49763919 1.63699441]
 [0.06150117 0.14283796]
 [0.09494848 0.32222606]
 [0.48025716 1.42299862]
 [0.27057005 0.602573  ]
 [0.17012683 0.40090326]
 [1.44871546 4.1560766 ]] nu :  [0.08360685 0.18715854] k : [1.77830521 1.46044372 1.03960354] theta : [6.43256312 3.4704715 ] sigma : [2.9        1.85599824] zeta : [0.01011387 0.04444895] rho : 0.02 kappa : 0.5
      51             67         9.1621e-01      2.23e-06       8.05e-04       5.77e+02    
      52             68         9.1621e-01      2.28e-06       9.83e-04       9.62e-02    
fe :  [0.07902254 0.01430079] fo :  [0.05542779 0.00213326] delta :  [[0.16505011 0.41462097]
 [0.15156127 0.41230528]
 [0.15025871 0.3685564 ]
 [0.27415082 0.78128567]
 [0.23560396 0.63440293]
 [0.49761278 1.63713168]
 [0.0614944  0.14281828]
 [0.0949359  0.32220907]
 [0.48022999 1.42322347]
 [0.27054145 0.60265465]
 [0.17010688 0.40099349]
 [1.44882286 4.15619384]] nu :  [0.08360685 0.18715854] k : [1.77830521 1.46044372 1.03960354] theta : [6.43256312 3.4704715 ] sigma : [2.9        1.85599824] zeta : [0.01011387 0.04444895] rho : 0.02 kappa : 0.5
      53             69         9.1621e-01      2.75e-06       1.07e-03       5.82e+02    
      54             70         9.1621e-01      1.19e-06       8.32e-04       9.64e-02    
      55             71         9.1621e-01      6.90e-07       2.55e-04       1.09e-01    
fe :  [0.07901802 0.01429674] fo :  [0.05541829 0.00213297] delta :  [[0.16507892 0.41470134]
 [0.15155615 0.41238638]
 [0.15025348 0.36860587]
 [0.27413617 0.78146339]
 [0.2355926  0.63451946]
 [0.49761274 1.6372667 ]
 [0.06149098 0.14280845]
 [0.09492956 0.32222049]
 [0.48022017 1.423427  ]
 [0.27052722 0.60277929]
 [0.17009687 0.40112293]
 [1.44893981 4.15626851]] nu :  [0.08360685 0.18715854] k : [1.77830521 1.46044372 1.03960354] theta : [6.43256312 3.4704715 ] sigma : [2.9        1.85599824] zeta : [0.01011387 0.04444895] rho : 0.02 kappa : 0.5
      56             72         9.1621e-01      3.95e-07       1.40e-04       1.14e-01    
      57             73         9.1621e-01      8.66e-08       3.12e-05       9.93e-02    
fe :  [0.07901758 0.01429657] fo :  [0.05541781 0.00213296] delta :  [[0.16507835 0.41469979]
 [0.15155547 0.41238474]
 [0.15025278 0.36860431]
 [0.27413473 0.78146058]
 [0.2355914  0.634517  ]
 [0.49761054 1.63726346]
 [0.06149066 0.14280763]
 [0.09492902 0.32221907]
 [0.48021801 1.42342401]
 [0.2705258  0.60277695]
 [0.17009594 0.40112137]
 [1.44893627 4.15626627]] nu :  [0.08360685 0.18715854] k : [1.77830521 1.46044372 1.03960354] theta : [6.43256312 3.4704715 ] sigma : [2.9        1.85599824] zeta : [0.01011387 0.04444895] rho : 0.02 kappa : 0.5
      58             74         9.1621e-01      3.76e-08       1.37e-05       3.96e+02    
      59             75         9.1621e-01      8.76e-08       1.85e-05       2.56e+02    
fe :  [0.07901744 0.01429642] fo :  [0.05541745 0.00213295] delta :  [[0.16507832 0.41470089]
 [0.15155533 0.4123862 ]
 [0.15025264 0.36860506]
 [0.27413428 0.78146723]
 [0.23559107 0.6345205 ]
 [0.49761032 1.63726968]
 [0.06149055 0.14280731]
 [0.09492881 0.32221894]
 [0.48021778 1.42343379]
 [0.27052537 0.60278092]
 [0.17009563 0.40112534]
 [1.44894126 4.15627004]] nu :  [0.08360685 0.18715854] k : [1.77830521 1.46044372 1.03960354] theta : [6.43256312 3.4704715 ] sigma : [2.9        1.85599824] zeta : [0.01011387 0.04444895] rho : 0.02 kappa : 0.5
      60             76         9.1621e-01      9.92e-08       2.84e-05       9.50e-02    
      61             77         9.1621e-01      9.73e-08       3.54e-05       9.99e-02    
fe :  [0.07901686 0.01429608] fo :  [0.05541661 0.00213292] delta :  [[0.16507777 0.41469944]
 [0.15155455 0.41238467]
 [0.15025184 0.36860354]
 [0.27413243 0.78146524]
 [0.23558957 0.63451841]
 [0.49760801 1.63726812]
 [0.06149012 0.14280618]
 [0.09492807 0.32221746]
 [0.48021549 1.42343451]
 [0.27052356 0.60277897]
 [0.17009441 0.40112403]
 [1.44893888 4.15627143]] nu :  [0.08360685 0.18715854] k : [1.77830521 1.46044372 1.03960354] theta : [6.43256312 3.4704715 ] sigma : [2.9        1.85599824] zeta : [0.01011387 0.04444895] rho : 0.02 kappa : 0.5
      62             78         9.1621e-01      1.39e-07       5.13e-05       9.23e-02    
      63             79         9.1621e-01      1.60e-07       6.58e-05       2.73e+02    
      64             82         9.1621e-01      0.00e+00       0.00e+00       2.73e+02    
`xtol` termination condition is satisfied.
Function evaluations 82, initial cost 9.7180e-01, final cost 9.1621e-01, first-order optimality 2.73e+02.
   Iteration     Total nfev        Cost      Cost reduction    Step norm     Optimality   
       0              1         9.1621e-01                                    1.50e+02    
fe :  [0.08801519 0.01281039] fo :  [0.05880996 0.00235542] delta :  [[0.15958113 0.48517044]
 [0.14218199 0.47647611]
 [0.14061988 0.42871706]
 [0.26175769 0.88497131]
 [0.22305326 0.72847076]
 [0.47581183 1.85709017]
 [0.05503115 0.17522855]
 [0.08824693 0.37422389]
 [0.45795206 1.61800128]
 [0.25631265 0.6834158 ]
 [0.15961261 0.46775955]
 [1.39574102 4.70369775]] nu :  [0.08360685 0.18715854] k : [1.77830521 1.46044372 1.03960354] theta : [6.43256312 3.4704715 ] sigma : [2.9        1.85599824] zeta : [0.01011387 0.04444895] rho : 0.02 kappa : 0.5
       1              3         9.0574e-01      1.05e-02       3.19e+03       4.63e+05    
       2              4         9.0374e-01      1.99e-03       5.09e+03       1.70e+06    
fe :  [0.09604508 0.01260757] fo :  [0.05836166 0.00134904] delta :  [[0.15934863 0.54570867]
 [0.13814309 0.51750748]
 [0.13576565 0.46352335]
 [0.25369286 0.95355619]
 [0.21678887 0.78181377]
 [0.46588499 1.9701797 ]
 [0.05228546 0.1960436 ]
 [0.08463776 0.40522792]
 [0.4497012  1.73736524]
 [0.25030233 0.73822393]
 [0.15497099 0.50102178]
 [1.36491769 4.93951633]] nu :  [0.08360685 0.18715854] k : [1.77830521 1.46044372 1.03960354] theta : [6.43256312 3.4704715 ] sigma : [2.9        1.85599824] zeta : [0.01011387 0.04444895] rho : 0.02 kappa : 0.5
       3              6         9.0208e-01      1.67e-03       2.89e+00       1.86e+05    
       4             11         9.0190e-01      1.75e-04       3.04e-02       1.04e+05    
fe :  [0.09624457 0.01248914] fo :  [0.05778239 0.00127687] delta :  [[0.16045853 0.55219107]
 [0.13991397 0.5268702 ]
 [0.13761951 0.47401893]
 [0.25637439 0.96756493]
 [0.21971495 0.79294615]
 [0.46981557 1.98384091]
 [0.05314231 0.19933169]
 [0.08556307 0.41701403]
 [0.45381107 1.75054124]
 [0.25349388 0.74760017]
 [0.15696116 0.51039433]
 [1.37225114 4.94547839]] nu :  [0.08360685 0.18715854] k : [1.77830521 1.46044372 1.03960354] theta : [6.43256312 3.4704715 ] sigma : [2.9        1.85599824] zeta : [0.01011387 0.04444895] rho : 0.02 kappa : 0.5
       5             13         9.0186e-01      4.27e-05       8.57e-03       4.05e+04    
       6             14         9.0184e-01      2.01e-05       8.37e-04       4.29e+02    
fe :  [0.09614869 0.01245676] fo :  [0.0577337  0.00127605] delta :  [[0.16040575 0.5519847 ]
 [0.13982899 0.52665645]
 [0.13752429 0.47381067]
 [0.25622312 0.96720823]
 [0.21959398 0.79263173]
 [0.46960365 1.98357997]
 [0.05314099 0.19924283]
 [0.08548771 0.41688164]
 [0.45361368 1.75028308]
 [0.25335513 0.74731748]
 [0.15685836 0.5101827 ]
 [1.37197063 4.94539266]] nu :  [0.08360685 0.18715854] k : [1.77830521 1.46044372 1.03960354] theta : [6.43256312 3.4704715 ] sigma : [2.9        1.85599824] zeta : [0.01011387 0.04444895] rho : 0.02 kappa : 0.5
       7             15         9.0183e-01      4.78e-06       9.23e-04       4.06e+03    
       8             22         9.0183e-01      5.45e-07       1.36e-05       5.52e+02    
fe :  [0.09615153 0.01245959] fo :  [0.05773707 0.001277  ] delta :  [[0.16040578 0.55198471]
 [0.13982899 0.52665647]
 [0.13752429 0.47381068]
 [0.25622312 0.96720825]
 [0.21959398 0.79263174]
 [0.46960365 1.98357998]
 [0.05314107 0.19924284]
 [0.08548771 0.41688167]
 [0.45361369 1.7502831 ]
 [0.25335513 0.7473175 ]
 [0.15685836 0.51018271]
 [1.37197065 4.94539267]] nu :  [0.08360685 0.18715854] k : [1.77830521 1.46044372 1.03960354] theta : [6.43256312 3.4704715 ] sigma : [2.9        1.85599824] zeta : [0.01011387 0.04444895] rho : 0.02 kappa : 0.5
       9             23         9.0183e-01      1.15e-07       8.32e-06       3.61e-02    
`xtol` termination condition is satisfied.
Function evaluations 23, initial cost 9.1621e-01, final cost 9.0183e-01, first-order optimality 3.61e-02.
   Iteration     Total nfev        Cost      Cost reduction    Step norm     Optimality   
       0              1         9.0183e-01                                    2.93e-02    
       1             11         9.0181e-01      1.87e-05       3.67e-02       1.15e+05    
fe :  [0.09619865 0.01241777] fo :  [0.05812603 0.0015626 ] delta :  [[0.15945658 0.54387939]
 [0.13777341 0.51954225]
 [0.13548609 0.46740662]
 [0.25308706 0.95733031]
 [0.21695086 0.78355148]
 [0.46487621 1.97498352]
 [0.05242222 0.19599524]
 [0.08377626 0.41332805]
 [0.44913716 1.74251666]
 [0.25037496 0.73942238]
 [0.15460584 0.50389086]
 [1.36351954 4.94619334]] nu :  [0.08360685 0.18715854] k : [1.77830521 1.46044372 1.03960354] theta : [6.43256312 3.4704715 ] sigma : [2.9        1.85599824] zeta : [0.01011387 0.04444895] rho : 0.02 kappa : 0.5
       2             12         9.0177e-01      3.87e-05       7.88e-03       1.64e+04    
       3             20         9.0177e-01      1.34e-06       1.41e-04       8.56e+03    
fe :  [0.09630394 0.01244119] fo :  [0.05818699 0.00157892] delta :  [[0.15945657 0.5438794 ]
 [0.13777342 0.51954226]
 [0.1354861  0.46740663]
 [0.25308706 0.95733031]
 [0.21695086 0.78355149]
 [0.46487621 1.97498352]
 [0.05242223 0.19599524]
 [0.08377628 0.41332806]
 [0.44913716 1.74251666]
 [0.25037497 0.73942239]
 [0.15460585 0.50389087]
 [1.36351954 4.94619334]] nu :  [0.08360685 0.18715854] k : [1.77830521 1.46044372 1.03960354] theta : [6.43256312 3.4704715 ] sigma : [2.9        1.85599824] zeta : [0.01011387 0.04444895] rho : 0.02 kappa : 0.5
       4             22         9.0177e-01      1.31e-08       8.79e-06       1.16e-02    
       5             23         9.0177e-01      9.97e-11       3.91e-08       5.40e+02    
fe :  [0.09630394 0.01244145] fo :  [0.05818748 0.00157892] delta :  [[0.15945657 0.54387939]
 [0.13777342 0.51954226]
 [0.1354861  0.46740663]
 [0.25308706 0.95733031]
 [0.21695086 0.78355148]
 [0.46487621 1.97498351]
 [0.05242223 0.19599524]
 [0.08377627 0.41332805]
 [0.44913716 1.74251665]
 [0.25037497 0.73942238]
 [0.15460584 0.50389086]
 [1.36351953 4.94619333]] nu :  [0.08360685 0.18715854] k : [1.77830521 1.46044372 1.03960354] theta : [6.43256312 3.4704715 ] sigma : [2.9        1.85599824] zeta : [0.01011387 0.04444895] rho : 0.02 kappa : 0.5
       6             25         9.0177e-01      2.53e-09       5.50e-07       2.85e-02    
`ftol` termination condition is satisfied.
Function evaluations 25, initial cost 9.0183e-01, final cost 9.0177e-01, first-order optimality 2.85e-02.
   Iteration     Total nfev        Cost      Cost reduction    Step norm     Optimality   
       0              1         9.0177e-01                                    5.06e+02    
fe :  [0.09630394 0.01244157] fo :  [0.05818807 0.00157892] delta :  [[0.15945657 0.54387939]
 [0.13777342 0.51954226]
 [0.1354861  0.46740663]
 [0.25308706 0.95733031]
 [0.21695086 0.78355148]
 [0.46487621 1.97498351]
 [0.05242223 0.19599524]
 [0.08377627 0.41332805]
 [0.44913716 1.74251665]
 [0.25037497 0.73942238]
 [0.15460584 0.50389086]
 [1.36351953 4.94619333]] nu :  [0.08360685 0.18715854] k : [1.77830521 1.46044372 1.03960354] theta : [6.43256312 3.4704715 ] sigma : [2.9        1.85599824] zeta : [0.01011387 0.04444895] rho : 0.02 kappa : 0.5
       1             23         9.0177e-01      1.53e-10       5.99e-07       1.97e-02    
       2             28         9.0177e-01      0.00e+00       0.00e+00       1.97e-02    
`xtol` termination condition is satisfied.
Function evaluations 28, initial cost 9.0177e-01, final cost 9.0177e-01, first-order optimality 1.97e-02.
   Iteration     Total nfev        Cost      Cost reduction    Step norm     Optimality   
       0              1         9.0177e-01                                    2.46e+02    
fe :  [0.09630012 0.01244144] fo :  [0.05816444 0.00157887] delta :  [[0.15950116 0.54386204]
 [0.13776913 0.51952764]
 [0.1354823  0.46739315]
 [0.25308019 0.95730386]
 [0.21694423 0.78352941]
 [0.46486369 1.9749576 ]
 [0.05241637 0.19598852]
 [0.08377394 0.41331489]
 [0.44912468 1.74249066]
 [0.25036758 0.73940138]
 [0.15460113 0.50387591]
 [1.36349209 4.94617547]] nu :  [0.08360685 0.18715854] k : [1.77830521 1.46044372 1.03960354] theta : [6.43256312 3.4704715 ] sigma : [2.9        1.85599824] zeta : [0.01011387 0.04444895] rho : 0.02 kappa : 0.5
       1             16         9.0177e-01      1.42e-07       1.41e-04       1.39e-02    
       2             28         9.0177e-01      0.00e+00       0.00e+00       1.39e-02    
`xtol` termination condition is satisfied.
Function evaluations 28, initial cost 9.0177e-01, final cost 9.0177e-01, first-order optimality 1.39e-02.
  [s_fefo] DONE  obj=1.3430  status=successful  nu_rest=0.0836 nu_pharma=0.1872  -> calibration_results_matched_economy/baseline_2002_variations/pre_trips_tries_newfee/s_fefo/

========================================================================
  label: s_nu
  seed: 8.0
  fix_delta: False
  calib_parameters: ['delta', 'T', 'eta', 'nu']
  delta_free_by_sector: [0, 12, 12]
  fe_free: 0
  fo_free: 0
  nu_free: 2
  moments: ['SPFLOW', 'DOMPATINUS', 'OUT', 'RD', 'RP', 'SRGDP', 'UUPCOSTS', 'RDPHARMACHEM', 'TOPATENT', 'TOPHARMACHEM']
  weights: {'SPFLOW': 1, 'DOMPATINUS': 1, 'OUT': 5, 'RD': 10, 'RP': 1, 'SRGDP': 1, 'UUPCOSTS': 1, 'RDPHARMACHEM': 1, 'TOPATENT': 5, 'TOPHARMACHEM': 5}
  r_hjort_recomputed_for_1992: True
  UUPCOSTS_target_newfee: [0.001161, 0.00047]
  nu_seed(rest,pharma): [0.08361, 0.18716]
  [s_nu] initial solve: successful | obj=5.2915
fe :  [0.06348811 0.01849524] fo :  [0.02808923 0.00573732] delta :  [[0.12122029 0.13701525]
 [0.1219394  0.17401727]
 [0.13569281 0.16081868]
 [0.20254102 0.25579869]
 [0.18565147 0.27440652]
 [0.26624266 0.3719205 ]
 [0.08920552 0.09868685]
 [0.07999848 0.13460961]
 [0.2380961  0.4042963 ]
 [0.22529086 0.26891107]
 [0.16855547 0.30509089]
 [1.53556001 2.39937209]] nu :  [0.08360685 0.18715854] k : [1.77830521 1.46044372 1.03960354] theta : [6.43256312 3.4704715 ] sigma : [2.9        1.85599824] zeta : [0.01011387 0.04444895] rho : 0.02 kappa : 0.5
   Iteration     Total nfev        Cost      Cost reduction    Step norm     Optimality   
       0              1         1.4000e+01                                    6.53e+07    
       1              2         1.1497e+01      2.50e+00       3.15e-03       3.61e+07    
fe :  [0.06348811 0.01849524] fo :  [0.02808923 0.00573732] delta :  [[0.14001126 0.14952566]
 [0.12049731 0.18721985]
 [0.13080058 0.17040852]
 [0.22389129 0.36250388]
 [0.20938911 0.35313658]
 [0.34455336 0.59737377]
 [0.07998061 0.09286279]
 [0.08226662 0.15076458]
 [0.31210551 0.60438108]
 [0.24591742 0.32500399]
 [0.16939142 0.29825182]
 [1.43487662 2.58175418]] nu :  [0.0832294  0.18373277] k : [1.77830521 1.46044372 1.03960354] theta : [6.43256312 3.4704715 ] sigma : [2.9        1.85599824] zeta : [0.01011387 0.04444895] rho : 0.02 kappa : 0.5
       2              3         8.5094e+00      2.99e+00       7.85e+04       1.78e+10    
       3              4         3.0467e+00      5.46e+00       1.99e+03       2.57e+09    
fe :  [0.06348811 0.01849524] fo :  [0.02808923 0.00573732] delta :  [[0.16348147 0.14840444]
 [0.1143411  0.19293071]
 [0.11878909 0.16177422]
 [0.2337276  0.38435938]
 [0.20247869 0.34148089]
 [0.39069631 0.68709934]
 [0.06271225 0.07800409]
 [0.07976273 0.14380378]
 [0.38578777 0.66535842]
 [0.23706512 0.31796115]
 [0.15201198 0.25358212]
 [1.32955115 2.45399073]] nu :  [0.06941313 0.17113161] k : [1.77830521 1.46044372 1.03960354] theta : [6.43256312 3.4704715 ] sigma : [2.9        1.85599824] zeta : [0.01011387 0.04444895] rho : 0.02 kappa : 0.5
       4              5         1.7941e+00      1.25e+00       1.17e-04       3.92e+08    
       5              6         1.5606e+00      2.33e-01       1.27e-04       5.57e+07    
fe :  [0.06348811 0.01849524] fo :  [0.02808923 0.00573732] delta :  [[0.14530275 0.14304158]
 [0.12741194 0.16670193]
 [0.1181486  0.13402344]
 [0.22308687 0.34183266]
 [0.19355216 0.28107275]
 [0.39892775 0.71727936]
 [0.05559566 0.05319499]
 [0.08138395 0.11871986]
 [0.39096437 0.64857758]
 [0.22431346 0.26930773]
 [0.14300346 0.19243858]
 [1.18736366 2.01581687]] nu :  [0.05671012 0.11329438] k : [1.77830521 1.46044372 1.03960354] theta : [6.43256312 3.4704715 ] sigma : [2.9        1.85599824] zeta : [0.01011387 0.04444895] rho : 0.02 kappa : 0.5
       6             10         1.4552e+00      1.05e-01       1.26e+01       3.22e+08    
       7             11         1.2416e+00      2.14e-01       3.33e+01       4.09e+07    
       8             12         1.2207e+00      2.09e-02       3.03e+01       1.34e+06    
fe :  [0.06348811 0.01849524] fo :  [0.02808923 0.00573732] delta :  [[0.14376927 0.12095585]
 [0.12414208 0.12572309]
 [0.1197187  0.10066811]
 [0.2187177  0.26227073]
 [0.18681316 0.2108281 ]
 [0.38989544 0.59163828]
 [0.05308535 0.03182849]
 [0.07891901 0.08891793]
 [0.38154826 0.53258361]
 [0.21602179 0.20091735]
 [0.13711429 0.12071782]
 [1.15385755 1.62263037]] nu :  [0.05755878 0.08891398] k : [1.77830521 1.46044372 1.03960354] theta : [6.43256312 3.4704715 ] sigma : [2.9        1.85599824] zeta : [0.01011387 0.04444895] rho : 0.02 kappa : 0.5
       9             13         1.2107e+00      9.99e-03       7.51e+01       4.11e+06    
      10             19         1.2102e+00      4.71e-04       1.53e-02       8.72e+04    
fe :  [0.06348811 0.01849524] fo :  [0.02808923 0.00573732] delta :  [[0.14489916 0.12113715]
 [0.12630336 0.12847702]
 [0.12177293 0.10173816]
 [0.2220842  0.26624939]
 [0.1901167  0.21295152]
 [0.39447776 0.59640303]
 [0.05447452 0.03247671]
 [0.08053704 0.09155944]
 [0.38614401 0.53689716]
 [0.21936158 0.2036758 ]
 [0.1395022  0.12385391]
 [1.15976875 1.62572299]] nu :  [0.05780642 0.08862092] k : [1.77830521 1.46044372 1.03960354] theta : [6.43256312 3.4704715 ] sigma : [2.9        1.85599824] zeta : [0.01011387 0.04444895] rho : 0.02 kappa : 0.5
      11             20         1.2102e+00      1.38e-05       4.84e-03       5.71e+02    
      12             21         1.2102e+00      1.94e-06       9.92e-04       2.49e+03    
      13             25         1.2102e+00      0.00e+00       0.00e+00       2.49e+03    
`xtol` termination condition is satisfied.
Function evaluations 25, initial cost 1.4000e+01, final cost 1.2102e+00, first-order optimality 2.49e+03.
fe :  [0.06348811 0.01849524] fo :  [0.02808923 0.00573732] delta :  [[0.14486533 0.12112471]
 [0.12628575 0.12845752]
 [0.12175516 0.10172629]
 [0.22205343 0.2662146 ]
 [0.19009019 0.21291788]
 [0.394444   0.59635473]
 [0.05446419 0.03247576]
 [0.08051665 0.09153972]
 [0.38610519 0.53684911]
 [0.21933322 0.20364437]
 [0.13948106 0.12383413]
 [1.15972626 1.62566134]] nu :  [0.05780224 0.0885834 ] k : [1.77830521 1.46044372 1.03960354] theta : [6.43256312 3.4704715 ] sigma : [2.9        1.85599824] zeta : [0.01011387 0.04444895] rho : 0.02 kappa : 0.5
   Iteration     Total nfev        Cost      Cost reduction    Step norm     Optimality   
       0              1         1.2102e+00                                    2.08e+03    
       1              3         1.0717e+00      1.38e-01       1.86e+04       1.98e+06    
fe :  [0.06348811 0.01849524] fo :  [0.02808923 0.00573732] delta :  [[0.15237072 0.11587452]
 [0.12765145 0.12098262]
 [0.1244851  0.09659411]
 [0.227392   0.2524455 ]
 [0.19729808 0.20172034]
 [0.40311498 0.56321797]
 [0.05510635 0.03143628]
 [0.08145048 0.08608416]
 [0.39434003 0.5119908 ]
 [0.226606   0.22207044]
 [0.14327241 0.11800585]
 [1.1772689  1.54506631]] nu :  [0.05981392 0.08226663] k : [1.77830521 1.46044372 1.03960354] theta : [6.43256312 3.4704715 ] sigma : [2.9        1.85599824] zeta : [0.01011387 0.04444895] rho : 0.02 kappa : 0.5
       2              4         1.0431e+00      2.86e-02       3.65e+04       5.70e+06    
       3              5         9.4119e-01      1.02e-01       6.02e+04       5.61e+04    
       4              6         9.2657e-01      1.46e-02       2.37e+04       3.53e+05    
fe :  [0.06348811 0.01849524] fo :  [0.02808923 0.00573732] delta :  [[0.14740254 0.11297284]
 [0.12886125 0.12506226]
 [0.12524635 0.10168221]
 [0.22471317 0.26236022]
 [0.19270105 0.20511926]
 [0.39993508 0.57915247]
 [0.05584301 0.03131484]
 [0.08292385 0.09003831]
 [0.39178347 0.52139751]
 [0.22165277 0.19818004]
 [0.14224224 0.11969575]
 [1.17506742 1.57819215]] nu :  [0.05699114 0.08324342] k : [1.77830521 1.46044372 1.03960354] theta : [6.43256312 3.4704715 ] sigma : [2.9        1.85599824] zeta : [0.01011387 0.04444895] rho : 0.02 kappa : 0.5
       5              7         9.2166e-01      4.91e-03       5.23e+03       1.18e+06    
       6              8         9.2022e-01      1.44e-03       6.45e+01       1.02e+06    
fe :  [0.06348811 0.01849524] fo :  [0.02808923 0.00573732] delta :  [[0.14794126 0.11310103]
 [0.12895635 0.12623304]
 [0.12636327 0.10360316]
 [0.22623046 0.26389781]
 [0.19438583 0.20743646]
 [0.40233575 0.58309299]
 [0.05655315 0.03132204]
 [0.08355686 0.09127298]
 [0.39396966 0.52412076]
 [0.22343556 0.19821307]
 [0.14310156 0.12188173]
 [1.17744838 1.57889207]] nu :  [0.05691756 0.08348275] k : [1.77830521 1.46044372 1.03960354] theta : [6.43256312 3.4704715 ] sigma : [2.9        1.85599824] zeta : [0.01011387 0.04444895] rho : 0.02 kappa : 0.5
       7             15         9.1963e-01      5.88e-04       9.92e-03       1.23e+05    
       8             16         9.1953e-01      9.63e-05       8.88e-03       3.69e+04    
fe :  [0.06348811 0.01849524] fo :  [0.02808923 0.00573732] delta :  [[0.14777669 0.11285319]
 [0.12920712 0.12598936]
 [0.12620871 0.10347753]
 [0.2258798  0.26342694]
 [0.19409691 0.20709384]
 [0.40173295 0.58242258]
 [0.05646565 0.03159262]
 [0.08340457 0.09108971]
 [0.39336639 0.52336611]
 [0.22312575 0.19794148]
 [0.14287053 0.12165961]
 [1.17612496 1.57762837]] nu :  [0.0568706  0.08344308] k : [1.77830521 1.46044372 1.03960354] theta : [6.43256312 3.4704715 ] sigma : [2.9        1.85599824] zeta : [0.01011387 0.04444895] rho : 0.02 kappa : 0.5
       9             21         9.1953e-01      4.88e-08       6.45e-05       8.94e+03    
      10             22         9.1953e-01      2.71e-07       1.20e-05       6.22e+02    
`xtol` termination condition is satisfied.
Function evaluations 22, initial cost 1.2102e+00, final cost 9.1953e-01, first-order optimality 6.22e+02.
   Iteration     Total nfev        Cost      Cost reduction    Step norm     Optimality   
       0              1         9.1953e-01                                    1.54e-02    
fe :  [0.06348811 0.01849524] fo :  [0.02808923 0.00573732] delta :  [[0.14805712 0.11068701]
 [0.12710414 0.12063839]
 [0.12417939 0.09921485]
 [0.22258061 0.25431755]
 [0.19127641 0.1993779 ]
 [0.39667335 0.56567523]
 [0.05521317 0.02979453]
 [0.08191997 0.08683992]
 [0.38871661 0.50745457]
 [0.22074127 0.1924751 ]
 [0.14078939 0.11627133]
 [1.16493081 1.53709755]] nu :  [0.05656904 0.08184555] k : [1.77830521 1.46044372 1.03960354] theta : [6.43256312 3.4704715 ] sigma : [2.9        1.85599824] zeta : [0.01011387 0.04444895] rho : 0.02 kappa : 0.5
       1              8         9.1927e-01      2.60e-04       8.51e-02       4.29e+05    
       2             11         9.1925e-01      2.06e-05       4.88e-03       7.79e+03    
fe :  [0.06348811 0.01849524] fo :  [0.02808923 0.00573732] delta :  [[0.14767707 0.11153513]
 [0.12829437 0.12372841]
 [0.12537553 0.10193164]
 [0.22451277 0.25953926]
 [0.19291506 0.20390236]
 [0.39949354 0.57723445]
 [0.05576535 0.03089197]
 [0.08247103 0.08926402]
 [0.39117895 0.51676993]
 [0.22194002 0.19524756]
 [0.14192931 0.11939347]
 [1.16984147 1.56497535]] nu :  [0.05693347 0.08324534] k : [1.77830521 1.46044372 1.03960354] theta : [6.43256312 3.4704715 ] sigma : [2.9        1.85599824] zeta : [0.01011387 0.04444895] rho : 0.02 kappa : 0.5
       3             15         9.1925e-01      4.14e-07       3.36e-05       1.47e+04    
       4             17         9.1925e-01      0.00e+00       0.00e+00       1.47e+04    
`xtol` termination condition is satisfied.
Function evaluations 17, initial cost 9.1953e-01, final cost 9.1925e-01, first-order optimality 1.47e+04.
   Iteration     Total nfev        Cost      Cost reduction    Step norm     Optimality   
       0              1         9.1925e-01                                    1.36e+04    
fe :  [0.06348811 0.01849524] fo :  [0.02808923 0.00573732] delta :  [[0.14723785 0.10891476]
 [0.12622797 0.11958807]
 [0.12332711 0.09856675]
 [0.22125479 0.25271011]
 [0.19010384 0.19788453]
 [0.39397836 0.56237116]
 [0.05436164 0.02914077]
 [0.08097405 0.0858853 ]
 [0.38600977 0.50370402]
 [0.21893304 0.18977498]
 [0.13968305 0.11494673]
 [1.1545569  1.53244351]] nu :  [0.0569794  0.08314994] k : [1.77830521 1.46044372 1.03960354] theta : [6.43256312 3.4704715 ] sigma : [2.9        1.85599824] zeta : [0.01011387 0.04444895] rho : 0.02 kappa : 0.5
       1              8         9.1903e-01      2.19e-04       2.54e-01       3.07e+04    
       2             11         9.1895e-01      7.97e-05       2.86e-03       2.89e+04    
fe :  [0.06348811 0.01849524] fo :  [0.02808923 0.00573732] delta :  [[0.14722229 0.10894576]
 [0.12878451 0.1198069 ]
 [0.12333291 0.09872306]
 [0.22165368 0.25285822]
 [0.19046261 0.1980748 ]
 [0.39435803 0.56254113]
 [0.05436125 0.02922125]
 [0.08112014 0.08601277]
 [0.38635617 0.50385216]
 [0.21925004 0.18988549]
 [0.14001408 0.11531345]
 [1.15481132 1.53246855]] nu :  [0.057049   0.08281397] k : [1.77830521 1.46044372 1.03960354] theta : [6.43256312 3.4704715 ] sigma : [2.9        1.85599824] zeta : [0.01011387 0.04444895] rho : 0.02 kappa : 0.5
       3             12         9.1893e-01      1.66e-05       3.46e-04       9.08e+02    
       4             13         9.1893e-01      7.33e-06       1.18e-03       5.03e+03    
fe :  [0.06348811 0.01849524] fo :  [0.02808923 0.00573732] delta :  [[0.14728525 0.10896614]
 [0.1287162  0.11978486]
 [0.12345354 0.09870402]
 [0.22173424 0.25283456]
 [0.19053813 0.19807473]
 [0.39441077 0.56247369]
 [0.0543828  0.0292153 ]
 [0.08112992 0.08600525]
 [0.38640018 0.50378642]
 [0.21931259 0.18986452]
 [0.14009305 0.11538559]
 [1.1547219  1.53228892]] nu :  [0.05703328 0.08279553] k : [1.77830521 1.46044372 1.03960354] theta : [6.43256312 3.4704715 ] sigma : [2.9        1.85599824] zeta : [0.01011387 0.04444895] rho : 0.02 kappa : 0.5
       5             14         9.1893e-01      1.07e-06       3.42e-04       4.60e+03    
       6             15         9.1892e-01      4.74e-07       9.17e-05       4.04e+02    
       7             16         9.1892e-01      3.76e-08       2.22e-05       5.41e+02    
fe :  [0.06348811 0.01849524] fo :  [0.02808923 0.00573732] delta :  [[0.14731019 0.10898248]
 [0.12871379 0.11980062]
 [0.12349253 0.09871836]
 [0.22176938 0.252853  ]
 [0.19057154 0.19809556]
 [0.39444591 0.5624936 ]
 [0.05440209 0.02922229]
 [0.08114855 0.0860212 ]
 [0.38643381 0.50380508]
 [0.21934485 0.18988165]
 [0.14012559 0.11541643]
 [1.15474701 1.53229784]] nu :  [0.05703326 0.08279542] k : [1.77830521 1.46044372 1.03960354] theta : [6.43256312 3.4704715 ] sigma : [2.9        1.85599824] zeta : [0.01011387 0.04444895] rho : 0.02 kappa : 0.5
       8             17         9.1892e-01      2.54e-08       5.69e-06       1.19e+03    
       9             21         9.1892e-01      1.19e-08       2.29e-06       7.73e-01    
fe :  [0.06348811 0.01849524] fo :  [0.02808923 0.00573732] delta :  [[0.14731019 0.10898248]
 [0.12871379 0.11980062]
 [0.12349254 0.09871836]
 [0.22176938 0.252853  ]
 [0.19057154 0.19809556]
 [0.39444592 0.5624936 ]
 [0.05440209 0.02922229]
 [0.08114856 0.0860212 ]
 [0.38643381 0.50380509]
 [0.21934485 0.18988166]
 [0.14012559 0.11541643]
 [1.15474702 1.53229782]] nu :  [0.05703331 0.08279542] k : [1.77830521 1.46044372 1.03960354] theta : [6.43256312 3.4704715 ] sigma : [2.9        1.85599824] zeta : [0.01011387 0.04444895] rho : 0.02 kappa : 0.5
      10             22         9.1892e-01      2.85e-10       5.03e-08       6.12e-01    
`ftol` termination condition is satisfied.
Function evaluations 22, initial cost 9.1925e-01, final cost 9.1892e-01, first-order optimality 6.12e-01.
   Iteration     Total nfev        Cost      Cost reduction    Step norm     Optimality   
       0              1         9.1892e-01                                    2.11e-02    
fe :  [0.06348811 0.01849524] fo :  [0.02808923 0.00573732] delta :  [[0.14719286 0.10869337]
 [0.12732905 0.11936597]
 [0.12328336 0.09834204]
 [0.22133864 0.25202791]
 [0.19017052 0.19745424]
 [0.3937534  0.56080839]
 [0.05424746 0.02908427]
 [0.08089779 0.08567419]
 [0.38573492 0.50226717]
 [0.21890255 0.18924043]
 [0.13981226 0.11507659]
 [1.15286905 1.52890448]] nu :  [0.05699098 0.08267288] k : [1.77830521 1.46044372 1.03960354] theta : [6.43256312 3.4704715 ] sigma : [2.9        1.85599824] zeta : [0.01011387 0.04444895] rho : 0.02 kappa : 0.5
       1              9         9.1882e-01      1.00e-04       2.36e-02       1.24e+05    
       2             13         9.1882e-01      6.32e-06       3.80e-04       1.33e+04    
fe :  [0.06348811 0.01849524] fo :  [0.02808923 0.00573732] delta :  [[0.14726678 0.10872718]
 [0.12732535 0.11940776]
 [0.12340873 0.09841508]
 [0.22145056 0.2520862 ]
 [0.19027374 0.19751563]
 [0.39387208 0.56087581]
 [0.0543028  0.02909308]
 [0.0809543  0.08571177]
 [0.38584853 0.50232965]
 [0.21900626 0.18929008]
 [0.13990644 0.11515504]
 [1.15295934 1.52893385]] nu :  [0.05702564 0.08271538] k : [1.77830521 1.46044372 1.03960354] theta : [6.43256312 3.4704715 ] sigma : [2.9        1.85599824] zeta : [0.01011387 0.04444895] rho : 0.02 kappa : 0.5
       3             22         9.1882e-01      2.30e-09       5.94e-07       1.80e+03    
       4             30         9.1882e-01      0.00e+00       0.00e+00       1.80e+03    
`xtol` termination condition is satisfied.
Function evaluations 30, initial cost 9.1892e-01, final cost 9.1882e-01, first-order optimality 1.80e+03.
   Iteration     Total nfev        Cost      Cost reduction    Step norm     Optimality   
       0              1         9.1882e-01                                    2.59e+03    
       1              4         9.1835e-01      4.63e-04       4.61e+02       1.88e+05    
fe :  [0.06348811 0.01849524] fo :  [0.02808923 0.00573732] delta :  [[0.1481451  0.11102493]
 [0.12898947 0.12207466]
 [0.12582292 0.10016963]
 [0.22543381 0.25764655]
 [0.19375424 0.20279308]
 [0.40065813 0.57212849]
 [0.05604081 0.03070809]
 [0.08301674 0.0889009 ]
 [0.39221374 0.51224738]
 [0.22284709 0.19418589]
 [0.14263648 0.1190726 ]
 [1.17181762 1.54900755]] nu :  [0.05708938 0.08261668] k : [1.77830521 1.46044372 1.03960354] theta : [6.43256312 3.4704715 ] sigma : [2.9        1.85599824] zeta : [0.01011387 0.04444895] rho : 0.02 kappa : 0.5
       2             11         9.1832e-01      3.11e-05       5.79e-03       6.66e+04    
       3             12         9.1829e-01      3.07e-05       9.14e-04       1.60e+03    
fe :  [0.06348811 0.01849524] fo :  [0.02808923 0.00573732] delta :  [[0.14807367 0.11097551]
 [0.12897295 0.12267143]
 [0.12580693 0.10101786]
 [0.22539804 0.25781688]
 [0.1937221  0.20281998]
 [0.40069663 0.57239795]
 [0.0560533  0.03070024]
 [0.08300308 0.08888519]
 [0.39228426 0.51252378]
 [0.22281428 0.1941953 ]
 [0.14260815 0.11904815]
 [1.1720091  1.5491656 ]] nu :  [0.05702308 0.08257306] k : [1.77830521 1.46044372 1.03960354] theta : [6.43256312 3.4704715 ] sigma : [2.9        1.85599824] zeta : [0.01011387 0.04444895] rho : 0.02 kappa : 0.5
       4             14         9.1829e-01      4.98e-06       6.99e-04       7.87e+03    
       5             19         9.1829e-01      4.67e-08       4.73e-06       1.83e-02    
fe :  [0.06348811 0.01849524] fo :  [0.02808923 0.00573732] delta :  [[0.14807349 0.1109754 ]
 [0.12897341 0.12267282]
 [0.12580742 0.10102035]
 [0.22539827 0.25781764]
 [0.19372231 0.20282049]
 [0.40069715 0.57239916]
 [0.05605378 0.03070024]
 [0.08300338 0.08888547]
 [0.39228484 0.51252504]
 [0.22281458 0.19419579]
 [0.14260823 0.11904826]
 [1.17201004 1.54916648]] nu :  [0.05702548 0.08257297] k : [1.77830521 1.46044372 1.03960354] theta : [6.43256312 3.4704715 ] sigma : [2.9        1.85599824] zeta : [0.01011387 0.04444895] rho : 0.02 kappa : 0.5
       6             20         9.1829e-01      3.07e-08       1.79e-06       3.05e-02    
       7             21         9.1829e-01      6.80e-08       5.00e-06       4.59e+02    
fe :  [0.06348811 0.01849524] fo :  [0.02808923 0.00573732] delta :  [[0.14807267 0.11097485]
 [0.12897329 0.12267638]
 [0.12580731 0.10102831]
 [0.22539796 0.25781809]
 [0.19372204 0.20282034]
 [0.40069692 0.57240241]
 [0.05605373 0.03070018]
 [0.08300328 0.08888536]
 [0.39228466 0.51252855]
 [0.22281432 0.19419564]
 [0.14260799 0.11904806]
 [1.17201254 1.54916925]] nu :  [0.05702534 0.08257255] k : [1.77830521 1.46044372 1.03960354] theta : [6.43256312 3.4704715 ] sigma : [2.9        1.85599824] zeta : [0.01011387 0.04444895] rho : 0.02 kappa : 0.5
       8             22         9.1829e-01      1.11e-07       7.29e-06       4.07e+02    
       9             23         9.1829e-01      1.35e-07       2.29e-05       7.87e+01    
      10             24         9.1829e-01      6.74e-08       2.34e-05       2.14e+03    
      11             39         9.1829e-01      0.00e+00       0.00e+00       2.14e+03    
`xtol` termination condition is satisfied.
Function evaluations 39, initial cost 9.1882e-01, final cost 9.1829e-01, first-order optimality 2.14e+03.
  [s_nu] DONE  obj=1.3552  status=successful  nu_rest=0.0570 nu_pharma=0.0826  -> calibration_results_matched_economy/baseline_2002_variations/pre_trips_tries_newfee/s_nu/

========================================================================
  label: s_all
  seed: 8.0
  fix_delta: False
  calib_parameters: ['delta', 'T', 'eta', 'fe', 'fo', 'nu']
  delta_free_by_sector: [0, 12, 12]
  fe_free: 2
  fo_free: 2
  nu_free: 2
  moments: ['SPFLOW', 'DOMPATINUS', 'OUT', 'RD', 'RP', 'SRGDP', 'UUPCOSTS', 'RDPHARMACHEM', 'TOPATENT', 'TOPHARMACHEM']
  weights: {'SPFLOW': 1, 'DOMPATINUS': 1, 'OUT': 5, 'RD': 10, 'RP': 1, 'SRGDP': 1, 'UUPCOSTS': 1, 'RDPHARMACHEM': 1, 'TOPATENT': 5, 'TOPHARMACHEM': 5}
  r_hjort_recomputed_for_1992: True
  UUPCOSTS_target_newfee: [0.001161, 0.00047]
  nu_seed(rest,pharma): [0.08361, 0.18716]
  [s_all] initial solve: successful | obj=5.2915
fe :  [0.06348811 0.01849524] fo :  [0.02808923 0.00573732] delta :  [[0.12122029 0.13701525]
 [0.1219394  0.17401727]
 [0.13569281 0.16081868]
 [0.20254102 0.25579869]
 [0.18565147 0.27440652]
 [0.26624266 0.3719205 ]
 [0.08920552 0.09868685]
 [0.07999848 0.13460961]
 [0.2380961  0.4042963 ]
 [0.22529086 0.26891107]
 [0.16855547 0.30509089]
 [1.53556001 2.39937209]] nu :  [0.08360685 0.18715854] k : [1.77830521 1.46044372 1.03960354] theta : [6.43256312 3.4704715 ] sigma : [2.9        1.85599824] zeta : [0.01011387 0.04444895] rho : 0.02 kappa : 0.5
   Iteration     Total nfev        Cost      Cost reduction    Step norm     Optimality   
       0              1         1.4000e+01                                    6.53e+07    
       1              2         1.1497e+01      2.50e+00       3.15e-03       3.61e+07    
fe :  [0.0612796 0.0236522] fo :  [0.03220611 0.00610458] delta :  [[0.1357459  0.14489064]
 [0.12280824 0.1808337 ]
 [0.13418513 0.16375882]
 [0.23081142 0.32374576]
 [0.21550548 0.315005  ]
 [0.34740512 0.53826886]
 [0.08410746 0.08606244]
 [0.08567848 0.13514364]
 [0.31317967 0.54594425]
 [0.2532159  0.29158601]
 [0.17695993 0.2723041 ]
 [1.48480547 2.38446153]] nu :  [0.08324204 0.18799752] k : [1.77830521 1.46044372 1.03960354] theta : [6.43256312 3.4704715 ] sigma : [2.9        1.85599824] zeta : [0.01011387 0.04444895] rho : 0.02 kappa : 0.5
       2              3         1.0532e+01      9.65e-01       6.66e+04       2.12e+10    
       3              4         8.6458e+00      1.89e+00       2.34e+03       1.38e+10    
fe :  [0.06429282 0.02384526] fo :  [0.0798857  0.00685003] delta :  [[0.11397114 0.13640035]
 [0.10934687 0.1758838 ]
 [0.11894135 0.14273472]
 [0.23599252 0.34909541]
 [0.20588079 0.29410291]
 [0.41310912 0.74178298]
 [0.06079816 0.06317273]
 [0.08163462 0.12394686]
 [0.40093311 0.67584195]
 [0.24099276 0.32530845]
 [0.15223593 0.2067834 ]
 [1.28569037 2.14690077]] nu :  [0.06892993 0.17319656] k : [1.77830521 1.46044372 1.03960354] theta : [6.43256312 3.4704715 ] sigma : [2.9        1.85599824] zeta : [0.01011387 0.04444895] rho : 0.02 kappa : 0.5
       4              5         2.9501e+00      5.70e+00       8.12e+03       1.86e+09    
       5              6         1.7128e+00      1.24e+00       1.59e-04       2.84e+08    
fe :  [0.06592717 0.02381323] fo :  [0.07473838 0.00752965] delta :  [[0.11678136 0.13352114]
 [0.10973473 0.17097334]
 [0.11734121 0.13766732]
 [0.23001632 0.34321106]
 [0.20067594 0.28759881]
 [0.40608498 0.73304599]
 [0.05837111 0.05878241]
 [0.07969425 0.11891709]
 [0.3948769  0.66580771]
 [0.23475238 0.31129126]
 [0.14797431 0.19869085]
 [1.25708043 2.10488263]] nu :  [0.0669474  0.16824516] k : [1.77830521 1.46044372 1.03960354] theta : [6.43256312 3.4704715 ] sigma : [2.9        1.85599824] zeta : [0.01011387 0.04444895] rho : 0.02 kappa : 0.5
       6              7         1.6270e+00      8.58e-02       2.55e+03       3.35e+08    
       7              8         1.0155e+00      6.11e-01       1.19e+04       2.64e+07    
fe :  [0.03416872 0.01112617] fo :  [0.02612365 0.00859168] delta :  [[0.14470118 0.1033078 ]
 [0.12946686 0.12939759]
 [0.12899977 0.10461582]
 [0.22758774 0.27346008]
 [0.19831767 0.2174362 ]
 [0.40950488 0.62017168]
 [0.05781863 0.03281253]
 [0.08582443 0.09103598]
 [0.40089678 0.55638357]
 [0.22797087 0.21368504]
 [0.14628517 0.1255424 ]
 [1.19230102 1.6644849 ]] nu :  [0.05604962 0.10709864] k : [1.77830521 1.46044372 1.03960354] theta : [6.43256312 3.4704715 ] sigma : [2.9        1.85599824] zeta : [0.01011387 0.04444895] rho : 0.02 kappa : 0.5
       8              9         9.6128e-01      5.43e-02       1.58e+04       7.06e+06    
       9             12         9.3749e-01      2.38e-02       5.03e+02       3.45e+06    
fe :  [0.02806214 0.00783952] fo :  [0.01812473 0.00521522] delta :  [[0.16086271 0.09700966]
 [0.14851294 0.12903273]
 [0.14683662 0.10622336]
 [0.25522017 0.26832518]
 [0.22047932 0.21339872]
 [0.44656546 0.5992059 ]
 [0.06992203 0.03258075]
 [0.09950643 0.09357376]
 [0.43732555 0.53516035]
 [0.25229678 0.20295581]
 [0.16326999 0.1268147 ]
 [1.28634314 1.61050844]] nu :  [0.05602482 0.08765213] k : [1.77830521 1.46044372 1.03960354] theta : [6.43256312 3.4704715 ] sigma : [2.9        1.85599824] zeta : [0.01011387 0.04444895] rho : 0.02 kappa : 0.5
      10             16         9.3241e-01      5.08e-03       3.84e-01       3.19e+05    
      11             17         9.3120e-01      1.21e-03       5.87e-01       1.31e+06    
      12             18         9.3068e-01      5.28e-04       1.34e+00       6.87e+05    
fe :  [0.02613233 0.00681947] fo :  [0.01763937 0.00323296] delta :  [[0.16403344 0.10376923]
 [0.14979    0.12085556]
 [0.14855976 0.10043295]
 [0.25704637 0.25303434]
 [0.22226893 0.19958459]
 [0.44864274 0.55976753]
 [0.0700756  0.03081893]
 [0.10054427 0.0881324 ]
 [0.43963657 0.50107592]
 [0.25456578 0.1903564 ]
 [0.16633492 0.11743231]
 [1.28719112 1.52295485]] nu :  [0.05631886 0.07943243] k : [1.77830521 1.46044372 1.03960354] theta : [6.43256312 3.4704715 ] sigma : [2.9        1.85599824] zeta : [0.01011387 0.04444895] rho : 0.02 kappa : 0.5
      13             21         9.3055e-01      1.30e-04       1.51e-02       3.33e+05    
      14             22         9.3052e-01      2.15e-05       3.55e-03       1.66e+04    
fe :  [0.02609171 0.00680796] fo :  [0.01762586 0.00324108] delta :  [[0.16403258 0.1035112 ]
 [0.14986144 0.12088614]
 [0.14863289 0.10088863]
 [0.25712416 0.25307904]
 [0.22233695 0.19963091]
 [0.4486993  0.55974053]
 [0.07060429 0.03079908]
 [0.10063854 0.08817798]
 [0.43968802 0.50107237]
 [0.25462674 0.19039567]
 [0.16641108 0.11749455]
 [1.28712756 1.5227054 ]] nu :  [0.05628215 0.07934543] k : [1.77830521 1.46044372 1.03960354] theta : [6.43256312 3.4704715 ] sigma : [2.9        1.85599824] zeta : [0.01011387 0.04444895] rho : 0.02 kappa : 0.5
      15             23         9.3050e-01      2.01e-05       9.57e-04       1.51e+04    
      16             24         9.3050e-01      6.42e-06       9.56e-04       1.92e+04    
fe :  [0.02608833 0.0068055 ] fo :  [0.01762453 0.0032406 ] delta :  [[0.16410811 0.10360555]
 [0.15002026 0.12099535]
 [0.14878746 0.10145397]
 [0.25736442 0.25328651]
 [0.2225464  0.19980913]
 [0.44901639 0.56001147]
 [0.07092293 0.03079891]
 [0.10077903 0.08828252]
 [0.43999416 0.50134179]
 [0.25484664 0.19055721]
 [0.16659154 0.11763883]
 [1.28746819 1.52288289]] nu :  [0.0562791  0.07933409] k : [1.77830521 1.46044372 1.03960354] theta : [6.43256312 3.4704715 ] sigma : [2.9        1.85599824] zeta : [0.01011387 0.04444895] rho : 0.02 kappa : 0.5
      17             25         9.3050e-01      2.54e-06       2.48e-04       6.30e+02    
      18             26         9.3049e-01      2.53e-06       2.59e-04       2.71e+03    
fe :  [0.02608291 0.00680273] fo :  [0.01762224 0.0032401 ] delta :  [[0.1641018  0.10360335]
 [0.15001655 0.12099155]
 [0.14878366 0.10157534]
 [0.2573901  0.25329986]
 [0.22256066 0.19981118]
 [0.44907793 0.5600521 ]
 [0.07096024 0.03079744]
 [0.10077638 0.08827971]
 [0.44005108 0.50138264]
 [0.25486569 0.19055241]
 [0.16659566 0.11763565]
 [1.28756742 1.52290552]] nu :  [0.05627602 0.07931797] k : [1.77830521 1.46044372 1.03960354] theta : [6.43256312 3.4704715 ] sigma : [2.9        1.85599824] zeta : [0.01011387 0.04444895] rho : 0.02 kappa : 0.5
      19             27         9.3049e-01      1.33e-06       2.99e-04       1.42e+03    
      20             28         9.3049e-01      4.59e-07       2.56e-04       1.64e+03    
fe :  [0.02608075 0.00680168] fo :  [0.01762149 0.00323993] delta :  [[0.16410398 0.10361289]
 [0.15003887 0.12099911]
 [0.14880765 0.10166041]
 [0.2574378  0.25334174]
 [0.22260306 0.19984272]
 [0.44917272 0.56012931]
 [0.07101013 0.03079816]
 [0.10079987 0.08828722]
 [0.44014302 0.50146083]
 [0.25491645 0.19058014]
 [0.16663002 0.11765661]
 [1.28769552 1.5229616 ]] nu :  [0.05627532 0.07931183] k : [1.77830521 1.46044372 1.03960354] theta : [6.43256312 3.4704715 ] sigma : [2.9        1.85599824] zeta : [0.01011387 0.04444895] rho : 0.02 kappa : 0.5
      21             29         9.3049e-01      1.17e-07       6.00e-05       1.79e+03    
      22             30         9.3049e-01      1.79e-07       1.51e-05       2.70e+02    
      23             31         9.3049e-01      3.74e-08       1.58e-05       6.14e+03    
fe :  [0.02608096 0.00680161] fo :  [0.01762293 0.00324107] delta :  [[0.16410507 0.10361693]
 [0.15004321 0.12100143]
 [0.14881167 0.1016689 ]
 [0.2574433  0.25334678]
 [0.22260813 0.19984696]
 [0.44918166 0.56013691]
 [0.07101547 0.03079878]
 [0.10080337 0.08828929]
 [0.44015167 0.50146843]
 [0.25492203 0.19058402]
 [0.16663437 0.11765993]
 [1.28770636 1.52296682]] nu :  [0.05627591 0.07931138] k : [1.77830521 1.46044372 1.03960354] theta : [6.43256312 3.4704715 ] sigma : [2.9        1.85599824] zeta : [0.01011387 0.04444895] rho : 0.02 kappa : 0.5
      24             35         9.3049e-01      6.96e-08       5.89e-06       3.44e+00    
`xtol` termination condition is satisfied.
Function evaluations 35, initial cost 1.4000e+01, final cost 9.3049e-01, first-order optimality 3.44e+00.
   Iteration     Total nfev        Cost      Cost reduction    Step norm     Optimality   
       0              1         9.3049e-01                                    1.11e-01    
fe :  [0.02566024 0.0065344 ] fo :  [0.01754877 0.00320934] delta :  [[0.16362175 0.10324954]
 [0.14903325 0.12006637]
 [0.14785628 0.10104814]
 [0.25581488 0.25150674]
 [0.22117668 0.19832761]
 [0.44659651 0.55640093]
 [0.07046445 0.03051519]
 [0.10007433 0.08757988]
 [0.4375964  0.4981421 ]
 [0.25332124 0.18920617]
 [0.16552055 0.11670442]
 [1.28300718 1.51645593]] nu :  [0.05623931 0.07815688] k : [1.77830521 1.46044372 1.03960354] theta : [6.43256312 3.4704715 ] sigma : [2.9        1.85599824] zeta : [0.01011387 0.04444895] rho : 0.02 kappa : 0.5
       1              8         9.3045e-01      4.37e-05       6.37e-02       3.53e+05    
       2              9         9.3042e-01      3.06e-05       2.24e-02       2.29e+04    
fe :  [0.02547208 0.00645983] fo :  [0.01739086 0.00307573] delta :  [[0.16466664 0.10376869]
 [0.15025923 0.12083721]
 [0.14943515 0.10273126]
 [0.25813893 0.25244887]
 [0.22329941 0.19922844]
 [0.45045203 0.55861309]
 [0.07144334 0.03173042]
 [0.10101487 0.0884048 ]
 [0.44116777 0.49999675]
 [0.25554714 0.18998383]
 [0.16725737 0.11761549]
 [1.29159873 1.51862457]] nu :  [0.056333   0.07764157] k : [1.77830521 1.46044372 1.03960354] theta : [6.43256312 3.4704715 ] sigma : [2.9        1.85599824] zeta : [0.01011387 0.04444895] rho : 0.02 kappa : 0.5
       3             10         9.3038e-01      3.63e-05       3.60e-03       1.77e+04    
       4             11         9.3037e-01      1.17e-05       9.52e-04       6.38e+02    
fe :  [0.02545358 0.0064477 ] fo :  [0.01738373 0.00307441] delta :  [[0.16465608 0.10395373]
 [0.15043403 0.12091452]
 [0.14942851 0.10272384]
 [0.2582745  0.25267023]
 [0.22342286 0.19941714]
 [0.45074759 0.55885825]
 [0.07143834 0.0317067 ]
 [0.10104571 0.08845973]
 [0.44139737 0.50017792]
 [0.25567708 0.1901021 ]
 [0.16730889 0.11774387]
 [1.2923707  1.51883299]] nu :  [0.05632734 0.07757365] k : [1.77830521 1.46044372 1.03960354] theta : [6.43256312 3.4704715 ] sigma : [2.9        1.85599824] zeta : [0.01011387 0.04444895] rho : 0.02 kappa : 0.5
       5             12         9.3036e-01      5.66e-06       1.29e-03       2.66e+02    
       6             13         9.3036e-01      6.40e-06       1.28e-03       4.49e+02    
fe :  [0.02542253 0.00642951] fo :  [0.01737317 0.00307077] delta :  [[0.16464866 0.10415076]
 [0.1506177  0.12103435]
 [0.1495021  0.10271917]
 [0.25845102 0.25306165]
 [0.22357164 0.19971407]
 [0.4513019  0.55945861]
 [0.07143771 0.03167353]
 [0.10104503 0.08856099]
 [0.44181325 0.50055315]
 [0.25583552 0.19028228]
 [0.16736771 0.11791305]
 [1.29372343 1.51934615]] nu :  [0.05632484 0.0774707 ] k : [1.77830521 1.46044372 1.03960354] theta : [6.43256312 3.4704715 ] sigma : [2.9        1.85599824] zeta : [0.01011387 0.04444895] rho : 0.02 kappa : 0.5
       7             14         9.3034e-01      1.21e-05       2.11e-03       3.40e+03    
       8             15         9.3034e-01      8.42e-06       2.36e-03       6.74e+03    
fe :  [0.02536507 0.00640102] fo :  [0.01735249 0.00306336] delta :  [[0.16467627 0.10426121]
 [0.15074178 0.1211101 ]
 [0.14956659 0.10271738]
 [0.25854262 0.25331203]
 [0.2236485  0.19985791]
 [0.4516265  0.56001187]
 [0.07151275 0.03162853]
 [0.10130321 0.08865477]
 [0.4421647  0.50093812]
 [0.25589873 0.19034566]
 [0.16736745 0.11791218]
 [1.29555818 1.52001953]] nu :  [0.05632626 0.07730494] k : [1.77830521 1.46044372 1.03960354] theta : [6.43256312 3.4704715 ] sigma : [2.9        1.85599824] zeta : [0.01011387 0.04444895] rho : 0.02 kappa : 0.5
       9             16         9.3033e-01      5.00e-06       2.80e-03       1.12e+03    
      10             17         9.3033e-01      1.67e-06       2.21e-03       1.38e+04    
      11             18         9.3033e-01      6.27e-07       5.35e-04       1.90e+03    
fe :  [0.02533585 0.00638803] fo :  [0.01734184 0.00305908] delta :  [[0.164742   0.10435962]
 [0.15099102 0.12127705]
 [0.1497884  0.10291255]
 [0.25882488 0.25371571]
 [0.22398476 0.20015019]
 [0.45208009 0.56052766]
 [0.07170309 0.03161298]
 [0.10154205 0.08893179]
 [0.442659   0.50146379]
 [0.25624582 0.19062601]
 [0.16762678 0.11812451]
 [1.29658304 1.52050876]] nu :  [0.05632695 0.0772263 ] k : [1.77830521 1.46044372 1.03960354] theta : [6.43256312 3.4704715 ] sigma : [2.9        1.85599824] zeta : [0.01011387 0.04444895] rho : 0.02 kappa : 0.5
      12             19         9.3033e-01      5.05e-07       1.44e-04       1.52e+03    
      13             22         9.3033e-01      2.88e-09       8.65e-06       5.51e+02    
`xtol` termination condition is satisfied.
Function evaluations 22, initial cost 9.3049e-01, final cost 9.3033e-01, first-order optimality 5.51e+02.
fe :  [0.02533577 0.00638799] fo :  [0.01734181 0.00305907] delta :  [[0.1647422  0.10436002]
 [0.15099368 0.12127764]
 [0.14978835 0.10291255]
 [0.25882555 0.25371673]
 [0.22398559 0.20015087]
 [0.45208137 0.56052913]
 [0.07170356 0.03161293]
 [0.10154253 0.08893232]
 [0.44266042 0.50146531]
 [0.25624676 0.19062674]
 [0.1676274  0.11812487]
 [1.29658619 1.52051025]] nu :  [0.05632695 0.07722607] k : [1.77830521 1.46044372 1.03960354] theta : [6.43256312 3.4704715 ] sigma : [2.9        1.85599824] zeta : [0.01011387 0.04444895] rho : 0.02 kappa : 0.5
   Iteration     Total nfev        Cost      Cost reduction    Step norm     Optimality   
       0              1         9.3033e-01                                    1.11e-01    
       1              8         9.3031e-01      1.81e-05       6.42e-02       3.71e+05    
fe :  [0.02468851 0.00609398] fo :  [0.01675345 0.00282452] delta :  [[0.16614567 0.1055458 ]
 [0.15187419 0.12053894]
 [0.15031472 0.10323737]
 [0.25974103 0.25358805]
 [0.22488666 0.20012914]
 [0.45337528 0.55971251]
 [0.07214092 0.03124538]
 [0.10208233 0.08931263]
 [0.44389021 0.50075967]
 [0.25718171 0.1904538 ]
 [0.16836824 0.11836459]
 [1.2984972  1.51721101]] nu :  [0.05634766 0.07581813] k : [1.77830521 1.46044372 1.03960354] theta : [6.43256312 3.4704715 ] sigma : [2.9        1.85599824] zeta : [0.01011387 0.04444895] rho : 0.02 kappa : 0.5
       2              9         9.3024e-01      7.07e-05       1.67e-02       1.69e+04    
       3             10         9.3021e-01      2.63e-05       3.65e-03       2.11e+04    
fe :  [0.02466765 0.00608642] fo :  [0.0166313  0.00275657] delta :  [[0.16674156 0.10634306]
 [0.15246193 0.12171839]
 [0.15089202 0.10384152]
 [0.26059758 0.25444863]
 [0.22569396 0.20089758]
 [0.45455741 0.560791  ]
 [0.07258738 0.0316746 ]
 [0.10261694 0.08987765]
 [0.44508359 0.50182107]
 [0.25808518 0.19125218]
 [0.16905621 0.11897697]
 [1.29993254 1.51802717]] nu :  [0.05634251 0.0757712 ] k : [1.77830521 1.46044372 1.03960354] theta : [6.43256312 3.4704715 ] sigma : [2.9        1.85599824] zeta : [0.01011387 0.04444895] rho : 0.02 kappa : 0.5
       4             11         9.3020e-01      8.76e-06       1.10e-03       7.83e+02    
       5             12         9.3020e-01      4.30e-06       1.37e-03       6.49e+02    
fe :  [0.02463563 0.00607254] fo :  [0.01662453 0.00275451] delta :  [[0.16673142 0.10635674]
 [0.15245463 0.12180682]
 [0.15088268 0.10383477]
 [0.26062486 0.25447184]
 [0.22570562 0.20089124]
 [0.45478981 0.56097206]
 [0.0725827  0.03167263]
 [0.10260969 0.08987003]
 [0.4453173  0.50198466]
 [0.25812298 0.19124676]
 [0.16904948 0.11896855]
 [1.30098786 1.51839715]] nu :  [0.05633709 0.07569849] k : [1.77830521 1.46044372 1.03960354] theta : [6.43256312 3.4704715 ] sigma : [2.9        1.85599824] zeta : [0.01011387 0.04444895] rho : 0.02 kappa : 0.5
       6             13         9.3020e-01      4.53e-06       1.21e-03       1.68e+03    
       7             14         9.3019e-01      4.41e-06       9.74e-04       3.07e+03    
       8             15         9.3019e-01      7.04e-07       2.93e-04       1.94e+03    
fe :  [0.02462494 0.00606784] fo :  [0.01662175 0.00275345] delta :  [[0.16680573 0.10651495]
 [0.15261348 0.12203801]
 [0.15102204 0.1039727 ]
 [0.26085142 0.25471437]
 [0.22591473 0.20109599]
 [0.4551416  0.56133142]
 [0.07269617 0.03177528]
 [0.10272617 0.0899755 ]
 [0.44566348 0.50232715]
 [0.25835079 0.19145605]
 [0.16921562 0.11908719]
 [1.30156595 1.51870765]] nu :  [0.05635793 0.07567366] k : [1.77830521 1.46044372 1.03960354] theta : [6.43256312 3.4704715 ] sigma : [2.9        1.85599824] zeta : [0.01011387 0.04444895] rho : 0.02 kappa : 0.5
       9             16         9.3019e-01      6.54e-07       2.30e-04       2.92e+04    
      10             17         9.3019e-01      2.37e-07       6.46e-05       1.13e+03    
fe :  [0.0246238  0.00606728] fo :  [0.01662145 0.00275334] delta :  [[0.16680705 0.10652366]
 [0.15262001 0.12205234]
 [0.15102404 0.10397429]
 [0.26086785 0.25473171]
 [0.22592915 0.2011089 ]
 [0.45517197 0.56136246]
 [0.07269613 0.03177524]
 [0.10272614 0.08997546]
 [0.44569312 0.50235649]
 [0.25836725 0.19146966]
 [0.16922343 0.11908717]
 [1.30162452 1.51873716]] nu :  [0.05635713 0.07567089] k : [1.77830521 1.46044372 1.03960354] theta : [6.43256312 3.4704715 ] sigma : [2.9        1.85599824] zeta : [0.01011387 0.04444895] rho : 0.02 kappa : 0.5
      11             18         9.3019e-01      1.60e-07       6.48e-05       9.33e-02    
      12             19         9.3019e-01      7.59e-08       1.90e-05       3.62e+02    
fe :  [0.02462348 0.00606713] fo :  [0.01662135 0.00275331] delta :  [[0.1668076  0.10652524]
 [0.1526216  0.12205467]
 [0.15102545 0.10397572]
 [0.26087034 0.25473431]
 [0.22593153 0.20111121]
 [0.45517543 0.56136587]
 [0.07269724 0.03177591]
 [0.10272741 0.0899766 ]
 [0.44569655 0.50235985]
 [0.2583698  0.19147208]
 [0.1692254  0.1190885 ]
 [1.30163016 1.51873974]] nu :  [0.05635686 0.07567011] k : [1.77830521 1.46044372 1.03960354] theta : [6.43256312 3.4704715 ] sigma : [2.9        1.85599824] zeta : [0.01011387 0.04444895] rho : 0.02 kappa : 0.5
      13             20         9.3019e-01      1.78e-08       1.49e-05       8.33e-02    
      14             21         9.3019e-01      1.15e-08       4.61e-06       9.27e-02    
`xtol` termination condition is satisfied.
Function evaluations 21, initial cost 9.3033e-01, final cost 9.3019e-01, first-order optimality 9.27e-02.
fe :  [0.02462343 0.0060671 ] fo :  [0.01662134 0.0027533 ] delta :  [[0.1668076  0.10652524]
 [0.15262159 0.12205471]
 [0.15102544 0.10397572]
 [0.26087037 0.25473438]
 [0.22593153 0.20111121]
 [0.45517607 0.56136656]
 [0.07269724 0.0317759 ]
 [0.1027274  0.08997659]
 [0.44569714 0.50236043]
 [0.2583698  0.19147208]
 [0.16922539 0.11908849]
 [1.30163222 1.51874062]] nu :  [0.05635682 0.07566998] k : [1.77830521 1.46044372 1.03960354] theta : [6.43256312 3.4704715 ] sigma : [2.9        1.85599824] zeta : [0.01011387 0.04444895] rho : 0.02 kappa : 0.5
   Iteration     Total nfev        Cost      Cost reduction    Step norm     Optimality   
       0              1         9.3019e-01                                    1.13e-01    
       1              8         9.3018e-01      7.62e-06       6.32e-02       3.83e+05    
fe :  [0.02379127 0.00563155] fo :  [0.01652555 0.00258566] delta :  [[0.16642271 0.10694523]
 [0.15155648 0.12109923]
 [0.15020673 0.10337402]
 [0.25929436 0.25273667]
 [0.22455513 0.19945177]
 [0.45312892 0.55731516]
 [0.07207138 0.03147905]
 [0.10195847 0.08924491]
 [0.44314201 0.49866658]
 [0.25680479 0.1899402 ]
 [0.16812085 0.11807506]
 [1.30202775 1.5124245 ]] nu :  [0.05639806 0.07397223] k : [1.77830521 1.46044372 1.03960354] theta : [6.43256312 3.4704715 ] sigma : [2.9        1.85599824] zeta : [0.01011387 0.04444895] rho : 0.02 kappa : 0.5
       2              9         9.3008e-01      9.96e-05       3.98e-02       2.70e+04    
       3             11         9.3007e-01      1.16e-05       3.78e-03       4.96e+04    
       4             12         9.3006e-01      1.13e-05       1.34e-03       8.17e+02    
fe :  [0.02375892 0.00562685] fo :  [0.01650252 0.00256405] delta :  [[0.16661253 0.10716221]
 [0.15211309 0.1215991 ]
 [0.15108443 0.10413323]
 [0.26055142 0.2535673 ]
 [0.22571781 0.2001932 ]
 [0.45471057 0.5584095 ]
 [0.07272465 0.03271548]
 [0.10250628 0.08994451]
 [0.44499107 0.49966079]
 [0.25809875 0.19055338]
 [0.16904979 0.11871044]
 [1.30410406 1.51342542]] nu :  [0.05638707 0.07383625] k : [1.77830521 1.46044372 1.03960354] theta : [6.43256312 3.4704715 ] sigma : [2.9        1.85599824] zeta : [0.01011387 0.04444895] rho : 0.02 kappa : 0.5
       5             13         9.3005e-01      8.60e-06       2.80e-03       1.98e+03    
       6             14         9.3004e-01      1.31e-05       2.52e-03       8.38e+02    
fe :  [0.02370684 0.0056018 ] fo :  [0.01640425 0.00255802] delta :  [[0.16692614 0.10725227]
 [0.15243453 0.12178373]
 [0.15108393 0.10426456]
 [0.2608117  0.25380456]
 [0.22595256 0.2004074 ]
 [0.4552305  0.55878915]
 [0.07271147 0.03264662]
 [0.10268706 0.09008409]
 [0.44556517 0.49999482]
 [0.25835966 0.19073368]
 [0.16922905 0.1188584 ]
 [1.30565308 1.51405132]] nu :  [0.0563917  0.07368734] k : [1.77830521 1.46044372 1.03960354] theta : [6.43256312 3.4704715 ] sigma : [2.9        1.85599824] zeta : [0.01011387 0.04444895] rho : 0.02 kappa : 0.5
       7             15         9.3003e-01      5.12e-06       3.54e-03       1.95e+03    
       8             16         9.3002e-01      1.37e-05       1.91e-03       1.23e+04    
fe :  [0.0236778  0.00559305] fo :  [0.01633153 0.0025549 ] delta :  [[0.16727101 0.10743232]
 [0.15278158 0.12223326]
 [0.1516936  0.10473416]
 [0.26148742 0.25451921]
 [0.22656115 0.20105991]
 [0.45621392 0.55980524]
 [0.07288027 0.0326255 ]
 [0.10305592 0.09051592]
 [0.44653324 0.5009203 ]
 [0.25901956 0.19134382]
 [0.16971377 0.11931988]
 [1.30699708 1.51487307]] nu :  [0.05639509 0.07361496] k : [1.77830521 1.46044372 1.03960354] theta : [6.43256312 3.4704715 ] sigma : [2.9        1.85599824] zeta : [0.01011387 0.04444895] rho : 0.02 kappa : 0.5
       9             17         9.3001e-01      6.35e-06       2.29e-03       2.32e+03    
      10             18         9.3001e-01      2.16e-06       8.55e-04       1.60e+03    
fe :  [0.02366848 0.00558862] fo :  [0.01632922 0.00255377] delta :  [[0.16732261 0.10748918]
 [0.15291459 0.12231598]
 [0.15174277 0.10481267]
 [0.2615816  0.25461445]
 [0.22665405 0.20115184]
 [0.45632249 0.55991369]
 [0.07298577 0.03261759]
 [0.1031366  0.09059545]
 [0.44664276 0.5010265 ]
 [0.25911589 0.19143663]
 [0.16980292 0.11940443]
 [1.30725309 1.51498303]] nu :  [0.05640206 0.07359018] k : [1.77830521 1.46044372 1.03960354] theta : [6.43256312 3.4704715 ] sigma : [2.9        1.85599824] zeta : [0.01011387 0.04444895] rho : 0.02 kappa : 0.5
      11             19         9.3001e-01      1.50e-06       4.60e-04       9.42e+03    
      12             20         9.3001e-01      7.07e-07       1.16e-04       8.50e+02    
fe :  [0.02366773 0.00558827] fo :  [0.01632896 0.00255364] delta :  [[0.16732941 0.10750494]
 [0.15294251 0.12233543]
 [0.15175349 0.10483107]
 [0.26160592 0.25463908]
 [0.22667785 0.20117534]
 [0.45635118 0.55994231]
 [0.07300884 0.03261699]
 [0.1031554  0.09061425]
 [0.44667169 0.50105456]
 [0.25914087 0.19146039]
 [0.16982522 0.11942522]
 [1.30728295 1.51500297]] nu :  [0.05640408 0.07358805] k : [1.77830521 1.46044372 1.03960354] theta : [6.43256312 3.4704715 ] sigma : [2.9        1.85599824] zeta : [0.01011387 0.04444895] rho : 0.02 kappa : 0.5
      13             21         9.3001e-01      1.26e-07       4.79e-05       3.02e+02    
      14             22         9.3001e-01      1.14e-07       5.17e-05       1.29e+02    
fe :  [0.02366672 0.00558782] fo :  [0.0163286  0.00255347] delta :  [[0.16732857 0.1075046 ]
 [0.15294242 0.12233505]
 [0.15175262 0.10483066]
 [0.2616054  0.25463859]
 [0.22667736 0.20117487]
 [0.45635091 0.55994217]
 [0.07300866 0.03261617]
 [0.10315501 0.0906139 ]
 [0.44667144 0.50105419]
 [0.25914038 0.19145995]
 [0.16982475 0.11942484]
 [1.30730395 1.51500907]] nu :  [0.05640363 0.07358524] k : [1.77830521 1.46044372 1.03960354] theta : [6.43256312 3.4704715 ] sigma : [2.9        1.85599824] zeta : [0.01011387 0.04444895] rho : 0.02 kappa : 0.5
      15             23         9.3001e-01      9.51e-08       5.05e-05       8.68e-02    
      16             24         9.3001e-01      1.05e-07       5.18e-05       8.71e-02    
      17             25         9.3001e-01      1.09e-07       5.22e-05       9.84e+01    
fe :  [0.0236652  0.00558716] fo :  [0.01632806 0.00255322] delta :  [[0.16732734 0.10750416]
 [0.15294365 0.1223345 ]
 [0.15175136 0.10483006]
 [0.26160468 0.25463791]
 [0.22667667 0.20117422]
 [0.45635241 0.55994414]
 [0.07300841 0.03261495]
 [0.10315446 0.09061341]
 [0.44667313 0.50105499]
 [0.25913971 0.19145934]
 [0.1698241  0.11942429]
 [1.30733698 1.51501959]] nu :  [0.05640306 0.07358103] k : [1.77830521 1.46044372 1.03960354] theta : [6.43256312 3.4704715 ] sigma : [2.9        1.85599824] zeta : [0.01011387 0.04444895] rho : 0.02 kappa : 0.5
      18             26         9.3001e-01      8.23e-08       4.94e-05       5.91e+02    
      19             27         9.3001e-01      1.14e-07       3.07e-05       5.45e+01    
fe :  [0.02366498 0.00558706] fo :  [0.01632799 0.00255318] delta :  [[0.16732732 0.10750711]
 [0.15295308 0.12233827]
 [0.15175133 0.10483287]
 [0.26161143 0.25464482]
 [0.22668302 0.20118028]
 [0.45636226 0.55995413]
 [0.07301399 0.03261479]
 [0.10315765 0.09061654]
 [0.44668311 0.50106456]
 [0.25914686 0.19146555]
 [0.16982938 0.11942846]
 [1.30734984 1.51502769]] nu :  [0.05640306 0.07358045] k : [1.77830521 1.46044372 1.03960354] theta : [6.43256312 3.4704715 ] sigma : [2.9        1.85599824] zeta : [0.01011387 0.04444895] rho : 0.02 kappa : 0.5
      20             28         9.3001e-01      4.25e-10       9.08e-06       2.55e+03    
      21             32         9.3001e-01      1.10e-07       2.83e-06       2.06e+00    
fe :  [0.02366498 0.00558706] fo :  [0.01632824 0.00255318] delta :  [[0.16732732 0.10750711]
 [0.15295309 0.12233827]
 [0.15175133 0.10483287]
 [0.26161144 0.25464482]
 [0.22668302 0.20118028]
 [0.45636226 0.55995414]
 [0.073014   0.03261479]
 [0.10315765 0.09061655]
 [0.44668311 0.50106456]
 [0.25914687 0.19146555]
 [0.16982939 0.11942846]
 [1.30734985 1.51502769]] nu :  [0.05640314 0.07358045] k : [1.77830521 1.46044372 1.03960354] theta : [6.43256312 3.4704715 ] sigma : [2.9        1.85599824] zeta : [0.01011387 0.04444895] rho : 0.02 kappa : 0.5
      22             33         9.3001e-01      2.66e-09       7.91e-08       1.56e+00    
`ftol` termination condition is satisfied.
Function evaluations 33, initial cost 9.3019e-01, final cost 9.3001e-01, first-order optimality 1.56e+00.
   Iteration     Total nfev        Cost      Cost reduction    Step norm     Optimality   
       0              1         9.3001e-01                                    1.27e-01    
fe :  [0.02357756 0.00554499] fo :  [0.01629434 0.00254434] delta :  [[0.16712391 0.10736902]
 [0.15269109 0.12211634]
 [0.15149577 0.10463515]
 [0.26115185 0.25418664]
 [0.22628088 0.20081102]
 [0.45558582 0.55898807]
 [0.07287768 0.03251576]
 [0.10296413 0.09044028]
 [0.44592096 0.50019125]
 [0.2586888  0.19111927]
 [0.16952093 0.11919941]
 [1.30581206 1.51337153]] nu :  [0.05635391 0.0733508 ] k : [1.77830521 1.46044372 1.03960354] theta : [6.43256312 3.4704715 ] sigma : [2.9        1.85599824] zeta : [0.01011387 0.04444895] rho : 0.02 kappa : 0.5
       1              9         9.3000e-01      3.77e-06       1.42e-02       1.34e+05    
       2             10         9.2998e-01      2.40e-05       3.79e-03       4.65e+04    
fe :  [0.02356502 0.00554096] fo :  [0.01616742 0.00245898] delta :  [[0.1677883  0.10837144]
 [0.1535572  0.12291206]
 [0.15219194 0.10545891]
 [0.26223718 0.2552742 ]
 [0.22730396 0.20181583]
 [0.4568845  0.56023472]
 [0.07340504 0.03251637]
 [0.10360612 0.09118183]
 [0.44721973 0.50141841]
 [0.25978413 0.19211774]
 [0.17041698 0.12002645]
 [1.3069702  1.51420185]] nu :  [0.05638192 0.07332876] k : [1.77830521 1.46044372 1.03960354] theta : [6.43256312 3.4704715 ] sigma : [2.9        1.85599824] zeta : [0.01011387 0.04444895] rho : 0.02 kappa : 0.5
       3             11         9.2997e-01      5.51e-06       9.47e-04       1.16e+04    
       4             12         9.2997e-01      1.61e-06       2.57e-04       7.31e+03    
       5             13         9.2997e-01      1.37e-06       3.79e-04       2.60e+03    
fe :  [0.02355729 0.00553952] fo :  [0.01616846 0.00245857] delta :  [[0.16778639 0.10837273]
 [0.15355399 0.12290891]
 [0.15218741 0.10545009]
 [0.26226286 0.25530517]
 [0.22732072 0.20183451]
 [0.45696128 0.56030565]
 [0.07340259 0.03251468]
 [0.10360276 0.09117902]
 [0.44729637 0.50148384]
 [0.25981353 0.19213195]
 [0.17041355 0.12002365]
 [1.30715483 1.51427301]] nu :  [0.05638111 0.07331101] k : [1.77830521 1.46044372 1.03960354] theta : [6.43256312 3.4704715 ] sigma : [2.9        1.85599824] zeta : [0.01011387 0.04444895] rho : 0.02 kappa : 0.5
       6             21         9.2997e-01      3.82e-08       1.48e-06       5.77e+02    
       7             22         9.2997e-01      8.52e-09       9.25e-07       8.34e-01    
`ftol` termination condition is satisfied.
Function evaluations 22, initial cost 9.3001e-01, final cost 9.2997e-01, first-order optimality 8.34e-01.
fe :  [0.02355729 0.00553951] fo :  [0.01616646 0.00245857] delta :  [[0.16778639 0.10837273]
 [0.15355399 0.12290891]
 [0.15218741 0.10545009]
 [0.26226286 0.25530517]
 [0.22732072 0.20183452]
 [0.45696128 0.56030565]
 [0.07340259 0.03251468]
 [0.10360276 0.09117902]
 [0.44729639 0.50148384]
 [0.25981353 0.19213195]
 [0.17041355 0.12002365]
 [1.30715484 1.51427301]] nu :  [0.05638112 0.07331101] k : [1.77830521 1.46044372 1.03960354] theta : [6.43256312 3.4704715 ] sigma : [2.9        1.85599824] zeta : [0.01011387 0.04444895] rho : 0.02 kappa : 0.5
   Iteration     Total nfev        Cost      Cost reduction    Step norm     Optimality   
       0              1         9.2997e-01                                    1.27e-01    
       1              9         9.2996e-01      6.32e-06       1.41e-02       1.33e+05    
fe :  [0.02345605 0.00549464] fo :  [0.01601829 0.00238612] delta :  [[0.16813921 0.10905656]
 [0.15392702 0.12331223]
 [0.15249822 0.10581421]
 [0.26266131 0.25571543]
 [0.22771384 0.20225194]
 [0.45728167 0.56038661]
 [0.07363758 0.03268349]
 [0.1038904  0.0915569 ]
 [0.44762377 0.50163632]
 [0.2602195  0.19255609]
 [0.17078414 0.12041588]
 [1.30664108 1.51333254]] nu :  [0.05633962 0.07306339] k : [1.77830521 1.46044372 1.03960354] theta : [6.43256312 3.4704715 ] sigma : [2.9        1.85599824] zeta : [0.01011387 0.04444895] rho : 0.02 kappa : 0.5
       2             10         9.2995e-01      1.34e-05       3.77e-03       4.65e+04    
       3             11         9.2995e-01      3.88e-06       9.41e-04       1.00e+04    
fe :  [0.02345138 0.00549302] fo :  [0.01601788 0.00237506] delta :  [[0.16826338 0.10919536]
 [0.15403433 0.12341791]
 [0.15260717 0.10596645]
 [0.26289426 0.25596116]
 [0.22791785 0.20245919]
 [0.45766456 0.56074817]
 [0.07370121 0.0327105 ]
 [0.10396762 0.09164474]
 [0.44800351 0.50198305]
 [0.26046169 0.19274361]
 [0.17092714 0.12054177]
 [1.30704028 1.51358879]] nu :  [0.05636658 0.0730511 ] k : [1.77830521 1.46044372 1.03960354] theta : [6.43256312 3.4704715 ] sigma : [2.9        1.85599824] zeta : [0.01011387 0.04444895] rho : 0.02 kappa : 0.5
       4             12         9.2995e-01      1.83e-06       2.48e-04       7.29e+02    
       5             13         9.2994e-01      1.31e-06       2.54e-04       2.55e+03    
fe :  [0.0234481  0.00549176] fo :  [0.01601746 0.00237489] delta :  [[0.16828684 0.10922399]
 [0.15404308 0.12342352]
 [0.15260923 0.10596619]
 [0.26296128 0.25604012]
 [0.22796794 0.20251401]
 [0.45783245 0.56090988]
 [0.07370076 0.03271018]
 [0.10396704 0.09164428]
 [0.44816886 0.50213435]
 [0.26053383 0.19278689]
 [0.17094235 0.12054939]
 [1.30725161 1.51371382]] nu :  [0.05636832 0.07304289] k : [1.77830521 1.46044372 1.03960354] theta : [6.43256312 3.4704715 ] sigma : [2.9        1.85599824] zeta : [0.01011387 0.04444895] rho : 0.02 kappa : 0.5
       6             14         9.2994e-01      1.05e-06       2.46e-04       3.77e+03    
       7             15         9.2994e-01      1.57e-07       6.51e-05       1.54e+03    
fe :  [0.02344756 0.00549152] fo :  [0.01601737 0.00237485] delta :  [[0.16829021 0.10922636]
 [0.15404404 0.12342463]
 [0.15261035 0.10596733]
 [0.26296975 0.25605076]
 [0.22797357 0.20252049]
 [0.45785816 0.56093496]
 [0.07370144 0.03271015]
 [0.10396776 0.09164503]
 [0.448194   0.50215749]
 [0.260543   0.1927914 ]
 [0.17094431 0.12055097]
 [1.307286   1.51373371]] nu :  [0.05637352 0.0730415 ] k : [1.77830521 1.46044372 1.03960354] theta : [6.43256312 3.4704715 ] sigma : [2.9        1.85599824] zeta : [0.01011387 0.04444895] rho : 0.02 kappa : 0.5
       8             16         9.2994e-01      1.48e-08       1.66e-05       9.09e-02    
       9             17         9.2994e-01      2.40e-08       5.16e-06       1.21e-01    
      10             18         9.2994e-01      9.02e-09       3.43e-06       9.60e-02    
fe :  [0.02344746 0.00549148] fo :  [0.01601735 0.00237484] delta :  [[0.16829013 0.10922628]
 [0.15404391 0.12342452]
 [0.1526102  0.10596722]
 [0.26296954 0.25605056]
 [0.22797339 0.20252031]
 [0.4578579  0.56093464]
 [0.07370136 0.03271011]
 [0.10396764 0.09164493]
 [0.44819374 0.50215719]
 [0.26054278 0.19279123]
 [0.17094415 0.12055084]
 [1.3072864  1.51373326]] nu :  [0.05637345 0.07304123] k : [1.77830521 1.46044372 1.03960354] theta : [6.43256312 3.4704715 ] sigma : [2.9        1.85599824] zeta : [0.01011387 0.04444895] rho : 0.02 kappa : 0.5
      11             19         9.2994e-01      4.93e-09       1.18e-06       9.89e-02    
`ftol` termination condition is satisfied.
Function evaluations 19, initial cost 9.2997e-01, final cost 9.2994e-01, first-order optimality 9.89e-02.
  [s_all] DONE  obj=1.3638  status=successful  nu_rest=0.0564 nu_pharma=0.0730  -> calibration_results_matched_economy/baseline_2002_variations/pre_trips_tries_newfee/s_all/

========================================================================
  label: c_base
  seed: 8.8
  fix_delta: True
  calib_parameters: ['delta', 'T', 'eta']
  delta_free_by_sector: [0, 12, 0]
  fe_free: 0
  fo_free: 0
  nu_free: 0
  moments: ['SPFLOW', 'DOMPATINUS', 'OUT', 'RD', 'RP', 'SRGDP', 'UUPCOSTS', 'RDPHARMACHEM']
  weights: {'SPFLOW': 1, 'DOMPATINUS': 1, 'OUT': 5, 'RD': 10, 'RP': 1, 'SRGDP': 1, 'UUPCOSTS': 1, 'RDPHARMACHEM': 1}
  r_hjort_recomputed_for_1992: True
  UUPCOSTS_target_newfee: [0.001161, 0.00047]
  nu_seed(rest,pharma): [0.06367, 0.11917]
  [c_base] initial solve: successful | obj=4.3835
fe :  [0.10322757 0.0360563 ] fo :  [0.05561134 0.01156073] delta :  [[0.08793932 0.08793932]
 [0.10601833 0.10601833]
 [0.11316564 0.11316564]
 [0.16194812 0.16194812]
 [0.17779985 0.17779985]
 [0.24150643 0.24150643]
 [0.07481053 0.07481053]
 [0.07801511 0.07801511]
 [0.24365702 0.24365702]
 [0.20480966 0.20480966]
 [0.18760604 0.18760604]
 [1.58447318 1.58447318]] nu :  [0.06367108 0.11917209] k : [1.2392668  1.30073864 1.04438013] theta : [5.9624753  3.42331145] sigma : [2.9        1.96935185] zeta : [0.00741939 0.04188144] rho : 0.02 kappa : 0.5
   Iteration     Total nfev        Cost      Cost reduction    Step norm     Optimality   
       0              1         9.6077e+00                                    6.67e+07    
       1              2         7.6775e+00      1.93e+00       3.42e-03       2.97e+07    
fe :  [0.10322757 0.0360563 ] fo :  [0.05561134 0.01156073] delta :  [[0.08793932 0.08793932]
 [0.10601833 0.10601833]
 [0.11316564 0.11316564]
 [0.16194812 0.16194812]
 [0.17779985 0.17779985]
 [0.24150643 0.24150643]
 [0.07481053 0.07481053]
 [0.07801511 0.07801511]
 [0.24365703 0.24365703]
 [0.20480966 0.20480966]
 [0.18760604 0.18760604]
 [1.58447318 1.58447318]] nu :  [0.06367108 0.11917209] k : [1.2392668  1.30073864 1.04438013] theta : [5.9624753  3.42331145] sigma : [2.9        1.96935185] zeta : [0.00741939 0.04188144] rho : 0.02 kappa : 0.5
       2              3         5.2276e+00      2.45e+00       9.32e-03       1.26e+07    
       3              4         3.8035e+00      1.42e+00       1.37e-02       4.84e+06    
       4              5         1.4633e+00      2.34e+00       7.52e+03       1.49e+06    
fe :  [0.10322757 0.0360563 ] fo :  [0.05561134 0.01156073] delta :  [[0.13376287 0.13376287]
 [0.147554   0.147554  ]
 [0.13881221 0.13881221]
 [0.28990659 0.28990659]
 [0.27041445 0.27041445]
 [0.56905658 0.56905658]
 [0.06679196 0.06679196]
 [0.11682554 0.11682554]
 [0.54687617 0.54687617]
 [0.30877584 0.30877584]
 [0.20455342 0.20455342]
 [1.79190853 1.79190853]] nu :  [0.06367108 0.11917209] k : [1.2392668  1.30073864 1.04438013] theta : [5.9624753  3.42331145] sigma : [2.9        1.96935185] zeta : [0.00741939 0.04188144] rho : 0.02 kappa : 0.5
       5              7         1.2470e+00      2.16e-01       3.29e+03       8.38e+05    
       6              8         1.1898e+00      5.73e-02       4.96e+02       7.51e+05    
       7              9         1.0230e+00      1.67e-01       1.71e+04       3.90e+05    
fe :  [0.10322757 0.0360563 ] fo :  [0.05561134 0.01156073] delta :  [[0.13422297 0.13422297]
 [0.13992486 0.13992486]
 [0.12588473 0.12588473]
 [0.27514074 0.27514074]
 [0.23470145 0.23470145]
 [0.56628277 0.56628277]
 [0.04921801 0.04921801]
 [0.09790981 0.09790981]
 [0.53288668 0.53288668]
 [0.26807165 0.26807165]
 [0.16732842 0.16732842]
 [1.58307065 1.58307065]] nu :  [0.06367108 0.11917209] k : [1.2392668  1.30073864 1.04438013] theta : [5.9624753  3.42331145] sigma : [2.9        1.96935185] zeta : [0.00741939 0.04188144] rho : 0.02 kappa : 0.5
       8             10         9.9282e-01      3.02e-02       4.91e+02       8.20e+05    
       9             14         9.8173e-01      1.11e-02       2.07e+02       1.42e+06    
fe :  [0.10322757 0.0360563 ] fo :  [0.05561134 0.01156073] delta :  [[0.13371913 0.13371913]
 [0.13774454 0.13774454]
 [0.12424171 0.12424171]
 [0.26958626 0.26958626]
 [0.229013   0.229013  ]
 [0.55806477 0.55806477]
 [0.04775311 0.04775311]
 [0.09564752 0.09564752]
 [0.52607281 0.52607281]
 [0.27115372 0.27115372]
 [0.16369186 0.16369186]
 [1.57706734 1.57706734]] nu :  [0.06367108 0.11917209] k : [1.2392668  1.30073864 1.04438013] theta : [5.9624753  3.42331145] sigma : [2.9        1.96935185] zeta : [0.00741939 0.04188144] rho : 0.02 kappa : 0.5
      10             15         9.7282e-01      8.92e-03       4.50e+02       9.42e+05    
      11             17         9.7223e-01      5.84e-04       4.12e-01       1.84e+06    
      12             18         9.6915e-01      3.08e-03       9.93e-02       7.67e+04    
fe :  [0.10322757 0.0360563 ] fo :  [0.05561134 0.01156073] delta :  [[0.13617652 0.13617652]
 [0.14475996 0.14475996]
 [0.13036342 0.13036342]
 [0.28079162 0.28079162]
 [0.23977043 0.23977043]
 [0.57852343 0.57852343]
 [0.0522944  0.0522944 ]
 [0.10163033 0.10163033]
 [0.54680237 0.54680237]
 [0.2695821  0.2695821 ]
 [0.17243273 0.17243273]
 [1.63899259 1.63899259]] nu :  [0.06367108 0.11917209] k : [1.2392668  1.30073864 1.04438013] theta : [5.9624753  3.42331145] sigma : [2.9        1.96935185] zeta : [0.00741939 0.04188144] rho : 0.02 kappa : 0.5
      13             24         9.6914e-01      1.51e-05       1.83e-04       1.14e-02    
      14             25         9.6913e-01      8.61e-06       7.04e-04       9.43e+02    
      15             26         9.6912e-01      1.40e-05       6.82e-04       1.78e+03    
      16             35         9.6912e-01      0.00e+00       0.00e+00       1.78e+03    
`xtol` termination condition is satisfied.
Function evaluations 35, initial cost 9.6077e+00, final cost 9.6912e-01, first-order optimality 1.78e+03.
fe :  [0.10322757 0.0360563 ] fo :  [0.05561134 0.01156073] delta :  [[0.13610995 0.13610995]
 [0.14466804 0.14466804]
 [0.13026952 0.13026952]
 [0.28063388 0.28063388]
 [0.23961154 0.23961154]
 [0.57815369 0.57815369]
 [0.05221192 0.05221192]
 [0.10155558 0.10155558]
 [0.54650095 0.54650095]
 [0.26941685 0.26941685]
 [0.17234326 0.17234326]
 [1.63844526 1.63844526]] nu :  [0.06367108 0.11917209] k : [1.2392668  1.30073864 1.04438013] theta : [5.9624753  3.42331145] sigma : [2.9        1.96935185] zeta : [0.00741939 0.04188144] rho : 0.02 kappa : 0.5
   Iteration     Total nfev        Cost      Cost reduction    Step norm     Optimality   
       0              1         9.6912e-01                                    1.69e+03    
       1             19         9.6912e-01      1.43e-08       4.28e-06       6.75e-03    
`xtol` termination condition is satisfied.
Function evaluations 19, initial cost 9.6912e-01, final cost 9.6912e-01, first-order optimality 6.75e-03.
fe :  [0.10322757 0.0360563 ] fo :  [0.05561134 0.01156073] delta :  [[0.13610995 0.13610995]
 [0.14466804 0.14466804]
 [0.13026952 0.13026952]
 [0.28063388 0.28063388]
 [0.23961154 0.23961154]
 [0.57815369 0.57815369]
 [0.05221192 0.05221192]
 [0.10155558 0.10155558]
 [0.54650095 0.54650095]
 [0.26941685 0.26941685]
 [0.17234326 0.17234326]
 [1.63844526 1.63844526]] nu :  [0.06367108 0.11917209] k : [1.2392668  1.30073864 1.04438013] theta : [5.9624753  3.42331145] sigma : [2.9        1.96935185] zeta : [0.00741939 0.04188144] rho : 0.02 kappa : 0.5
   Iteration     Total nfev        Cost      Cost reduction    Step norm     Optimality   
       0              1         9.6912e-01                                    5.02e-03    
       1              3         9.6597e-01      3.15e-03       1.27e+04       4.98e+05    
       2              8         9.6488e-01      1.09e-03       6.74e+01       6.73e+05    
fe :  [0.10322757 0.0360563 ] fo :  [0.05561134 0.01156073] delta :  [[0.13514973 0.13514973]
 [0.14167331 0.14167331]
 [0.12730197 0.12730197]
 [0.27560845 0.27560845]
 [0.23501784 0.23501784]
 [0.56877319 0.56877319]
 [0.05068873 0.05068873]
 [0.09907331 0.09907331]
 [0.53715722 0.53715722]
 [0.26463383 0.26463383]
 [0.16915801 0.16915801]
 [1.61249467 1.61249467]] nu :  [0.06367108 0.11917209] k : [1.2392668  1.30073864 1.04438013] theta : [5.9624753  3.42331145] sigma : [2.9        1.96935185] zeta : [0.00741939 0.04188144] rho : 0.02 kappa : 0.5
       3              9         9.6427e-01      6.11e-04       9.18e+01       7.87e+05    
       4             13         9.6393e-01      3.39e-04       1.52e-01       8.16e+04    
       5             15         9.6392e-01      6.63e-06       6.96e-03       1.60e+04    
fe :  [0.10322757 0.0360563 ] fo :  [0.05561134 0.01156073] delta :  [[0.1347132  0.1347132 ]
 [0.13977851 0.13977851]
 [0.12552079 0.12552079]
 [0.27276176 0.27276176]
 [0.23259752 0.23259752]
 [0.56304551 0.56304551]
 [0.04956801 0.04956801]
 [0.09773519 0.09773519]
 [0.53216422 0.53216422]
 [0.26164591 0.26164591]
 [0.1669459  0.1669459 ]
 [1.59204279 1.59204279]] nu :  [0.06367108 0.11917209] k : [1.2392668  1.30073864 1.04438013] theta : [5.9624753  3.42331145] sigma : [2.9        1.96935185] zeta : [0.00741939 0.04188144] rho : 0.02 kappa : 0.5
       6             16         9.6391e-01      1.12e-05       1.70e-03       6.59e+03    
       7             19         9.6391e-01      5.14e-08       1.52e-04       2.31e+03    
fe :  [0.10322757 0.0360563 ] fo :  [0.05561134 0.01156073] delta :  [[0.13471245 0.13471245]
 [0.13981896 0.13981896]
 [0.12557478 0.12557478]
 [0.2728023  0.2728023 ]
 [0.2326419  0.2326419 ]
 [0.56309313 0.56309313]
 [0.0496066  0.0496066 ]
 [0.09775644 0.09775644]
 [0.53220773 0.53220773]
 [0.26170651 0.26170651]
 [0.16699445 0.16699445]
 [1.5920767  1.5920767 ]] nu :  [0.06367108 0.11917209] k : [1.2392668  1.30073864 1.04438013] theta : [5.9624753  3.42331145] sigma : [2.9        1.96935185] zeta : [0.00741939 0.04188144] rho : 0.02 kappa : 0.5
       8             20         9.6391e-01      1.69e-07       2.88e-05       1.31e+02    
       9             21         9.6391e-01      1.73e-07       2.95e-05       3.25e-02    
      10             22         9.6391e-01      1.14e-07       2.69e-05       1.65e+01    
fe :  [0.10322757 0.0360563 ] fo :  [0.05561134 0.01156073] delta :  [[0.13470981 0.13470981]
 [0.139829   0.139829  ]
 [0.12560181 0.12560181]
 [0.27281295 0.27281295]
 [0.23265873 0.23265873]
 [0.56312001 0.56312001]
 [0.04961396 0.04961396]
 [0.09775585 0.09775585]
 [0.53222521 0.53222521]
 [0.26175631 0.26175631]
 [0.16701789 0.16701789]
 [1.59210766 1.59210766]] nu :  [0.06367108 0.11917209] k : [1.2392668  1.30073864 1.04438013] theta : [5.9624753  3.42331145] sigma : [2.9        1.96935185] zeta : [0.00741939 0.04188144] rho : 0.02 kappa : 0.5
      11             23         9.6391e-01      9.39e-08       2.82e-05       1.53e+02    
      12             24         9.6391e-01      7.70e-08       2.69e-05       5.60e+02    
      13             25         9.6391e-01      1.49e-07       2.96e-05       1.68e+02    
fe :  [0.10322757 0.0360563 ] fo :  [0.05561134 0.01156073] delta :  [[0.13470674 0.13470674]
 [0.1398408  0.1398408 ]
 [0.12561935 0.12561935]
 [0.27282602 0.27282602]
 [0.23267502 0.23267502]
 [0.56314095 0.56314095]
 [0.04962368 0.04962368]
 [0.09775512 0.09775512]
 [0.53224178 0.53224178]
 [0.26179915 0.26179915]
 [0.16703674 0.16703674]
 [1.59213711 1.59213711]] nu :  [0.06367108 0.11917209] k : [1.2392668  1.30073864 1.04438013] theta : [5.9624753  3.42331145] sigma : [2.9        1.96935185] zeta : [0.00741939 0.04188144] rho : 0.02 kappa : 0.5
      14             26         9.6391e-01      8.46e-08       2.88e-05       4.69e+02    
      15             27         9.6391e-01      1.11e-07       2.93e-05       2.91e+02    
fe :  [0.10322757 0.0360563 ] fo :  [0.05561134 0.01156073] delta :  [[0.1347059  0.1347059 ]
 [0.13985485 0.13985485]
 [0.12563688 0.12563688]
 [0.27284106 0.27284106]
 [0.2326925  0.2326925 ]
 [0.56316241 0.56316241]
 [0.04963435 0.04963435]
 [0.09775503 0.09775503]
 [0.53225966 0.53225966]
 [0.26182787 0.26182787]
 [0.16705583 0.16705583]
 [1.59215545 1.59215545]] nu :  [0.06367108 0.11917209] k : [1.2392668  1.30073864 1.04438013] theta : [5.9624753  3.42331145] sigma : [2.9        1.96935185] zeta : [0.00741939 0.04188144] rho : 0.02 kappa : 0.5
      16             28         9.6391e-01      1.39e-07       2.96e-05       8.63e+02    
      17             30         9.6391e-01      6.53e-09       7.38e-06       8.31e+02    
`xtol` termination condition is satisfied.
Function evaluations 30, initial cost 9.6912e-01, final cost 9.6391e-01, first-order optimality 8.31e+02.
   Iteration     Total nfev        Cost      Cost reduction    Step norm     Optimality   
       0              1         9.6391e-01                                    3.07e+02    
fe :  [0.10322757 0.0360563 ] fo :  [0.05561134 0.01156073] delta :  [[0.1347062  0.1347062 ]
 [0.13985659 0.13985659]
 [0.12563914 0.12563914]
 [0.27284307 0.27284307]
 [0.2326948  0.2326948 ]
 [0.56316521 0.56316521]
 [0.04963576 0.04963576]
 [0.09775502 0.09775502]
 [0.53226205 0.53226205]
 [0.26183155 0.26183155]
 [0.16705834 0.16705834]
 [1.5921578  1.5921578 ]] nu :  [0.06367108 0.11917209] k : [1.2392668  1.30073864 1.04438013] theta : [5.9624753  3.42331145] sigma : [2.9        1.96935185] zeta : [0.00741939 0.04188144] rho : 0.02 kappa : 0.5
       1             19         9.6391e-01      3.86e-09       4.95e-07       6.04e+02    
`ftol` termination condition is satisfied.
Function evaluations 19, initial cost 9.6391e-01, final cost 9.6391e-01, first-order optimality 6.04e+02.
   Iteration     Total nfev        Cost      Cost reduction    Step norm     Optimality   
       0              1         9.6391e-01                                    1.41e+00    
fe :  [0.10322757 0.0360563 ] fo :  [0.05561134 0.01156073] delta :  [[0.13470659 0.13470659]
 [0.13985662 0.13985662]
 [0.12563921 0.12563921]
 [0.27284312 0.27284312]
 [0.23269487 0.23269487]
 [0.56316532 0.56316532]
 [0.04963575 0.04963575]
 [0.09775502 0.09775502]
 [0.53226212 0.53226212]
 [0.26183172 0.26183172]
 [0.16705842 0.16705842]
 [1.59215792 1.59215792]] nu :  [0.06367108 0.11917209] k : [1.2392668  1.30073864 1.04438013] theta : [5.9624753  3.42331145] sigma : [2.9        1.96935185] zeta : [0.00741939 0.04188144] rho : 0.02 kappa : 0.5
       1             19         9.6391e-01      2.82e-09       4.87e-07       5.94e+02    
`ftol` termination condition is satisfied.
Function evaluations 19, initial cost 9.6391e-01, final cost 9.6391e-01, first-order optimality 5.94e+02.
   Iteration     Total nfev        Cost      Cost reduction    Step norm     Optimality   
       0              1         9.6391e-01                                    3.87e-02    
       1             18         9.6391e-01      1.96e-11       1.91e-06       7.19e-02    
fe :  [0.10322757 0.0360563 ] fo :  [0.05561134 0.01156073] delta :  [[0.13470653 0.13470653]
 [0.13985681 0.13985681]
 [0.12563963 0.12563963]
 [0.27284342 0.27284342]
 [0.23269532 0.23269532]
 [0.56316604 0.56316604]
 [0.04963576 0.04963576]
 [0.09775501 0.09775501]
 [0.53226263 0.53226263]
 [0.26183287 0.26183287]
 [0.16705896 0.16705896]
 [1.59215872 1.59215872]] nu :  [0.06367108 0.11917209] k : [1.2392668  1.30073864 1.04438013] theta : [5.9624753  3.42331145] sigma : [2.9        1.96935185] zeta : [0.00741939 0.04188144] rho : 0.02 kappa : 0.5
       2             22         9.6391e-01      2.47e-11       7.43e-09       2.03e+02    
`ftol` termination condition is satisfied.
Function evaluations 22, initial cost 9.6391e-01, final cost 9.6391e-01, first-order optimality 2.03e+02.
  [c_base] DONE  obj=1.3885  status=successful  nu_rest=0.0637 nu_pharma=0.1192  -> calibration_results_matched_economy/baseline_2002_variations/pre_trips_tries_newfee/c_base/

========================================================================
  label: c_fefo
  seed: 8.8
  fix_delta: True
  calib_parameters: ['delta', 'T', 'eta', 'fe', 'fo']
  delta_free_by_sector: [0, 12, 0]
  fe_free: 2
  fo_free: 2
  nu_free: 0
  moments: ['SPFLOW', 'DOMPATINUS', 'OUT', 'RD', 'RP', 'SRGDP', 'UUPCOSTS', 'RDPHARMACHEM']
  weights: {'SPFLOW': 1, 'DOMPATINUS': 1, 'OUT': 5, 'RD': 10, 'RP': 1, 'SRGDP': 1, 'UUPCOSTS': 1, 'RDPHARMACHEM': 1}
  r_hjort_recomputed_for_1992: True
  UUPCOSTS_target_newfee: [0.001161, 0.00047]
  nu_seed(rest,pharma): [0.06367, 0.11917]
  [c_fefo] initial solve: successful | obj=4.3835
fe :  [0.10322757 0.0360563 ] fo :  [0.05561134 0.01156073] delta :  [[0.08793932 0.08793932]
 [0.10601833 0.10601833]
 [0.11316564 0.11316564]
 [0.16194812 0.16194812]
 [0.17779985 0.17779985]
 [0.24150643 0.24150643]
 [0.07481053 0.07481053]
 [0.07801511 0.07801511]
 [0.24365702 0.24365702]
 [0.20480966 0.20480966]
 [0.18760604 0.18760604]
 [1.58447318 1.58447318]] nu :  [0.06367108 0.11917209] k : [1.2392668  1.30073864 1.04438013] theta : [5.9624753  3.42331145] sigma : [2.9        1.96935185] zeta : [0.00741939 0.04188144] rho : 0.02 kappa : 0.5
   Iteration     Total nfev        Cost      Cost reduction    Step norm     Optimality   
       0              1         9.6077e+00                                    6.67e+07    
       1              2         7.6775e+00      1.93e+00       3.42e-03       2.97e+07    
fe :  [0.10322796 0.0360563 ] fo :  [0.05561134 0.01156073] delta :  [[0.08793932 0.08793932]
 [0.10601833 0.10601833]
 [0.11316564 0.11316564]
 [0.16194812 0.16194812]
 [0.17779985 0.17779985]
 [0.24150643 0.24150643]
 [0.07481053 0.07481053]
 [0.07801511 0.07801511]
 [0.24365703 0.24365703]
 [0.20480966 0.20480966]
 [0.18760604 0.18760604]
 [1.58447318 1.58447318]] nu :  [0.06367108 0.11917209] k : [1.2392668  1.30073864 1.04438013] theta : [5.9624753  3.42331145] sigma : [2.9        1.96935185] zeta : [0.00741939 0.04188144] rho : 0.02 kappa : 0.5
       2              3         5.2276e+00      2.45e+00       9.32e-03       1.26e+07    
       3              4         3.8035e+00      1.42e+00       1.37e-02       4.84e+06    
       4              5         1.5666e+00      2.24e+00       8.25e+03       8.62e+05    
fe :  [0.17165104 0.0858419 ] fo :  [0.03396623 0.01234784] delta :  [[0.14266093 0.14266093]
 [0.15126051 0.15126051]
 [0.13540307 0.13540307]
 [0.27806574 0.27806574]
 [0.27040598 0.27040598]
 [0.51409484 0.51409484]
 [0.07092277 0.07092277]
 [0.11821414 0.11821414]
 [0.50109819 0.50109819]
 [0.31718786 0.31718786]
 [0.20831699 0.20831699]
 [1.83903017 1.83903017]] nu :  [0.06367108 0.11917209] k : [1.2392668  1.30073864 1.04438013] theta : [5.9624753  3.42331145] sigma : [2.9        1.96935185] zeta : [0.00741939 0.04188144] rho : 0.02 kappa : 0.5
       5              6         1.5516e+00      1.49e-02       5.45e+03       8.89e+05    
       6              7         1.4976e+00      5.40e-02       4.35e+03       1.37e+05    
fe :  [0.16712931 0.0825832 ] fo :  [0.03625729 0.01212994] delta :  [[0.1427968  0.1427968 ]
 [0.15279018 0.15279018]
 [0.13648432 0.13648432]
 [0.28030085 0.28030085]
 [0.26973057 0.26973057]
 [0.52262589 0.52262589]
 [0.07039057 0.07039057]
 [0.11846827 0.11846827]
 [0.50859412 0.50859412]
 [0.3171712  0.3171712 ]
 [0.20801397 0.20801397]
 [1.83577428 1.83577428]] nu :  [0.06367108 0.11917209] k : [1.2392668  1.30073864 1.04438013] theta : [5.9624753  3.42331145] sigma : [2.9        1.96935185] zeta : [0.00741939 0.04188144] rho : 0.02 kappa : 0.5
       7              8         1.4774e+00      2.02e-02       5.69e+02       1.33e+05    
       8             10         1.1623e+00      3.15e-01       7.97e+03       1.83e+07    
       9             11         1.0194e+00      1.43e-01       1.45e+04       1.39e+06    
fe :  [0.07979255 0.02717427] fo :  [0.03657928 0.00648934] delta :  [[0.1498448  0.1498448 ]
 [0.16049595 0.16049595]
 [0.14009555 0.14009555]
 [0.29580315 0.29580315]
 [0.25293714 0.25293714]
 [0.61147097 0.61147097]
 [0.05961162 0.05961162]
 [0.10778886 0.10778886]
 [0.57863067 0.57863067]
 [0.30043079 0.30043079]
 [0.18611333 0.18611333]
 [1.70711306 1.70711306]] nu :  [0.06367108 0.11917209] k : [1.2392668  1.30073864 1.04438013] theta : [5.9624753  3.42331145] sigma : [2.9        1.96935185] zeta : [0.00741939 0.04188144] rho : 0.02 kappa : 0.5
      10             12         9.9946e-01      2.00e-02       8.91e+02       9.04e+05    
      11             14         9.9304e-01      6.41e-03       8.96e+02       2.05e+07    
fe :  [0.08203078 0.02569812] fo :  [0.04835732 0.00596285] delta :  [[0.13825251 0.13825251]
 [0.136177   0.136177  ]
 [0.12527529 0.12527529]
 [0.26956189 0.26956189]
 [0.22997987 0.22997987]
 [0.55727644 0.55727644]
 [0.04882761 0.04882761]
 [0.09652448 0.09652448]
 [0.52710404 0.52710404]
 [0.26515573 0.26515573]
 [0.16423492 0.16423492]
 [1.57353021 1.57353021]] nu :  [0.06367108 0.11917209] k : [1.2392668  1.30073864 1.04438013] theta : [5.9624753  3.42331145] sigma : [2.9        1.96935185] zeta : [0.00741939 0.04188144] rho : 0.02 kappa : 0.5
      12             15         9.8620e-01      6.85e-03       1.59e+02       5.05e+06    
      13             17         9.8021e-01      5.98e-03       2.78e-01       5.44e+05    
      14             18         9.7858e-01      1.63e-03       5.16e-02       1.00e+05    
fe :  [0.06789922 0.02248191] fo :  [0.02632536 0.00145653] delta :  [[0.16710092 0.16710092]
 [0.17619983 0.17619983]
 [0.15605253 0.15605253]
 [0.32081311 0.32081311]
 [0.27566242 0.27566242]
 [0.65426268 0.65426268]
 [0.06826123 0.06826123]
 [0.12204165 0.12204165]
 [0.61728442 0.61728442]
 [0.3097388  0.3097388 ]
 [0.20125949 0.20125949]
 [1.8254259  1.8254259 ]] nu :  [0.06367108 0.11917209] k : [1.2392668  1.30073864 1.04438013] theta : [5.9624753  3.42331145] sigma : [2.9        1.96935185] zeta : [0.00741939 0.04188144] rho : 0.02 kappa : 0.5
      15             19         9.7755e-01      1.03e-03       7.39e-03       2.74e+04    
      16             20         9.7654e-01      1.01e-03       3.64e-02       2.24e+04    
      17             21         9.7571e-01      8.25e-04       2.91e-02       1.83e+04    
fe :  [0.05860328 0.01848523] fo :  [0.02346269 0.00231906] delta :  [[0.16730067 0.16730067]
 [0.16678362 0.16678362]
 [0.1513935  0.1513935 ]
 [0.31469372 0.31469372]
 [0.27021173 0.27021173]
 [0.63935378 0.63935378]
 [0.06516492 0.06516492]
 [0.11885673 0.11885673]
 [0.60356236 0.60356236]
 [0.30214533 0.30214533]
 [0.19691022 0.19691022]
 [1.79177894 1.79177894]] nu :  [0.06367108 0.11917209] k : [1.2392668  1.30073864 1.04438013] theta : [5.9624753  3.42331145] sigma : [2.9        1.96935185] zeta : [0.00741939 0.04188144] rho : 0.02 kappa : 0.5
      18             22         9.7444e-01      1.27e-03       7.39e-02       3.04e+04    
      19             23         9.7333e-01      1.11e-03       2.47e-01       3.77e+05    
fe :  [0.05057293 0.01540851] fo :  [0.02351721 0.00257715] delta :  [[0.16432525 0.16432525]
 [0.16351349 0.16351349]
 [0.14874821 0.14874821]
 [0.31060892 0.31060892]
 [0.26714951 0.26714951]
 [0.62888398 0.62888398]
 [0.0638149  0.0638149 ]
 [0.11762188 0.11762188]
 [0.59431409 0.59431409]
 [0.29828426 0.29828426]
 [0.19442862 0.19442862]
 [1.75241947 1.75241947]] nu :  [0.06367108 0.11917209] k : [1.2392668  1.30073864 1.04438013] theta : [5.9624753  3.42331145] sigma : [2.9        1.96935185] zeta : [0.00741939 0.04188144] rho : 0.02 kappa : 0.5
      20             26         9.7330e-01      3.13e-05       1.37e-02       6.53e+04    
      21             28         9.7329e-01      9.48e-06       8.63e-04       3.70e+03    
      22             29         9.7329e-01      1.16e-06       1.93e-04       2.93e+03    
fe :  [0.05055729 0.01540131] fo :  [0.02351136 0.00260178] delta :  [[0.16450825 0.16450825]
 [0.16367865 0.16367865]
 [0.1489253  0.1489253 ]
 [0.31090718 0.31090718]
 [0.26742028 0.26742028]
 [0.62943457 0.62943457]
 [0.06393968 0.06393968]
 [0.11759936 0.11759936]
 [0.59481161 0.59481161]
 [0.29853138 0.29853138]
 [0.19463431 0.19463431]
 [1.75273262 1.75273262]] nu :  [0.06367108 0.11917209] k : [1.2392668  1.30073864 1.04438013] theta : [5.9624753  3.42331145] sigma : [2.9        1.96935185] zeta : [0.00741939 0.04188144] rho : 0.02 kappa : 0.5
      23             30         9.7329e-01      1.78e-06       1.55e-04       2.70e+03    
      24             31         9.7329e-01      1.42e-06       4.68e-04       2.47e+03    
fe :  [0.05055139 0.01540006] fo :  [0.02350878 0.00269389] delta :  [[0.16453728 0.16453728]
 [0.16375836 0.16375836]
 [0.14902539 0.14902539]
 [0.31104836 0.31104836]
 [0.26755492 0.26755492]
 [0.62963697 0.62963697]
 [0.0640137  0.0640137 ]
 [0.11759273 0.11759273]
 [0.59500464 0.59500464]
 [0.29866406 0.29866406]
 [0.19474881 0.19474881]
 [1.75284058 1.75284058]] nu :  [0.06367108 0.11917209] k : [1.2392668  1.30073864 1.04438013] theta : [5.9624753  3.42331145] sigma : [2.9        1.96935185] zeta : [0.00741939 0.04188144] rho : 0.02 kappa : 0.5
      25             32         9.7329e-01      7.45e-07       8.58e-05       1.54e+03    
      26             35         9.7329e-01      0.00e+00       0.00e+00       1.54e+03    
`xtol` termination condition is satisfied.
Function evaluations 35, initial cost 9.6077e+00, final cost 9.7329e-01, first-order optimality 1.54e+03.
   Iteration     Total nfev        Cost      Cost reduction    Step norm     Optimality   
       0              1         9.7329e-01                                    9.32e+02    
       1              6         9.7287e-01      4.17e-04       2.86e-01       4.58e+04    
fe :  [0.03468378 0.00997847] fo :  [0.01704784 0.00160857] delta :  [[0.1731816  0.1731816 ]
 [0.17259224 0.17259224]
 [0.1573057  0.1573057 ]
 [0.32482539 0.32482539]
 [0.27989454 0.27989454]
 [0.65536397 0.65536397]
 [0.06934728 0.06934728]
 [0.12509232 0.12509232]
 [0.61917619 0.61917619]
 [0.31165102 0.31165102]
 [0.2048271  0.2048271 ]
 [1.81799198 1.81799198]] nu :  [0.06367108 0.11917209] k : [1.2392668  1.30073864 1.04438013] theta : [5.9624753  3.42331145] sigma : [2.9        1.96935185] zeta : [0.00741939 0.04188144] rho : 0.02 kappa : 0.5
       2              7         9.7278e-01      9.15e-05       3.16e-01       9.57e+04    
       3              8         9.7273e-01      4.36e-05       3.47e-02       1.22e+05    
       4              9         9.7269e-01      4.84e-05       8.42e-03       8.94e+03    
fe :  [0.03245544 0.00930047] fo :  [0.0149165  0.00160048] delta :  [[0.17883778 0.17883778]
 [0.17663807 0.17663807]
 [0.16143354 0.16143354]
 [0.3316339  0.3316339 ]
 [0.28565828 0.28565828]
 [0.66847859 0.66847859]
 [0.07198558 0.07198558]
 [0.12774283 0.12774283]
 [0.63140615 0.63140615]
 [0.3185088  0.3185088 ]
 [0.20924381 0.20924381]
 [1.84466368 1.84466368]] nu :  [0.06367108 0.11917209] k : [1.2392668  1.30073864 1.04438013] theta : [5.9624753  3.42331145] sigma : [2.9        1.96935185] zeta : [0.00741939 0.04188144] rho : 0.02 kappa : 0.5
       5             10         9.7262e-01      6.02e-05       1.11e-02       1.24e+04    
       6             20         9.7262e-01      4.75e-07       8.73e-06       2.96e+03    
fe :  [0.03245544 0.00930047] fo :  [0.0149165  0.00160465] delta :  [[0.17883778 0.17883778]
 [0.17663807 0.17663807]
 [0.16143354 0.16143354]
 [0.3316339  0.3316339 ]
 [0.28565828 0.28565828]
 [0.66847859 0.66847859]
 [0.07198558 0.07198558]
 [0.12774283 0.12774283]
 [0.63140615 0.63140615]
 [0.3185088  0.3185088 ]
 [0.20924381 0.20924381]
 [1.84466368 1.84466368]] nu :  [0.06367108 0.11917209] k : [1.2392668  1.30073864 1.04438013] theta : [5.9624753  3.42331145] sigma : [2.9        1.96935185] zeta : [0.00741939 0.04188144] rho : 0.02 kappa : 0.5
       7             22         9.7262e-01      1.10e-08       4.37e-06       4.23e+02    
`xtol` termination condition is satisfied.
Function evaluations 22, initial cost 9.7329e-01, final cost 9.7262e-01, first-order optimality 4.23e+02.
   Iteration     Total nfev        Cost      Cost reduction    Step norm     Optimality   
       0              1         9.7262e-01                                    1.84e+02    
       1              2         9.7226e-01      3.65e-04       4.20e+01       2.79e+04    
fe :  [0.02779152 0.00757467] fo :  [0.01527188 0.00173123] delta :  [[0.17485062 0.17485062]
 [0.17112838 0.17112838]
 [0.15712753 0.15712753]
 [0.3240208  0.3240208 ]
 [0.27918786 0.27918786]
 [0.65326893 0.65326893]
 [0.06933315 0.06933315]
 [0.12406961 0.12406961]
 [0.61711589 0.61711589]
 [0.31165064 0.31165064]
 [0.20419303 0.20419303]
 [1.81028108 1.81028108]] nu :  [0.06367108 0.11917209] k : [1.2392668  1.30073864 1.04438013] theta : [5.9624753  3.42331145] sigma : [2.9        1.96935185] zeta : [0.00741939 0.04188144] rho : 0.02 kappa : 0.5
       2              8         9.7222e-01      4.12e-05       1.81e+00       1.73e+05    
       3             10         9.7213e-01      8.69e-05       2.44e-02       2.40e+05    
fe :  [0.02758526 0.00764184] fo :  [0.0151616  0.00167514] delta :  [[0.17548291 0.17548291]
 [0.17630569 0.17630569]
 [0.16125726 0.16125726]
 [0.33173616 0.33173616]
 [0.28604796 0.28604796]
 [0.66686931 0.66686931]
 [0.07206108 0.07206108]
 [0.12854713 0.12854713]
 [0.6303477  0.6303477 ]
 [0.31877113 0.31877113]
 [0.20966726 0.20966726]
 [1.82513416 1.82513416]] nu :  [0.06367108 0.11917209] k : [1.2392668  1.30073864 1.04438013] theta : [5.9624753  3.42331145] sigma : [2.9        1.96935185] zeta : [0.00741939 0.04188144] rho : 0.02 kappa : 0.5
       4             11         9.7209e-01      3.97e-05       5.79e-03       1.41e+04    
       5             19         9.7209e-01      6.99e-07       4.01e-05       6.95e-02    
       6             20         9.7209e-01      3.05e-10       3.75e-07       4.98e+02    
`xtol` termination condition is satisfied.
Function evaluations 20, initial cost 9.7262e-01, final cost 9.7209e-01, first-order optimality 4.98e+02.
fe :  [0.02758428 0.00764184] fo :  [0.0151616  0.00167514] delta :  [[0.17548291 0.17548291]
 [0.1763057  0.1763057 ]
 [0.16125746 0.16125746]
 [0.33173617 0.33173617]
 [0.28604796 0.28604796]
 [0.66686941 0.66686941]
 [0.0720611  0.0720611 ]
 [0.12854732 0.12854732]
 [0.63034778 0.63034778]
 [0.31877113 0.31877113]
 [0.20966727 0.20966727]
 [1.82513438 1.82513438]] nu :  [0.06367108 0.11917209] k : [1.2392668  1.30073864 1.04438013] theta : [5.9624753  3.42331145] sigma : [2.9        1.96935185] zeta : [0.00741939 0.04188144] rho : 0.02 kappa : 0.5
   Iteration     Total nfev        Cost      Cost reduction    Step norm     Optimality   
       0              1         9.7209e-01                                    6.22e-02    
       1              6         9.7192e-01      1.75e-04       1.89e-01       6.70e+04    
fe :  [0.0234301  0.00637603] fo :  [0.01149166 0.00120109] delta :  [[0.1861759  0.1861759 ]
 [0.18460704 0.18460704]
 [0.16908154 0.16908154]
 [0.3441474  0.3441474 ]
 [0.29715966 0.29715966]
 [0.68980297 0.68980297]
 [0.07677369 0.07677369]
 [0.13349376 0.13349376]
 [0.65156198 0.65156198]
 [0.33056541 0.33056541]
 [0.21854555 0.21854555]
 [1.88986164 1.88986164]] nu :  [0.06367108 0.11917209] k : [1.2392668  1.30073864 1.04438013] theta : [5.9624753  3.42331145] sigma : [2.9        1.96935185] zeta : [0.00741939 0.04188144] rho : 0.02 kappa : 0.5
       2              8         9.7190e-01      1.82e-05       3.05e-02       8.57e+04    
       3              9         9.7182e-01      7.77e-05       1.22e-02       2.40e+04    
       4             17         9.7181e-01      5.86e-06       5.81e-05       5.09e+03    
fe :  [0.02315737 0.00629756] fo :  [0.011504   0.00118251] delta :  [[0.1860954  0.1860954 ]
 [0.18439925 0.18439925]
 [0.16902309 0.16902309]
 [0.34383784 0.34383784]
 [0.29687211 0.29687211]
 [0.68921635 0.68921635]
 [0.07679477 0.07679477]
 [0.13500767 0.13500767]
 [0.65105362 0.65105362]
 [0.33028042 0.33028042]
 [0.21832819 0.21832819]
 [1.89122091 1.89122091]] nu :  [0.06367108 0.11917209] k : [1.2392668  1.30073864 1.04438013] theta : [5.9624753  3.42331145] sigma : [2.9        1.96935185] zeta : [0.00741939 0.04188144] rho : 0.02 kappa : 0.5
       5             18         9.7181e-01      6.06e-07       8.11e-05       7.24e+03    
       6             19         9.7181e-01      2.04e-08       1.25e-06       1.46e+03    
fe :  [0.02315734 0.00629786] fo :  [0.011504  0.0011825] delta :  [[0.18609547 0.18609547]
 [0.1843993  0.1843993 ]
 [0.16902379 0.16902379]
 [0.34383804 0.34383804]
 [0.2968723  0.2968723 ]
 [0.68921657 0.68921657]
 [0.07679566 0.07679566]
 [0.13500915 0.13500915]
 [0.65105386 0.65105386]
 [0.33028061 0.33028061]
 [0.21832836 0.21832836]
 [1.89122144 1.89122144]] nu :  [0.06367108 0.11917209] k : [1.2392668  1.30073864 1.04438013] theta : [5.9624753  3.42331145] sigma : [2.9        1.96935185] zeta : [0.00741939 0.04188144] rho : 0.02 kappa : 0.5
       7             20         9.7181e-01      1.20e-08       1.09e-06       2.37e+03    
       8             24         9.7181e-01      1.28e-08       3.63e-06       1.80e+02    
       9             26         9.7181e-01      1.36e-09       2.25e-07       1.28e+02    
`ftol` termination condition is satisfied.
Function evaluations 26, initial cost 9.7209e-01, final cost 9.7181e-01, first-order optimality 1.28e+02.
fe :  [0.02315734 0.00629866] fo :  [0.01150529 0.0011825 ] delta :  [[0.18609547 0.18609547]
 [0.1843993  0.1843993 ]
 [0.16902379 0.16902379]
 [0.34383804 0.34383804]
 [0.2968723  0.2968723 ]
 [0.68921658 0.68921658]
 [0.07679566 0.07679566]
 [0.13500915 0.13500915]
 [0.65105386 0.65105386]
 [0.33028061 0.33028061]
 [0.21832836 0.21832836]
 [1.89122144 1.89122144]] nu :  [0.06367108 0.11917209] k : [1.2392668  1.30073864 1.04438013] theta : [5.9624753  3.42331145] sigma : [2.9        1.96935185] zeta : [0.00741939 0.04188144] rho : 0.02 kappa : 0.5
   Iteration     Total nfev        Cost      Cost reduction    Step norm     Optimality   
       0              1         9.7181e-01                                    8.67e-02    
       1              6         9.7170e-01      1.13e-04       1.47e-01       1.01e+05    
fe :  [0.01900935 0.00504844] fo :  [0.00884545 0.00086267] delta :  [[0.19620155 0.19620155]
 [0.19385198 0.19385198]
 [0.17801564 0.17801564]
 [0.35869431 0.35869431]
 [0.31017625 0.31017625]
 [0.71551438 0.71551438]
 [0.08237798 0.08237798]
 [0.14099119 0.14099119]
 [0.67572219 0.67572219]
 [0.34450281 0.34450281]
 [0.2288709  0.2288709 ]
 [1.95121026 1.95121026]] nu :  [0.06367108 0.11917209] k : [1.2392668  1.30073864 1.04438013] theta : [5.9624753  3.42331145] sigma : [2.9        1.96935185] zeta : [0.00741939 0.04188144] rho : 0.02 kappa : 0.5
       2              7         9.7169e-01      1.50e-05       2.65e-02       7.30e+04    
       3              9         9.7167e-01      1.34e-05       1.91e-03       1.95e+04    
       4             10         9.7166e-01      1.37e-05       4.27e-04       7.77e+02    
fe :  [0.01894097 0.00503622] fo :  [0.00885408 0.00089145] delta :  [[0.19630437 0.19630437]
 [0.19385132 0.19385132]
 [0.17816838 0.17816838]
 [0.35870243 0.35870243]
 [0.31017829 0.31017829]
 [0.71599798 0.71599798]
 [0.08253748 0.08253748]
 [0.14253896 0.14253896]
 [0.67616731 0.67616731]
 [0.34461952 0.34461952]
 [0.2289715  0.2289715 ]
 [1.95282695 1.95282695]] nu :  [0.06367108 0.11917209] k : [1.2392668  1.30073864 1.04438013] theta : [5.9624753  3.42331145] sigma : [2.9        1.96935185] zeta : [0.00741939 0.04188144] rho : 0.02 kappa : 0.5
       5             11         9.7165e-01      4.47e-06       8.23e-04       8.00e+01    
       6             12         9.7165e-01      4.96e-06       8.32e-04       1.12e+03    
fe :  [0.01890809 0.0050262 ] fo :  [0.00884709 0.00089558] delta :  [[0.19632558 0.19632558]
 [0.19388141 0.19388141]
 [0.1782317  0.1782317 ]
 [0.35876254 0.35876254]
 [0.31022962 0.31022962]
 [0.71606903 0.71606903]
 [0.08258303 0.08258303]
 [0.14251255 0.14251255]
 [0.67623317 0.67623317]
 [0.34466385 0.34466385]
 [0.22902177 0.22902177]
 [1.95349362 1.95349362]] nu :  [0.06367108 0.11917209] k : [1.2392668  1.30073864 1.04438013] theta : [5.9624753  3.42331145] sigma : [2.9        1.96935185] zeta : [0.00741939 0.04188144] rho : 0.02 kappa : 0.5
       7             14         9.7165e-01      3.61e-07       2.32e-04       4.43e+02    
       8             18         9.7165e-01      3.15e-09       9.88e-07       4.51e-02    
       9             19         9.7165e-01      4.90e-10       2.01e-07       5.80e+02    
fe :  [0.01890807 0.0050262 ] fo :  [0.00884708 0.0008966 ] delta :  [[0.1963257  0.1963257 ]
 [0.19388158 0.19388158]
 [0.17823199 0.17823199]
 [0.35876283 0.35876283]
 [0.31022986 0.31022986]
 [0.71606937 0.71606937]
 [0.08258324 0.08258324]
 [0.14251254 0.14251254]
 [0.67623349 0.67623349]
 [0.34466407 0.34466407]
 [0.229022   0.229022  ]
 [1.95349421 1.95349421]] nu :  [0.06367108 0.11917209] k : [1.2392668  1.30073864 1.04438013] theta : [5.9624753  3.42331145] sigma : [2.9        1.96935185] zeta : [0.00741939 0.04188144] rho : 0.02 kappa : 0.5
      10             20         9.7165e-01      8.48e-08       6.42e-06       3.48e-02    
      11             21         9.7165e-01      5.88e-10       1.01e-07       5.80e-02    
`ftol` termination condition is satisfied.
Function evaluations 21, initial cost 9.7181e-01, final cost 9.7165e-01, first-order optimality 5.80e-02.
   Iteration     Total nfev        Cost      Cost reduction    Step norm     Optimality   
       0              1         9.7165e-01                                    3.94e-02    
fe :  [0.01345433 0.00333539] fo :  [0.00698562 0.0007208 ] delta :  [[0.20204013 0.20204013]
 [0.19897888 0.19897888]
 [0.18355092 0.18355092]
 [0.36741631 0.36741631]
 [0.31796122 0.31796122]
 [0.73056434 0.73056434]
 [0.08602244 0.08602244]
 [0.14686052 0.14686052]
 [0.68995222 0.68995222]
 [0.35283787 0.35283787]
 [0.23536007 0.23536007]
 [2.00645685 2.00645685]] nu :  [0.06367108 0.11917209] k : [1.2392668  1.30073864 1.04438013] theta : [5.9624753  3.42331145] sigma : [2.9        1.96935185] zeta : [0.00741939 0.04188144] rho : 0.02 kappa : 0.5
       1              6         9.7119e-01      4.55e-04       4.45e-01       5.49e+05    
       2              8         9.7115e-01      3.89e-05       6.51e-02       1.38e+05    
fe :  [0.01250898 0.00313158] fo :  [0.00612734 0.00057851] delta :  [[0.20913479 0.20913479]
 [0.20711711 0.20711711]
 [0.19160977 0.19160977]
 [0.38071015 0.38071015]
 [0.32987101 0.32987101]
 [0.75493632 0.75493632]
 [0.09121132 0.09121132]
 [0.15384015 0.15384015]
 [0.7121368  0.7121368 ]
 [0.36586237 0.36586237]
 [0.24499848 0.24499848]
 [2.05010987 2.05010987]] nu :  [0.06367108 0.11917209] k : [1.2392668  1.30073864 1.04438013] theta : [5.9624753  3.42331145] sigma : [2.9        1.96935185] zeta : [0.00741939 0.04188144] rho : 0.02 kappa : 0.5
       3              9         9.7101e-01      1.45e-04       1.19e-02       2.62e+04    
       4             10         9.7092e-01      8.93e-05       1.34e-02       1.03e+04    
       5             13         9.7091e-01      6.01e-06       9.99e-04       6.20e+03    
fe :  [0.01209947 0.00301558] fo :  [0.00597301 0.00059168] delta :  [[0.20936792 0.20936792]
 [0.2077735  0.2077735 ]
 [0.19183042 0.19183042]
 [0.38081997 0.38081997]
 [0.33000739 0.33000739]
 [0.75513875 0.75513875]
 [0.09141614 0.09141614]
 [0.15446863 0.15446863]
 [0.71216138 0.71216138]
 [0.36602903 0.36602903]
 [0.24519714 0.24519714]
 [2.05684385 2.05684385]] nu :  [0.06367108 0.11917209] k : [1.2392668  1.30073864 1.04438013] theta : [5.9624753  3.42331145] sigma : [2.9        1.96935185] zeta : [0.00741939 0.04188144] rho : 0.02 kappa : 0.5
       6             20         9.7091e-01      4.45e-08       6.43e-06       1.11e-01    
       7             21         9.7091e-01      5.35e-10       5.48e-08       1.48e-01    
`ftol` termination condition is satisfied.
Function evaluations 21, initial cost 9.7165e-01, final cost 9.7091e-01, first-order optimality 1.48e-01.
  [c_fefo] DONE  obj=1.3935  status=successful  nu_rest=0.0637 nu_pharma=0.1192  -> calibration_results_matched_economy/baseline_2002_variations/pre_trips_tries_newfee/c_fefo/

========================================================================
  label: c_nu
  seed: 8.8
  fix_delta: True
  calib_parameters: ['delta', 'T', 'eta', 'nu']
  delta_free_by_sector: [0, 12, 0]
  fe_free: 0
  fo_free: 0
  nu_free: 2
  moments: ['SPFLOW', 'DOMPATINUS', 'OUT', 'RD', 'RP', 'SRGDP', 'UUPCOSTS', 'RDPHARMACHEM', 'TOPATENT', 'TOPHARMACHEM']
  weights: {'SPFLOW': 1, 'DOMPATINUS': 1, 'OUT': 5, 'RD': 10, 'RP': 1, 'SRGDP': 1, 'UUPCOSTS': 1, 'RDPHARMACHEM': 1, 'TOPATENT': 5, 'TOPHARMACHEM': 5}
  r_hjort_recomputed_for_1992: True
  UUPCOSTS_target_newfee: [0.001161, 0.00047]
  nu_seed(rest,pharma): [0.06367, 0.11917]
  [c_nu] initial solve: successful | obj=5.0722
fe :  [0.10322757 0.0360563 ] fo :  [0.05561134 0.01156073] delta :  [[0.08793932 0.08793932]
 [0.10601833 0.10601833]
 [0.11316564 0.11316564]
 [0.16194812 0.16194812]
 [0.17779985 0.17779985]
 [0.24150643 0.24150643]
 [0.07481053 0.07481053]
 [0.07801511 0.07801511]
 [0.24365702 0.24365702]
 [0.20480966 0.20480966]
 [0.18760604 0.18760604]
 [1.58447318 1.58447318]] nu :  [0.06367108 0.11917209] k : [1.2392668  1.30073864 1.04438013] theta : [5.9624753  3.42331145] sigma : [2.9        1.96935185] zeta : [0.00741939 0.04188144] rho : 0.02 kappa : 0.5
   Iteration     Total nfev        Cost      Cost reduction    Step norm     Optimality   
       0              1         1.2863e+01                                    7.19e+07    
       1              2         8.6315e+00      4.23e+00       4.54e-03       3.70e+07    
fe :  [0.10322757 0.0360563 ] fo :  [0.05561134 0.01156073] delta :  [[0.08793932 0.08793932]
 [0.10601833 0.10601833]
 [0.11316564 0.11316564]
 [0.16194812 0.16194812]
 [0.17779985 0.17779985]
 [0.24150643 0.24150643]
 [0.07481053 0.07481053]
 [0.07801511 0.07801511]
 [0.24365702 0.24365702]
 [0.20480966 0.20480966]
 [0.18760604 0.18760604]
 [1.58447318 1.58447318]] nu :  [0.06367108 0.11917209] k : [1.2392668  1.30073864 1.04438013] theta : [5.9624753  3.42331145] sigma : [2.9        1.96935185] zeta : [0.00741939 0.04188144] rho : 0.02 kappa : 0.5
       2              3         5.7158e+00      2.92e+00       8.32e-03       1.33e+07    
       3              4         2.2054e+00      3.51e+00       2.12e+04       3.57e+06    
       4              6         1.2004e+00      1.01e+00       1.38e+04       1.94e+06    
fe :  [0.10322757 0.0360563 ] fo :  [0.05561134 0.01156073] delta :  [[0.11066637 0.11066637]
 [0.11840912 0.11840912]
 [0.10661035 0.10661035]
 [0.22839937 0.22839937]
 [0.20103174 0.20103174]
 [0.48877386 0.48877386]
 [0.04357004 0.04357004]
 [0.08375465 0.08375465]
 [0.46283199 0.46283199]
 [0.24228961 0.24228961]
 [0.14637406 0.14637406]
 [1.38115035 1.38115035]] nu :  [0.05069359 0.08879675] k : [1.2392668  1.30073864 1.04438013] theta : [5.9624753  3.42331145] sigma : [2.9        1.96935185] zeta : [0.00741939 0.04188144] rho : 0.02 kappa : 0.5
       5              7         1.0697e+00      1.31e-01       1.08e+04       1.27e+07    
       6              8         1.0235e+00      4.62e-02       8.42e+03       2.08e+06    
fe :  [0.10322757 0.0360563 ] fo :  [0.05561134 0.01156073] delta :  [[0.11203421 0.11203421]
 [0.11810273 0.11810273]
 [0.10557176 0.10557176]
 [0.23120439 0.23120439]
 [0.19986158 0.19986158]
 [0.47375801 0.47375801]
 [0.04192318 0.04192318]
 [0.08213413 0.08213413]
 [0.44866601 0.44866601]
 [0.22559557 0.22559557]
 [0.13784949 0.13784949]
 [1.34964407 1.34964407]] nu :  [0.0520328  0.09118748] k : [1.2392668  1.30073864 1.04438013] theta : [5.9624753  3.42331145] sigma : [2.9        1.96935185] zeta : [0.00741939 0.04188144] rho : 0.02 kappa : 0.5
       7             10         1.0099e+00      1.36e-02       2.22e+03       1.10e+06    
       8             12         9.9588e-01      1.41e-02       3.99e+01       7.37e+05    
       9             13         9.8751e-01      8.37e-03       7.80e+00       1.30e+05    
fe :  [0.10322757 0.0360563 ] fo :  [0.05561134 0.01156073] delta :  [[0.10914105 0.10914105]
 [0.11259016 0.11259016]
 [0.10001154 0.10001154]
 [0.22109322 0.22109322]
 [0.1888513  0.1888513 ]
 [0.45927594 0.45927594]
 [0.0387475  0.0387475 ]
 [0.07707035 0.07707035]
 [0.43220295 0.43220295]
 [0.21172742 0.21172742]
 [0.13412359 0.13412359]
 [1.30032414 1.30032414]] nu :  [0.05095213 0.09374586] k : [1.2392668  1.30073864 1.04438013] theta : [5.9624753  3.42331145] sigma : [2.9        1.96935185] zeta : [0.00741939 0.04188144] rho : 0.02 kappa : 0.5
      10             16         9.8746e-01      5.34e-05       5.22e-01       1.64e+04    
      11             19         9.8744e-01      1.65e-05       1.70e-03       1.26e+04    
      12             20         9.8744e-01      3.81e-06       1.63e-03       4.83e+03    
fe :  [0.10322757 0.0360563 ] fo :  [0.05561134 0.01156073] delta :  [[0.10958789 0.10958789]
 [0.11320772 0.11320772]
 [0.10062794 0.10062794]
 [0.22195989 0.22195989]
 [0.18968668 0.18968668]
 [0.46029198 0.46029198]
 [0.03883043 0.03883043]
 [0.07776458 0.07776458]
 [0.43408404 0.43408404]
 [0.21288626 0.21288626]
 [0.13486112 0.13486112]
 [1.30111531 1.30111531]] nu :  [0.05095113 0.09391331] k : [1.2392668  1.30073864 1.04438013] theta : [5.9624753  3.42331145] sigma : [2.9        1.96935185] zeta : [0.00741939 0.04188144] rho : 0.02 kappa : 0.5
      13             22         9.8743e-01      4.53e-06       1.03e-04       1.32e+03    
      14             23         9.8743e-01      2.20e-07       2.02e-04       1.06e+03    
fe :  [0.10322757 0.0360563 ] fo :  [0.05561134 0.01156073] delta :  [[0.10958715 0.10958715]
 [0.11321134 0.11321134]
 [0.10063812 0.10063812]
 [0.22203243 0.22203243]
 [0.18975177 0.18975177]
 [0.46039819 0.46039819]
 [0.03882949 0.03882949]
 [0.0777749  0.0777749 ]
 [0.43424266 0.43424266]
 [0.21297464 0.21297464]
 [0.1349051  0.1349051 ]
 [1.3011986  1.3011986 ]] nu :  [0.05095113 0.09391158] k : [1.2392668  1.30073864 1.04438013] theta : [5.9624753  3.42331145] sigma : [2.9        1.96935185] zeta : [0.00741939 0.04188144] rho : 0.02 kappa : 0.5
      15             24         9.8743e-01      1.15e-08       5.06e-05       7.41e+02    
      16             26         9.8743e-01      0.00e+00       0.00e+00       7.41e+02    
`xtol` termination condition is satisfied.
Function evaluations 26, initial cost 1.2863e+01, final cost 9.8743e-01, first-order optimality 7.41e+02.
   Iteration     Total nfev        Cost      Cost reduction    Step norm     Optimality   
       0              1         9.8743e-01                                    2.13e+03    
       1             12         9.8743e-01      2.66e-07       5.22e-04       3.62e+03    
fe :  [0.10322757 0.0360563 ] fo :  [0.05561134 0.01156073] delta :  [[0.10958763 0.10958763]
 [0.11330515 0.11330515]
 [0.10073366 0.10073366]
 [0.22219802 0.22219802]
 [0.18990774 0.18990774]
 [0.46061118 0.46061118]
 [0.03882925 0.03882925]
 [0.07786755 0.07786755]
 [0.43451526 0.43451526]
 [0.21315988 0.21315988]
 [0.1350386  0.1350386 ]
 [1.3013658  1.3013658 ]] nu :  [0.05095756 0.09391052] k : [1.2392668  1.30073864 1.04438013] theta : [5.9624753  3.42331145] sigma : [2.9        1.96935185] zeta : [0.00741939 0.04188144] rho : 0.02 kappa : 0.5
       2             15         9.8743e-01      2.22e-08       8.46e-06       2.04e+03    
`xtol` termination condition is satisfied.
Function evaluations 15, initial cost 9.8743e-01, final cost 9.8743e-01, first-order optimality 2.04e+03.
   Iteration     Total nfev        Cost      Cost reduction    Step norm     Optimality   
       0              1         9.8743e-01                                    1.81e+03    
       1             15         9.8743e-01      0.00e+00       0.00e+00       1.81e+03    
`xtol` termination condition is satisfied.
Function evaluations 15, initial cost 9.8743e-01, final cost 9.8743e-01, first-order optimality 1.81e+03.
fe :  [0.10322757 0.0360563 ] fo :  [0.05561134 0.01156073] delta :  [[0.10958763 0.10958763]
 [0.11330515 0.11330515]
 [0.10073366 0.10073366]
 [0.22219802 0.22219802]
 [0.18990774 0.18990774]
 [0.46061118 0.46061118]
 [0.03882925 0.03882925]
 [0.07786755 0.07786755]
 [0.43451526 0.43451526]
 [0.21315988 0.21315988]
 [0.1350386  0.1350386 ]
 [1.3013658  1.3013658 ]] nu :  [0.05095756 0.09391052] k : [1.2392668  1.30073864 1.04438013] theta : [5.9624753  3.42331145] sigma : [2.9        1.96935185] zeta : [0.00741939 0.04188144] rho : 0.02 kappa : 0.5
   Iteration     Total nfev        Cost      Cost reduction    Step norm     Optimality   
       0              1         9.8743e-01                                    1.31e+04    
       1              2         9.8633e-01      1.10e-03       3.63e+02       1.22e+05    
       2              5         9.8630e-01      3.45e-05       1.51e+02       2.61e+05    
fe :  [0.10322757 0.0360563 ] fo :  [0.05561134 0.01156073] delta :  [[0.10923303 0.10923303]
 [0.11321321 0.11321321]
 [0.10070558 0.10070558]
 [0.22180376 0.22180376]
 [0.18935389 0.18935389]
 [0.45988844 0.45988844]
 [0.03890042 0.03890042]
 [0.07781383 0.07781383]
 [0.43461254 0.43461254]
 [0.21297024 0.21297024]
 [0.1346075  0.1346075 ]
 [1.30547711 1.30547711]] nu :  [0.05088798 0.09297818] k : [1.2392668  1.30073864 1.04438013] theta : [5.9624753  3.42331145] sigma : [2.9        1.96935185] zeta : [0.00741939 0.04188144] rho : 0.02 kappa : 0.5
       3              8         9.8598e-01      3.22e-04       1.74e-01       3.40e+04    
       4             10         9.8595e-01      2.06e-05       7.43e-03       1.01e+05    
       5             11         9.8595e-01      5.92e-06       3.71e-03       1.89e+03    
fe :  [0.10322757 0.0360563 ] fo :  [0.05561134 0.01156073] delta :  [[0.1097739  0.1097739 ]
 [0.11429972 0.11429972]
 [0.1015625  0.1015625 ]
 [0.22375386 0.22375386]
 [0.1911608  0.1911608 ]
 [0.4634868  0.4634868 ]
 [0.03936699 0.03936699]
 [0.07860999 0.07860999]
 [0.43817016 0.43817016]
 [0.21466457 0.21466457]
 [0.13600392 0.13600392]
 [1.30904241 1.30904241]] nu :  [0.05095438 0.09342184] k : [1.2392668  1.30073864 1.04438013] theta : [5.9624753  3.42331145] sigma : [2.9        1.96935185] zeta : [0.00741939 0.04188144] rho : 0.02 kappa : 0.5
       6             15         9.8595e-01      3.00e-07       5.06e-05       2.31e-02    
       7             17         9.8595e-01      2.52e-09       1.12e-05       3.19e-02    
       8             27         9.8595e-01      0.00e+00       0.00e+00       3.19e-02    
`xtol` termination condition is satisfied.
Function evaluations 27, initial cost 9.8743e-01, final cost 9.8595e-01, first-order optimality 3.19e-02.
fe :  [0.10322757 0.0360563 ] fo :  [0.05561134 0.01156073] delta :  [[0.10977712 0.10977712]
 [0.11429959 0.11429959]
 [0.10156235 0.10156235]
 [0.22375368 0.22375368]
 [0.19116048 0.19116048]
 [0.46348679 0.46348679]
 [0.03936693 0.03936693]
 [0.07860987 0.07860987]
 [0.43817012 0.43817012]
 [0.2146644  0.2146644 ]
 [0.13600377 0.13600377]
 [1.30904569 1.30904569]] nu :  [0.05095428 0.09342172] k : [1.2392668  1.30073864 1.04438013] theta : [5.9624753  3.42331145] sigma : [2.9        1.96935185] zeta : [0.00741939 0.04188144] rho : 0.02 kappa : 0.5
   Iteration     Total nfev        Cost      Cost reduction    Step norm     Optimality   
       0              1         9.8595e-01                                    6.98e-02    
       1             22         9.8595e-01      1.47e-11       4.98e-10       5.92e-02    
`ftol` termination condition is satisfied.
Function evaluations 22, initial cost 9.8595e-01, final cost 9.8595e-01, first-order optimality 5.92e-02.
   Iteration     Total nfev        Cost      Cost reduction    Step norm     Optimality   
       0              1         9.8595e-01                                    4.15e-02    
fe :  [0.10322757 0.0360563 ] fo :  [0.05561134 0.01156073] delta :  [[0.11211052 0.11211052]
 [0.11549804 0.11549804]
 [0.10277386 0.10277386]
 [0.22489989 0.22489989]
 [0.19188284 0.19188284]
 [0.46676007 0.46676007]
 [0.0408047  0.0408047 ]
 [0.08056279 0.08056279]
 [0.44174467 0.44174467]
 [0.21735492 0.21735492]
 [0.13830372 0.13830372]
 [1.32502948 1.32502948]] nu :  [0.0488351  0.08785139] k : [1.2392668  1.30073864 1.04438013] theta : [5.9624753  3.42331145] sigma : [2.9        1.96935185] zeta : [0.00741939 0.04188144] rho : 0.02 kappa : 0.5
       1             25         9.8595e-01      0.00e+00       0.00e+00       4.15e-02    
`xtol` termination condition is satisfied.
Function evaluations 25, initial cost 9.8595e-01, final cost 9.8595e-01, first-order optimality 4.15e-02.
  [c_nu] DONE  obj=1.4042  status=successful  nu_rest=0.0510 nu_pharma=0.0934  -> calibration_results_matched_economy/baseline_2002_variations/pre_trips_tries_newfee/c_nu/

========================================================================
  label: c_all
  seed: 8.8
  fix_delta: True
  calib_parameters: ['delta', 'T', 'eta', 'fe', 'fo', 'nu']
  delta_free_by_sector: [0, 12, 0]
  fe_free: 2
  fo_free: 2
  nu_free: 2
  moments: ['SPFLOW', 'DOMPATINUS', 'OUT', 'RD', 'RP', 'SRGDP', 'UUPCOSTS', 'RDPHARMACHEM', 'TOPATENT', 'TOPHARMACHEM']
  weights: {'SPFLOW': 1, 'DOMPATINUS': 1, 'OUT': 5, 'RD': 10, 'RP': 1, 'SRGDP': 1, 'UUPCOSTS': 1, 'RDPHARMACHEM': 1, 'TOPATENT': 5, 'TOPHARMACHEM': 5}
  r_hjort_recomputed_for_1992: True
  UUPCOSTS_target_newfee: [0.001161, 0.00047]
  nu_seed(rest,pharma): [0.06367, 0.11917]
  [c_all] initial solve: successful | obj=5.0722
fe :  [0.10322757 0.0360563 ] fo :  [0.05561134 0.01156073] delta :  [[0.08793932 0.08793932]
 [0.10601833 0.10601833]
 [0.11316564 0.11316564]
 [0.16194812 0.16194812]
 [0.17779985 0.17779985]
 [0.24150643 0.24150643]
 [0.07481053 0.07481053]
 [0.07801511 0.07801511]
 [0.24365702 0.24365702]
 [0.20480966 0.20480966]
 [0.18760604 0.18760604]
 [1.58447318 1.58447318]] nu :  [0.06367108 0.11917209] k : [1.2392668  1.30073864 1.04438013] theta : [5.9624753  3.42331145] sigma : [2.9        1.96935185] zeta : [0.00741939 0.04188144] rho : 0.02 kappa : 0.5
   Iteration     Total nfev        Cost      Cost reduction    Step norm     Optimality   
       0              1         1.2863e+01                                    7.19e+07    
       1              2         8.6315e+00      4.23e+00       4.54e-03       3.70e+07    
fe :  [0.10322757 0.0360563 ] fo :  [0.05561134 0.01156073] delta :  [[0.08793932 0.08793932]
 [0.10601833 0.10601833]
 [0.11316564 0.11316564]
 [0.16194812 0.16194812]
 [0.17779985 0.17779985]
 [0.24150643 0.24150643]
 [0.07481053 0.07481053]
 [0.07801511 0.07801511]
 [0.24365702 0.24365702]
 [0.20480966 0.20480966]
 [0.18760604 0.18760604]
 [1.58447318 1.58447318]] nu :  [0.06367108 0.11917209] k : [1.2392668  1.30073864 1.04438013] theta : [5.9624753  3.42331145] sigma : [2.9        1.96935185] zeta : [0.00741939 0.04188144] rho : 0.02 kappa : 0.5
       2              3         5.7158e+00      2.92e+00       8.32e-03       1.33e+07    
       3              4         2.1291e+00      3.59e+00       2.06e+04       2.96e+06    
       4              6         1.4658e+00      6.63e-01       3.47e+03       5.46e+05    
fe :  [0.11410624 0.04293738] fo :  [0.08692918 0.01353312] delta :  [[0.10159091 0.10159091]
 [0.11593548 0.11593548]
 [0.09759456 0.09759456]
 [0.21934122 0.21934122]
 [0.19401347 0.19401347]
 [0.46981002 0.46981002]
 [0.04061076 0.04061076]
 [0.07743469 0.07743469]
 [0.44709256 0.44709256]
 [0.23344388 0.23344388]
 [0.13521485 0.13521485]
 [1.33084441 1.33084441]] nu :  [0.05149204 0.09795474] k : [1.2392668  1.30073864 1.04438013] theta : [5.9624753  3.42331145] sigma : [2.9        1.96935185] zeta : [0.00741939 0.04188144] rho : 0.02 kappa : 0.5
       5              7         1.1594e+00      3.06e-01       1.43e+04       1.63e+06    
       6              8         1.0241e+00      1.35e-01       6.43e+03       1.39e+06    
fe :  [0.16747153 0.03986415] fo :  [0.09128878 0.01078085] delta :  [[0.1073781  0.1073781 ]
 [0.10819979 0.10819979]
 [0.09677056 0.09677056]
 [0.21623126 0.21623126]
 [0.17464732 0.17464732]
 [0.44567823 0.44567823]
 [0.03480654 0.03480654]
 [0.07530288 0.07530288]
 [0.41792303 0.41792303]
 [0.21887132 0.21887132]
 [0.12791101 0.12791101]
 [1.2458927  1.2458927 ]] nu :  [0.05411127 0.06454564] k : [1.2392668  1.30073864 1.04438013] theta : [5.9624753  3.42331145] sigma : [2.9        1.96935185] zeta : [0.00741939 0.04188144] rho : 0.02 kappa : 0.5
       7             10         1.0217e+00      2.41e-03       4.71e+02       2.97e+06    
       8             11         9.8382e-01      3.79e-02       3.24e+01       2.03e+06    
       9             12         9.8067e-01      3.15e-03       2.60e+02       4.79e+06    
fe :  [0.21253788 0.0350296 ] fo :  [0.11847149 0.01256052] delta :  [[0.1029062  0.1029062 ]
 [0.1064894  0.1064894 ]
 [0.09795225 0.09795225]
 [0.21383643 0.21383643]
 [0.1821693  0.1821693 ]
 [0.443699   0.443699  ]
 [0.03594284 0.03594284]
 [0.07585369 0.07585369]
 [0.41698021 0.41698021]
 [0.20341264 0.20341264]
 [0.12939829 0.12939829]
 [1.26106073 1.26106073]] nu :  [0.05474509 0.04902798] k : [1.2392668  1.30073864 1.04438013] theta : [5.9624753  3.42331145] sigma : [2.9        1.96935185] zeta : [0.00741939 0.04188144] rho : 0.02 kappa : 0.5
      10             13         9.7739e-01      3.28e-03       2.24e+01       1.18e+06    
      11             14         9.7301e-01      4.39e-03       2.04e+01       4.80e+05    
fe :  [0.20600841 0.03285559] fo :  [0.11892889 0.01258528] delta :  [[0.10266332 0.10266332]
 [0.10577547 0.10577547]
 [0.09673997 0.09673997]
 [0.2125768  0.2125768 ]
 [0.18090634 0.18090634]
 [0.4422482  0.4422482 ]
 [0.03589355 0.03589355]
 [0.07545365 0.07545365]
 [0.41304617 0.41304617]
 [0.20149755 0.20149755]
 [0.12852768 0.12852768]
 [1.25599137 1.25599137]] nu :  [0.05489188 0.04829339] k : [1.2392668  1.30073864 1.04438013] theta : [5.9624753  3.42331145] sigma : [2.9        1.96935185] zeta : [0.00741939 0.04188144] rho : 0.02 kappa : 0.5
      12             18         9.7280e-01      2.11e-04       3.92e-02       7.80e+04    
      13             19         9.7271e-01      9.13e-05       1.14e-02       4.22e+03    
      14             20         9.7258e-01      1.24e-04       3.45e-02       2.03e+04    
fe :  [0.20049247 0.03142827] fo :  [0.11737055 0.01209234] delta :  [[0.10251957 0.10251957]
 [0.10418686 0.10418686]
 [0.09545899 0.09545899]
 [0.21019999 0.21019999]
 [0.17895138 0.17895138]
 [0.43798199 0.43798199]
 [0.03488403 0.03488403]
 [0.07422613 0.07422613]
 [0.411575   0.411575  ]
 [0.19903393 0.19903393]
 [0.12647496 0.12647496]
 [1.24197156 1.24197156]] nu :  [0.05490319 0.04818533] k : [1.2392668  1.30073864 1.04438013] theta : [5.9624753  3.42331145] sigma : [2.9        1.96935185] zeta : [0.00741939 0.04188144] rho : 0.02 kappa : 0.5
      15             21         9.7240e-01      1.81e-04       1.33e-01       5.67e+04    
      16             22         9.7234e-01      6.44e-05       3.40e-01       4.80e+04    
fe :  [0.18713965 0.02883673] fo :  [0.11108025 0.01112785] delta :  [[0.10341039 0.10341039]
 [0.10454472 0.10454472]
 [0.09589941 0.09589941]
 [0.21093124 0.21093124]
 [0.17939096 0.17939096]
 [0.43860732 0.43860732]
 [0.03513946 0.03513946]
 [0.07457838 0.07457838]
 [0.41268719 0.41268719]
 [0.19958514 0.19958514]
 [0.12699186 0.12699186]
 [1.24248964 1.24248964]] nu :  [0.05489224 0.04803629] k : [1.2392668  1.30073864 1.04438013] theta : [5.9624753  3.42331145] sigma : [2.9        1.96935185] zeta : [0.00741939 0.04188144] rho : 0.02 kappa : 0.5
      17             23         9.7223e-01      1.06e-04       3.92e-01       1.98e+05    
      18             24         9.7215e-01      8.02e-05       6.25e-01       1.87e+04    
      19             25         9.7213e-01      1.48e-05       9.73e-01       3.06e+04    
fe :  [0.16414051 0.02459649] fo :  [0.0956751  0.00944132] delta :  [[0.10689052 0.10689052]
 [0.10843859 0.10843859]
 [0.09953988 0.09953988]
 [0.21683691 0.21683691]
 [0.18486769 0.18486769]
 [0.44919874 0.44919874]
 [0.03767253 0.03767253]
 [0.07789148 0.07789148]
 [0.42252203 0.42252203]
 [0.20531001 0.20531001]
 [0.13139747 0.13139747]
 [1.26715261 1.26715261]] nu :  [0.05469736 0.04751719] k : [1.2392668  1.30073864 1.04438013] theta : [5.9624753  3.42331145] sigma : [2.9        1.96935185] zeta : [0.00741939 0.04188144] rho : 0.02 kappa : 0.5
      20             29         9.7213e-01      4.84e-07       7.92e-04       6.84e+03    
      21             30         9.7213e-01      4.14e-07       2.82e-04       1.44e+03    
fe :  [0.16413168 0.02459834] fo :  [0.09567457 0.00944081] delta :  [[0.10689046 0.10689046]
 [0.10843543 0.10843543]
 [0.09953706 0.09953706]
 [0.21683142 0.21683142]
 [0.18486405 0.18486405]
 [0.44919248 0.44919248]
 [0.03766613 0.03766613]
 [0.07794663 0.07794663]
 [0.42251539 0.42251539]
 [0.20538151 0.20538151]
 [0.13139688 0.13139688]
 [1.26718572 1.26718572]] nu :  [0.05469566 0.0475172 ] k : [1.2392668  1.30073864 1.04438013] theta : [5.9624753  3.42331145] sigma : [2.9        1.96935185] zeta : [0.00741939 0.04188144] rho : 0.02 kappa : 0.5
      22             37         9.7213e-01      4.95e-08       4.93e-06       2.22e-01    
`xtol` termination condition is satisfied.
Function evaluations 37, initial cost 1.2863e+01, final cost 9.7213e-01, first-order optimality 2.22e-01.
   Iteration     Total nfev        Cost      Cost reduction    Step norm     Optimality   
       0              1         9.7213e-01                                    4.16e-01    
       1              9         9.7191e-01      2.21e-04       1.78e+00       1.81e+05    
fe :  [0.13139605 0.01885685] fo :  [0.0754414 0.0071737] delta :  [[0.11187057 0.11187057]
 [0.11326382 0.11326382]
 [0.10407169 0.10407169]
 [0.22416524 0.22416524]
 [0.19140375 0.19140375]
 [0.46197708 0.46197708]
 [0.04067473 0.04067473]
 [0.08187846 0.08187846]
 [0.43467855 0.43467855]
 [0.2122578  0.2122578 ]
 [0.13678131 0.13678131]
 [1.29897381 1.29897381]] nu :  [0.05445114 0.04706233] k : [1.2392668  1.30073864 1.04438013] theta : [5.9624753  3.42331145] sigma : [2.9        1.96935185] zeta : [0.00741939 0.04188144] rho : 0.02 kappa : 0.5
       2             11         9.7191e-01      7.36e-06       5.13e-01       9.47e+04    
       3             14         9.7188e-01      2.12e-05       2.66e-03       9.14e+03    
fe :  [0.1311956  0.01888694] fo :  [0.07415924 0.00698013] delta :  [[0.11273927 0.11273927]
 [0.1134685  0.1134685 ]
 [0.10430864 0.10430864]
 [0.22440543 0.22440543]
 [0.19189347 0.19189347]
 [0.46278246 0.46278246]
 [0.04093369 0.04093369]
 [0.08236531 0.08236531]
 [0.43536894 0.43536894]
 [0.21310015 0.21310015]
 [0.13721117 0.13721117]
 [1.30030675 1.30030675]] nu :  [0.05441621 0.04718743] k : [1.2392668  1.30073864 1.04438013] theta : [5.9624753  3.42331145] sigma : [2.9        1.96935185] zeta : [0.00741939 0.04188144] rho : 0.02 kappa : 0.5
       4             16         9.7188e-01      6.01e-07       5.88e-04       2.25e+04    
       5             22         9.7188e-01      4.20e-09       1.40e-05       4.90e+03    
       6             23         9.7188e-01      6.72e-10       1.55e-07       3.83e-01    
`xtol` termination condition is satisfied.
Function evaluations 23, initial cost 9.7213e-01, final cost 9.7188e-01, first-order optimality 3.83e-01.
fe :  [0.1311956  0.01889296] fo :  [0.07417074 0.00698261] delta :  [[0.11273929 0.11273929]
 [0.11346851 0.11346851]
 [0.10430865 0.10430865]
 [0.22440544 0.22440544]
 [0.19189348 0.19189348]
 [0.46278247 0.46278247]
 [0.04093369 0.04093369]
 [0.08236531 0.08236531]
 [0.43536895 0.43536895]
 [0.21310016 0.21310016]
 [0.13721118 0.13721118]
 [1.30030675 1.30030675]] nu :  [0.05441621 0.04718754] k : [1.2392668  1.30073864 1.04438013] theta : [5.9624753  3.42331145] sigma : [2.9        1.96935185] zeta : [0.00741939 0.04188144] rho : 0.02 kappa : 0.5
   Iteration     Total nfev        Cost      Cost reduction    Step norm     Optimality   
       0              1         9.7188e-01                                    2.88e-02    
       1              9         9.7165e-01      2.33e-04       1.97e+00       1.74e+05    
fe :  [0.10784871 0.01502772] fo :  [0.06295363 0.00567264] delta :  [[0.11579359 0.11579359]
 [0.11665248 0.11665248]
 [0.10758928 0.10758928]
 [0.22963368 0.22963368]
 [0.19634126 0.19634126]
 [0.47021416 0.47021416]
 [0.04285919 0.04285919]
 [0.0850364  0.0850364 ]
 [0.44231008 0.44231008]
 [0.217936   0.217936  ]
 [0.14098891 0.14098891]
 [1.31263359 1.31263359]] nu :  [0.05426693 0.0472013 ] k : [1.2392668  1.30073864 1.04438013] theta : [5.9624753  3.42331145] sigma : [2.9        1.96935185] zeta : [0.00741939 0.04188144] rho : 0.02 kappa : 0.5
       2             13         9.7158e-01      7.43e-05       8.83e-03       6.94e+04    
       3             15         9.7157e-01      5.78e-06       4.98e-04       2.28e+03    
fe :  [0.10784607 0.01503936] fo :  [0.06294631 0.00571371] delta :  [[0.11578323 0.11578323]
 [0.1166479  0.1166479 ]
 [0.10758265 0.10758265]
 [0.22965417 0.22965417]
 [0.1963613  0.1963613 ]
 [0.47053686 0.47053686]
 [0.04286817 0.04286817]
 [0.08503209 0.08503209]
 [0.44254894 0.44254894]
 [0.21796128 0.21796128]
 [0.14098811 0.14098811]
 [1.31305931 1.31305931]] nu :  [0.05425055 0.04719532] k : [1.2392668  1.30073864 1.04438013] theta : [5.9624753  3.42331145] sigma : [2.9        1.96935185] zeta : [0.00741939 0.04188144] rho : 0.02 kappa : 0.5
       4             17         9.7157e-01      1.28e-06       1.46e-04       1.39e+04    
       5             20         9.7157e-01      5.23e-09       8.40e-06       3.82e-02    
`xtol` termination condition is satisfied.
Function evaluations 20, initial cost 9.7188e-01, final cost 9.7157e-01, first-order optimality 3.82e-02.
   Iteration     Total nfev        Cost      Cost reduction    Step norm     Optimality   
       0              1         9.7157e-01                                    2.99e-02    
fe :  [0.09183542 0.01237427] fo :  [0.05417725 0.0047992 ] delta :  [[0.1182632  0.1182632 ]
 [0.11814086 0.11814086]
 [0.10902202 0.10902202]
 [0.23196518 0.23196518]
 [0.19840448 0.19840448]
 [0.47525714 0.47525714]
 [0.04397305 0.04397305]
 [0.08639271 0.08639271]
 [0.44762417 0.44762417]
 [0.22004151 0.22004151]
 [0.14263335 0.14263335]
 [1.32892437 1.32892437]] nu :  [0.05407792 0.04699124] k : [1.2392668  1.30073864 1.04438013] theta : [5.9624753  3.42331145] sigma : [2.9        1.96935185] zeta : [0.00741939 0.04188144] rho : 0.02 kappa : 0.5
       1              9         9.7143e-01      1.34e-04       2.12e+00       1.88e+05    
       2             12         9.7137e-01      6.65e-05       8.85e-03       6.71e+04    
fe :  [0.09186807 0.0124422 ] fo :  [0.0535623  0.00472316] delta :  [[0.11924527 0.11924527]
 [0.11993645 0.11993645]
 [0.11074756 0.11074756]
 [0.23476657 0.23476657]
 [0.20093097 0.20093097]
 [0.47930775 0.47930775]
 [0.04495023 0.04495023]
 [0.08784155 0.08784155]
 [0.45116718 0.45116718]
 [0.22281959 0.22281959]
 [0.1447079  0.1447079 ]
 [1.33268072 1.33268072]] nu :  [0.05407748 0.04701282] k : [1.2392668  1.30073864 1.04438013] theta : [5.9624753  3.42331145] sigma : [2.9        1.96935185] zeta : [0.00741939 0.04188144] rho : 0.02 kappa : 0.5
       3             15         9.7137e-01      1.95e-06       1.24e-04       3.10e+03    
       4             19         9.7137e-01      5.11e-07       2.24e-04       3.65e+04    
       5             20         9.7137e-01      2.46e-08       1.64e-06       2.55e+02    
fe :  [0.09208371 0.01248538] fo :  [0.05356227 0.00475305] delta :  [[0.11924524 0.11924524]
 [0.11993643 0.11993643]
 [0.11074753 0.11074753]
 [0.23476657 0.23476657]
 [0.20093098 0.20093098]
 [0.47930928 0.47930928]
 [0.04495023 0.04495023]
 [0.08784154 0.08784154]
 [0.45116908 0.45116908]
 [0.22281959 0.22281959]
 [0.14470787 0.14470787]
 [1.33268272 1.33268272]] nu :  [0.05407741 0.0470128 ] k : [1.2392668  1.30073864 1.04438013] theta : [5.9624753  3.42331145] sigma : [2.9        1.96935185] zeta : [0.00741939 0.04188144] rho : 0.02 kappa : 0.5
       6             21         9.7137e-01      1.15e-08       1.85e-06       4.69e-02    
       7             22         9.7137e-01      1.54e-08       1.84e-06       4.08e-02    
fe :  [0.09208366 0.01248537] fo :  [0.05356222 0.00475305] delta :  [[0.11924517 0.11924517]
 [0.11993635 0.11993635]
 [0.11074745 0.11074745]
 [0.23476644 0.23476644]
 [0.20093086 0.20093086]
 [0.47930911 0.47930911]
 [0.0449502  0.0449502 ]
 [0.08784148 0.08784148]
 [0.45116893 0.45116893]
 [0.22281946 0.22281946]
 [0.14470776 0.14470776]
 [1.33268249 1.33268249]] nu :  [0.05407731 0.04701277] k : [1.2392668  1.30073864 1.04438013] theta : [5.9624753  3.42331145] sigma : [2.9        1.96935185] zeta : [0.00741939 0.04188144] rho : 0.02 kappa : 0.5
       8             23         9.7137e-01      1.69e-08       1.68e-06       4.34e-02    
       9             24         9.7137e-01      1.59e-08       1.77e-06       4.20e-02    
      10             25         9.7137e-01      1.61e-08       1.73e-06       4.25e-02    
fe :  [0.09208358 0.01248536] fo :  [0.05356214 0.00475304] delta :  [[0.11924507 0.11924507]
 [0.11993623 0.11993623]
 [0.11074732 0.11074732]
 [0.23476624 0.23476624]
 [0.2009307  0.2009307 ]
 [0.47930886 0.47930886]
 [0.04495016 0.04495016]
 [0.08784139 0.08784139]
 [0.45116872 0.45116872]
 [0.22281926 0.22281926]
 [0.14470761 0.14470761]
 [1.33268216 1.33268216]] nu :  [0.05407716 0.04701272] k : [1.2392668  1.30073864 1.04438013] theta : [5.9624753  3.42331145] sigma : [2.9        1.96935185] zeta : [0.00741939 0.04188144] rho : 0.02 kappa : 0.5
      11             26         9.7137e-01      1.58e-08       1.76e-06       4.21e-02    
      12             27         9.7137e-01      1.57e-08       1.75e-06       4.22e-02    
fe :  [0.09208353 0.01248536] fo :  [0.05356209 0.00475304] delta :  [[0.119245   0.119245  ]
 [0.11993615 0.11993615]
 [0.11074723 0.11074723]
 [0.23476611 0.23476611]
 [0.20093059 0.20093059]
 [0.47930869 0.47930869]
 [0.04495013 0.04495013]
 [0.08784133 0.08784133]
 [0.45116857 0.45116857]
 [0.22281913 0.22281913]
 [0.1447075  0.1447075 ]
 [1.33268195 1.33268195]] nu :  [0.05407706 0.04701268] k : [1.2392668  1.30073864 1.04438013] theta : [5.9624753  3.42331145] sigma : [2.9        1.96935185] zeta : [0.00741939 0.04188144] rho : 0.02 kappa : 0.5
      13             28         9.7137e-01      1.55e-08       1.76e-06       4.20e-02    
      14             29         9.7137e-01      1.54e-08       1.76e-06       4.19e-02    
      15             30         9.7137e-01      1.52e-08       1.77e-06       4.18e-02    
fe :  [0.09208345 0.01248535] fo :  [0.05356201 0.00475303] delta :  [[0.11924489 0.11924489]
 [0.11993603 0.11993603]
 [0.1107471  0.1107471 ]
 [0.2347659  0.2347659 ]
 [0.20093042 0.20093042]
 [0.47930844 0.47930844]
 [0.04495009 0.04495009]
 [0.08784124 0.08784124]
 [0.45116836 0.45116836]
 [0.22281894 0.22281894]
 [0.14470734 0.14470734]
 [1.33268165 1.33268165]] nu :  [0.05407691 0.04701263] k : [1.2392668  1.30073864 1.04438013] theta : [5.9624753  3.42331145] sigma : [2.9        1.96935185] zeta : [0.00741939 0.04188144] rho : 0.02 kappa : 0.5
      16             31         9.7137e-01      1.50e-08       1.77e-06       4.17e-02    
      17             32         9.7137e-01      1.49e-08       1.77e-06       4.16e-02    
fe :  [0.0920834  0.01248534] fo :  [0.05356196 0.00475305] delta :  [[0.11924481 0.11924481]
 [0.11993595 0.11993595]
 [0.11074701 0.11074701]
 [0.23476577 0.23476577]
 [0.20093031 0.20093031]
 [0.47930828 0.47930828]
 [0.04495006 0.04495006]
 [0.08784118 0.08784118]
 [0.45116822 0.45116822]
 [0.2228188  0.2228188 ]
 [0.14470723 0.14470723]
 [1.33268145 1.33268145]] nu :  [0.05407681 0.04701259] k : [1.2392668  1.30073864 1.04438013] theta : [5.9624753  3.42331145] sigma : [2.9        1.96935185] zeta : [0.00741939 0.04188144] rho : 0.02 kappa : 0.5
      18             33         9.7137e-01      1.47e-08       1.78e-06       4.15e-02    
      19             34         9.7137e-01      1.46e-08       1.78e-06       4.14e-02    
      20             35         9.7137e-01      1.44e-08       1.79e-06       4.13e-02    
fe :  [0.09208332 0.01248533] fo :  [0.05356188 0.00475303] delta :  [[0.1192447  0.1192447 ]
 [0.11993582 0.11993582]
 [0.11074688 0.11074688]
 [0.23476556 0.23476556]
 [0.20093014 0.20093014]
 [0.47930803 0.47930803]
 [0.04495002 0.04495002]
 [0.08784109 0.08784109]
 [0.45116802 0.45116802]
 [0.2228186  0.2228186 ]
 [0.14470707 0.14470707]
 [1.33268116 1.33268116]] nu :  [0.05407665 0.04701254] k : [1.2392668  1.30073864 1.04438013] theta : [5.9624753  3.42331145] sigma : [2.9        1.96935185] zeta : [0.00741939 0.04188144] rho : 0.02 kappa : 0.5
      21             36         9.7137e-01      1.43e-08       1.79e-06       4.12e-02    
      22             37         9.7137e-01      1.41e-08       1.79e-06       4.11e-02    
      23             38         9.7137e-01      1.40e-08       1.80e-06       4.10e-02    
fe :  [0.09208324 0.01248532] fo :  [0.0535618  0.00475302] delta :  [[0.11924459 0.11924459]
 [0.11993571 0.11993571]
 [0.11074674 0.11074674]
 [0.23476536 0.23476536]
 [0.20092997 0.20092997]
 [0.47930778 0.47930778]
 [0.04494997 0.04494997]
 [0.08784099 0.08784099]
 [0.45116781 0.45116781]
 [0.2228184  0.2228184 ]
 [0.14470691 0.14470691]
 [1.33268088 1.33268088]] nu :  [0.0540765  0.04701248] k : [1.2392668  1.30073864 1.04438013] theta : [5.9624753  3.42331145] sigma : [2.9        1.96935185] zeta : [0.00741939 0.04188144] rho : 0.02 kappa : 0.5
      24             39         9.7137e-01      1.38e-08       1.80e-06       4.08e-02    
      25             40         9.7137e-01      1.37e-08       1.80e-06       4.07e-02    
fe :  [0.09208319 0.01248531] fo :  [0.05356174 0.00475302] delta :  [[0.11924452 0.11924452]
 [0.11993561 0.11993561]
 [0.11074665 0.11074665]
 [0.23476522 0.23476522]
 [0.20092986 0.20092986]
 [0.47930762 0.47930762]
 [0.04494994 0.04494994]
 [0.08784093 0.08784093]
 [0.45116768 0.45116768]
 [0.22281827 0.22281827]
 [0.1447068  0.1447068 ]
 [1.3326807  1.3326807 ]] nu :  [0.05407639 0.04701245] k : [1.2392668  1.30073864 1.04438013] theta : [5.9624753  3.42331145] sigma : [2.9        1.96935185] zeta : [0.00741939 0.04188144] rho : 0.02 kappa : 0.5
      26             41         9.7137e-01      1.36e-08       1.81e-06       4.06e-02    
      27             42         9.7137e-01      1.34e-08       1.81e-06       4.05e-02    
      28             43         9.7137e-01      1.33e-08       1.82e-06       4.04e-02    
fe :  [0.09208311 0.0124853 ] fo :  [0.05356166 0.00475301] delta :  [[0.1192444  0.1192444 ]
 [0.11993549 0.11993549]
 [0.11074651 0.11074651]
 [0.23476501 0.23476501]
 [0.20092969 0.20092969]
 [0.47930738 0.47930738]
 [0.04494992 0.04494992]
 [0.08784084 0.08784084]
 [0.45116748 0.45116748]
 [0.22281807 0.22281807]
 [0.14470663 0.14470663]
 [1.33268044 1.33268044]] nu :  [0.05407623 0.04701239] k : [1.2392668  1.30073864 1.04438013] theta : [5.9624753  3.42331145] sigma : [2.9        1.96935185] zeta : [0.00741939 0.04188144] rho : 0.02 kappa : 0.5
      29             44         9.7137e-01      1.31e-08       1.82e-06       4.03e-02    
      30             45         9.7137e-01      1.30e-08       1.82e-06       4.01e-02    
fe :  [0.09208305 0.01248529] fo :  [0.0535616  0.00475301] delta :  [[0.11924432 0.11924432]
 [0.1199354  0.1199354 ]
 [0.11074642 0.11074642]
 [0.23476487 0.23476487]
 [0.20092957 0.20092957]
 [0.47930722 0.47930722]
 [0.04494987 0.04494987]
 [0.08784077 0.08784077]
 [0.45116734 0.45116734]
 [0.22281793 0.22281793]
 [0.14470652 0.14470652]
 [1.33268027 1.33268027]] nu :  [0.05407612 0.04701235] k : [1.2392668  1.30073864 1.04438013] theta : [5.9624753  3.42331145] sigma : [2.9        1.96935185] zeta : [0.00741939 0.04188144] rho : 0.02 kappa : 0.5
      31             46         9.7137e-01      1.29e-08       1.83e-06       4.00e-02    
      32             47         9.7137e-01      1.28e-08       1.83e-06       3.99e-02    
      33             48         9.7137e-01      1.26e-08       1.83e-06       3.98e-02    
fe :  [0.09208297 0.01248528] fo :  [0.05356152 0.004753  ] delta :  [[0.11924421 0.11924421]
 [0.11993527 0.11993527]
 [0.11074627 0.11074627]
 [0.23476467 0.23476467]
 [0.2009294  0.2009294 ]
 [0.47930699 0.47930699]
 [0.04494983 0.04494983]
 [0.08784068 0.08784068]
 [0.45116715 0.45116715]
 [0.22281773 0.22281773]
 [0.14470635 0.14470635]
 [1.33268005 1.33268005]] nu :  [0.05407595 0.0470123 ] k : [1.2392668  1.30073864 1.04438013] theta : [5.9624753  3.42331145] sigma : [2.9        1.96935185] zeta : [0.00741939 0.04188144] rho : 0.02 kappa : 0.5
      34             49         9.7137e-01      1.25e-08       1.84e-06       3.96e-02    
      35             50         9.7137e-01      1.24e-08       1.84e-06       3.95e-02    
fe :  [0.09208292 0.01248528] fo :  [0.05356146 0.004753  ] delta :  [[0.11924413 0.11924413]
 [0.11993519 0.11993519]
 [0.11074618 0.11074618]
 [0.23476453 0.23476453]
 [0.20092929 0.20092929]
 [0.47930683 0.47930683]
 [0.0449498  0.0449498 ]
 [0.08784061 0.08784061]
 [0.45116702 0.45116702]
 [0.22281759 0.22281759]
 [0.14470624 0.14470624]
 [1.33267988 1.33267988]] nu :  [0.05407584 0.04701226] k : [1.2392668  1.30073864 1.04438013] theta : [5.9624753  3.42331145] sigma : [2.9        1.96935185] zeta : [0.00741939 0.04188144] rho : 0.02 kappa : 0.5
      36             51         9.7137e-01      1.22e-08       1.84e-06       3.94e-02    
      37             52         9.7137e-01      1.21e-08       1.84e-06       3.93e-02    
      38             53         9.7137e-01      1.20e-08       1.85e-06       3.91e-02    
fe :  [0.09208284 0.01248527] fo :  [0.05356137 0.00475299] delta :  [[0.11924401 0.11924401]
 [0.11993506 0.11993506]
 [0.11074604 0.11074604]
 [0.23476432 0.23476432]
 [0.20092911 0.20092911]
 [0.4793066  0.4793066 ]
 [0.04494975 0.04494975]
 [0.08784052 0.08784052]
 [0.45116684 0.45116684]
 [0.22281739 0.22281739]
 [0.14470607 0.14470607]
 [1.33267967 1.33267967]] nu :  [0.05407567 0.04701221] k : [1.2392668  1.30073864 1.04438013] theta : [5.9624753  3.42331145] sigma : [2.9        1.96935185] zeta : [0.00741939 0.04188144] rho : 0.02 kappa : 0.5
      39             54         9.7137e-01      1.19e-08       1.85e-06       3.90e-02    
      40             55         9.7137e-01      1.18e-08       1.85e-06       3.88e-02    
fe :  [0.09208279 0.01248526] fo :  [0.05356131 0.00475299] delta :  [[0.11924393 0.11924393]
 [0.11993497 0.11993497]
 [0.11074594 0.11074594]
 [0.23476418 0.23476418]
 [0.200929   0.200929  ]
 [0.47930645 0.47930645]
 [0.04494972 0.04494972]
 [0.08784045 0.08784045]
 [0.45116672 0.45116672]
 [0.22281725 0.22281725]
 [0.14470595 0.14470595]
 [1.33267954 1.33267954]] nu :  [0.05407555 0.04701217] k : [1.2392668  1.30073864 1.04438013] theta : [5.9624753  3.42331145] sigma : [2.9        1.96935185] zeta : [0.00741939 0.04188144] rho : 0.02 kappa : 0.5
      41             56         9.7137e-01      1.17e-08       1.86e-06       3.87e-02    
      42             57         9.7137e-01      1.15e-08       1.86e-06       3.86e-02    
      43             58         9.7137e-01      1.14e-08       1.86e-06       3.84e-02    
fe :  [0.09208271 0.01248525] fo :  [0.05356122 0.00475298] delta :  [[0.11924381 0.11924381]
 [0.11993484 0.11993484]
 [0.11074579 0.11074579]
 [0.23476397 0.23476397]
 [0.20092883 0.20092883]
 [0.47930623 0.47930623]
 [0.04494968 0.04494968]
 [0.08784035 0.08784035]
 [0.45116654 0.45116654]
 [0.22281705 0.22281705]
 [0.14470578 0.14470578]
 [1.33267936 1.33267936]] nu :  [0.05407538 0.04701211] k : [1.2392668  1.30073864 1.04438013] theta : [5.9624753  3.42331145] sigma : [2.9        1.96935185] zeta : [0.00741939 0.04188144] rho : 0.02 kappa : 0.5
      44             59         9.7137e-01      1.13e-08       1.86e-06       3.83e-02    
      45             60         9.7137e-01      1.12e-08       1.87e-06       3.81e-02    
fe :  [0.09208265 0.01248524] fo :  [0.05356116 0.00475298] delta :  [[0.11924372 0.11924372]
 [0.11993475 0.11993475]
 [0.11074569 0.11074569]
 [0.23476382 0.23476382]
 [0.20092871 0.20092871]
 [0.47930608 0.47930608]
 [0.04494965 0.04494965]
 [0.08784029 0.08784029]
 [0.45116643 0.45116643]
 [0.22281691 0.22281691]
 [0.14470566 0.14470566]
 [1.33267925 1.33267925]] nu :  [0.05407526 0.04701207] k : [1.2392668  1.30073864 1.04438013] theta : [5.9624753  3.42331145] sigma : [2.9        1.96935185] zeta : [0.00741939 0.04188144] rho : 0.02 kappa : 0.5
      46             61         9.7137e-01      1.11e-08       1.87e-06       3.80e-02    
      47             62         9.7137e-01      1.10e-08       1.87e-06       3.78e-02    
      48             63         9.7137e-01      1.09e-08       1.87e-06       3.77e-02    
fe :  [0.09208257 0.01248523] fo :  [0.05356107 0.00475298] delta :  [[0.1192436  0.1192436 ]
 [0.11993461 0.11993461]
 [0.11074554 0.11074554]
 [0.23476361 0.23476361]
 [0.20092854 0.20092854]
 [0.47930587 0.47930587]
 [0.0449496  0.0449496 ]
 [0.08784019 0.08784019]
 [0.45116626 0.45116626]
 [0.22281671 0.22281671]
 [0.14470549 0.14470549]
 [1.33267911 1.33267911]] nu :  [0.05407508 0.04701202] k : [1.2392668  1.30073864 1.04438013] theta : [5.9624753  3.42331145] sigma : [2.9        1.96935185] zeta : [0.00741939 0.04188144] rho : 0.02 kappa : 0.5
      49             64         9.7137e-01      1.08e-08       1.88e-06       3.75e-02    
      50             65         9.7137e-01      1.07e-08       1.88e-06       3.74e-02    
fe :  [0.09208252 0.01248522] fo :  [0.05356101 0.00475297] delta :  [[0.11924351 0.11924351]
 [0.11993452 0.11993452]
 [0.11074544 0.11074544]
 [0.23476347 0.23476347]
 [0.20092842 0.20092842]
 [0.47930574 0.47930574]
 [0.04494957 0.04494957]
 [0.08784012 0.08784012]
 [0.45116616 0.45116616]
 [0.22281657 0.22281657]
 [0.14470537 0.14470537]
 [1.33267903 1.33267903]] nu :  [0.05407495 0.04701198] k : [1.2392668  1.30073864 1.04438013] theta : [5.9624753  3.42331145] sigma : [2.9        1.96935185] zeta : [0.00741939 0.04188144] rho : 0.02 kappa : 0.5
      51             66         9.7137e-01      1.06e-08       1.88e-06       3.72e-02    
      52             67         9.7137e-01      1.04e-08       1.88e-06       3.70e-02    
      53             68         9.7136e-01      1.03e-08       1.88e-06       3.69e-02    
fe :  [0.09208244 0.01248521] fo :  [0.05356092 0.00475297] delta :  [[0.11924338 0.11924338]
 [0.11993438 0.11993438]
 [0.11074528 0.11074528]
 [0.23476326 0.23476326]
 [0.20092825 0.20092825]
 [0.47930554 0.47930554]
 [0.04494953 0.04494953]
 [0.08784002 0.08784002]
 [0.45116601 0.45116601]
 [0.22281636 0.22281636]
 [0.14470519 0.14470519]
 [1.33267894 1.33267894]] nu :  [0.05407477 0.04701193] k : [1.2392668  1.30073864 1.04438013] theta : [5.9624753  3.42331145] sigma : [2.9        1.96935185] zeta : [0.00741939 0.04188144] rho : 0.02 kappa : 0.5
      54             69         9.7136e-01      1.02e-08       1.88e-06       3.67e-02    
      55             70         9.7136e-01      1.01e-08       1.89e-06       3.65e-02    
fe :  [0.09208239 0.01248522] fo :  [0.05356085 0.00475296] delta :  [[0.1192433  0.1192433 ]
 [0.11993429 0.11993429]
 [0.11074518 0.11074518]
 [0.23476312 0.23476312]
 [0.20092814 0.20092814]
 [0.47930541 0.47930541]
 [0.0449495  0.0449495 ]
 [0.08783995 0.08783995]
 [0.45116592 0.45116592]
 [0.22281623 0.22281623]
 [0.14470507 0.14470507]
 [1.33267889 1.33267889]] nu :  [0.05407464 0.04701189] k : [1.2392668  1.30073864 1.04438013] theta : [5.9624753  3.42331145] sigma : [2.9        1.96935185] zeta : [0.00741939 0.04188144] rho : 0.02 kappa : 0.5
      56             71         9.7136e-01      9.93e-09       1.89e-06       4.64e-02    
      57             81         9.7136e-01      0.00e+00       0.00e+00       4.64e-02    
`xtol` termination condition is satisfied.
Function evaluations 81, initial cost 9.7157e-01, final cost 9.7136e-01, first-order optimality 4.64e-02.
   Iteration     Total nfev        Cost      Cost reduction    Step norm     Optimality   
       0              1         9.7136e-01                                    5.99e+02    
       1             22         9.7136e-01      9.46e-11       4.21e-09       3.46e-02    
`ftol` termination condition is satisfied.
Function evaluations 22, initial cost 9.7136e-01, final cost 9.7136e-01, first-order optimality 3.46e-02.
fe :  [0.09208239 0.01248521] fo :  [0.05356085 0.00475296] delta :  [[0.1192433  0.1192433 ]
 [0.11993429 0.11993429]
 [0.11074518 0.11074518]
 [0.23476312 0.23476312]
 [0.20092814 0.20092814]
 [0.47930541 0.47930541]
 [0.04494951 0.04494951]
 [0.08783995 0.08783995]
 [0.45116592 0.45116592]
 [0.22281623 0.22281623]
 [0.14470507 0.14470507]
 [1.33267889 1.33267889]] nu :  [0.05407464 0.04701189] k : [1.2392668  1.30073864 1.04438013] theta : [5.9624753  3.42331145] sigma : [2.9        1.96935185] zeta : [0.00741939 0.04188144] rho : 0.02 kappa : 0.5
   Iteration     Total nfev        Cost      Cost reduction    Step norm     Optimality   
       0              1         9.7136e-01                                    3.13e-02    
       1              9         9.7124e-01      1.27e-04       2.35e+00       1.78e+05    
fe :  [0.08098371 0.01073321] fo :  [0.04664876 0.00401716] delta :  [[0.12238379 0.12238379]
 [0.12254361 0.12254361]
 [0.11320729 0.11320729]
 [0.23869144 0.23869144]
 [0.20446949 0.20446949]
 [0.48636373 0.48636373]
 [0.04657085 0.04657085]
 [0.09004541 0.09004541]
 [0.45826774 0.45826774]
 [0.22652604 0.22652604]
 [0.14747423 0.14747423]
 [1.34960342 1.34960342]] nu :  [0.05391452 0.0468779 ] k : [1.2392668  1.30073864 1.04438013] theta : [5.9624753  3.42331145] sigma : [2.9        1.96935185] zeta : [0.00741939 0.04188144] rho : 0.02 kappa : 0.5
       2             12         9.7116e-01      7.46e-05       8.91e-03       2.46e+04    
       3             15         9.7116e-01      4.72e-07       1.36e-04       2.21e+03    
       4             16         9.7116e-01      3.88e-08       3.11e-05       7.80e+03    
fe :  [0.08116059 0.01077963] fo :  [0.04675107 0.00407811] delta :  [[0.12238398 0.12238398]
 [0.12254343 0.12254343]
 [0.11322143 0.11322143]
 [0.23872685 0.23872685]
 [0.20450789 0.20450789]
 [0.48644127 0.48644127]
 [0.04659809 0.04659809]
 [0.09006427 0.09006427]
 [0.45834001 0.45834001]
 [0.22656547 0.22656547]
 [0.14750055 0.14750055]
 [1.34968532 1.34968532]] nu :  [0.05391377 0.04687802] k : [1.2392668  1.30073864 1.04438013] theta : [5.9624753  3.42331145] sigma : [2.9        1.96935185] zeta : [0.00741939 0.04188144] rho : 0.02 kappa : 0.5
       5             22         9.7116e-01      1.24e-08       8.75e-07       2.65e+03    
       6             26         9.7116e-01      1.89e-10       3.42e-09       1.07e+03    
`ftol` termination condition is satisfied.
Function evaluations 26, initial cost 9.7136e-01, final cost 9.7116e-01, first-order optimality 1.07e+03.
  [c_all] DONE  obj=1.3937  status=successful  nu_rest=0.0539 nu_pharma=0.0469  -> calibration_results_matched_economy/baseline_2002_variations/pre_trips_tries_newfee/c_all/

========================================================================
  label: cd_base
  seed: 8.8
  fix_delta: False
  calib_parameters: ['delta', 'T', 'eta']
  delta_free_by_sector: [0, 12, 12]
  fe_free: 0
  fo_free: 0
  nu_free: 0
  moments: ['SPFLOW', 'DOMPATINUS', 'OUT', 'RD', 'RP', 'SRGDP', 'UUPCOSTS', 'RDPHARMACHEM']
  weights: {'SPFLOW': 1, 'DOMPATINUS': 1, 'OUT': 5, 'RD': 10, 'RP': 1, 'SRGDP': 1, 'UUPCOSTS': 1, 'RDPHARMACHEM': 1}
  r_hjort_recomputed_for_1992: True
  UUPCOSTS_target_newfee: [0.001161, 0.00047]
  nu_seed(rest,pharma): [0.06367, 0.11917]
  [cd_base] initial solve: successful | obj=4.3835
fe :  [0.10322757 0.0360563 ] fo :  [0.05561134 0.01156073] delta :  [[0.08793932 0.08793932]
 [0.10601833 0.10601833]
 [0.11316564 0.11316564]
 [0.16194812 0.16194812]
 [0.17779985 0.17779985]
 [0.24150643 0.24150643]
 [0.07481053 0.07481053]
 [0.07801511 0.07801511]
 [0.24365702 0.24365702]
 [0.20480966 0.20480966]
 [0.18760604 0.18760604]
 [1.58447318 1.58447318]] nu :  [0.06367108 0.11917209] k : [1.2392668  1.30073864 1.04438013] theta : [5.9624753  3.42331145] sigma : [2.9        1.96935185] zeta : [0.00741939 0.04188144] rho : 0.02 kappa : 0.5
   Iteration     Total nfev        Cost      Cost reduction    Step norm     Optimality   
       0              1         9.6077e+00                                    6.67e+07    
       1              2         7.6775e+00      1.93e+00       3.42e-03       2.97e+07    
fe :  [0.10322757 0.0360563 ] fo :  [0.05561134 0.01156073] delta :  [[0.08793932 0.08793932]
 [0.10601833 0.10601833]
 [0.11316564 0.11316564]
 [0.16194812 0.16194812]
 [0.17779985 0.17779985]
 [0.24150643 0.24150643]
 [0.07481053 0.07481053]
 [0.07801511 0.07801511]
 [0.24365702 0.24365702]
 [0.20480966 0.20480966]
 [0.18760604 0.18760604]
 [1.58447318 1.58447318]] nu :  [0.06367108 0.11917209] k : [1.2392668  1.30073864 1.04438013] theta : [5.9624753  3.42331145] sigma : [2.9        1.96935185] zeta : [0.00741939 0.04188144] rho : 0.02 kappa : 0.5
       2              3         5.2276e+00      2.45e+00       9.32e-03       1.26e+07    
       3              4         3.8035e+00      1.42e+00       1.37e-02       4.84e+06    
fe :  [0.10322757 0.0360563 ] fo :  [0.05561134 0.01156073] delta :  [[0.11907085 0.12408398]
 [0.11746193 0.19719222]
 [0.12639578 0.14602284]
 [0.24720149 0.32546512]
 [0.25369026 0.30189713]
 [0.45182283 0.59355413]
 [0.07065527 0.07141681]
 [0.10521619 0.14002305]
 [0.44876416 0.56325007]
 [0.30025479 0.32977571]
 [0.2218277  0.19334117]
 [1.60236472 2.19573662]] nu :  [0.06367108 0.11917209] k : [1.2392668  1.30073864 1.04438013] theta : [5.9624753  3.42331145] sigma : [2.9        1.96935185] zeta : [0.00741939 0.04188144] rho : 0.02 kappa : 0.5
       4              5         1.4763e+00      2.33e+00       1.04e+04       1.27e+06    
       5              6         1.4033e+00      7.31e-02       7.48e+03       1.26e+06    
       6              7         1.3801e+00      2.32e-02       1.25e+03       1.25e+06    
fe :  [0.10322757 0.0360563 ] fo :  [0.05561134 0.01156073] delta :  [[0.13708986 0.18550151]
 [0.15225842 0.21692785]
 [0.15121688 0.17487737]
 [0.29297487 0.40555345]
 [0.27033807 0.30828137]
 [0.56430524 0.8825239 ]
 [0.07536847 0.06511297]
 [0.11459145 0.16200172]
 [0.54834136 0.81020428]
 [0.32580831 0.3344845 ]
 [0.2201032  0.18818565]
 [1.62846476 2.53279142]] nu :  [0.06367108 0.11917209] k : [1.2392668  1.30073864 1.04438013] theta : [5.9624753  3.42331145] sigma : [2.9        1.96935185] zeta : [0.00741939 0.04188144] rho : 0.02 kappa : 0.5
       7              9         1.0024e+00      3.78e-01       9.76e+03       1.23e+06    
       8             10         9.8658e-01      1.58e-02       8.71e+01       1.01e+06    
fe :  [0.10322757 0.0360563 ] fo :  [0.05561134 0.01156073] delta :  [[0.13804983 0.16642046]
 [0.15316649 0.18804028]
 [0.14972194 0.1528193 ]
 [0.28898313 0.37398654]
 [0.26136671 0.29337435]
 [0.55233365 0.83352338]
 [0.07327488 0.0511846 ]
 [0.11139681 0.13472509]
 [0.53683034 0.75213209]
 [0.31678984 0.29059875]
 [0.21109117 0.16852145]
 [1.59015475 2.32243053]] nu :  [0.06367108 0.11917209] k : [1.2392668  1.30073864 1.04438013] theta : [5.9624753  3.42331145] sigma : [2.9        1.96935185] zeta : [0.00741939 0.04188144] rho : 0.02 kappa : 0.5
       9             11         9.5011e-01      3.65e-02       2.30e+03       6.22e+06    
      10             12         9.4654e-01      3.56e-03       1.81e+03       6.58e+06    
fe :  [0.10322757 0.0360563 ] fo :  [0.05561134 0.01156073] delta :  [[0.1399043  0.15426139]
 [0.15762738 0.17926729]
 [0.15127945 0.14415793]
 [0.2918813  0.36381895]
 [0.2603478  0.28703865]
 [0.55687762 0.82771056]
 [0.07445207 0.04807928]
 [0.11340188 0.13093958]
 [0.53988127 0.7413054 ]
 [0.3165403  0.27815794]
 [0.20947893 0.16805419]
 [1.59577579 2.26203985]] nu :  [0.06367108 0.11917209] k : [1.2392668  1.30073864 1.04438013] theta : [5.9624753  3.42331145] sigma : [2.9        1.96935185] zeta : [0.00741939 0.04188144] rho : 0.02 kappa : 0.5
      11             13         9.3697e-01      9.57e-03       7.17e+01       1.39e+06    
      12             16         9.3544e-01      1.53e-03       6.57e+01       1.11e+06    
      13             19         9.3029e-01      5.15e-03       1.15e-01       5.42e+05    
fe :  [0.10322757 0.0360563 ] fo :  [0.05561134 0.01156073] delta :  [[0.13803927 0.14707183]
 [0.1521406  0.16991384]
 [0.14701465 0.13659067]
 [0.28489818 0.34694698]
 [0.25353644 0.27231898]
 [0.54514491 0.78484228]
 [0.07051027 0.04376546]
 [0.10766842 0.11913081]
 [0.52801552 0.70142759]
 [0.30832746 0.2592854 ]
 [0.20464459 0.15842886]
 [1.5429521  2.0665239 ]] nu :  [0.06367108 0.11917209] k : [1.2392668  1.30073864 1.04438013] theta : [5.9624753  3.42331145] sigma : [2.9        1.96935185] zeta : [0.00741939 0.04188144] rho : 0.02 kappa : 0.5
      14             22         9.2991e-01      3.86e-04       7.58e-03       6.83e+04    
      15             23         9.2983e-01      7.69e-05       3.76e-03       6.98e+03    
fe :  [0.10322757 0.0360563 ] fo :  [0.05561134 0.01156073] delta :  [[0.1380035  0.1467824 ]
 [0.15208542 0.16932521]
 [0.14663713 0.13613711]
 [0.28432419 0.34633199]
 [0.25302281 0.27176323]
 [0.54417417 0.78401361]
 [0.07048595 0.04365728]
 [0.10794433 0.11875206]
 [0.52702308 0.70058276]
 [0.30773189 0.25866448]
 [0.20424307 0.15808406]
 [1.54256618 2.07170819]] nu :  [0.06367108 0.11917209] k : [1.2392668  1.30073864 1.04438013] theta : [5.9624753  3.42331145] sigma : [2.9        1.96935185] zeta : [0.00741939 0.04188144] rho : 0.02 kappa : 0.5
      16             24         9.2977e-01      6.09e-05       3.81e-03       4.98e+03    
      17             25         9.2974e-01      3.54e-05       4.91e-03       4.87e+03    
fe :  [0.10322757 0.0360563 ] fo :  [0.05561134 0.01156073] delta :  [[0.13799084 0.14656043]
 [0.15208143 0.16869531]
 [0.14639648 0.13561632]
 [0.28382468 0.34570081]
 [0.25256989 0.27118567]
 [0.54328444 0.78328299]
 [0.07044705 0.04352941]
 [0.10809546 0.11838788]
 [0.5261948  0.69984397]
 [0.30721953 0.25803512]
 [0.20389    0.15772711]
 [1.54297968 2.07906525]] nu :  [0.06367108 0.11917209] k : [1.2392668  1.30073864 1.04438013] theta : [5.9624753  3.42331145] sigma : [2.9        1.96935185] zeta : [0.00741939 0.04188144] rho : 0.02 kappa : 0.5
      18             26         9.2969e-01      4.85e-05       3.97e-03       9.26e+03    
      19             32         9.2969e-01      1.41e-07       1.38e-05       3.24e+03    
      20             33         9.2969e-01      4.84e-08       3.70e-06       2.17e+03    
`xtol` termination condition is satisfied.
Function evaluations 33, initial cost 9.6077e+00, final cost 9.2969e-01, first-order optimality 2.17e+03.
fe :  [0.10322757 0.0360563 ] fo :  [0.05561134 0.01156073] delta :  [[0.13799424 0.14656031]
 [0.15208404 0.16869489]
 [0.14639634 0.13561597]
 [0.28382438 0.34570041]
 [0.25256961 0.27118529]
 [0.5432839  0.78328368]
 [0.07044929 0.04352932]
 [0.10809845 0.11838764]
 [0.5261943  0.69984437]
 [0.30721922 0.25803471]
 [0.20388978 0.15772687]
 [1.54298161 2.07907103]] nu :  [0.06367108 0.11917209] k : [1.2392668  1.30073864 1.04438013] theta : [5.9624753  3.42331145] sigma : [2.9        1.96935185] zeta : [0.00741939 0.04188144] rho : 0.02 kappa : 0.5
   Iteration     Total nfev        Cost      Cost reduction    Step norm     Optimality   
       0              1         9.2969e-01                                    2.23e+03    
       1              4         9.2589e-01      3.80e-03       8.01e+03       6.57e+05    
fe :  [0.10322757 0.0360563 ] fo :  [0.05561134 0.01156073] delta :  [[0.13782388 0.14140075]
 [0.14961567 0.16185423]
 [0.14349137 0.12896041]
 [0.27986274 0.33448558]
 [0.24924149 0.25648616]
 [0.53587364 0.76135334]
 [0.06871282 0.04116314]
 [0.10590237 0.11555826]
 [0.51927349 0.68148508]
 [0.30345388 0.24806163]
 [0.20079139 0.15259219]
 [1.53341947 2.09044979]] nu :  [0.06367108 0.11917209] k : [1.2392668  1.30073864 1.04438013] theta : [5.9624753  3.42331145] sigma : [2.9        1.96935185] zeta : [0.00741939 0.04188144] rho : 0.02 kappa : 0.5
       2              7         9.2583e-01      5.48e-05       4.54e+00       3.53e+05    
       3             11         9.2507e-01      7.66e-04       2.53e-02       6.50e+04    
fe :  [0.10322757 0.0360563 ] fo :  [0.05561134 0.01156073] delta :  [[0.13781997 0.14528908]
 [0.15086284 0.16501428]
 [0.14521801 0.13217886]
 [0.28205527 0.34117223]
 [0.25057092 0.26616831]
 [0.53899553 0.77603274]
 [0.06952957 0.04211873]
 [0.10678516 0.11636415]
 [0.52172521 0.68747915]
 [0.30470649 0.25129339]
 [0.20237596 0.15462275]
 [1.53988144 2.10188995]] nu :  [0.06367108 0.11917209] k : [1.2392668  1.30073864 1.04438013] theta : [5.9624753  3.42331145] sigma : [2.9        1.96935185] zeta : [0.00741939 0.04188144] rho : 0.02 kappa : 0.5
       4             15         9.2504e-01      2.12e-05       8.42e-04       5.72e+03    
       5             16         9.2504e-01      6.36e-06       4.05e-04       5.47e+03    
       6             24         9.2504e-01      0.00e+00       0.00e+00       5.47e+03    
`xtol` termination condition is satisfied.
Function evaluations 24, initial cost 9.2969e-01, final cost 9.2504e-01, first-order optimality 5.47e+03.
fe :  [0.10322757 0.0360563 ] fo :  [0.05561134 0.01156073] delta :  [[0.13780713 0.14524991]
 [0.15085019 0.16500285]
 [0.14518772 0.13216815]
 [0.2820194  0.34112964]
 [0.25054424 0.26614341]
 [0.5389497  0.77595436]
 [0.06952487 0.04211569]
 [0.10677397 0.11646293]
 [0.52168292 0.68743547]
 [0.3046799  0.25127793]
 [0.20235951 0.15461107]
 [1.53980169 2.10183255]] nu :  [0.06367108 0.11917209] k : [1.2392668  1.30073864 1.04438013] theta : [5.9624753  3.42331145] sigma : [2.9        1.96935185] zeta : [0.00741939 0.04188144] rho : 0.02 kappa : 0.5
   Iteration     Total nfev        Cost      Cost reduction    Step norm     Optimality   
       0              1         9.2504e-01                                    2.88e+03    
       1              7         9.2501e-01      3.09e-05       2.03e-01       1.48e+04    
       2              8         9.2344e-01      1.57e-03       6.05e-01       3.65e+05    
fe :  [0.10322757 0.0360563 ] fo :  [0.05561134 0.01156073] delta :  [[0.13679953 0.13499032]
 [0.14334822 0.15202202]
 [0.13792771 0.11962996]
 [0.2709881  0.31617447]
 [0.24121279 0.24526909]
 [0.51984575 0.72121835]
 [0.06462107 0.03655324]
 [0.10096502 0.10679171]
 [0.50543788 0.6470246 ]
 [0.29449307 0.23338465]
 [0.19454903 0.14263505]
 [1.49295684 1.98869894]] nu :  [0.06367108 0.11917209] k : [1.2392668  1.30073864 1.04438013] theta : [5.9624753  3.42331145] sigma : [2.9        1.96935185] zeta : [0.00741939 0.04188144] rho : 0.02 kappa : 0.5
       3             10         9.2324e-01      1.96e-04       2.91e-02       1.42e+05    
       4             11         9.2307e-01      1.66e-04       3.66e-02       1.17e+05    
fe :  [0.10322757 0.0360563 ] fo :  [0.05561134 0.01156073] delta :  [[0.13658287 0.1343208 ]
 [0.14284938 0.15104009]
 [0.13745842 0.11883286]
 [0.27014602 0.31460303]
 [0.24038573 0.24401298]
 [0.51792509 0.71768312]
 [0.06445433 0.03625596]
 [0.10094897 0.10613726]
 [0.50372191 0.64392162]
 [0.29345235 0.23261335]
 [0.19383246 0.14160522]
 [1.48874068 1.98279617]] nu :  [0.06367108 0.11917209] k : [1.2392668  1.30073864 1.04438013] theta : [5.9624753  3.42331145] sigma : [2.9        1.96935185] zeta : [0.00741939 0.04188144] rho : 0.02 kappa : 0.5
       5             15         9.2307e-01      4.36e-06       6.21e-04       2.28e+03    
       6             18         9.2307e-01      1.48e-08       3.80e-05       3.19e+02    
fe :  [0.10322757 0.0360563 ] fo :  [0.05561134 0.01156073] delta :  [[0.13658255 0.13432578]
 [0.14284901 0.15103958]
 [0.13747084 0.11883259]
 [0.27015521 0.31460433]
 [0.240386   0.24403925]
 [0.51792452 0.71768157]
 [0.06445422 0.03625584]
 [0.10096645 0.10613716]
 [0.50372146 0.64392027]
 [0.29345201 0.23261352]
 [0.19383215 0.14160482]
 [1.48873914 1.98279302]] nu :  [0.06367108 0.11917209] k : [1.2392668  1.30073864 1.04438013] theta : [5.9624753  3.42331145] sigma : [2.9        1.96935185] zeta : [0.00741939 0.04188144] rho : 0.02 kappa : 0.5
       7             19         9.2307e-01      2.89e-08       8.37e-06       1.22e+03    
       8             20         9.2307e-01      2.08e-07       1.38e-05       2.00e+03    
       9             21         9.2307e-01      2.89e-08       7.97e-06       1.75e+03    
`xtol` termination condition is satisfied.
Function evaluations 21, initial cost 9.2504e-01, final cost 9.2307e-01, first-order optimality 1.75e+03.
fe :  [0.10322757 0.0360563 ] fo :  [0.05561134 0.01156073] delta :  [[0.13658403 0.13432846]
 [0.14285046 0.15104091]
 [0.13747324 0.11883419]
 [0.27015744 0.31460621]
 [0.2403879  0.24404218]
 [0.51792604 0.71768246]
 [0.06445601 0.03625736]
 [0.10096908 0.10613915]
 [0.50372306 0.64392128]
 [0.29345372 0.23261544]
 [0.19383386 0.14160625]
 [1.48873932 1.98279238]] nu :  [0.06367108 0.11917209] k : [1.2392668  1.30073864 1.04438013] theta : [5.9624753  3.42331145] sigma : [2.9        1.96935185] zeta : [0.00741939 0.04188144] rho : 0.02 kappa : 0.5
   Iteration     Total nfev        Cost      Cost reduction    Step norm     Optimality   
       0              1         9.2307e-01                                    3.84e+02    
       1              8         9.2272e-01      3.52e-04       2.80e+01       2.76e+05    
fe :  [0.10322757 0.0360563 ] fo :  [0.05561134 0.01156073] delta :  [[0.1365374  0.13327877]
 [0.14262183 0.14971037]
 [0.13707068 0.1177361 ]
 [0.27017326 0.31332272]
 [0.24026403 0.24235122]
 [0.51742945 0.71218198]
 [0.06429721 0.03579865]
 [0.10067757 0.10513903]
 [0.50393162 0.6403785 ]
 [0.29335247 0.23135154]
 [0.19368256 0.14037268]
 [1.48911603 1.96867897]] nu :  [0.06367108 0.11917209] k : [1.2392668  1.30073864 1.04438013] theta : [5.9624753  3.42331145] sigma : [2.9        1.96935185] zeta : [0.00741939 0.04188144] rho : 0.02 kappa : 0.5
       2              9         9.2230e-01      4.21e-04       8.49e+01       1.02e+05    
       3             12         9.2188e-01      4.14e-04       1.52e-01       3.14e+05    
fe :  [0.10322757 0.0360563 ] fo :  [0.05561134 0.01156073] delta :  [[0.13573174 0.1313828 ]
 [0.13922902 0.14500634]
 [0.13395177 0.11302453]
 [0.26489856 0.30468213]
 [0.23565478 0.23572558]
 [0.50770179 0.69357621]
 [0.06211531 0.03395386]
 [0.09822703 0.10135389]
 [0.49464953 0.62454655]
 [0.28785636 0.22531241]
 [0.18973018 0.1357527 ]
 [1.46510443 1.93585895]] nu :  [0.06367108 0.11917209] k : [1.2392668  1.30073864 1.04438013] theta : [5.9624753  3.42331145] sigma : [2.9        1.96935185] zeta : [0.00741939 0.04188144] rho : 0.02 kappa : 0.5
       4             13         9.2177e-01      1.14e-04       5.84e-02       1.46e+04    
       5             16         9.2175e-01      1.48e-05       2.70e-03       4.66e+04    
       6             18         9.2175e-01      3.10e-07       1.56e-04       1.63e+03    
fe :  [0.10322757 0.0360563 ] fo :  [0.05561134 0.01156073] delta :  [[0.13602115 0.13182707]
 [0.1397231  0.1456035 ]
 [0.13453306 0.11373161]
 [0.26557393 0.30528471]
 [0.23632266 0.23639984]
 [0.50842809 0.69419554]
 [0.06243163 0.03426656]
 [0.09872197 0.10191436]
 [0.49540192 0.62518224]
 [0.28858812 0.22591507]
 [0.19042415 0.13641715]
 [1.4655187  1.93609629]] nu :  [0.06367108 0.11917209] k : [1.2392668  1.30073864 1.04438013] theta : [5.9624753  3.42331145] sigma : [2.9        1.96935185] zeta : [0.00741939 0.04188144] rho : 0.02 kappa : 0.5
       7             19         9.2175e-01      3.49e-08       4.07e-05       7.22e+02    
       8             20         9.2175e-01      7.77e-09       1.01e-05       3.39e+02    
fe :  [0.10322757 0.0360563 ] fo :  [0.05561134 0.01156073] delta :  [[0.13602104 0.13182699]
 [0.13972307 0.14560403]
 [0.13453397 0.11373465]
 [0.26557694 0.30528604]
 [0.2363255  0.23640285]
 [0.50843272 0.69419785]
 [0.06243158 0.03426652]
 [0.09872275 0.10191435]
 [0.49540765 0.62518534]
 [0.288593   0.22591635]
 [0.19042779 0.13641963]
 [1.46552075 1.93609626]] nu :  [0.06367108 0.11917209] k : [1.2392668  1.30073864 1.04438013] theta : [5.9624753  3.42331145] sigma : [2.9        1.96935185] zeta : [0.00741939 0.04188144] rho : 0.02 kappa : 0.5
       9             21         9.2175e-01      1.04e-09       2.50e-06       1.29e+03    
      10             27         9.2175e-01      2.53e-10       6.54e-08       5.50e-02    
      11             30         9.2175e-01      0.00e+00       0.00e+00       5.50e-02    
`xtol` termination condition is satisfied.
Function evaluations 30, initial cost 9.2307e-01, final cost 9.2175e-01, first-order optimality 5.50e-02.
fe :  [0.10322757 0.0360563 ] fo :  [0.05561134 0.01156073] delta :  [[0.13602104 0.13182699]
 [0.13972307 0.14560403]
 [0.13453397 0.11373465]
 [0.26557694 0.30528604]
 [0.2363255  0.23640285]
 [0.50843272 0.69419785]
 [0.06243158 0.03426652]
 [0.09872275 0.10191435]
 [0.49540765 0.62518534]
 [0.288593   0.22591635]
 [0.19042779 0.13641963]
 [1.46552075 1.93609626]] nu :  [0.06367108 0.11917209] k : [1.2392668  1.30073864 1.04438013] theta : [5.9624753  3.42331145] sigma : [2.9        1.96935185] zeta : [0.00741939 0.04188144] rho : 0.02 kappa : 0.5
   Iteration     Total nfev        Cost      Cost reduction    Step norm     Optimality   
       0              1         9.2175e-01                                    3.39e-02    
       1             10         9.2174e-01      1.27e-05       5.84e-01       6.03e+04    
fe :  [0.10322757 0.0360563 ] fo :  [0.05561134 0.01156073] delta :  [[0.13623179 0.13118625]
 [0.14017118 0.14523996]
 [0.13499143 0.11327462]
 [0.26667551 0.30386029]
 [0.23723202 0.23618963]
 [0.51073176 0.68979376]
 [0.06266145 0.03402324]
 [0.09907164 0.10165746]
 [0.49808616 0.62191504]
 [0.29011734 0.22548131]
 [0.19141018 0.13639828]
 [1.46650274 1.90937158]] nu :  [0.06367108 0.11917209] k : [1.2392668  1.30073864 1.04438013] theta : [5.9624753  3.42331145] sigma : [2.9        1.96935185] zeta : [0.00741939 0.04188144] rho : 0.02 kappa : 0.5
       2             12         9.2170e-01      3.97e-05       1.05e-02       2.20e+04    
       3             13         9.2169e-01      7.01e-06       2.38e-03       3.50e+03    
       4             22         9.2169e-01      3.68e-08       4.10e-06       4.52e+02    
fe :  [0.10322757 0.0360563 ] fo :  [0.05561134 0.01156073] delta :  [[0.13616475 0.13109142]
 [0.14010797 0.14518129]
 [0.13495359 0.11323082]
 [0.2666026  0.30377069]
 [0.23714586 0.23612262]
 [0.51059365 0.68966403]
 [0.06262156 0.03400536]
 [0.09903449 0.10161067]
 [0.49795447 0.62179598]
 [0.29001779 0.22540845]
 [0.1913337  0.13635092]
 [1.46630025 1.90916257]] nu :  [0.06367108 0.11917209] k : [1.2392668  1.30073864 1.04438013] theta : [5.9624753  3.42331145] sigma : [2.9        1.96935185] zeta : [0.00741939 0.04188144] rho : 0.02 kappa : 0.5
       5             24         9.2169e-01      1.82e-09       1.03e-06       3.74e+02    
`ftol` termination condition is satisfied.
Function evaluations 24, initial cost 9.2175e-01, final cost 9.2169e-01, first-order optimality 3.74e+02.
   Iteration     Total nfev        Cost      Cost reduction    Step norm     Optimality   
       0              1         9.2169e-01                                    4.55e+02    
fe :  [0.10322757 0.0360563 ] fo :  [0.05561134 0.01156073] delta :  [[0.13616475 0.13109142]
 [0.14010797 0.14518129]
 [0.13495359 0.11323082]
 [0.2666026  0.30377069]
 [0.23714586 0.23612262]
 [0.51059365 0.68966403]
 [0.06262156 0.03400536]
 [0.09903449 0.10161067]
 [0.49795446 0.62179598]
 [0.29001779 0.22540845]
 [0.1913337  0.13635092]
 [1.46630025 1.9091626 ]] nu :  [0.06367108 0.11917209] k : [1.2392668  1.30073864 1.04438013] theta : [5.9624753  3.42331145] sigma : [2.9        1.96935185] zeta : [0.00741939 0.04188144] rho : 0.02 kappa : 0.5
       1             25         9.2169e-01      2.41e-10       1.64e-08       2.67e-02    
`ftol` termination condition is satisfied.
Function evaluations 25, initial cost 9.2169e-01, final cost 9.2169e-01, first-order optimality 2.67e-02.
  [cd_base] DONE  obj=1.3577  status=successful  nu_rest=0.0637 nu_pharma=0.1192  -> calibration_results_matched_economy/baseline_2002_variations/pre_trips_tries_newfee/cd_base/

========================================================================
  label: cd_fefo
  seed: 8.8
  fix_delta: False
  calib_parameters: ['delta', 'T', 'eta', 'fe', 'fo']
  delta_free_by_sector: [0, 12, 12]
  fe_free: 2
  fo_free: 2
  nu_free: 0
  moments: ['SPFLOW', 'DOMPATINUS', 'OUT', 'RD', 'RP', 'SRGDP', 'UUPCOSTS', 'RDPHARMACHEM']
  weights: {'SPFLOW': 1, 'DOMPATINUS': 1, 'OUT': 5, 'RD': 10, 'RP': 1, 'SRGDP': 1, 'UUPCOSTS': 1, 'RDPHARMACHEM': 1}
  r_hjort_recomputed_for_1992: True
  UUPCOSTS_target_newfee: [0.001161, 0.00047]
  nu_seed(rest,pharma): [0.06367, 0.11917]
  [cd_fefo] initial solve: successful | obj=4.3835
fe :  [0.10322757 0.0360563 ] fo :  [0.05561134 0.01156073] delta :  [[0.08793932 0.08793932]
 [0.10601833 0.10601833]
 [0.11316564 0.11316564]
 [0.16194812 0.16194812]
 [0.17779985 0.17779985]
 [0.24150643 0.24150643]
 [0.07481053 0.07481053]
 [0.07801511 0.07801511]
 [0.24365702 0.24365702]
 [0.20480966 0.20480966]
 [0.18760604 0.18760604]
 [1.58447318 1.58447318]] nu :  [0.06367108 0.11917209] k : [1.2392668  1.30073864 1.04438013] theta : [5.9624753  3.42331145] sigma : [2.9        1.96935185] zeta : [0.00741939 0.04188144] rho : 0.02 kappa : 0.5
   Iteration     Total nfev        Cost      Cost reduction    Step norm     Optimality   
       0              1         9.6077e+00                                    6.67e+07    
       1              2         7.6775e+00      1.93e+00       3.42e-03       2.97e+07    
fe :  [0.10322796 0.0360563 ] fo :  [0.05561134 0.01156073] delta :  [[0.08793932 0.08793932]
 [0.10601833 0.10601833]
 [0.11316564 0.11316564]
 [0.16194812 0.16194812]
 [0.17779985 0.17779985]
 [0.24150643 0.24150643]
 [0.07481053 0.07481053]
 [0.07801511 0.07801511]
 [0.24365702 0.24365702]
 [0.20480966 0.20480966]
 [0.18760604 0.18760606]
 [1.58447318 1.58447318]] nu :  [0.06367108 0.11917209] k : [1.2392668  1.30073864 1.04438013] theta : [5.9624753  3.42331145] sigma : [2.9        1.96935185] zeta : [0.00741939 0.04188144] rho : 0.02 kappa : 0.5
       2              3         5.2276e+00      2.45e+00       9.32e-03       1.26e+07    
       3              4         3.8035e+00      1.42e+00       1.37e-02       4.84e+06    
fe :  [0.1562672  0.08289214] fo :  [0.03392615 0.01411475] delta :  [[0.13941374 0.11416609]
 [0.13810444 0.16606332]
 [0.13595651 0.12474556]
 [0.26952654 0.27564415]
 [0.27392417 0.25071937]
 [0.47828315 0.53166703]
 [0.07969036 0.05505987]
 [0.11809231 0.10958759]
 [0.47472498 0.50350878]
 [0.3214746  0.27879719]
 [0.24168832 0.15716808]
 [1.70534423 1.93897721]] nu :  [0.06367108 0.11917209] k : [1.2392668  1.30073864 1.04438013] theta : [5.9624753  3.42331145] sigma : [2.9        1.96935185] zeta : [0.00741939 0.04188144] rho : 0.02 kappa : 0.5
       4              5         1.5487e+00      2.25e+00       1.07e+04       2.08e+05    
       5              6         1.5440e+00      4.68e-03       8.03e+02       1.93e+05    
fe :  [0.14883683 0.05270916] fo :  [0.04862703 0.01119221] delta :  [[0.1419601  0.17301811]
 [0.16567623 0.20444102]
 [0.14998999 0.16358632]
 [0.29701709 0.37008704]
 [0.27117492 0.3002878 ]
 [0.56103171 0.78060602]
 [0.07639678 0.05541782]
 [0.1145827  0.14269403]
 [0.54574751 0.72218743]
 [0.32274345 0.29347283]
 [0.22839226 0.18527892]
 [1.6872747  2.13649745]] nu :  [0.06367108 0.11917209] k : [1.2392668  1.30073864 1.04438013] theta : [5.9624753  3.42331145] sigma : [2.9        1.96935185] zeta : [0.00741939 0.04188144] rho : 0.02 kappa : 0.5
       6             12         1.2201e+00      3.24e-01       4.22e-01       1.53e+06    
       7             13         1.1684e+00      5.18e-02       1.04e+00       7.49e+05    
fe :  [0.13511775 0.04575676] fo :  [0.04281992 0.00242867] delta :  [[0.14458689 0.15628859]
 [0.13107118 0.14381431]
 [0.12469498 0.110838  ]
 [0.25174396 0.29695361]
 [0.22368939 0.23944939]
 [0.48725569 0.68370889]
 [0.05696138 0.03060383]
 [0.09091194 0.09721004]
 [0.47488933 0.61493669]
 [0.27503186 0.22341131]
 [0.17965203 0.1510413 ]
 [1.40714962 1.88057208]] nu :  [0.06367108 0.11917209] k : [1.2392668  1.30073864 1.04438013] theta : [5.9624753  3.42331145] sigma : [2.9        1.96935185] zeta : [0.00741939 0.04188144] rho : 0.02 kappa : 0.5
       8             14         1.1607e+00      7.71e-03       1.06e+01       5.03e+04    
       9             17         1.1589e+00      1.72e-03       8.71e-02       5.96e+04    
      10             18         1.1574e+00      1.57e-03       1.05e-01       3.20e+05    
fe :  [0.12843938 0.04052166] fo :  [0.05580444 0.0020475 ] delta :  [[0.13756339 0.17346916]
 [0.1344416  0.16111586]
 [0.12837484 0.12450545]
 [0.25771196 0.32748433]
 [0.23020092 0.25695238]
 [0.49966395 0.73849547]
 [0.05863711 0.038377  ]
 [0.09397645 0.11069922]
 [0.48502022 0.66195238]
 [0.2813364  0.24587621]
 [0.18418088 0.15183185]
 [1.43389265 1.94455835]] nu :  [0.06367108 0.11917209] k : [1.2392668  1.30073864 1.04438013] theta : [5.9624753  3.42331145] sigma : [2.9        1.96935185] zeta : [0.00741939 0.04188144] rho : 0.02 kappa : 0.5
      11             20         1.1573e+00      9.21e-05       2.80e-02       5.05e+04    
      12             21         1.1572e+00      1.95e-05       6.84e-03       6.30e+03    
fe :  [0.1284033  0.04072641] fo :  [0.0556601  0.00204152] delta :  [[0.13755381 0.17473798]
 [0.13498481 0.16152328]
 [0.12885846 0.12551577]
 [0.25804835 0.32921809]
 [0.2301893  0.25922924]
 [0.50070695 0.7422859 ]
 [0.05882569 0.03837859]
 [0.09434577 0.11158002]
 [0.48599083 0.66537479]
 [0.28172187 0.24717466]
 [0.18419038 0.15243838]
 [1.43625    1.94873437]] nu :  [0.06367108 0.11917209] k : [1.2392668  1.30073864 1.04438013] theta : [5.9624753  3.42331145] sigma : [2.9        1.96935185] zeta : [0.00741939 0.04188144] rho : 0.02 kappa : 0.5
      13             22         1.1572e+00      2.11e-06       1.78e-03       8.10e+03    
      14             23         1.1572e+00      5.25e-06       4.19e-04       3.65e+03    
      15             31         1.1572e+00      0.00e+00       0.00e+00       3.65e+03    
`xtol` termination condition is satisfied.
Function evaluations 31, initial cost 9.6077e+00, final cost 1.1572e+00, first-order optimality 3.65e+03.
fe :  [0.12840055 0.04072362] fo :  [0.05564837 0.00204082] delta :  [[0.13755212 0.17491538]
 [0.13498386 0.16152239]
 [0.12885737 0.12551535]
 [0.25804551 0.32922883]
 [0.23018534 0.2592911 ]
 [0.50070423 0.74245054]
 [0.05882569 0.03837822]
 [0.09434528 0.11157929]
 [0.48598853 0.66552514]
 [0.28171922 0.24717381]
 [0.18418843 0.1524374 ]
 [1.4363334  1.9489911 ]] nu :  [0.06367108 0.11917209] k : [1.2392668  1.30073864 1.04438013] theta : [5.9624753  3.42331145] sigma : [2.9        1.96935185] zeta : [0.00741939 0.04188144] rho : 0.02 kappa : 0.5
   Iteration     Total nfev        Cost      Cost reduction    Step norm     Optimality   
       0              1         1.1572e+00                                    4.24e+03    
       1             19         1.1572e+00      0.00e+00       0.00e+00       4.24e+03    
`xtol` termination condition is satisfied.
Function evaluations 19, initial cost 1.1572e+00, final cost 1.1572e+00, first-order optimality 4.24e+03.
   Iteration     Total nfev        Cost      Cost reduction    Step norm     Optimality   
       0              1         1.1572e+00                                    4.43e+03    
       1             18         1.1572e+00      0.00e+00       0.00e+00       4.43e+03    
`xtol` termination condition is satisfied.
Function evaluations 18, initial cost 1.1572e+00, final cost 1.1572e+00, first-order optimality 4.43e+03.
fe :  [0.12840055 0.04072362] fo :  [0.05564837 0.00204082] delta :  [[0.13755212 0.17491538]
 [0.13498386 0.16152239]
 [0.12885737 0.12551535]
 [0.25804551 0.32922883]
 [0.23018534 0.2592911 ]
 [0.50070423 0.74245054]
 [0.05882569 0.03837822]
 [0.09434528 0.11157929]
 [0.48598853 0.66552514]
 [0.28171922 0.24717381]
 [0.18418843 0.1524374 ]
 [1.4363334  1.9489911 ]] nu :  [0.06367108 0.11917209] k : [1.2392668  1.30073864 1.04438013] theta : [5.9624753  3.42331145] sigma : [2.9        1.96935185] zeta : [0.00741939 0.04188144] rho : 0.02 kappa : 0.5
   Iteration     Total nfev        Cost      Cost reduction    Step norm     Optimality   
       0              1         1.1572e+00                                    3.36e+03    
       1              8         1.1564e+00      7.97e-04       2.98e-01       5.09e+05    
fe :  [0.12761807 0.03480439] fo :  [0.04848925 0.00035234] delta :  [[0.14158553 0.21548892]
 [0.13734189 0.19326492]
 [0.13054996 0.15307388]
 [0.26016875 0.38203325]
 [0.23188089 0.29930412]
 [0.5052826  0.85282664]
 [0.0599537  0.049781  ]
 [0.09561607 0.13823966]
 [0.48995519 0.76387304]
 [0.28348287 0.28963664]
 [0.18559522 0.18239409]
 [1.46046171 2.19833114]] nu :  [0.06367108 0.11917209] k : [1.2392668  1.30073864 1.04438013] theta : [5.9624753  3.42331145] sigma : [2.9        1.96935185] zeta : [0.00741939 0.04188144] rho : 0.02 kappa : 0.5
       2              9         1.1556e+00      8.01e-04       3.50e-02       3.32e+05    
       3             10         1.1548e+00      8.39e-04       7.83e-02       8.74e+04    
fe :  [0.12287565 0.03131451] fo :  [0.04449364 0.0002568 ] delta :  [[0.1441631  0.22621943]
 [0.13707224 0.20523912]
 [0.13040917 0.16558083]
 [0.26016243 0.40138173]
 [0.23186622 0.32126303]
 [0.50526819 0.8967963 ]
 [0.06005435 0.05606763]
 [0.09547267 0.14778315]
 [0.48952628 0.80265642]
 [0.28393421 0.30502411]
 [0.18576718 0.19149805]
 [1.45583122 2.30749292]] nu :  [0.06367108 0.11917209] k : [1.2392668  1.30073864 1.04438013] theta : [5.9624753  3.42331145] sigma : [2.9        1.96935185] zeta : [0.00741939 0.04188144] rho : 0.02 kappa : 0.5
       4             11         1.1544e+00      3.84e-04       8.67e-02       1.89e+04    
       5             15         1.1542e+00      1.74e-04       1.78e-03       1.26e+04    
       6             17         1.1542e+00      1.47e-05       6.74e-04       2.13e+04    
fe :  [0.12285948 0.031468  ] fo :  [0.04562561 0.00025656] delta :  [[0.14410152 0.22626967]
 [0.13901052 0.2052863 ]
 [0.13040897 0.16568286]
 [0.26023261 0.40153957]
 [0.23203285 0.32133876]
 [0.50534159 0.89687399]
 [0.06005422 0.05611478]
 [0.09558893 0.14789929]
 [0.48960339 0.80274405]
 [0.28401146 0.30510649]
 [0.18589283 0.1917578 ]
 [1.45583079 2.30762666]] nu :  [0.06367108 0.11917209] k : [1.2392668  1.30073864 1.04438013] theta : [5.9624753  3.42331145] sigma : [2.9        1.96935185] zeta : [0.00741939 0.04188144] rho : 0.02 kappa : 0.5
       7             18         1.1542e+00      2.70e-06       9.81e-05       6.72e-02    
       8             19         1.1542e+00      1.66e-06       1.10e-04       7.26e+03    
fe :  [0.12285587 0.0314673 ] fo :  [0.04562181 0.0002565 ] delta :  [[0.14409422 0.2262658 ]
 [0.139004   0.2052831 ]
 [0.13040699 0.16568038]
 [0.26022846 0.4015344 ]
 [0.23202993 0.32133364]
 [0.50533365 0.89686017]
 [0.06005329 0.05611382]
 [0.09558755 0.14789711]
 [0.48959569 0.8027318 ]
 [0.28400697 0.30510168]
 [0.1858902  0.19175596]
 [1.45581187 2.30762078]] nu :  [0.06367108 0.11917209] k : [1.2392668  1.30073864 1.04438013] theta : [5.9624753  3.42331145] sigma : [2.9        1.96935185] zeta : [0.00741939 0.04188144] rho : 0.02 kappa : 0.5
       9             30         1.1542e+00      7.23e-10       1.67e-08       5.72e-02    
      10             32         1.1542e+00      0.00e+00       0.00e+00       5.72e-02    
`xtol` termination condition is satisfied.
Function evaluations 32, initial cost 1.1572e+00, final cost 1.1542e+00, first-order optimality 5.72e-02.
   Iteration     Total nfev        Cost      Cost reduction    Step norm     Optimality   
       0              1         1.1542e+00                                    7.94e+02    
fe :  [0.08687601 0.01706422] fo :  [3.14776780e-02 7.76977756e-05] delta :  [[0.14599459 0.25433956]
 [0.13511913 0.23305558]
 [0.12903361 0.19175382]
 [0.25661792 0.43306676]
 [0.2289281  0.35082923]
 [0.49637801 0.94901115]
 [0.05893833 0.06582092]
 [0.09444438 0.16497336]
 [0.47909878 0.84584074]
 [0.27903201 0.33511173]
 [0.18296704 0.21015776]
 [1.41307342 2.4755867 ]] nu :  [0.06367108 0.11917209] k : [1.2392668  1.30073864 1.04438013] theta : [5.9624753  3.42331145] sigma : [2.9        1.96935185] zeta : [0.00741939 0.04188144] rho : 0.02 kappa : 0.5
       1              3         1.0309e+00      1.23e-01       1.32e+04       2.54e+06    
       2              4         1.0109e+00      2.00e-02       1.20e+02       2.32e+06    
fe :  [0.0859782  0.01468862] fo :  [0.03601173 0.00012476] delta :  [[0.14879857 0.31432411]
 [0.14036937 0.27575052]
 [0.134219   0.23513771]
 [0.2682067  0.52848442]
 [0.23805605 0.43089478]
 [0.51818241 1.13969774]
 [0.06206202 0.08884761]
 [0.09952051 0.21934372]
 [0.49556353 1.01093705]
 [0.28941291 0.41431874]
 [0.19020664 0.2490542 ]
 [1.46992829 2.98055685]] nu :  [0.06367108 0.11917209] k : [1.2392668  1.30073864 1.04438013] theta : [5.9624753  3.42331145] sigma : [2.9        1.96935185] zeta : [0.00741939 0.04188144] rho : 0.02 kappa : 0.5
       3              5         9.5401e-01      5.69e-02       6.92e+03       2.04e+06    
       4             11         9.5199e-01      2.02e-03       9.28e+00       2.96e+06    
fe :  [0.08310362 0.01986915] fo :  [0.04671213 0.0012329 ] delta :  [[0.13672008 0.21915313]
 [0.14151901 0.19169612]
 [0.12769236 0.15640266]
 [0.25460586 0.38681119]
 [0.2276155  0.30784823]
 [0.49504664 0.84623252]
 [0.05905926 0.05128995]
 [0.09355303 0.13903128]
 [0.4817194  0.76487834]
 [0.27884099 0.29132544]
 [0.1826897  0.19246217]
 [1.41518239 2.30390826]] nu :  [0.06367108 0.11917209] k : [1.2392668  1.30073864 1.04438013] theta : [5.9624753  3.42331145] sigma : [2.9        1.96935185] zeta : [0.00741939 0.04188144] rho : 0.02 kappa : 0.5
       5             12         9.4576e-01      6.22e-03       1.38e+00       6.56e+04    
       6             13         9.4051e-01      5.25e-03       1.83e+00       2.45e+05    
       7             14         9.4040e-01      1.06e-04       3.68e+00       1.01e+05    
fe :  [0.06099086 0.01477755] fo :  [0.02912323 0.00037548] delta :  [[0.15435841 0.23645005]
 [0.16199562 0.21620019]
 [0.14806778 0.17745166]
 [0.28769223 0.4230719 ]
 [0.25744141 0.33402673]
 [0.54983258 0.92715907]
 [0.07236076 0.06226844]
 [0.11059271 0.15778517]
 [0.53045423 0.82665181]
 [0.31108443 0.31867724]
 [0.20725879 0.20569761]
 [1.5611032  2.47287537]] nu :  [0.06367108 0.11917209] k : [1.2392668  1.30073864 1.04438013] theta : [5.9624753  3.42331145] sigma : [2.9        1.96935185] zeta : [0.00741939 0.04188144] rho : 0.02 kappa : 0.5
       8             17         9.3991e-01      4.97e-04       2.42e-02       6.25e+04    
       9             18         9.3950e-01      4.04e-04       1.82e-03       1.22e+03    
fe :  [0.06083962 0.01479229] fo :  [0.0288343  0.00037084] delta :  [[0.1547105  0.23604517]
 [0.16042579 0.21579298]
 [0.14784408 0.17639203]
 [0.28737818 0.42259937]
 [0.25714395 0.33342121]
 [0.54925781 0.92619774]
 [0.07216952 0.06210755]
 [0.11046174 0.15732984]
 [0.5298133  0.82590646]
 [0.31094483 0.3183277 ]
 [0.20682537 0.20546741]
 [1.56003455 2.47190491]] nu :  [0.06367108 0.11917209] k : [1.2392668  1.30073864 1.04438013] theta : [5.9624753  3.42331145] sigma : [2.9        1.96935185] zeta : [0.00741939 0.04188144] rho : 0.02 kappa : 0.5
      10             19         9.3930e-01      2.03e-04       6.55e-03       7.91e+03    
      11             20         9.3910e-01      1.97e-04       5.65e-03       9.00e+03    
fe :  [0.06063525 0.01456981] fo :  [0.02789797 0.00035562] delta :  [[0.15646347 0.24049993]
 [0.15772905 0.21578702]
 [0.14776727 0.1788169 ]
 [0.28798284 0.4269368 ]
 [0.257476   0.33853389]
 [0.5508057  0.93344219]
 [0.07199302 0.06216267]
 [0.11061396 0.16051481]
 [0.53314717 0.83489526]
 [0.31284928 0.32197   ]
 [0.20767844 0.20805951]
 [1.56261279 2.47594912]] nu :  [0.06367108 0.11917209] k : [1.2392668  1.30073864 1.04438013] theta : [5.9624753  3.42331145] sigma : [2.9        1.96935185] zeta : [0.00741939 0.04188144] rho : 0.02 kappa : 0.5
      12             21         9.3884e-01      2.61e-04       1.80e-02       5.00e+04    
      13             24         9.3883e-01      1.01e-05       1.61e-03       2.89e+03    
fe :  [0.0606455  0.01456895] fo :  [0.02787896 0.00035532] delta :  [[0.15663375 0.24088727]
 [0.1576922  0.21627641]
 [0.14810078 0.17918656]
 [0.28829811 0.42729683]
 [0.25779248 0.3389481 ]
 [0.55113418 0.93383954]
 [0.0722085  0.06259107]
 [0.11089922 0.16085007]
 [0.53349367 0.83534127]
 [0.31318629 0.32233363]
 [0.20799914 0.20840722]
 [1.56281732 2.47613269]] nu :  [0.06367108 0.11917209] k : [1.2392668  1.30073864 1.04438013] theta : [5.9624753  3.42331145] sigma : [2.9        1.96935185] zeta : [0.00741939 0.04188144] rho : 0.02 kappa : 0.5
      14             25         9.3882e-01      6.83e-06       1.39e-04       8.93e+02    
      15             26         9.3882e-01      6.04e-06       7.55e-04       3.33e+03    
      16             27         9.3882e-01      2.65e-06       7.83e-05       2.68e+02    
fe :  [0.06064317 0.01456101] fo :  [0.02784951 0.00035474] delta :  [[0.15663119 0.241011  ]
 [0.15763082 0.21663981]
 [0.14820503 0.17935488]
 [0.28840614 0.42752209]
 [0.25789918 0.33927547]
 [0.55128009 0.93417462]
 [0.0722059  0.06279379]
 [0.11095135 0.1609773 ]
 [0.53367738 0.8357506 ]
 [0.31333074 0.32254783]
 [0.20810478 0.20856618]
 [1.56295872 2.47632794]] nu :  [0.06367108 0.11917209] k : [1.2392668  1.30073864 1.04438013] theta : [5.9624753  3.42331145] sigma : [2.9        1.96935185] zeta : [0.00741939 0.04188144] rho : 0.02 kappa : 0.5
      17             28         9.3881e-01      5.58e-06       2.07e-04       2.99e+02    
      18             29         9.3880e-01      9.64e-06       2.35e-04       8.02e+02    
fe :  [0.06062789 0.01454143] fo :  [0.02777214 0.00035324] delta :  [[0.1566363  0.24109961]
 [0.15746253 0.21698231]
 [0.14819471 0.17944526]
 [0.28838758 0.42771583]
 [0.25788215 0.33961375]
 [0.5512642  0.93461673]
 [0.07219499 0.06289216]
 [0.11093849 0.16097201]
 [0.53371997 0.83636955]
 [0.31331949 0.32270249]
 [0.20809029 0.20861417]
 [1.56307056 2.47670884]] nu :  [0.06367108 0.11917209] k : [1.2392668  1.30073864 1.04438013] theta : [5.9624753  3.42331145] sigma : [2.9        1.96935185] zeta : [0.00741939 0.04188144] rho : 0.02 kappa : 0.5
      19             30         9.3878e-01      2.16e-05       9.18e-04       9.36e+02    
      20             31         9.3874e-01      3.82e-05       1.43e-03       1.04e+03    
fe :  [0.06050132 0.0144705 ] fo :  [0.02743372 0.00034678] delta :  [[0.15692482 0.24129306]
 [0.15677848 0.21726379]
 [0.14812357 0.17943993]
 [0.28825638 0.42790265]
 [0.25776246 0.33996884]
 [0.55111388 0.93576671]
 [0.07213594 0.06295674]
 [0.11085989 0.16094947]
 [0.53362133 0.83808104]
 [0.31321815 0.32281341]
 [0.20798892 0.20859928]
 [1.56310978 2.47830004]] nu :  [0.06367108 0.11917209] k : [1.2392668  1.30073864 1.04438013] theta : [5.9624753  3.42331145] sigma : [2.9        1.96935185] zeta : [0.00741939 0.04188144] rho : 0.02 kappa : 0.5
      21             32         9.3868e-01      6.47e-05       2.11e-03       2.32e+03    
      22             34         9.3867e-01      5.33e-06       3.10e-03       1.04e+04    
fe :  [0.06050093 0.0144564 ] fo :  [0.02738741 0.00034587] delta :  [[0.157276   0.24209076]
 [0.15672098 0.21825029]
 [0.14844787 0.18035012]
 [0.28873394 0.42899082]
 [0.25821189 0.34108492]
 [0.55184418 0.93697934]
 [0.07232804 0.06354683]
 [0.11108202 0.16177803]
 [0.53444643 0.83937997]
 [0.31382809 0.3238683 ]
 [0.20839716 0.20953252]
 [1.56371944 2.478879  ]] nu :  [0.06367108 0.11917209] k : [1.2392668  1.30073864 1.04438013] theta : [5.9624753  3.42331145] sigma : [2.9        1.96935185] zeta : [0.00741939 0.04188144] rho : 0.02 kappa : 0.5
      23             35         9.3867e-01      4.84e-06       7.12e-04       3.63e+03    
      24             43         9.3867e-01      1.13e-08       4.97e-06       7.06e+02    
fe :  [0.06050215 0.0144564 ] fo :  [0.0273874  0.00034587] delta :  [[0.157276   0.24209076]
 [0.15672098 0.2182503 ]
 [0.14844787 0.18035012]
 [0.28873395 0.42899083]
 [0.25821189 0.34108493]
 [0.55184419 0.93697934]
 [0.07232804 0.06354683]
 [0.11108202 0.16177804]
 [0.53444644 0.83937997]
 [0.31382809 0.3238683 ]
 [0.20839716 0.20953252]
 [1.56371944 2.478879  ]] nu :  [0.06367108 0.11917209] k : [1.2392668  1.30073864 1.04438013] theta : [5.9624753  3.42331145] sigma : [2.9        1.96935185] zeta : [0.00741939 0.04188144] rho : 0.02 kappa : 0.5
      25             44         9.3867e-01      2.88e-10       1.07e-08       2.45e-02    
`ftol` termination condition is satisfied.
Function evaluations 44, initial cost 1.1542e+00, final cost 9.3867e-01, first-order optimality 2.45e-02.
   Iteration     Total nfev        Cost      Cost reduction    Step norm     Optimality   
       0              1         9.3867e-01                                    3.52e-02    
       1              2         9.3831e-01      3.59e-04       8.73e+02       3.75e+05    
fe :  [0.05574167 0.01340718] fo :  [0.02504006 0.00035867] delta :  [[0.15745573 0.23072583]
 [0.14876212 0.20191663]
 [0.14247061 0.16574198]
 [0.27843267 0.40232966]
 [0.24893477 0.32319071]
 [0.53423014 0.88742593]
 [0.06844784 0.05593948]
 [0.10638177 0.14733277]
 [0.51796855 0.79538571]
 [0.30330463 0.30417951]
 [0.20072312 0.19344335]
 [1.51647335 2.38579285]] nu :  [0.06367108 0.11917209] k : [1.2392668  1.30073864 1.04438013] theta : [5.9624753  3.42331145] sigma : [2.9        1.96935185] zeta : [0.00741939 0.04188144] rho : 0.02 kappa : 0.5
       2              8         9.3823e-01      7.71e-05       9.85e-01       5.03e+05    
       3             10         9.3792e-01      3.14e-04       4.50e-02       2.74e+04    
fe :  [0.05396855 0.0131318 ] fo :  [0.02282326 0.00042565] delta :  [[0.16295554 0.22953858]
 [0.15305105 0.20214421]
 [0.14408338 0.1653822 ]
 [0.28137908 0.40199973]
 [0.25200824 0.32089149]
 [0.53681719 0.88610954]
 [0.06939918 0.05594275]
 [0.10757603 0.15111709]
 [0.52075218 0.79495018]
 [0.30561753 0.30328557]
 [0.20255429 0.19371723]
 [1.52995805 2.38476766]] nu :  [0.06367108 0.11917209] k : [1.2392668  1.30073864 1.04438013] theta : [5.9624753  3.42331145] sigma : [2.9        1.96935185] zeta : [0.00741939 0.04188144] rho : 0.02 kappa : 0.5
       4             13         9.3757e-01      3.47e-04       2.71e-03       4.72e+04    
       5             14         9.3751e-01      5.55e-05       2.66e-03       9.03e+03    
fe :  [0.05571024 0.01363106] fo :  [0.02303258 0.0003038 ] delta :  [[0.16282311 0.23013893]
 [0.15296896 0.20248468]
 [0.14414995 0.16557585]
 [0.28181743 0.40230139]
 [0.25248614 0.32088088]
 [0.53759116 0.88629464]
 [0.0693984  0.05594565]
 [0.10770843 0.15108427]
 [0.52154263 0.79518897]
 [0.30639112 0.30329992]
 [0.20318692 0.19401318]
 [1.53038141 2.38487483]] nu :  [0.06367108 0.11917209] k : [1.2392668  1.30073864 1.04438013] theta : [5.9624753  3.42331145] sigma : [2.9        1.96935185] zeta : [0.00741939 0.04188144] rho : 0.02 kappa : 0.5
       6             20         9.3750e-01      1.70e-05       2.52e-04       6.26e+03    
       7             23         9.3749e-01      2.90e-06       3.16e-05       3.97e+03    
fe :  [0.05571024 0.0136306 ] fo :  [0.02306504 0.00030312] delta :  [[0.16282311 0.23013894]
 [0.15296897 0.20248468]
 [0.14414996 0.16557585]
 [0.28181743 0.40230139]
 [0.25248614 0.32088088]
 [0.53759116 0.88629464]
 [0.0693984  0.05594565]
 [0.10770843 0.15108427]
 [0.52154263 0.79518897]
 [0.30639112 0.30329992]
 [0.20318693 0.19401318]
 [1.53038141 2.38487483]] nu :  [0.06367108 0.11917209] k : [1.2392668  1.30073864 1.04438013] theta : [5.9624753  3.42331145] sigma : [2.9        1.96935185] zeta : [0.00741939 0.04188144] rho : 0.02 kappa : 0.5
       8             26         9.3749e-01      2.73e-07       3.94e-06       3.98e+03    
       9             27         9.3749e-01      7.69e-08       7.89e-06       2.94e+03    
fe :  [0.05571118 0.0136306 ] fo :  [0.02307277 0.00030312] delta :  [[0.16282311 0.23013894]
 [0.15296897 0.20248468]
 [0.14414996 0.16557585]
 [0.28181743 0.40230139]
 [0.25248614 0.32088088]
 [0.53759116 0.88629464]
 [0.0693984  0.05594565]
 [0.10770843 0.15108427]
 [0.52154263 0.79518897]
 [0.30639112 0.30329992]
 [0.20318693 0.19401319]
 [1.53038141 2.38487483]] nu :  [0.06367108 0.11917209] k : [1.2392668  1.30073864 1.04438013] theta : [5.9624753  3.42331145] sigma : [2.9        1.96935185] zeta : [0.00741939 0.04188144] rho : 0.02 kappa : 0.5
      10             28         9.3749e-01      1.44e-07       1.97e-06       2.27e+03    
      11             30         9.3749e-01      4.31e-08       9.86e-07       3.91e+03    
      12             33         9.3749e-01      5.03e-09       1.23e-07       3.47e+03    
`ftol` termination condition is satisfied.
Function evaluations 33, initial cost 9.3867e-01, final cost 9.3749e-01, first-order optimality 3.47e+03.
  [cd_fefo] DONE  obj=1.3693  status=successful  nu_rest=0.0637 nu_pharma=0.1192  -> calibration_results_matched_economy/baseline_2002_variations/pre_trips_tries_newfee/cd_fefo/

========================================================================
  label: cd_nu
  seed: 8.8
  fix_delta: False
  calib_parameters: ['delta', 'T', 'eta', 'nu']
  delta_free_by_sector: [0, 12, 12]
  fe_free: 0
  fo_free: 0
  nu_free: 2
  moments: ['SPFLOW', 'DOMPATINUS', 'OUT', 'RD', 'RP', 'SRGDP', 'UUPCOSTS', 'RDPHARMACHEM', 'TOPATENT', 'TOPHARMACHEM']
  weights: {'SPFLOW': 1, 'DOMPATINUS': 1, 'OUT': 5, 'RD': 10, 'RP': 1, 'SRGDP': 1, 'UUPCOSTS': 1, 'RDPHARMACHEM': 1, 'TOPATENT': 5, 'TOPHARMACHEM': 5}
  r_hjort_recomputed_for_1992: True
  UUPCOSTS_target_newfee: [0.001161, 0.00047]
  nu_seed(rest,pharma): [0.06367, 0.11917]
  [cd_nu] initial solve: successful | obj=5.0722
fe :  [0.10322757 0.0360563 ] fo :  [0.05561134 0.01156073] delta :  [[0.08793932 0.08793932]
 [0.10601833 0.10601833]
 [0.11316564 0.11316564]
 [0.16194812 0.16194812]
 [0.17779985 0.17779985]
 [0.24150643 0.24150643]
 [0.07481053 0.07481053]
 [0.07801511 0.07801511]
 [0.24365702 0.24365702]
 [0.20480966 0.20480966]
 [0.18760604 0.18760604]
 [1.58447318 1.58447318]] nu :  [0.06367108 0.11917209] k : [1.2392668  1.30073864 1.04438013] theta : [5.9624753  3.42331145] sigma : [2.9        1.96935185] zeta : [0.00741939 0.04188144] rho : 0.02 kappa : 0.5
   Iteration     Total nfev        Cost      Cost reduction    Step norm     Optimality   
       0              1         1.2863e+01                                    7.19e+07    
       1              2         8.6315e+00      4.23e+00       4.54e-03       3.70e+07    
fe :  [0.10322757 0.0360563 ] fo :  [0.05561134 0.01156073] delta :  [[0.08793932 0.08793932]
 [0.10601833 0.10601833]
 [0.11316564 0.11316564]
 [0.16194812 0.16194812]
 [0.17779985 0.17779985]
 [0.24150643 0.24150643]
 [0.07481053 0.07481053]
 [0.07801511 0.07801511]
 [0.24365702 0.24365702]
 [0.20480966 0.20480966]
 [0.18760604 0.18760604]
 [1.58447318 1.58447318]] nu :  [0.06367108 0.11917209] k : [1.2392668  1.30073864 1.04438013] theta : [5.9624753  3.42331145] sigma : [2.9        1.96935185] zeta : [0.00741939 0.04188144] rho : 0.02 kappa : 0.5
       2              3         5.7158e+00      2.92e+00       8.32e-03       1.33e+07    
       3              4         2.1545e+00      3.56e+00       2.03e+04       9.56e+06    
fe :  [0.10322757 0.0360563 ] fo :  [0.05561134 0.01156073] delta :  [[0.11445199 0.0931604 ]
 [0.11250526 0.15093719]
 [0.1140641  0.12396472]
 [0.23867502 0.29160172]
 [0.23526796 0.25216384]
 [0.45992293 0.61754326]
 [0.06450144 0.05428027]
 [0.09429256 0.11569228]
 [0.45156715 0.57263791]
 [0.28607208 0.2510692 ]
 [0.19945762 0.15851188]
 [1.48099912 1.93903574]] nu :  [0.05664308 0.10032606] k : [1.2392668  1.30073864 1.04438013] theta : [5.9624753  3.42331145] sigma : [2.9        1.96935185] zeta : [0.00741939 0.04188144] rho : 0.02 kappa : 0.5
       4              6         1.6719e+00      4.83e-01       2.79e+03       8.78e+06    
       5              7         1.4253e+00      2.47e-01       2.04e+03       6.54e+06    
fe :  [0.10322757 0.0360563 ] fo :  [0.05561134 0.01156073] delta :  [[0.11987464 0.10350515]
 [0.13402919 0.16485216]
 [0.13239783 0.12727688]
 [0.25925272 0.30703342]
 [0.23680026 0.2543967 ]
 [0.50514876 0.71496592]
 [0.06570013 0.0460781 ]
 [0.10056739 0.11155035]
 [0.49082175 0.63611456]
 [0.28344345 0.25746488]
 [0.19136262 0.15282043]
 [1.45597425 1.92509565]] nu :  [0.0513094 0.1015646] k : [1.2392668  1.30073864 1.04438013] theta : [5.9624753  3.42331145] sigma : [2.9        1.96935185] zeta : [0.00741939 0.04188144] rho : 0.02 kappa : 0.5
       6             10         1.3129e+00      1.12e-01       1.73e+03       1.28e+07    
       7             11         1.0049e+00      3.08e-01       1.36e+03       2.49e+06    
       8             12         9.6413e-01      4.08e-02       2.74e+03       9.95e+06    
fe :  [0.10322757 0.0360563 ] fo :  [0.05561134 0.01156073] delta :  [[0.11782065 0.08526351]
 [0.12457833 0.099224  ]
 [0.1193278  0.07453174]
 [0.23765645 0.21289636]
 [0.20970498 0.16584336]
 [0.4516678  0.49638704]
 [0.05615863 0.02162228]
 [0.08778518 0.06741222]
 [0.44379706 0.44645992]
 [0.25766798 0.15771051]
 [0.16964513 0.09371839]
 [1.31002997 1.3816135 ]] nu :  [0.05239296 0.08055701] k : [1.2392668  1.30073864 1.04438013] theta : [5.9624753  3.42331145] sigma : [2.9        1.96935185] zeta : [0.00741939 0.04188144] rho : 0.02 kappa : 0.5
       9             14         9.5414e-01      9.99e-03       1.12e+03       1.86e+05    
      10             15         9.5138e-01      2.76e-03       3.39e+03       1.82e+05    
fe :  [0.10322757 0.0360563 ] fo :  [0.05561134 0.01156073] delta :  [[0.11633707 0.08102229]
 [0.11761382 0.09014496]
 [0.11291608 0.06519205]
 [0.22659887 0.19741986]
 [0.19990073 0.15207538]
 [0.43156024 0.4636265 ]
 [0.05112268 0.01715983]
 [0.08257376 0.06068931]
 [0.423527   0.41574027]
 [0.24542939 0.14730496]
 [0.1614548  0.08356692]
 [1.25825849 1.30766942]] nu :  [0.05272907 0.08039246] k : [1.2392668  1.30073864 1.04438013] theta : [5.9624753  3.42331145] sigma : [2.9        1.96935185] zeta : [0.00741939 0.04188144] rho : 0.02 kappa : 0.5
      11             20         9.4554e-01      5.84e-03       4.15e-01       5.30e+05    
      12             23         9.4547e-01      6.54e-05       2.58e-02       5.29e+05    
fe :  [0.10322757 0.0360563 ] fo :  [0.05561134 0.01156073] delta :  [[0.11746775 0.08167706]
 [0.12058107 0.09355863]
 [0.11585025 0.06953628]
 [0.23273168 0.20259299]
 [0.20536917 0.15681887]
 [0.44285194 0.474094  ]
 [0.05376568 0.01913009]
 [0.08508965 0.06300357]
 [0.4348366  0.42594588]
 [0.25243722 0.14888456]
 [0.16600096 0.08784138]
 [1.26957943 1.31479508]] nu :  [0.05264489 0.0800068 ] k : [1.2392668  1.30073864 1.04438013] theta : [5.9624753  3.42331145] sigma : [2.9        1.96935185] zeta : [0.00741939 0.04188144] rho : 0.02 kappa : 0.5
      13             24         9.4540e-01      7.45e-05       6.33e-03       2.10e+04    
      14             28         9.4539e-01      1.91e-06       1.09e-04       6.71e+02    
fe :  [0.10322757 0.0360563 ] fo :  [0.05561134 0.01156073] delta :  [[0.11746749 0.08171684]
 [0.12062715 0.09355859]
 [0.11586576 0.06957447]
 [0.23275078 0.20261304]
 [0.20537864 0.15682375]
 [0.4428708  0.47411648]
 [0.05377464 0.01915372]
 [0.08510444 0.06300345]
 [0.43486474 0.42597307]
 [0.25245475 0.14890565]
 [0.1660192  0.08784775]
 [1.26961256 1.31481476]] nu :  [0.05264489 0.08000647] k : [1.2392668  1.30073864 1.04438013] theta : [5.9624753  3.42331145] sigma : [2.9        1.96935185] zeta : [0.00741939 0.04188144] rho : 0.02 kappa : 0.5
      15             31         9.4539e-01      2.72e-09       6.39e-06       7.27e+02    
`xtol` termination condition is satisfied.
Function evaluations 31, initial cost 1.2863e+01, final cost 9.4539e-01, first-order optimality 7.27e+02.
   Iteration     Total nfev        Cost      Cost reduction    Step norm     Optimality   
       0              1         9.4539e-01                                    2.33e-02    
       1              8         9.4522e-01      1.72e-04       9.34e-02       3.29e+05    
fe :  [0.10322757 0.0360563 ] fo :  [0.05561134 0.01156073] delta :  [[0.11722614 0.08086237]
 [0.11991776 0.09110024]
 [0.11501961 0.0682983 ]
 [0.23140326 0.19903779]
 [0.20378636 0.15319448]
 [0.4401917  0.46682519]
 [0.0530314  0.0183481 ]
 [0.0842632  0.06112331]
 [0.43163475 0.41812119]
 [0.25017746 0.14571989]
 [0.16485952 0.08546312]
 [1.26880091 1.29400976]] nu :  [0.05272517 0.07938626] k : [1.2392668  1.30073864 1.04438013] theta : [5.9624753  3.42331145] sigma : [2.9        1.96935185] zeta : [0.00741939 0.04188144] rho : 0.02 kappa : 0.5
       2              9         9.4509e-01      1.31e-04       2.06e-01       6.62e+04    
       3             15         9.4509e-01      1.27e-06       9.09e-05       1.81e+04    
fe :  [0.10322757 0.0360563 ] fo :  [0.05561134 0.01156073] delta :  [[0.11724016 0.08087223]
 [0.11993297 0.09111535]
 [0.11503431 0.06831383]
 [0.23141988 0.19905322]
 [0.20380276 0.15320932]
 [0.44021757 0.46684117]
 [0.05304561 0.01836344]
 [0.0842799  0.06113865]
 [0.43165064 0.4181356 ]
 [0.25019357 0.14573413]
 [0.16487644 0.08548028]
 [1.26881193 1.29401869]] nu :  [0.05274472 0.0794236 ] k : [1.2392668  1.30073864 1.04438013] theta : [5.9624753  3.42331145] sigma : [2.9        1.96935185] zeta : [0.00741939 0.04188144] rho : 0.02 kappa : 0.5
       4             16         9.4509e-01      1.66e-07       1.22e-05       7.89e+02    
       5             17         9.4509e-01      2.92e-07       2.83e-05       1.51e-02    
fe :  [0.10322757 0.0360563 ] fo :  [0.05561134 0.01156073] delta :  [[0.11723956 0.08087121]
 [0.11993215 0.09111468]
 [0.11503328 0.06831325]
 [0.23141871 0.1990518 ]
 [0.20380163 0.15320805]
 [0.44024728 0.46683873]
 [0.05304511 0.01836332]
 [0.08427937 0.06113816]
 [0.43164828 0.4181323 ]
 [0.25019212 0.14573275]
 [0.16487566 0.08547989]
 [1.26880643 1.29400966]] nu :  [0.05274197 0.0794215 ] k : [1.2392668  1.30073864 1.04438013] theta : [5.9624753  3.42331145] sigma : [2.9        1.96935185] zeta : [0.00741939 0.04188144] rho : 0.02 kappa : 0.5
       6             18         9.4509e-01      4.24e-07       6.98e-05       5.50e+02    
       7             21         9.4509e-01      0.00e+00       0.00e+00       5.50e+02    
`xtol` termination condition is satisfied.
Function evaluations 21, initial cost 9.4539e-01, final cost 9.4509e-01, first-order optimality 5.50e+02.
   Iteration     Total nfev        Cost      Cost reduction    Step norm     Optimality   
       0              1         9.4509e-01                                    9.70e+02    
       1             16         9.4509e-01      0.00e+00       0.00e+00       9.70e+02    
`xtol` termination condition is satisfied.
Function evaluations 16, initial cost 9.4509e-01, final cost 9.4509e-01, first-order optimality 9.70e+02.
fe :  [0.10322757 0.0360563 ] fo :  [0.05561134 0.01156073] delta :  [[0.11723956 0.08087121]
 [0.11993215 0.09111468]
 [0.11503328 0.06831325]
 [0.23141871 0.1990518 ]
 [0.20380163 0.15320805]
 [0.44024728 0.46683873]
 [0.05304511 0.01836332]
 [0.08427937 0.06113816]
 [0.43164828 0.4181323 ]
 [0.25019212 0.14573275]
 [0.16487566 0.08547989]
 [1.26880643 1.29400966]] nu :  [0.05274197 0.0794215 ] k : [1.2392668  1.30073864 1.04438013] theta : [5.9624753  3.42331145] sigma : [2.9        1.96935185] zeta : [0.00741939 0.04188144] rho : 0.02 kappa : 0.5
   Iteration     Total nfev        Cost      Cost reduction    Step norm     Optimality   
       0              1         9.4509e-01                                    3.23e-02    
       1              9         9.4489e-01      1.98e-04       2.03e+00       4.88e+05    
fe :  [0.10322757 0.0360563 ] fo :  [0.05561134 0.01156073] delta :  [[0.11670485 0.07871914]
 [0.1175452  0.08740504]
 [0.11293393 0.06573807]
 [0.22778705 0.19254385]
 [0.20051662 0.14764837]
 [0.43486401 0.45297683]
 [0.05151198 0.01698023]
 [0.08244014 0.05831703]
 [0.42501919 0.40497535]
 [0.24630597 0.14085548]
 [0.16214649 0.08164622]
 [1.25039015 1.25574949]] nu :  [0.05282391 0.07885502] k : [1.2392668  1.30073864 1.04438013] theta : [5.9624753  3.42331145] sigma : [2.9        1.96935185] zeta : [0.00741939 0.04188144] rho : 0.02 kappa : 0.5
       2             11         9.4462e-01      2.74e-04       1.82e-01       8.16e+04    
       3             14         9.4459e-01      2.97e-05       2.04e-03       3.33e+04    
       4             18         9.4459e-01      2.12e-07       3.70e-05       1.32e+03    
fe :  [0.10322757 0.0360563 ] fo :  [0.05561134 0.01156073] delta :  [[0.11691276 0.07882987]
 [0.11784212 0.08767211]
 [0.11326628 0.06590531]
 [0.22838197 0.19296103]
 [0.2012601  0.1479863 ]
 [0.43557556 0.45356841]
 [0.05152345 0.01701912]
 [0.08272407 0.05847321]
 [0.42577274 0.40552423]
 [0.24694022 0.14099519]
 [0.16238657 0.08201297]
 [1.25078952 1.25599945]] nu :  [0.05286565 0.07890171] k : [1.2392668  1.30073864 1.04438013] theta : [5.9624753  3.42331145] sigma : [2.9        1.96935185] zeta : [0.00741939 0.04188144] rho : 0.02 kappa : 0.5
       5             20         9.4459e-01      9.96e-09       1.05e-05       2.29e+02    
       6             21         9.4459e-01      4.21e-09       3.16e-06       6.25e+01    
fe :  [0.10322757 0.0360563 ] fo :  [0.05561134 0.01156073] delta :  [[0.11691405 0.07882987]
 [0.11784242 0.0876723 ]
 [0.11326657 0.06590531]
 [0.22838263 0.1929614 ]
 [0.20126044 0.14798656]
 [0.43557639 0.45356907]
 [0.05152409 0.01701912]
 [0.08272421 0.05847321]
 [0.42577363 0.40552482]
 [0.24694093 0.14099519]
 [0.16238671 0.08201328]
 [1.25078993 1.25599965]] nu :  [0.05286587 0.07890463] k : [1.2392668  1.30073864 1.04438013] theta : [5.9624753  3.42331145] sigma : [2.9        1.96935185] zeta : [0.00741939 0.04188144] rho : 0.02 kappa : 0.5
       7             22         9.4459e-01      3.83e-10       7.61e-07       4.59e+02    
       8             23         9.4459e-01      2.60e-08       1.73e-06       2.18e-02    
fe :  [0.10322757 0.0360563 ] fo :  [0.05561134 0.01156073] delta :  [[0.11691411 0.07882988]
 [0.11784243 0.08767231]
 [0.11326658 0.06590532]
 [0.22838265 0.19296141]
 [0.20126046 0.14798657]
 [0.43557641 0.45356908]
 [0.05152412 0.01701913]
 [0.08272423 0.05847322]
 [0.42577366 0.40552484]
 [0.24694095 0.14099519]
 [0.16238672 0.0820133 ]
 [1.25078993 1.25599963]] nu :  [0.05286607 0.07890481] k : [1.2392668  1.30073864 1.04438013] theta : [5.9624753  3.42331145] sigma : [2.9        1.96935185] zeta : [0.00741939 0.04188144] rho : 0.02 kappa : 0.5
       9             24         9.4459e-01      5.16e-10       3.22e-07       1.54e-01    
`ftol` termination condition is satisfied.
Function evaluations 24, initial cost 9.4509e-01, final cost 9.4459e-01, first-order optimality 1.54e-01.
   Iteration     Total nfev        Cost      Cost reduction    Step norm     Optimality   
       0              1         9.4459e-01                                    3.67e-02    
       1              9         9.4458e-01      1.03e-05       1.95e-02       1.26e+05    
fe :  [0.10322757 0.0360563 ] fo :  [0.05561134 0.01156073] delta :  [[0.11688374 0.07877892]
 [0.11775862 0.0876382 ]
 [0.11322749 0.06591145]
 [0.2282     0.19274102]
 [0.20111774 0.14784094]
 [0.43504317 0.4528636 ]
 [0.05153218 0.01701934]
 [0.08269001 0.05845113]
 [0.4252965  0.40490401]
 [0.2467435  0.14081195]
 [0.16221194 0.08201136]
 [1.24876824 1.25363627]] nu :  [0.05285013 0.07896563] k : [1.2392668  1.30073864 1.04438013] theta : [5.9624753  3.42331145] sigma : [2.9        1.96935185] zeta : [0.00741939 0.04188144] rho : 0.02 kappa : 0.5
       2             11         9.4457e-01      6.07e-06       1.15e-03       1.13e+04    
       3             14         9.4457e-01      2.31e-07       1.96e-05       1.54e+03    
fe :  [0.10322757 0.0360563 ] fo :  [0.05561134 0.01156073] delta :  [[0.11688646 0.07877884]
 [0.11776007 0.08763924]
 [0.11322993 0.06591274]
 [0.22820946 0.1927464 ]
 [0.20113074 0.14784402]
 [0.43505663 0.4528739 ]
 [0.0515329  0.01701931]
 [0.08269105 0.05845112]
 [0.42531089 0.40491328]
 [0.24675424 0.14081374]
 [0.16221478 0.08201373]
 [1.24877473 1.25363879]] nu :  [0.05285774 0.07896552] k : [1.2392668  1.30073864 1.04438013] theta : [5.9624753  3.42331145] sigma : [2.9        1.96935185] zeta : [0.00741939 0.04188144] rho : 0.02 kappa : 0.5
       4             15         9.4457e-01      6.34e-09       1.98e-05       7.92e+03    
       5             16         9.4457e-01      2.19e-09       1.21e-05       4.63e-02    
fe :  [0.10322757 0.0360563 ] fo :  [0.05561134 0.01156073] delta :  [[0.11688721 0.07877928]
 [0.11776071 0.08763986]
 [0.11323059 0.06591341]
 [0.22821032 0.19274717]
 [0.20113169 0.14784475]
 [0.43505754 0.45287474]
 [0.05153347 0.01701968]
 [0.08269164 0.05845165]
 [0.42531183 0.40491411]
 [0.24675512 0.14081438]
 [0.16221549 0.08201442]
 [1.24877524 1.2536392 ]] nu :  [0.05286549 0.07896912] k : [1.2392668  1.30073864 1.04438013] theta : [5.9624753  3.42331145] sigma : [2.9        1.96935185] zeta : [0.00741939 0.04188144] rho : 0.02 kappa : 0.5
       6             17         9.4457e-01      2.18e-09       1.01e-06       5.15e-02    
       7             18         9.4457e-01      1.51e-09       2.68e-07       3.93e-02    
`ftol` termination condition is satisfied.
Function evaluations 18, initial cost 9.4459e-01, final cost 9.4457e-01, first-order optimality 3.93e-02.
fe :  [0.10322757 0.0360563 ] fo :  [0.05561134 0.01156073] delta :  [[0.11688725 0.0787794 ]
 [0.11776071 0.08763986]
 [0.11323059 0.06591341]
 [0.22821037 0.19274718]
 [0.20113178 0.14784475]
 [0.43505764 0.45287479]
 [0.05153347 0.01701968]
 [0.08269164 0.05845165]
 [0.42531193 0.40491415]
 [0.24675519 0.14081438]
 [0.16221549 0.08201442]
 [1.24877527 1.2536392 ]] nu :  [0.05286549 0.07896912] k : [1.2392668  1.30073864 1.04438013] theta : [5.9624753  3.42331145] sigma : [2.9        1.96935185] zeta : [0.00741939 0.04188144] rho : 0.02 kappa : 0.5
   Iteration     Total nfev        Cost      Cost reduction    Step norm     Optimality   
       0              1         9.4457e-01                                    3.68e-02    
       1              9         9.4456e-01      7.18e-06       1.97e-02       1.24e+05    
       2             11         9.4456e-01      4.07e-06       1.15e-03       1.11e+04    
fe :  [0.10322757 0.0360563 ] fo :  [0.05561134 0.01156073] delta :  [[0.11683667 0.07872235]
 [0.11765098 0.08756766]
 [0.11316097 0.06587846]
 [0.2280406  0.19253708]
 [0.20106133 0.14769701]
 [0.43457897 0.45221149]
 [0.05148127 0.01697962]
 [0.08262626 0.058394  ]
 [0.42488369 0.40433234]
 [0.2465739  0.14063783]
 [0.16206258 0.08197469]
 [1.24683092 1.25131926]] nu :  [0.0528504  0.07895987] k : [1.2392668  1.30073864 1.04438013] theta : [5.9624753  3.42331145] sigma : [2.9        1.96935185] zeta : [0.00741939 0.04188144] rho : 0.02 kappa : 0.5
       3             14         9.4456e-01      1.99e-07       2.02e-05       7.70e+02    
       4             15         9.4456e-01      5.30e-08       5.72e-06       2.92e+03    
fe :  [0.10322757 0.0360563 ] fo :  [0.05561134 0.01156073] delta :  [[0.11683691 0.07872229]
 [0.11765094 0.08756762]
 [0.11316095 0.06587842]
 [0.22804192 0.19253772]
 [0.20106334 0.14769731]
 [0.4345825  0.45221346]
 [0.05148124 0.01697961]
 [0.08262622 0.05839396]
 [0.42488757 0.40433392]
 [0.24657586 0.14063778]
 [0.16206296 0.08197466]
 [1.24683215 1.25131952]] nu :  [0.05285414 0.0789598 ] k : [1.2392668  1.30073864 1.04438013] theta : [5.9624753  3.42331145] sigma : [2.9        1.96935185] zeta : [0.00741939 0.04188144] rho : 0.02 kappa : 0.5
       5             16         9.4456e-01      1.86e-09       4.87e-06       3.52e+03    
       6             17         9.4456e-01      6.97e-08       5.54e-06       9.20e+02    
fe :  [0.10322757 0.0360563 ] fo :  [0.05561134 0.01156073] delta :  [[0.11683706 0.0787223 ]
 [0.11765101 0.08756768]
 [0.11316105 0.0658785 ]
 [0.22804211 0.19253787]
 [0.20106355 0.14769743]
 [0.43458272 0.45221364]
 [0.05148127 0.0169796 ]
 [0.08262628 0.05839399]
 [0.42488781 0.40433409]
 [0.24657605 0.14063787]
 [0.16206309 0.08197475]
 [1.24683222 1.25131952]] nu :  [0.05285686 0.07895978] k : [1.2392668  1.30073864 1.04438013] theta : [5.9624753  3.42331145] sigma : [2.9        1.96935185] zeta : [0.00741939 0.04188144] rho : 0.02 kappa : 0.5
       7             18         9.4456e-01      2.68e-09       1.19e-06       1.49e+03    
`ftol` termination condition is satisfied.
Function evaluations 18, initial cost 9.4457e-01, final cost 9.4456e-01, first-order optimality 1.49e+03.
  [cd_nu] DONE  obj=1.3745  status=successful  nu_rest=0.0529 nu_pharma=0.0790  -> calibration_results_matched_economy/baseline_2002_variations/pre_trips_tries_newfee/cd_nu/

========================================================================
  label: cd_all
  seed: 8.8
  fix_delta: False
  calib_parameters: ['delta', 'T', 'eta', 'fe', 'fo', 'nu']
  delta_free_by_sector: [0, 12, 12]
  fe_free: 2
  fo_free: 2
  nu_free: 2
  moments: ['SPFLOW', 'DOMPATINUS', 'OUT', 'RD', 'RP', 'SRGDP', 'UUPCOSTS', 'RDPHARMACHEM', 'TOPATENT', 'TOPHARMACHEM']
  weights: {'SPFLOW': 1, 'DOMPATINUS': 1, 'OUT': 5, 'RD': 10, 'RP': 1, 'SRGDP': 1, 'UUPCOSTS': 1, 'RDPHARMACHEM': 1, 'TOPATENT': 5, 'TOPHARMACHEM': 5}
  r_hjort_recomputed_for_1992: True
  UUPCOSTS_target_newfee: [0.001161, 0.00047]
  nu_seed(rest,pharma): [0.06367, 0.11917]
  [cd_all] initial solve: successful | obj=5.0722
fe :  [0.10322757 0.0360563 ] fo :  [0.05561134 0.01156073] delta :  [[0.08793932 0.08793932]
 [0.10601833 0.10601833]
 [0.11316564 0.11316564]
 [0.16194812 0.16194812]
 [0.17779985 0.17779985]
 [0.24150643 0.24150643]
 [0.07481053 0.07481053]
 [0.07801511 0.07801511]
 [0.24365702 0.24365702]
 [0.20480966 0.20480966]
 [0.18760604 0.18760604]
 [1.58447318 1.58447318]] nu :  [0.06367108 0.11917209] k : [1.2392668  1.30073864 1.04438013] theta : [5.9624753  3.42331145] sigma : [2.9        1.96935185] zeta : [0.00741939 0.04188144] rho : 0.02 kappa : 0.5
   Iteration     Total nfev        Cost      Cost reduction    Step norm     Optimality   
       0              1         1.2863e+01                                    7.19e+07    
       1              2         8.6315e+00      4.23e+00       4.54e-03       3.70e+07    
fe :  [0.10322757 0.0360563 ] fo :  [0.05561134 0.01156073] delta :  [[0.08793932 0.08793932]
 [0.10601833 0.10601833]
 [0.11316564 0.11316564]
 [0.16194812 0.16194812]
 [0.17779985 0.17779985]
 [0.24150643 0.24150643]
 [0.07481053 0.07481053]
 [0.07801511 0.07801511]
 [0.24365702 0.24365704]
 [0.20480966 0.20480966]
 [0.18760604 0.18760604]
 [1.58447318 1.58447318]] nu :  [0.06367108 0.11917209] k : [1.2392668  1.30073864 1.04438013] theta : [5.9624753  3.42331145] sigma : [2.9        1.96935185] zeta : [0.00741939 0.04188144] rho : 0.02 kappa : 0.5
       2              3         5.7158e+00      2.92e+00       8.32e-03       1.33e+07    
       3              4         2.1488e+00      3.57e+00       2.00e+04       8.78e+06    
fe :  [0.07842609 0.04206018] fo :  [0.05906657 0.01301565] delta :  [[0.10950934 0.08007777]
 [0.11729905 0.14355189]
 [0.11718764 0.10447125]
 [0.24797049 0.25504303]
 [0.22893971 0.20224964]
 [0.48673971 0.60311383]
 [0.06073779 0.03423179]
 [0.09748879 0.08660581]
 [0.47857618 0.54471218]
 [0.27992324 0.22415962]
 [0.18890326 0.11775271]
 [1.40993575 1.68622082]] nu :  [0.05117418 0.12833722] k : [1.2392668  1.30073864 1.04438013] theta : [5.9624753  3.42331145] sigma : [2.9        1.96935185] zeta : [0.00741939 0.04188144] rho : 0.02 kappa : 0.5
       4              5         1.2585e+00      8.90e-01       1.41e+04       5.11e+06    
       5              6         1.0895e+00      1.69e-01       6.79e+03       9.69e+06    
fe :  [0.08684894 0.04034967] fo :  [0.04145712 0.01861776] delta :  [[0.12239177 0.07977334]
 [0.12616583 0.11756238]
 [0.12370506 0.08861342]
 [0.24265462 0.23564442]
 [0.21983959 0.18950622]
 [0.47426493 0.55658432]
 [0.05900209 0.02649254]
 [0.09477726 0.07510636]
 [0.46446757 0.50058529]
 [0.27257525 0.22456584]
 [0.17919777 0.10186453]
 [1.36256518 1.54885429]] nu :  [0.05070741 0.10516178] k : [1.2392668  1.30073864 1.04438013] theta : [5.9624753  3.42331145] sigma : [2.9        1.96935185] zeta : [0.00741939 0.04188144] rho : 0.02 kappa : 0.5
       6              7         1.0789e+00      1.06e-02       4.05e+02       9.55e+06    
       7              8         9.9622e-01      8.27e-02       7.62e+03       9.51e+06    
fe :  [0.10945224 0.03820503] fo :  [0.04044262 0.02862246] delta :  [[0.12843464 0.07662836]
 [0.12769331 0.10834961]
 [0.11926039 0.08504626]
 [0.2370702  0.23411825]
 [0.21026755 0.17950797]
 [0.45590488 0.53518757]
 [0.05741736 0.02531848]
 [0.08921278 0.07499559]
 [0.44759876 0.48771416]
 [0.25645628 0.18146017]
 [0.17039158 0.10112506]
 [1.32754834 1.53160242]] nu :  [0.05257004 0.08713773] k : [1.2392668  1.30073864 1.04438013] theta : [5.9624753  3.42331145] sigma : [2.9        1.96935185] zeta : [0.00741939 0.04188144] rho : 0.02 kappa : 0.5
       8              9         9.9489e-01      1.33e-03       2.20e-05       4.79e+06    
       9             10         9.5904e-01      3.59e-02       5.74e+03       5.94e+06    
fe :  [0.11965044 0.03413061] fo :  [0.039532   0.02668998] delta :  [[0.12628821 0.08175782]
 [0.11978834 0.11110929]
 [0.1147224  0.08544295]
 [0.23004177 0.23293522]
 [0.20332865 0.18070777]
 [0.43932877 0.53289918]
 [0.05251143 0.02661046]
 [0.08397398 0.07887606]
 [0.43047247 0.48572855]
 [0.25026463 0.21198498]
 [0.16290533 0.10115315]
 [1.28706383 1.51513923]] nu :  [0.05336499 0.07199343] k : [1.2392668  1.30073864 1.04438013] theta : [5.9624753  3.42331145] sigma : [2.9        1.96935185] zeta : [0.00741939 0.04188144] rho : 0.02 kappa : 0.5
      10             11         9.5222e-01      6.81e-03       3.90e+02       5.91e+06    
      11             18         9.4700e-01      5.23e-03       6.29e-02       4.89e+05    
      12             19         9.3612e-01      1.09e-02       4.89e-02       1.19e+05    
fe :  [0.10890932 0.02007595] fo :  [0.04915081 0.00847684] delta :  [[0.12138825 0.11421671]
 [0.1183691  0.12531133]
 [0.11244551 0.10370508]
 [0.22551658 0.2560788 ]
 [0.19984773 0.20303541]
 [0.43566742 0.57138291]
 [0.05148582 0.03584543]
 [0.08239274 0.09489849]
 [0.42282518 0.51228105]
 [0.2449257  0.19515994]
 [0.16055414 0.12197727]
 [1.26452881 1.55035339]] nu :  [0.05297799 0.05997306] k : [1.2392668  1.30073864 1.04438013] theta : [5.9624753  3.42331145] sigma : [2.9        1.96935185] zeta : [0.00741939 0.04188144] rho : 0.02 kappa : 0.5
      13             20         9.3429e-01      1.82e-03       1.57e-01       2.82e+05    
      14             21         9.3344e-01      8.54e-04       5.72e-01       1.99e+05    
fe :  [0.10063456 0.01667407] fo :  [0.04847623 0.00669928] delta :  [[0.12138816 0.12102338]
 [0.11722579 0.1289717 ]
 [0.11220325 0.10896334]
 [0.22582795 0.2616946 ]
 [0.20089011 0.20750932]
 [0.43700882 0.57785265]
 [0.05097377 0.03845346]
 [0.08260266 0.10004117]
 [0.42369555 0.51799751]
 [0.24537824 0.19725446]
 [0.16085838 0.12648847]
 [1.25770462 1.55302881]] nu :  [0.05312324 0.05652106] k : [1.2392668  1.30073864 1.04438013] theta : [5.9624753  3.42331145] sigma : [2.9        1.96935185] zeta : [0.00741939 0.04188144] rho : 0.02 kappa : 0.5
      15             24         9.3318e-01      2.55e-04       2.06e-02       9.16e+04    
      16             25         9.3307e-01      1.09e-04       2.68e-02       2.21e+04    
fe :  [0.09814134 0.01566045] fo :  [0.04828764 0.00645246] delta :  [[0.12130618 0.12096796]
 [0.11699692 0.12815392]
 [0.11211633 0.10853854]
 [0.22485382 0.26105028]
 [0.20039826 0.20690812]
 [0.43597952 0.57656065]
 [0.05088336 0.03835324]
 [0.0820476  0.09957115]
 [0.42175122 0.5158472 ]
 [0.24433521 0.19612231]
 [0.16001145 0.12603702]
 [1.25399594 1.55148291]] nu :  [0.05325841 0.05505859] k : [1.2392668  1.30073864 1.04438013] theta : [5.9624753  3.42331145] sigma : [2.9        1.96935185] zeta : [0.00741939 0.04188144] rho : 0.02 kappa : 0.5
      17             26         9.3304e-01      3.55e-05       3.26e-02       9.66e+04    
      18             27         9.3297e-01      6.13e-05       3.35e-02       2.23e+04    
fe :  [0.09596157 0.01465633] fo :  [0.0480639  0.00574951] delta :  [[0.12152872 0.12522516]
 [0.11787408 0.13160358]
 [0.11298546 0.11083366]
 [0.22606437 0.2670324 ]
 [0.20174177 0.21160855]
 [0.43864922 0.58863793]
 [0.05144486 0.04024583]
 [0.08265512 0.10290291]
 [0.42377227 0.52377651]
 [0.24570829 0.20007847]
 [0.16097033 0.12985499]
 [1.25853543 1.5709013 ]] nu :  [0.05328042 0.0540491 ] k : [1.2392668  1.30073864 1.04438013] theta : [5.9624753  3.42331145] sigma : [2.9        1.96935185] zeta : [0.00741939 0.04188144] rho : 0.02 kappa : 0.5
      19             28         9.3290e-01      7.53e-05       2.22e-02       4.20e+04    
      20             29         9.3287e-01      2.83e-05       2.09e-02       6.83e+04    
fe :  [0.09570428 0.01421536] fo :  [0.04789977 0.00497407] delta :  [[0.12191351 0.13041628]
 [0.11937714 0.13474155]
 [0.11431264 0.1144743 ]
 [0.22785734 0.26895148]
 [0.20275164 0.21500527]
 [0.44139173 0.59453325]
 [0.05236441 0.04178555]
 [0.08379112 0.10586769]
 [0.42819607 0.533297  ]
 [0.24839689 0.20394723]
 [0.16309071 0.1327284 ]
 [1.26701546 1.58491036]] nu :  [0.05327582 0.05312851] k : [1.2392668  1.30073864 1.04438013] theta : [5.9624753  3.42331145] sigma : [2.9        1.96935185] zeta : [0.00741939 0.04188144] rho : 0.02 kappa : 0.5
      21             30         9.3283e-01      3.67e-05       5.01e-03       6.75e+03    
      22             31         9.3283e-01      6.25e-06       5.30e-03       1.62e+04    
      23             32         9.3282e-01      8.19e-06       1.38e-03       2.51e+03    
fe :  [0.09555153 0.01407004] fo :  [0.04786209 0.00494184] delta :  [[0.12204709 0.1310089 ]
 [0.11956736 0.13556772]
 [0.11458004 0.11563194]
 [0.22812646 0.27169692]
 [0.20354128 0.21680688]
 [0.4419711  0.5968657 ]
 [0.05258211 0.04253021]
 [0.08411891 0.10692388]
 [0.4289147  0.53607735]
 [0.24883607 0.20530724]
 [0.16304122 0.13357863]
 [1.26936068 1.58925567]] nu :  [0.05327622 0.05306606] k : [1.2392668  1.30073864 1.04438013] theta : [5.9624753  3.42331145] sigma : [2.9        1.96935185] zeta : [0.00741939 0.04188144] rho : 0.02 kappa : 0.5
      24             33         9.3281e-01      6.09e-06       1.40e-03       7.86e+03    
      25             34         9.3281e-01      9.80e-07       3.39e-04       1.40e+03    
fe :  [0.09554424 0.01406527] fo :  [0.04785984 0.0049345 ] delta :  [[0.12204626 0.13104956]
 [0.11956609 0.13564835]
 [0.11459167 0.11564117]
 [0.22812642 0.27184306]
 [0.20355458 0.21691889]
 [0.44201244 0.59701853]
 [0.05258196 0.042548  ]
 [0.0841187  0.1069708 ]
 [0.42896226 0.53625076]
 [0.24885638 0.20539863]
 [0.1630405  0.13369262]
 [1.26943775 1.58945093]] nu :  [0.05327504 0.05306214] k : [1.2392668  1.30073864 1.04438013] theta : [5.9624753  3.42331145] sigma : [2.9        1.96935185] zeta : [0.00741939 0.04188144] rho : 0.02 kappa : 0.5
      26             35         9.3281e-01      5.22e-07       8.55e-05       3.28e+03    
      27             36         9.3281e-01      1.17e-07       8.85e-05       3.46e+03    
fe :  [0.09554368 0.01406521] fo :  [0.04785967 0.00493235] delta :  [[0.12205451 0.1310819 ]
 [0.11958448 0.1356733 ]
 [0.11460154 0.11567255]
 [0.22814185 0.27187403]
 [0.20357145 0.21694581]
 [0.44203155 0.59704933]
 [0.05259336 0.04256338]
 [0.08413072 0.10698974]
 [0.42898116 0.536283  ]
 [0.24887266 0.2054224 ]
 [0.16305147 0.13371841]
 [1.26945592 1.58947956]] nu :  [0.05327504 0.05306182] k : [1.2392668  1.30073864 1.04438013] theta : [5.9624753  3.42331145] sigma : [2.9        1.96935185] zeta : [0.00741939 0.04188144] rho : 0.02 kappa : 0.5
      28             37         9.3281e-01      1.19e-07       2.17e-05       1.47e+03    
      29             38         9.3281e-01      9.78e-09       2.20e-05       3.92e-02    
fe :  [0.09554345 0.01406517] fo :  [0.04785959 0.00493234] delta :  [[0.12205792 0.13108556]
 [0.1195857  0.13567921]
 [0.11460518 0.11567773]
 [0.22814518 0.27188221]
 [0.20357508 0.2169526 ]
 [0.44203576 0.59705771]
 [0.05259582 0.0425669 ]
 [0.08413347 0.10699403]
 [0.42898546 0.53629202]
 [0.24887641 0.20542814]
 [0.16305387 0.13372484]
 [1.26946051 1.58948854]] nu :  [0.05327501 0.05306169] k : [1.2392668  1.30073864 1.04438013] theta : [5.9624753  3.42331145] sigma : [2.9        1.96935185] zeta : [0.00741939 0.04188144] rho : 0.02 kappa : 0.5
      30             39         9.3281e-01      3.00e-08       5.25e-06       4.86e+02    
`xtol` termination condition is satisfied.
Function evaluations 39, initial cost 1.2863e+01, final cost 9.3281e-01, first-order optimality 4.86e+02.
   Iteration     Total nfev        Cost      Cost reduction    Step norm     Optimality   
       0              1         9.3281e-01                                    2.43e+02    
fe :  [0.08800933 0.01199909] fo :  [0.04567434 0.00455935] delta :  [[0.12236914 0.1357557 ]
 [0.11939266 0.14017926]
 [0.11474161 0.11991847]
 [0.22811121 0.28004567]
 [0.20347397 0.22304687]
 [0.44166726 0.61308081]
 [0.0525914  0.04494643]
 [0.08410928 0.11133292]
 [0.42838695 0.55087029]
 [0.24857793 0.21192301]
 [0.16287066 0.13909306]
 [1.26868512 1.643323  ]] nu :  [0.05329327 0.05250137] k : [1.2392668  1.30073864 1.04438013] theta : [5.9624753  3.42331145] sigma : [2.9        1.96935185] zeta : [0.00741939 0.04188144] rho : 0.02 kappa : 0.5
       1              8         9.3260e-01      2.09e-04       3.07e-01       1.58e+05    
       2             10         9.3248e-01      1.26e-04       5.14e-02       1.67e+05    
fe :  [0.08657147 0.01184438] fo :  [0.04441883 0.00446766] delta :  [[0.12323677 0.13639977]
 [0.12013528 0.14100627]
 [0.11533757 0.12119484]
 [0.22905649 0.28106006]
 [0.20451066 0.22421722]
 [0.44254703 0.61290691]
 [0.05303089 0.04524616]
 [0.08472289 0.11201302]
 [0.42934124 0.5510798 ]
 [0.24973918 0.21311897]
 [0.16394401 0.13980381]
 [1.26620515 1.6402281 ]] nu :  [0.05324181 0.05236027] k : [1.2392668  1.30073864 1.04438013] theta : [5.9624753  3.42331145] sigma : [2.9        1.96935185] zeta : [0.00741939 0.04188144] rho : 0.02 kappa : 0.5
       3             12         9.3241e-01      7.02e-05       1.01e-02       1.68e+05    
       4             13         9.3239e-01      1.48e-05       2.44e-03       1.40e+04    
       5             15         9.3239e-01      6.42e-07       6.27e-04       1.17e+04    
fe :  [0.08659122 0.01182949] fo :  [0.04441203 0.00446486] delta :  [[0.12328602 0.13681397]
 [0.12023052 0.14149735]
 [0.11545038 0.12133192]
 [0.22933083 0.28185917]
 [0.20476651 0.22516764]
 [0.44338238 0.6141402 ]
 [0.05311628 0.04568526]
 [0.08481387 0.11249037]
 [0.43022349 0.55239699]
 [0.25016585 0.2136611 ]
 [0.16405078 0.14012412]
 [1.26722018 1.64106277]] nu :  [0.0532329  0.05237124] k : [1.2392668  1.30073864 1.04438013] theta : [5.9624753  3.42331145] sigma : [2.9        1.96935185] zeta : [0.00741939 0.04188144] rho : 0.02 kappa : 0.5
       6             16         9.3239e-01      6.79e-09       1.51e-04       5.30e+03    
       7             22         9.3239e-01      0.00e+00       0.00e+00       5.30e+03    
`xtol` termination condition is satisfied.
Function evaluations 22, initial cost 9.3281e-01, final cost 9.3239e-01, first-order optimality 5.30e+03.
   Iteration     Total nfev        Cost      Cost reduction    Step norm     Optimality   
       0              1         9.3239e-01                                    2.53e+03    
fe :  [0.08645181 0.01176532] fo :  [0.04430245 0.00443412] delta :  [[0.12333114 0.13723898]
 [0.12026178 0.14189885]
 [0.11548458 0.12171436]
 [0.22937273 0.28246223]
 [0.20479603 0.22564294]
 [0.44343907 0.61528508]
 [0.05313099 0.04588357]
 [0.08483347 0.11284552]
 [0.43025615 0.55344519]
 [0.25019389 0.21433996]
 [0.16407678 0.14050925]
 [1.26730986 1.64379597]] nu :  [0.05324043 0.0523463 ] k : [1.2392668  1.30073864 1.04438013] theta : [5.9624753  3.42331145] sigma : [2.9        1.96935185] zeta : [0.00741939 0.04188144] rho : 0.02 kappa : 0.5
       1              2         9.2818e-01      4.21e-03       2.75e+02       9.00e+04    
       2              8         9.2816e-01      2.67e-05       1.04e-01       1.40e+05    
fe :  [0.08266533 0.01003391] fo :  [0.04266463 0.00344942] delta :  [[0.1243735  0.15158938]
 [0.1217502  0.15546342]
 [0.11671731 0.13461821]
 [0.23307306 0.30511516]
 [0.20805956 0.24458114]
 [0.45150652 0.65838771]
 [0.05409024 0.05272734]
 [0.08584334 0.12520124]
 [0.43637152 0.5903695 ]
 [0.25350072 0.23207117]
 [0.16640386 0.15398226]
 [1.28758451 1.71905999]] nu :  [0.05318674 0.05132562] k : [1.2392668  1.30073864 1.04438013] theta : [5.9624753  3.42331145] sigma : [2.9        1.96935185] zeta : [0.00741939 0.04188144] rho : 0.02 kappa : 0.5
       3              9         9.2803e-01      1.24e-04       3.52e-02       1.93e+05    
       4             10         9.2792e-01      1.08e-04       8.50e-03       2.41e+04    
fe :  [0.0822318 0.0098445] fo :  [0.04253011 0.00329028] delta :  [[0.12444484 0.15340002]
 [0.1225108  0.1561375 ]
 [0.11757885 0.13471129]
 [0.23291469 0.30617202]
 [0.20788358 0.2462349 ]
 [0.45100899 0.66170116]
 [0.05471883 0.05340322]
 [0.08669625 0.12602542]
 [0.43692387 0.59431756]
 [0.25394723 0.23318718]
 [0.16635105 0.15467744]
 [1.28782147 1.72481134]] nu :  [0.05315077 0.0508543 ] k : [1.2392668  1.30073864 1.04438013] theta : [5.9624753  3.42331145] sigma : [2.9        1.96935185] zeta : [0.00741939 0.04188144] rho : 0.02 kappa : 0.5
       5             11         9.2789e-01      2.99e-05       7.37e-03       1.82e+04    
       6             15         9.2789e-01      5.48e-08       1.43e-04       1.04e+04    
fe :  [0.08223127 0.00984564] fo :  [0.04253001 0.00329025] delta :  [[0.12449889 0.15342868]
 [0.12253861 0.15616203]
 [0.1176098  0.13477612]
 [0.23294989 0.30620531]
 [0.20791585 0.24626916]
 [0.45103524 0.66174613]
 [0.05474511 0.05343048]
 [0.08672214 0.12605203]
 [0.43695289 0.59436582]
 [0.25397487 0.23321745]
 [0.16639445 0.15471407]
 [1.28784426 1.72485048]] nu :  [0.05316248 0.05085413] k : [1.2392668  1.30073864 1.04438013] theta : [5.9624753  3.42331145] sigma : [2.9        1.96935185] zeta : [0.00741939 0.04188144] rho : 0.02 kappa : 0.5
       7             16         9.2789e-01      1.08e-07       3.51e-05       8.07e+03    
       8             17         9.2789e-01      1.91e-08       6.56e-06       3.11e+03    
`xtol` termination condition is satisfied.
Function evaluations 17, initial cost 9.3239e-01, final cost 9.2789e-01, first-order optimality 3.11e+03.
   Iteration     Total nfev        Cost      Cost reduction    Step norm     Optimality   
       0              1         9.2789e-01                                    2.02e+03    
fe :  [0.04163969 0.00094442] fo :  [0.02127864 0.00051409] delta :  [[0.13636783 0.20379016]
 [0.13178501 0.20571258]
 [0.12676907 0.181394  ]
 [0.24909701 0.37820787]
 [0.22072359 0.31522136]
 [0.47347883 0.81532316]
 [0.06134207 0.08036176]
 [0.09482298 0.17337657]
 [0.45767207 0.73366395]
 [0.26863408 0.2999083 ]
 [0.17779846 0.18658526]
 [1.34365711 2.12195021]] nu :  [0.05212759 0.04765531] k : [1.2392668  1.30073864 1.04438013] theta : [5.9624753  3.42331145] sigma : [2.9        1.96935185] zeta : [0.00741939 0.04188144] rho : 0.02 kappa : 0.5
       1              6         9.2750e-01      3.95e-04       2.42e+00       9.29e+04    
       2              9         9.2744e-01      5.68e-05       4.38e-02       1.22e+05    
fe :  [0.05961489 0.00664431] fo :  [0.03041738 0.00226498] delta :  [[0.13229416 0.16392885]
 [0.12846821 0.16496758]
 [0.12425492 0.14399172]
 [0.24232597 0.32323077]
 [0.2177617  0.26052033]
 [0.46833823 0.69387331]
 [0.05935175 0.05822067]
 [0.09252554 0.13522683]
 [0.45240788 0.62178477]
 [0.26451598 0.24705554]
 [0.17516211 0.16462641]
 [1.31876606 1.79071905]] nu :  [0.05287529 0.05056938] k : [1.2392668  1.30073864 1.04438013] theta : [5.9624753  3.42331145] sigma : [2.9        1.96935185] zeta : [0.00741939 0.04188144] rho : 0.02 kappa : 0.5
       3             10         9.2742e-01      2.46e-05       1.10e-02       3.67e+04    
       4             11         9.2740e-01      2.15e-05       2.09e-03       2.24e+03    
fe :  [0.05955551 0.00659808] fo :  [0.02974447 0.00225468] delta :  [[0.1329865  0.16382167]
 [0.12919979 0.16549189]
 [0.12420974 0.1445151 ]
 [0.24238776 0.32311664]
 [0.21766518 0.26044275]
 [0.46817693 0.69451758]
 [0.05933509 0.05847996]
 [0.09248891 0.13514428]
 [0.45222228 0.62160821]
 [0.26438991 0.24696734]
 [0.17508451 0.16478935]
 [1.31973921 1.79239285]] nu :  [0.05281615 0.05033715] k : [1.2392668  1.30073864 1.04438013] theta : [5.9624753  3.42331145] sigma : [2.9        1.96935185] zeta : [0.00741939 0.04188144] rho : 0.02 kappa : 0.5
       5             12         9.2736e-01      3.16e-05       2.72e-03       3.98e+03    
       6             13         9.2735e-01      1.46e-05       5.31e-03       2.75e+03    
fe :  [0.05944355 0.00655091] fo :  [0.02972756 0.00224536] delta :  [[0.13310217 0.16378236]
 [0.1293472  0.16598034]
 [0.12430403 0.14500968]
 [0.24259898 0.32332337]
 [0.21763304 0.26075701]
 [0.46828767 0.69631711]
 [0.0594004  0.05873112]
 [0.09255923 0.135119  ]
 [0.45214979 0.62189569]
 [0.26433021 0.24716575]
 [0.17510892 0.16518574]
 [1.32252714 1.79738286]] nu :  [0.05282341 0.05021892] k : [1.2392668  1.30073864 1.04438013] theta : [5.9624753  3.42331145] sigma : [2.9        1.96935185] zeta : [0.00741939 0.04188144] rho : 0.02 kappa : 0.5
       7             15         9.2735e-01      8.07e-07       1.35e-03       3.59e+03    
       8             18         9.2735e-01      4.27e-08       2.22e-05       9.07e+01    
fe :  [0.05944328 0.00655081] fo :  [0.02972751 0.00224535] delta :  [[0.13310479 0.16378525]
 [0.12935031 0.1659845 ]
 [0.1243071  0.14501384]
 [0.24260284 0.32332764]
 [0.21763629 0.2607623 ]
 [0.46829116 0.696324  ]
 [0.05940318 0.05873426]
 [0.09256207 0.13512198]
 [0.45215224 0.62190052]
 [0.26433212 0.24716991]
 [0.17511161 0.16519163]
 [1.3225358  1.79739637]] nu :  [0.05282343 0.05022226] k : [1.2392668  1.30073864 1.04438013] theta : [5.9624753  3.42331145] sigma : [2.9        1.96935185] zeta : [0.00741939 0.04188144] rho : 0.02 kappa : 0.5
       9             19         9.2735e-01      1.06e-08       5.23e-06       4.56e+02    
      10             20         9.2735e-01      3.39e-09       5.47e-06       4.32e+02    
      11             34         9.2735e-01      0.00e+00       0.00e+00       4.32e+02    
`xtol` termination condition is satisfied.
Function evaluations 34, initial cost 9.2789e-01, final cost 9.2735e-01, first-order optimality 4.32e+02.
fe :  [0.05944324 0.0065508 ] fo :  [0.0297275  0.00224534] delta :  [[0.13310539 0.16378548]
 [0.12935092 0.16598548]
 [0.12430784 0.14501489]
 [0.24260382 0.32332873]
 [0.21763711 0.26076365]
 [0.46829206 0.69632573]
 [0.05940385 0.05873503]
 [0.09256278 0.13512272]
 [0.45215287 0.62190177]
 [0.2643326  0.24717096]
 [0.17511228 0.16519313]
 [1.32253762 1.79739883]] nu :  [0.05282388 0.05022215] k : [1.2392668  1.30073864 1.04438013] theta : [5.9624753  3.42331145] sigma : [2.9        1.96935185] zeta : [0.00741939 0.04188144] rho : 0.02 kappa : 0.5
   Iteration     Total nfev        Cost      Cost reduction    Step norm     Optimality   
       0              1         9.2735e-01                                    1.23e+03    
       1             19         9.2735e-01      8.18e-09       1.58e-06       1.34e+02    
`ftol` termination condition is satisfied.
Function evaluations 19, initial cost 9.2735e-01, final cost 9.2735e-01, first-order optimality 1.34e+02.
fe :  [0.05944324 0.0065508 ] fo :  [0.02972793 0.00224534] delta :  [[0.13310539 0.16378548]
 [0.12935092 0.16598548]
 [0.12430784 0.14501489]
 [0.24260382 0.32332873]
 [0.21763711 0.26076365]
 [0.46829206 0.69632573]
 [0.05940385 0.05873503]
 [0.09256278 0.13512272]
 [0.45215287 0.62190177]
 [0.2643326  0.24717096]
 [0.17511228 0.16519313]
 [1.32253762 1.79739883]] nu :  [0.05282389 0.05022216] k : [1.2392668  1.30073864 1.04438013] theta : [5.9624753  3.42331145] sigma : [2.9        1.96935185] zeta : [0.00741939 0.04188144] rho : 0.02 kappa : 0.5
   Iteration     Total nfev        Cost      Cost reduction    Step norm     Optimality   
       0              1         9.2735e-01                                    3.73e-01    
       1              6         9.2719e-01      1.55e-04       2.52e+00       6.59e+04    
fe :  [0.04298286 0.00464722] fo :  [0.02253    0.00178963] delta :  [[0.13881269 0.16504515]
 [0.13454422 0.16788441]
 [0.12953021 0.14638538]
 [0.25042673 0.32661799]
 [0.2248668  0.26362818]
 [0.48006259 0.7027348 ]
 [0.06295241 0.05957951]
 [0.09699125 0.13668044]
 [0.46317553 0.6261167 ]
 [0.27230878 0.25002358]
 [0.18144411 0.16684295]
 [1.35243329 1.84350809]] nu :  [0.0526065  0.05054385] k : [1.2392668  1.30073864 1.04438013] theta : [5.9624753  3.42331145] sigma : [2.9        1.96935185] zeta : [0.00741939 0.04188144] rho : 0.02 kappa : 0.5
       2              9         9.2711e-01      8.66e-05       9.87e-03       5.96e+04    
       3             10         9.2709e-01      1.89e-05       1.21e-02       2.98e+04    
       4             11         9.2707e-01      1.31e-05       9.85e-03       2.70e+04    
fe :  [0.04193805 0.00447864] fo :  [0.02240478 0.00174909] delta :  [[0.13888061 0.16619697]
 [0.13565823 0.1698137 ]
 [0.13065069 0.14884661]
 [0.25234893 0.32950505]
 [0.22651368 0.26626457]
 [0.48352747 0.70767595]
 [0.06381111 0.06093353]
 [0.09798989 0.13877491]
 [0.46667696 0.6309933 ]
 [0.27435727 0.25250954]
 [0.18289752 0.16927806]
 [1.360546   1.84919375]] nu :  [0.0525754  0.05037816] k : [1.2392668  1.30073864 1.04438013] theta : [5.9624753  3.42331145] sigma : [2.9        1.96935185] zeta : [0.00741939 0.04188144] rho : 0.02 kappa : 0.5
       5             13         9.2707e-01      3.41e-06       6.26e-04       2.98e+03    
       6             15         9.2707e-01      7.07e-09       3.88e-05       2.61e-02    
fe :  [0.04193669 0.00447853] fo :  [0.02240463 0.00174902] delta :  [[0.13888512 0.16620151]
 [0.13566525 0.16982107]
 [0.13065833 0.14885052]
 [0.25236597 0.32951129]
 [0.22651773 0.26627077]
 [0.4835331  0.70768374]
 [0.06381589 0.06093669]
 [0.09799474 0.13877949]
 [0.46668887 0.63100923]
 [0.27436629 0.25251973]
 [0.18290507 0.16929127]
 [1.36056058 1.84920514]] nu :  [0.05257506 0.05037811] k : [1.2392668  1.30073864 1.04438013] theta : [5.9624753  3.42331145] sigma : [2.9        1.96935185] zeta : [0.00741939 0.04188144] rho : 0.02 kappa : 0.5
       7             16         9.2707e-01      1.81e-08       8.26e-06       4.94e-02    
       8             20         9.2707e-01      1.75e-11       1.46e-07       2.34e-02    
fe :  [0.04193669 0.00447853] fo :  [0.02240463 0.00174902] delta :  [[0.13888512 0.16620151]
 [0.13566526 0.16982108]
 [0.13065835 0.14885052]
 [0.25236604 0.3295113 ]
 [0.22651773 0.26627078]
 [0.4835331  0.70768376]
 [0.06381589 0.06093669]
 [0.09799474 0.13877949]
 [0.46668892 0.6310093 ]
 [0.27436632 0.25251976]
 [0.18290509 0.16929132]
 [1.36056065 1.84920517]] nu :  [0.05257506 0.05037811] k : [1.2392668  1.30073864 1.04438013] theta : [5.9624753  3.42331145] sigma : [2.9        1.96935185] zeta : [0.00741939 0.04188144] rho : 0.02 kappa : 0.5
       9             21         9.2707e-01      7.71e-11       3.15e-08       2.13e-02    
`ftol` termination condition is satisfied.
Function evaluations 21, initial cost 9.2735e-01, final cost 9.2707e-01, first-order optimality 2.13e-02.
  [cd_all] DONE  obj=1.3617  status=successful  nu_rest=0.0526 nu_pharma=0.0504  -> calibration_results_matched_economy/baseline_2002_variations/pre_trips_tries_newfee/cd_all/

saved calibration_results_matched_economy/baseline_2002_variations/pre_trips_tries_newfee/pre_trips_tries_comparison.csv

=== developed-country ratio delta_1992/delta_2015 (rest-of-patenting) by config ===
config   c_all  c_base  c_fefo  c_nu  cd_all  cd_base  cd_fefo  cd_nu  s_all  s_base  s_fefo  s_nu
country                                                                                           
CAN       0.62    0.66    1.22  0.53    0.85     0.84     0.93   0.69   0.83    0.82    0.59  0.63
EUR       1.16    1.32    1.96  1.08    1.28     1.32     1.44   1.11   1.26    1.39    1.13  1.06
JAP       1.00    1.11    1.70  0.90    1.15     1.19     1.27   1.00   1.12    1.23    1.00  0.93
KOR       1.15    1.25    1.98  1.01    1.26     1.27     1.38   1.06   1.30    1.36    1.05  1.04
USA       1.39    1.53    2.38  1.25    1.58     1.55     1.85   1.33   1.39    1.63    1.32  1.22

=== calibrated nu by config (rest, pharma) + objective ===
         nu_rest  nu_pharma  obj
config                          
s_base      0.08       0.19 1.35
s_fefo      0.08       0.19 1.34
s_nu        0.06       0.08 1.36
s_all       0.06       0.07 1.36
c_base      0.06       0.12 1.39
c_fefo      0.06       0.12 1.39
c_nu        0.05       0.09 1.40
c_all       0.05       0.05 1.39
cd_base     0.06       0.12 1.36
cd_fefo     0.06       0.12 1.37
cd_nu       0.05       0.08 1.37
cd_all      0.05       0.05 1.36
