RUN 12 multi configs (old fee, corrected 1992 turnover)

  [s_base->17.0] calib=['delta', 'T', 'eta'] delta_free=[0, 12, 12] moments=['SPFLOW', 'DOMPATINUS', 'OUT', 'RD', 'RP', 'SRGDP', 'UUPCOSTS', 'RDPHARMACHEM']
     initial obj=4.843 (successful)
fe :  [0.06348811 0.01849524] fo :  [0.02808923 0.00573732] delta :  [[0.12122029 0.13701525]
 [0.1219394  0.17401727]
 [0.13569281 0.16081868]
 [0.20254102 0.25579869]
 [0.18565147 0.27440652]
 [0.26624266 0.3719205 ]
 [0.08920552 0.09868685]
 [0.07999848 0.13460961]
 [0.2380961  0.4042963 ]
 [0.22529086 0.26891107]
 [0.16855547 0.30509089]
 [1.53556001 2.39937209]] nu :  [0.08360685 0.18715854] k : [1.77830521 1.46044372 1.03960354] theta : [6.43256312 3.4704715 ] sigma : [2.9        1.85599824] zeta : [0.01011387 0.04444895] rho : 0.02 kappa : 0.5
   Iteration     Total nfev        Cost      Cost reduction    Step norm     Optimality   
       0              1         1.1726e+01                                    4.38e+07    
       1              2         1.0789e+01      9.37e-01       1.99e-03       3.38e+07    
fe :  [0.06348811 0.01849524] fo :  [0.02808923 0.00573732] delta :  [[0.12122029 0.13701525]
 [0.1219394  0.17401727]
 [0.13569281 0.16081868]
 [0.20254102 0.25579869]
 [0.18565147 0.27440653]
 [0.26624266 0.3719205 ]
 [0.08920552 0.09868685]
 [0.07999848 0.13460961]
 [0.2380961  0.4042963 ]
 [0.22529086 0.26891107]
 [0.16855547 0.30509089]
 [1.53556001 2.39937209]] nu :  [0.08360685 0.18715854] k : [1.77830521 1.46044372 1.03960354] theta : [6.43256312 3.4704715 ] sigma : [2.9        1.85599824] zeta : [0.01011387 0.04444895] rho : 0.02 kappa : 0.5
       2              3         6.7251e+00      4.06e+00       1.52e-02       1.26e+07    
       3              4         5.5253e+00      1.20e+00       8.55e-03       9.32e+06    
fe :  [0.06348811 0.01849524] fo :  [0.02808923 0.00573732] delta :  [[0.1212203  0.13701524]
 [0.1219394  0.17401727]
 [0.1356928  0.16081868]
 [0.20254102 0.2557987 ]
 [0.18565148 0.27440654]
 [0.26624269 0.37192052]
 [0.08920552 0.09868685]
 [0.07999847 0.13460961]
 [0.23809614 0.40429632]
 [0.22529087 0.26891108]
 [0.16855548 0.30509089]
 [1.53556001 2.39937209]] nu :  [0.08360685 0.18715854] k : [1.77830521 1.46044372 1.03960354] theta : [6.43256312 3.4704715 ] sigma : [2.9        1.85599824] zeta : [0.01011387 0.04444895] rho : 0.02 kappa : 0.5
       4              5         3.7504e+00      1.77e+00       2.73e-02       2.72e+06    
       5              6         3.7006e+00      4.99e-02       3.25e+03       2.67e+06    
       6              8         1.5433e+00      2.16e+00       3.53e+04       2.31e+06    
fe :  [0.06348811 0.01849524] fo :  [0.02808923 0.00573732] delta :  [[0.18780759 0.32743535]
 [0.16578864 0.38270404]
 [0.17216301 0.30905705]
 [0.31770413 0.62834444]
 [0.28792425 0.59169846]
 [0.53051153 1.18146204]
 [0.09039526 0.1361196 ]
 [0.12463949 0.27975228]
 [0.50748271 1.13802379]
 [0.32849602 0.56202095]
 [0.22432134 0.35726466]
 [1.73119511 4.16501134]] nu :  [0.08360685 0.18715854] k : [1.77830521 1.46044372 1.03960354] theta : [6.43256312 3.4704715 ] sigma : [2.9        1.85599824] zeta : [0.01011387 0.04444895] rho : 0.02 kappa : 0.5
       7              9         1.2665e+00      2.77e-01       4.38e+03       1.54e+06    
       8             10         1.1965e+00      7.00e-02       3.23e+03       1.28e+06    
fe :  [0.06348811 0.01849524] fo :  [0.02808923 0.00573732] delta :  [[0.20183223 0.3512324 ]
 [0.18116412 0.40110993]
 [0.18513314 0.34839199]
 [0.32478953 0.69712025]
 [0.28410908 0.59612596]
 [0.58077156 1.53401785]
 [0.08546746 0.13027441]
 [0.12318026 0.29950661]
 [0.55931761 1.38307192]
 [0.32334919 0.65164112]
 [0.21187882 0.37559649]
 [1.66051703 4.07539622]] nu :  [0.08360685 0.18715854] k : [1.77830521 1.46044372 1.03960354] theta : [6.43256312 3.4704715 ] sigma : [2.9        1.85599824] zeta : [0.01011387 0.04444895] rho : 0.02 kappa : 0.5
       9             11         1.0508e+00      1.46e-01       2.25e+04       3.51e+06    
      10             12         1.0260e+00      2.48e-02       7.03e+02       2.84e+06    
fe :  [0.06348811 0.01849524] fo :  [0.02808923 0.00573732] delta :  [[0.20623686 0.33221075]
 [0.19884147 0.38416669]
 [0.19361558 0.33726656]
 [0.33736074 0.73700459]
 [0.2923579  0.59574652]
 [0.59632138 1.57698863]
 [0.09165714 0.12702774]
 [0.12978367 0.29041745]
 [0.57689649 1.39941357]
 [0.33094142 0.58239588]
 [0.21505226 0.36330237]
 [1.7096072  4.07482924]] nu :  [0.08360685 0.18715854] k : [1.77830521 1.46044372 1.03960354] theta : [6.43256312 3.4704715 ] sigma : [2.9        1.85599824] zeta : [0.01011387 0.04444895] rho : 0.02 kappa : 0.5
      11             13         9.4028e-01      8.57e-02       4.16e+03       1.64e+05    
      12             15         9.4001e-01      2.69e-04       8.49e+02       8.46e+06    
      13             17         9.3336e-01      6.65e-03       9.07e+01       1.10e+06    
fe :  [0.06348811 0.01849524] fo :  [0.02808923 0.00573732] delta :  [[0.20581877 0.2963275 ]
 [0.18635134 0.33551092]
 [0.18279929 0.29431648]
 [0.32084416 0.65492684]
 [0.27690743 0.52620054]
 [0.5681467  1.41213957]
 [0.0829081  0.10332312]
 [0.12065531 0.2578415 ]
 [0.55175326 1.26183593]
 [0.31699968 0.51257293]
 [0.20372869 0.31527416]
 [1.63496779 3.68745041]] nu :  [0.08360685 0.18715854] k : [1.77830521 1.46044372 1.03960354] theta : [6.43256312 3.4704715 ] sigma : [2.9        1.85599824] zeta : [0.01011387 0.04444895] rho : 0.02 kappa : 0.5
      14             18         9.2892e-01      4.44e-03       9.70e+01       5.95e+05    
      15             19         9.2851e-01      4.09e-04       8.12e+01       4.23e+05    
fe :  [0.06348811 0.01849524] fo :  [0.02808923 0.00573732] delta :  [[0.20276381 0.25529909]
 [0.16767158 0.27111383]
 [0.16489962 0.23683975]
 [0.29390848 0.5533417 ]
 [0.25390948 0.44436923]
 [0.52753318 1.19874432]
 [0.07144074 0.07600529]
 [0.10686552 0.200885  ]
 [0.51378013 1.06638972]
 [0.29276649 0.41891205]
 [0.18560244 0.27756822]
 [1.52885601 3.16630834]] nu :  [0.08360685 0.18715854] k : [1.77830521 1.46044372 1.03960354] theta : [6.43256312 3.4704715 ] sigma : [2.9        1.85599824] zeta : [0.01011387 0.04444895] rho : 0.02 kappa : 0.5
      16             20         9.2773e-01      7.76e-04       6.11e+00       1.55e+06    
      17             21         9.2723e-01      5.04e-04       4.44e-01       7.05e+05    
fe :  [0.06348811 0.01849524] fo :  [0.02808923 0.00573732] delta :  [[0.20326937 0.25121963]
 [0.1692979  0.27403405]
 [0.16533958 0.23695128]
 [0.29574732 0.5513862 ]
 [0.25484162 0.43526849]
 [0.52993445 1.19662755]
 [0.071328   0.07987988]
 [0.10757898 0.20487024]
 [0.51499766 1.05953932]
 [0.29258623 0.41776638]
 [0.18620123 0.26535497]
 [1.53188543 3.13060869]] nu :  [0.08360685 0.18715854] k : [1.77830521 1.46044372 1.03960354] theta : [6.43256312 3.4704715 ] sigma : [2.9        1.85599824] zeta : [0.01011387 0.04444895] rho : 0.02 kappa : 0.5
      18             22         9.2662e-01      6.13e-04       1.82e-01       3.69e+04    
      19             23         9.2622e-01      4.01e-04       6.10e-02       1.47e+05    
      20             24         9.2593e-01      2.88e-04       1.42e-02       3.28e+04    
fe :  [0.06348811 0.01849524] fo :  [0.02808923 0.00573732] delta :  [[0.20454414 0.2590307 ]
 [0.17711164 0.28553022]
 [0.17089615 0.2495888 ]
 [0.30429489 0.57370569]
 [0.26248638 0.45844576]
 [0.54350787 1.22704739]
 [0.07506545 0.08385637]
 [0.11192135 0.21630908]
 [0.52869398 1.0908978 ]
 [0.30119863 0.43742389]
 [0.19239388 0.28037033]
 [1.5568205  3.14652768]] nu :  [0.08360685 0.18715854] k : [1.77830521 1.46044372 1.03960354] theta : [6.43256312 3.4704715 ] sigma : [2.9        1.85599824] zeta : [0.01011387 0.04444895] rho : 0.02 kappa : 0.5
      21             25         9.2590e-01      2.72e-05       1.44e-02       1.11e+05    
      22             26         9.2584e-01      5.86e-05       4.98e-03       4.60e+03    
fe :  [0.06348811 0.01849524] fo :  [0.02808923 0.00573732] delta :  [[0.20448898 0.25906761]
 [0.17674831 0.28549437]
 [0.17084633 0.2495333 ]
 [0.30420486 0.57365553]
 [0.26240678 0.45841314]
 [0.54340225 1.2277445 ]
 [0.0750472  0.08383604]
 [0.11187947 0.21625325]
 [0.52858452 1.09130235]
 [0.30110473 0.43736599]
 [0.19233068 0.28031148]
 [1.55760378 3.14749308]] nu :  [0.08360685 0.18715854] k : [1.77830521 1.46044372 1.03960354] theta : [6.43256312 3.4704715 ] sigma : [2.9        1.85599824] zeta : [0.01011387 0.04444895] rho : 0.02 kappa : 0.5
      23             34         9.2584e-01      8.73e-07       4.50e-05       9.86e-02    
      24             35         9.2584e-01      1.73e-09       1.14e-07       9.01e-02    
Both `ftol` and `xtol` termination conditions are satisfied.
Function evaluations 35, initial cost 1.1726e+01, final cost 9.2584e-01, first-order optimality 9.01e-02.
fe :  [0.06348811 0.01849524] fo :  [0.02808923 0.00573732] delta :  [[0.20448898 0.25906766]
 [0.1767483  0.28549439]
 [0.17084633 0.24953331]
 [0.30420486 0.57365556]
 [0.26240678 0.45841317]
 [0.54340226 1.22774454]
 [0.0750472  0.08383604]
 [0.11187947 0.21625325]
 [0.52858453 1.09130239]
 [0.30110473 0.43736601]
 [0.19233068 0.28031149]
 [1.55760381 3.1474931 ]] nu :  [0.08360685 0.18715854] k : [1.77830521 1.46044372 1.03960354] theta : [6.43256312 3.4704715 ] sigma : [2.9        1.85599824] zeta : [0.01011387 0.04444895] rho : 0.02 kappa : 0.5
   Iteration     Total nfev        Cost      Cost reduction    Step norm     Optimality   
       0              1         9.2584e-01                                    9.28e-02    
       1              2         9.2299e-01      2.85e-03       1.53e+04       6.84e+05    
       2              3         9.1905e-01      3.94e-03       1.21e+03       5.59e+05    
fe :  [0.06348811 0.01849524] fo :  [0.02808923 0.00573732] delta :  [[0.20501988 0.26212612]
 [0.1733883  0.28456732]
 [0.17004826 0.2493214 ]
 [0.30016657 0.57442472]
 [0.25957448 0.4616404 ]
 [0.53805521 1.24279334]
 [0.07543812 0.08266487]
 [0.1109399  0.21153376]
 [0.52391244 1.1034714 ]
 [0.29764569 0.43627138]
 [0.18989205 0.28710824]
 [1.56251461 3.25977865]] nu :  [0.08360685 0.18715854] k : [1.77830521 1.46044372 1.03960354] theta : [6.43256312 3.4704715 ] sigma : [2.9        1.85599824] zeta : [0.01011387 0.04444895] rho : 0.02 kappa : 0.5
       3              7         9.1477e-01      4.29e-03       2.19e+02       1.31e+06    
       4             10         9.1304e-01      1.72e-03       2.21e+00       5.22e+05    
fe :  [0.06348811 0.01849524] fo :  [0.02808923 0.00573732] delta :  [[0.20440102 0.26273599]
 [0.17424145 0.28865248]
 [0.17063265 0.25171656]
 [0.30364801 0.57779016]
 [0.26154386 0.46048728]
 [0.54243863 1.24216505]
 [0.07472462 0.08469067]
 [0.11160276 0.218782  ]
 [0.52692313 1.10528494]
 [0.29999542 0.44149853]
 [0.19170121 0.28268612]
 [1.56219074 3.19601658]] nu :  [0.08360685 0.18715854] k : [1.77830521 1.46044372 1.03960354] theta : [6.43256312 3.4704715 ] sigma : [2.9        1.85599824] zeta : [0.01011387 0.04444895] rho : 0.02 kappa : 0.5
       5             12         9.1218e-01      8.66e-04       1.59e-01       1.43e+05    
       6             15         9.1215e-01      2.40e-05       6.93e-03       2.32e+04    
fe :  [0.06348811 0.01849524] fo :  [0.02808923 0.00573732] delta :  [[0.20410331 0.26270234]
 [0.1790582  0.28954611]
 [0.17065776 0.25247484]
 [0.3041552  0.57892134]
 [0.26221013 0.46185676]
 [0.5432546  1.24350735]
 [0.07475682 0.08508011]
 [0.11162747 0.21928794]
 [0.52786737 1.1065521 ]
 [0.30060087 0.44228447]
 [0.19219909 0.28337103]
 [1.56342482 3.19690962]] nu :  [0.08360685 0.18715854] k : [1.77830521 1.46044372 1.03960354] theta : [6.43256312 3.4704715 ] sigma : [2.9        1.85599824] zeta : [0.01011387 0.04444895] rho : 0.02 kappa : 0.5
       7             16         9.1212e-01      3.74e-05       1.74e-03       1.69e+03    
       8             17         9.1208e-01      3.32e-05       4.30e-03       1.18e+03    
       9             18         9.1206e-01      1.75e-05       4.13e-03       5.99e+03    
fe :  [0.06348811 0.01849524] fo :  [0.02808923 0.00573732] delta :  [[0.20452738 0.26313734]
 [0.17811    0.28964475]
 [0.17148645 0.25303374]
 [0.30475917 0.58053635]
 [0.26289208 0.46387187]
 [0.54438623 1.24659944]
 [0.07544812 0.08506615]
 [0.11235731 0.21943514]
 [0.52909562 1.10893739]
 [0.30127437 0.44300417]
 [0.19267011 0.28390197]
 [1.56658743 3.19946336]] nu :  [0.08360685 0.18715854] k : [1.77830521 1.46044372 1.03960354] theta : [6.43256312 3.4704715 ] sigma : [2.9        1.85599824] zeta : [0.01011387 0.04444895] rho : 0.02 kappa : 0.5
      10             19         9.1205e-01      1.69e-05       4.45e-03       7.17e+03    
      11             20         9.1202e-01      2.32e-05       4.77e-03       1.88e+03    
fe :  [0.06348811 0.01849524] fo :  [0.02808923 0.00573732] delta :  [[0.20457258 0.26338712]
 [0.17760045 0.29002162]
 [0.17169354 0.25350813]
 [0.30504411 0.58129566]
 [0.26315164 0.46467406]
 [0.54484612 1.24766285]
 [0.07560761 0.08538592]
 [0.1125115  0.21985426]
 [0.52957523 1.10984665]
 [0.30158184 0.44354327]
 [0.19289284 0.28435627]
 [1.56758869 3.20055651]] nu :  [0.08360685 0.18715854] k : [1.77830521 1.46044372 1.03960354] theta : [6.43256312 3.4704715 ] sigma : [2.9        1.85599824] zeta : [0.01011387 0.04444895] rho : 0.02 kappa : 0.5
      12             21         9.1201e-01      9.33e-06       4.12e-03       1.46e+04    
      13             22         9.1201e-01      5.54e-06       1.39e-03       1.33e-01    
fe :  [0.06348811 0.01849524] fo :  [0.02808923 0.00573732] delta :  [[0.20455186 0.2633598 ]
 [0.17747385 0.28999203]
 [0.17167378 0.25348277]
 [0.30501035 0.58132865]
 [0.26312215 0.46472309]
 [0.54479421 1.2478888 ]
 [0.07559916 0.08537631]
 [0.11249772 0.2198305 ]
 [0.52952538 1.10998467]
 [0.30154889 0.44350241]
 [0.19287015 0.28432765]
 [1.56781782 3.20081201]] nu :  [0.08360685 0.18715854] k : [1.77830521 1.46044372 1.03960354] theta : [6.43256312 3.4704715 ] sigma : [2.9        1.85599824] zeta : [0.01011387 0.04444895] rho : 0.02 kappa : 0.5
      14             23         9.1201e-01      2.91e-06       8.42e-04       3.03e+03    
      15             29         9.1201e-01      4.30e-07       2.16e-05       2.98e+02    
      16             31         9.1201e-01      0.00e+00       0.00e+00       2.98e+02    
`xtol` termination condition is satisfied.
Function evaluations 31, initial cost 9.2584e-01, final cost 9.1201e-01, first-order optimality 2.98e+02.
   Iteration     Total nfev        Cost      Cost reduction    Step norm     Optimality   
       0              1         9.1201e-01                                    1.11e-01    
fe :  [0.06348811 0.01849524] fo :  [0.02808923 0.00573732] delta :  [[0.20214313 0.28373172]
 [0.17782429 0.30331378]
 [0.17445835 0.2609838 ]
 [0.30830948 0.60012508]
 [0.26594744 0.4789811 ]
 [0.54796537 1.31214465]
 [0.07719375 0.09234747]
 [0.11458364 0.23245247]
 [0.53119359 1.1630684 ]
 [0.30326814 0.45860046]
 [0.19447096 0.29526603]
 [1.58603371 3.44117085]] nu :  [0.08360685 0.18715854] k : [1.77830521 1.46044372 1.03960354] theta : [6.43256312 3.4704715 ] sigma : [2.9        1.85599824] zeta : [0.01011387 0.04444895] rho : 0.02 kappa : 0.5
       1              2         9.0911e-01      2.89e-03       1.02e+04       4.17e+05    
       2              4         9.0170e-01      7.42e-03       2.46e+03       3.43e+05    
fe :  [0.06348811 0.01849524] fo :  [0.02808923 0.00573732] delta :  [[0.20241959 0.28132954]
 [0.17936918 0.30836039]
 [0.17514681 0.26743552]
 [0.310294   0.61268898]
 [0.26776866 0.49000413]
 [0.55204719 1.32133426]
 [0.07864073 0.09427886]
 [0.11549042 0.234573  ]
 [0.5361593  1.17339426]
 [0.30595191 0.46750649]
 [0.19626602 0.30014936]
 [1.59446635 3.45702314]] nu :  [0.08360685 0.18715854] k : [1.77830521 1.46044372 1.03960354] theta : [6.43256312 3.4704715 ] sigma : [2.9        1.85599824] zeta : [0.01011387 0.04444895] rho : 0.02 kappa : 0.5
       3             12         9.0168e-01      1.42e-05       1.03e-02       7.07e+03    
       4             13         9.0168e-01      5.20e-07       1.87e-03       2.86e+03    
fe :  [0.06348811 0.01849524] fo :  [0.02808923 0.00573732] delta :  [[0.20251193 0.28128025]
 [0.17934366 0.30836403]
 [0.17511773 0.26773167]
 [0.31025864 0.6133618 ]
 [0.26774167 0.4906495 ]
 [0.55200925 1.32206933]
 [0.07863104 0.09426508]
 [0.1154638  0.23456376]
 [0.53619997 1.17437519]
 [0.30594315 0.46827722]
 [0.19623906 0.30035652]
 [1.59489274 3.45730912]] nu :  [0.08360685 0.18715854] k : [1.77830521 1.46044372 1.03960354] theta : [6.43256312 3.4704715 ] sigma : [2.9        1.85599824] zeta : [0.01011387 0.04444895] rho : 0.02 kappa : 0.5
       5             19         9.0168e-01      1.26e-07       6.55e-05       1.88e+03    
       6             20         9.0168e-01      6.83e-10       7.20e-08       4.65e+02    
Both `ftol` and `xtol` termination conditions are satisfied.
Function evaluations 20, initial cost 9.1201e-01, final cost 9.0168e-01, first-order optimality 4.65e+02.
fe :  [0.06348811 0.01849524] fo :  [0.02808923 0.00573732] delta :  [[0.20251193 0.28128025]
 [0.17934366 0.30836402]
 [0.17511773 0.26773167]
 [0.31025864 0.61336179]
 [0.26774167 0.49064949]
 [0.55200924 1.32206932]
 [0.07863104 0.09426508]
 [0.1154638  0.23456376]
 [0.53619996 1.17437519]
 [0.30594314 0.46827721]
 [0.19623905 0.30035651]
 [1.59489273 3.45730911]] nu :  [0.08360685 0.18715854] k : [1.77830521 1.46044372 1.03960354] theta : [6.43256312 3.4704715 ] sigma : [2.9        1.85599824] zeta : [0.01011387 0.04444895] rho : 0.02 kappa : 0.5
   Iteration     Total nfev        Cost      Cost reduction    Step norm     Optimality   
       0              1         9.0168e-01                                    2.27e+02    
       1              7         9.0147e-01      2.09e-04       1.30e+00       2.11e+05    
       2             11         9.0139e-01      7.79e-05       1.14e-02       7.73e+03    
fe :  [0.06348811 0.01849524] fo :  [0.02808923 0.00573732] delta :  [[0.20219968 0.27671549]
 [0.17704958 0.30274192]
 [0.17294535 0.26261832]
 [0.30687212 0.60416933]
 [0.26477241 0.48304786]
 [0.54685839 1.30343813]
 [0.07719324 0.09133251]
 [0.11369568 0.22945171]
 [0.53127256 1.15952804]
 [0.30297243 0.46090319]
 [0.19389376 0.29498671]
 [1.58338048 3.41028875]] nu :  [0.08360685 0.18715854] k : [1.77830521 1.46044372 1.03960354] theta : [6.43256312 3.4704715 ] sigma : [2.9        1.85599824] zeta : [0.01011387 0.04444895] rho : 0.02 kappa : 0.5
       3             12         9.0137e-01      2.39e-05       1.24e-02       1.18e+04    
       4             13         9.0135e-01      1.63e-05       2.09e-02       2.39e+04    
fe :  [0.06348811 0.01849524] fo :  [0.02808923 0.00573732] delta :  [[0.20217319 0.27660292]
 [0.17684886 0.30232511]
 [0.17274899 0.26214958]
 [0.30653973 0.60342223]
 [0.26449298 0.48233496]
 [0.54627158 1.30287903]
 [0.07706086 0.09108904]
 [0.1135258  0.22896392]
 [0.53066385 1.15858387]
 [0.30264229 0.46017215]
 [0.19365505 0.29442239]
 [1.58256319 3.41145289]] nu :  [0.08360685 0.18715854] k : [1.77830521 1.46044372 1.03960354] theta : [6.43256312 3.4704715 ] sigma : [2.9        1.85599824] zeta : [0.01011387 0.04444895] rho : 0.02 kappa : 0.5
       5             18         9.0135e-01      3.64e-07       1.07e-04       1.19e+03    
       6             22         9.0135e-01      4.31e-09       3.77e-05       2.18e+03    
fe :  [0.06348811 0.01849524] fo :  [0.02808923 0.00573732] delta :  [[0.2021732  0.27660294]
 [0.17684887 0.30232512]
 [0.172749   0.26214959]
 [0.30653974 0.60342224]
 [0.26449299 0.48233497]
 [0.54627159 1.30287904]
 [0.07706086 0.09108905]
 [0.11352581 0.22896393]
 [0.53066386 1.15858388]
 [0.3026423  0.46017217]
 [0.19365506 0.29442241]
 [1.5825632  3.41145289]] nu :  [0.08360685 0.18715854] k : [1.77830521 1.46044372 1.03960354] theta : [6.43256312 3.4704715 ] sigma : [2.9        1.85599824] zeta : [0.01011387 0.04444895] rho : 0.02 kappa : 0.5
       7             23         9.0135e-01      4.34e-08       9.48e-06       9.26e-03    
       8             24         9.0135e-01      2.95e-11       5.95e-08       2.00e-02    
       9             27         9.0135e-01      1.30e-10       1.36e-09       1.66e-02    
`ftol` termination condition is satisfied.
Function evaluations 27, initial cost 9.0168e-01, final cost 9.0135e-01, first-order optimality 1.66e-02.
fe :  [0.06348811 0.01849524] fo :  [0.02808923 0.00573732] delta :  [[0.2021732  0.27660295]
 [0.17684887 0.30232512]
 [0.172749   0.26214959]
 [0.30653974 0.60342224]
 [0.26449299 0.48233497]
 [0.54627159 1.30287904]
 [0.07706086 0.09108905]
 [0.11352582 0.22896393]
 [0.53066386 1.15858387]
 [0.3026423  0.46017216]
 [0.19365506 0.2944224 ]
 [1.5825632  3.4114529 ]] nu :  [0.08360685 0.18715854] k : [1.77830521 1.46044372 1.03960354] theta : [6.43256312 3.4704715 ] sigma : [2.9        1.85599824] zeta : [0.01011387 0.04444895] rho : 0.02 kappa : 0.5
   Iteration     Total nfev        Cost      Cost reduction    Step norm     Optimality   
       0              1         9.0135e-01                                    9.36e-03    
       1              7         9.0131e-01      4.70e-05       1.82e+00       8.74e+04    
fe :  [0.06348811 0.01849524] fo :  [0.02808923 0.00573732] delta :  [[0.2021244  0.27520062]
 [0.17620834 0.30001924]
 [0.17218504 0.26009228]
 [0.30577184 0.59952478]
 [0.26380299 0.47911753]
 [0.54510603 1.29484567]
 [0.07664189 0.09006399]
 [0.11310046 0.22721585]
 [0.52957907 1.15133901]
 [0.30193926 0.45712421]
 [0.19312406 0.29228313]
 [1.57886962 3.39657596]] nu :  [0.08360685 0.18715854] k : [1.77830521 1.46044372 1.03960354] theta : [6.43256312 3.4704715 ] sigma : [2.9        1.85599824] zeta : [0.01011387 0.04444895] rho : 0.02 kappa : 0.5
       2             11         9.0129e-01      1.40e-05       5.45e-03       4.73e+03    
       3             16         9.0129e-01      5.24e-09       4.08e-05       3.21e-02    
fe :  [0.06348811 0.01849524] fo :  [0.02808923 0.00573732] delta :  [[0.20212481 0.27520178]
 [0.17620925 0.30002044]
 [0.17218607 0.26009355]
 [0.30577297 0.59952605]
 [0.26380414 0.47911877]
 [0.54510721 1.29484666]
 [0.07664295 0.09006511]
 [0.11310153 0.22721709]
 [0.52958027 1.15134012]
 [0.30194043 0.45712548]
 [0.19312522 0.29228439]
 [1.57887042 3.39657628]] nu :  [0.08360685 0.18715854] k : [1.77830521 1.46044372 1.03960354] theta : [6.43256312 3.4704715 ] sigma : [2.9        1.85599824] zeta : [0.01011387 0.04444895] rho : 0.02 kappa : 0.5
       4             20         9.0129e-01      3.87e-11       2.05e-08       1.39e-02    
       5             22         9.0129e-01      4.43e-11       9.08e-10       1.66e-02    
`ftol` termination condition is satisfied.
Function evaluations 22, initial cost 9.0135e-01, final cost 9.0129e-01, first-order optimality 1.66e-02.
   Iteration     Total nfev        Cost      Cost reduction    Step norm     Optimality   
       0              1         9.0129e-01                                    9.90e-03    
fe :  [0.06348811 0.01849524] fo :  [0.02808923 0.00573732] delta :  [[0.20214975 0.27561614]
 [0.17587617 0.29939322]
 [0.17178994 0.25924663]
 [0.30524665 0.5987713 ]
 [0.26334417 0.47828422]
 [0.54427205 1.29523738]
 [0.07643705 0.08975605]
 [0.11281264 0.22659314]
 [0.52874617 1.15115635]
 [0.30149022 0.4564418 ]
 [0.19273078 0.2916626 ]
 [1.57804108 3.40159313]] nu :  [0.08360685 0.18715854] k : [1.77830521 1.46044372 1.03960354] theta : [6.43256312 3.4704715 ] sigma : [2.9        1.85599824] zeta : [0.01011387 0.04444895] rho : 0.02 kappa : 0.5
       1              7         9.0128e-01      1.28e-05       2.24e+00       6.35e+04    
       2             11         9.0126e-01      1.68e-05       1.04e-03       7.79e+02    
fe :  [0.06348811 0.01849524] fo :  [0.02808923 0.00573732] delta :  [[0.20199419 0.27435027]
 [0.17558021 0.29820684]
 [0.17162198 0.25830234]
 [0.30485746 0.59654835]
 [0.26301063 0.47667101]
 [0.54360411 1.29011545]
 [0.07625714 0.0892334 ]
 [0.112641   0.22558561]
 [0.52815422 1.14676727]
 [0.30108874 0.45467652]
 [0.19250514 0.2905464 ]
 [1.57585544 3.38869528]] nu :  [0.08360685 0.18715854] k : [1.77830521 1.46044372 1.03960354] theta : [6.43256312 3.4704715 ] sigma : [2.9        1.85599824] zeta : [0.01011387 0.04444895] rho : 0.02 kappa : 0.5
       3             12         9.0126e-01      4.63e-07       3.91e-03       2.69e+02    
       4             19         9.0126e-01      4.83e-11       2.29e-07       1.99e+03    
`ftol` termination condition is satisfied.
Function evaluations 19, initial cost 9.0129e-01, final cost 9.0126e-01, first-order optimality 1.99e+03.
  [s_base->17.0] DONE obj=1.343 -> calibration_results_matched_economy/baseline_2002_variations/17.0/
  [s_fefo->17.1] calib=['delta', 'T', 'eta', 'fe', 'fo'] delta_free=[0, 12, 12] moments=['SPFLOW', 'DOMPATINUS', 'OUT', 'RD', 'RP', 'SRGDP', 'UUPCOSTS', 'RDPHARMACHEM']
     initial obj=4.843 (successful)
fe :  [0.06348811 0.01849524] fo :  [0.02808923 0.00573732] delta :  [[0.12122029 0.13701525]
 [0.1219394  0.17401727]
 [0.13569281 0.16081868]
 [0.20254102 0.25579869]
 [0.18565147 0.27440652]
 [0.26624266 0.3719205 ]
 [0.08920552 0.09868685]
 [0.07999848 0.13460961]
 [0.2380961  0.4042963 ]
 [0.22529086 0.26891107]
 [0.16855547 0.30509089]
 [1.53556001 2.39937209]] nu :  [0.08360685 0.18715854] k : [1.77830521 1.46044372 1.03960354] theta : [6.43256312 3.4704715 ] sigma : [2.9        1.85599824] zeta : [0.01011387 0.04444895] rho : 0.02 kappa : 0.5
   Iteration     Total nfev        Cost      Cost reduction    Step norm     Optimality   
       0              1         1.1726e+01                                    4.38e+07    
       1              2         1.0789e+01      9.37e-01       1.99e-03       3.38e+07    
fe :  [0.06348811 0.01849524] fo :  [0.02808923 0.00573732] delta :  [[0.12122029 0.13701525]
 [0.1219394  0.17401727]
 [0.13569281 0.16081868]
 [0.20254102 0.25579869]
 [0.18565147 0.27440653]
 [0.26624266 0.3719205 ]
 [0.08920552 0.09868685]
 [0.07999848 0.13460961]
 [0.2380961  0.4042963 ]
 [0.22529086 0.26891107]
 [0.16855547 0.3050909 ]
 [1.53556001 2.39937209]] nu :  [0.08360685 0.18715854] k : [1.77830521 1.46044372 1.03960354] theta : [6.43256312 3.4704715 ] sigma : [2.9        1.85599824] zeta : [0.01011387 0.04444895] rho : 0.02 kappa : 0.5
       2              3         6.7251e+00      4.06e+00       1.52e-02       1.26e+07    
       3              4         5.5253e+00      1.20e+00       8.55e-03       9.32e+06    
fe :  [0.06348811 0.0213042 ] fo :  [0.02820113 0.00573732] delta :  [[0.1212203  0.13701524]
 [0.1219394  0.17401727]
 [0.1356928  0.16081868]
 [0.20254102 0.2557987 ]
 [0.18565148 0.27440654]
 [0.26624269 0.37192052]
 [0.08920552 0.09868685]
 [0.07999847 0.13460961]
 [0.23809614 0.40429632]
 [0.22529087 0.26891108]
 [0.16855548 0.30509089]
 [1.53556001 2.39937209]] nu :  [0.08360685 0.18715854] k : [1.77830521 1.46044372 1.03960354] theta : [6.43256312 3.4704715 ] sigma : [2.9        1.85599824] zeta : [0.01011387 0.04444895] rho : 0.02 kappa : 0.5
       4              5         3.7003e+00      1.82e+00       2.80e-02       2.64e+06    
       5              6         3.6431e+00      5.72e-02       2.12e+03       2.45e+06    
fe :  [0.07725999 0.03712179] fo :  [0.03378918 0.00749414] delta :  [[0.17684195 0.22218075]
 [0.1604292  0.29098797]
 [0.17127546 0.21761788]
 [0.31522364 0.47991258]
 [0.29368871 0.45420049]
 [0.51485963 0.87448465]
 [0.09463118 0.09428006]
 [0.12862444 0.2159295 ]
 [0.48739978 0.86327233]
 [0.33606299 0.4422655 ]
 [0.21675919 0.30622339]
 [1.7820156  3.34621494]] nu :  [0.08360685 0.18715854] k : [1.77830521 1.46044372 1.03960354] theta : [6.43256312 3.4704715 ] sigma : [2.9        1.85599824] zeta : [0.01011387 0.04444895] rho : 0.02 kappa : 0.5
       6              8         1.8781e+00      1.76e+00       4.37e+04       8.26e+05    
       7              9         1.4773e+00      4.01e-01       1.14e+04       9.33e+05    
fe :  [0.07517159 0.01385623] fo :  [0.03306825 0.00061691] delta :  [[0.20182793 0.43592312]
 [0.17861154 0.46107206]
 [0.17533077 0.4022751 ]
 [0.31396664 0.80134595]
 [0.27314871 0.64174249]
 [0.56242668 1.63563067]
 [0.0831937  0.15703451]
 [0.12064418 0.3005868 ]
 [0.54526698 1.46852735]
 [0.31128648 0.63759788]
 [0.19823596 0.40702894]
 [1.61737974 4.41970358]] nu :  [0.08360685 0.18715854] k : [1.77830521 1.46044372 1.03960354] theta : [6.43256312 3.4704715 ] sigma : [2.9        1.85599824] zeta : [0.01011387 0.04444895] rho : 0.02 kappa : 0.5
       8             10         1.0775e+00      4.00e-01       3.24e+04       2.86e+06    
       9             11         9.9234e-01      8.51e-02       3.38e+04       1.28e+06    
      10             12         9.4653e-01      4.58e-02       5.05e+03       1.01e+06    
fe :  [0.07378038 0.01357348] fo :  [0.03505839 0.00011413] delta :  [[0.19214874 0.4859715 ]
 [0.16992272 0.45020098]
 [0.16865326 0.40669737]
 [0.30220658 0.85493199]
 [0.25884644 0.67575361]
 [0.53522455 1.78620692]
 [0.07373953 0.16218877]
 [0.10974792 0.35339602]
 [0.51582264 1.55711198]
 [0.29387523 0.67529594]
 [0.18667991 0.40091298]
 [1.53954424 4.54094404]] nu :  [0.08360685 0.18715854] k : [1.77830521 1.46044372 1.03960354] theta : [6.43256312 3.4704715 ] sigma : [2.9        1.85599824] zeta : [0.01011387 0.04444895] rho : 0.02 kappa : 0.5
      11             13         9.3810e-01      8.42e-03       1.00e+03       4.38e+05    
      12             14         9.3715e-01      9.56e-04       2.45e+04       7.64e+06    
fe :  [0.07146553 0.01124507] fo :  [0.04774228 0.00038501] delta :  [[0.17781255 0.50149497]
 [0.15956715 0.4710152 ]
 [0.16067596 0.42134641]
 [0.2888948  0.88190258]
 [0.24763363 0.711154  ]
 [0.51586147 1.81954004]
 [0.06771176 0.16514628]
 [0.10184712 0.37590825]
 [0.50400845 1.64431899]
 [0.28764198 0.70611694]
 [0.17976172 0.45339407]
 [1.50272073 4.6863532 ]] nu :  [0.08360685 0.18715854] k : [1.77830521 1.46044372 1.03960354] theta : [6.43256312 3.4704715 ] sigma : [2.9        1.85599824] zeta : [0.01011387 0.04444895] rho : 0.02 kappa : 0.5
      13             16         9.3006e-01      7.09e-03       4.42e+02       4.32e+05    
      14             17         9.1055e-01      1.95e-02       1.91e+02       1.77e+06    
fe :  [0.08141553 0.01080312] fo :  [0.05571286 0.00037796] delta :  [[0.16850048 0.57781977]
 [0.15140297 0.54904044]
 [0.15059302 0.49152396]
 [0.27561546 0.99441501]
 [0.23615247 0.81482353]
 [0.49816058 2.04875106]
 [0.06159631 0.20710569]
 [0.09534335 0.42514835]
 [0.48186432 1.80277513]
 [0.27232847 0.76539997]
 [0.16959366 0.52463744]
 [1.44859934 5.12856537]] nu :  [0.08360685 0.18715854] k : [1.77830521 1.46044372 1.03960354] theta : [6.43256312 3.4704715 ] sigma : [2.9        1.85599824] zeta : [0.01011387 0.04444895] rho : 0.02 kappa : 0.5
      15             18         9.0854e-01      2.01e-03       3.67e+02       1.29e+06    
      16             22         9.0685e-01      1.70e-03       2.13e-01       1.64e+05    
fe :  [0.09024384 0.01225036] fo :  [0.0634958  0.00055099] delta :  [[0.16384616 0.56357083]
 [0.1492443  0.54313631]
 [0.14832304 0.48550724]
 [0.27090123 0.979258  ]
 [0.23308097 0.80296426]
 [0.49239012 2.02851581]
 [0.0599365  0.20471075]
 [0.09338172 0.42579941]
 [0.47667118 1.78646026]
 [0.26831753 0.75656983]
 [0.16778228 0.51895045]
 [1.43270267 5.10713742]] nu :  [0.08360685 0.18715854] k : [1.77830521 1.46044372 1.03960354] theta : [6.43256312 3.4704715 ] sigma : [2.9        1.85599824] zeta : [0.01011387 0.04444895] rho : 0.02 kappa : 0.5
      17             25         9.0667e-01      1.78e-04       1.05e-02       5.52e+04    
      18             26         9.0665e-01      2.09e-05       3.72e-03       6.96e+03    
      19             31         9.0664e-01      4.96e-06       1.07e-03       5.50e+02    
fe :  [0.09120291 0.01248349] fo :  [0.06363972 0.00054916] delta :  [[0.16377392 0.56351622]
 [0.14920784 0.54302566]
 [0.14826356 0.48538946]
 [0.27080046 0.97902763]
 [0.23299146 0.80277858]
 [0.49228932 2.02824705]
 [0.05990749 0.20463288]
 [0.09332742 0.42573524]
 [0.47657648 1.78625927]
 [0.26822741 0.7564265 ]
 [0.16770996 0.5188358 ]
 [1.43255394 5.10687486]] nu :  [0.08360685 0.18715854] k : [1.77830521 1.46044372 1.03960354] theta : [6.43256312 3.4704715 ] sigma : [2.9        1.85599824] zeta : [0.01011387 0.04444895] rho : 0.02 kappa : 0.5
      20             32         9.0664e-01      5.65e-09       1.81e-05       2.05e+03    
      21             33         9.0664e-01      3.99e-08       1.93e-06       3.15e+03    
`xtol` termination condition is satisfied.
Function evaluations 33, initial cost 1.1726e+01, final cost 9.0664e-01, first-order optimality 3.15e+03.
fe :  [0.09120291 0.0124853 ] fo :  [0.06363971 0.00054916] delta :  [[0.1637739  0.56351621]
 [0.14920784 0.54302563]
 [0.14826354 0.48538944]
 [0.27080044 0.97902758]
 [0.23299143 0.80277854]
 [0.4922893  2.028247  ]
 [0.05990748 0.20463286]
 [0.09332741 0.42573522]
 [0.47657646 1.78625922]
 [0.26822739 0.75642646]
 [0.16770994 0.51883577]
 [1.4325539  5.10687481]] nu :  [0.08360685 0.18715854] k : [1.77830521 1.46044372 1.03960354] theta : [6.43256312 3.4704715 ] sigma : [2.9        1.85599824] zeta : [0.01011387 0.04444895] rho : 0.02 kappa : 0.5
   Iteration     Total nfev        Cost      Cost reduction    Step norm     Optimality   
       0              1         9.0664e-01                                    6.73e+02    
       1              2         9.0608e-01      5.64e-04       1.24e+03       4.42e+05    
fe :  [0.09355868 0.01285015] fo :  [0.06463242 0.00053181] delta :  [[0.16313481 0.56773023]
 [0.14855917 0.54726677]
 [0.14831553 0.48897247]
 [0.27121541 0.9801412 ]
 [0.23312214 0.8052474 ]
 [0.49446507 2.01299262]
 [0.0598494  0.20623947]
 [0.09250592 0.42976587]
 [0.47857315 1.77576063]
 [0.26868669 0.76121913]
 [0.16772489 0.5226324 ]
 [1.43301084 5.0580675 ]] nu :  [0.08360685 0.18715854] k : [1.77830521 1.46044372 1.03960354] theta : [6.43256312 3.4704715 ] sigma : [2.9        1.85599824] zeta : [0.01011387 0.04444895] rho : 0.02 kappa : 0.5
       2             11         9.0583e-01      2.53e-04       3.37e-02       5.81e+04    
       3             12         9.0576e-01      6.73e-05       2.01e-02       2.12e+03    
fe :  [0.09331081 0.01275361] fo :  [0.06440029 0.00049789] delta :  [[0.16312882 0.56680738]
 [0.14880267 0.54596681]
 [0.14764902 0.48769952]
 [0.27004793 0.97985114]
 [0.23219075 0.80443331]
 [0.49277    2.01468368]
 [0.05956351 0.20539908]
 [0.09256828 0.42912476]
 [0.47697825 1.78013874]
 [0.26755191 0.76054671]
 [0.16696431 0.52165863]
 [1.43339966 5.05945952]] nu :  [0.08360685 0.18715854] k : [1.77830521 1.46044372 1.03960354] theta : [6.43256312 3.4704715 ] sigma : [2.9        1.85599824] zeta : [0.01011387 0.04444895] rho : 0.02 kappa : 0.5
       4             13         9.0573e-01      3.06e-05       4.10e-02       2.29e+04    
       5             14         9.0570e-01      2.44e-05       7.46e-02       6.65e+03    
       6             15         9.0570e-01      7.71e-06       4.77e-02       3.83e+04    
fe :  [0.09316789 0.01267061] fo :  [0.06426495 0.00047256] delta :  [[0.16309722 0.56654584]
 [0.14808626 0.54385465]
 [0.14675143 0.48556045]
 [0.26853107 0.97781084]
 [0.23090846 0.80248849]
 [0.49023656 2.01542845]
 [0.05901455 0.20408251]
 [0.09199153 0.42778853]
 [0.47453226 1.78298067]
 [0.26604121 0.75868227]
 [0.16591679 0.51972679]
 [1.43051991 5.06097227]] nu :  [0.08360685 0.18715854] k : [1.77830521 1.46044372 1.03960354] theta : [6.43256312 3.4704715 ] sigma : [2.9        1.85599824] zeta : [0.01011387 0.04444895] rho : 0.02 kappa : 0.5
       7             16         9.0569e-01      3.79e-06       6.86e-03       1.77e+03    
       8             17         9.0569e-01      5.79e-07       2.69e-03       2.36e+03    
fe :  [0.09322745 0.01269406] fo :  [0.06430891 0.00047219] delta :  [[0.163095   0.56652554]
 [0.14806327 0.54378943]
 [0.14672816 0.48549839]
 [0.26849416 0.97772591]
 [0.23087576 0.80241402]
 [0.49017252 2.01536258]
 [0.05899979 0.20404777]
 [0.09197672 0.42774144]
 [0.47447096 1.78292576]
 [0.26600488 0.75861199]
 [0.16589209 0.51966756]
 [1.43041494 5.06094823]] nu :  [0.08360685 0.18715854] k : [1.77830521 1.46044372 1.03960354] theta : [6.43256312 3.4704715 ] sigma : [2.9        1.85599824] zeta : [0.01011387 0.04444895] rho : 0.02 kappa : 0.5
       9             22         9.0569e-01      6.81e-07       1.06e-04       5.39e+02    
      10             24         9.0569e-01      0.00e+00       0.00e+00       5.39e+02    
`xtol` termination condition is satisfied.
Function evaluations 24, initial cost 9.0664e-01, final cost 9.0569e-01, first-order optimality 5.39e+02.
   Iteration     Total nfev        Cost      Cost reduction    Step norm     Optimality   
       0              1         9.0569e-01                                    1.63e-01    
fe :  [0.09321936 0.01269269] fo :  [0.06430295 0.00047213] delta :  [[0.16308929 0.56649677]
 [0.14805359 0.54375051]
 [0.14671656 0.48545796]
 [0.26847143 0.97764414]
 [0.23085593 0.8023463 ]
 [0.49013059 2.01527918]
 [0.05899433 0.20402936]
 [0.09196846 0.4277034 ]
 [0.47442856 1.78283887]
 [0.26598103 0.75854504]
 [0.16587715 0.51962127]
 [1.43032635 5.06086249]] nu :  [0.08360685 0.18715854] k : [1.77830521 1.46044372 1.03960354] theta : [6.43256312 3.4704715 ] sigma : [2.9        1.85599824] zeta : [0.01011387 0.04444895] rho : 0.02 kappa : 0.5
       1             10         9.0569e-01      1.83e-07       6.20e-04       3.22e+03    
       2             17         9.0569e-01      7.72e-08       5.45e-06       8.53e+02    
`xtol` termination condition is satisfied.
Function evaluations 17, initial cost 9.0569e-01, final cost 9.0569e-01, first-order optimality 8.53e+02.
fe :  [0.09322404 0.01269269] fo :  [0.0643038  0.00047213] delta :  [[0.16308929 0.56649677]
 [0.14805359 0.54375051]
 [0.14671656 0.48545796]
 [0.26847143 0.97764414]
 [0.23085593 0.8023463 ]
 [0.49013059 2.01527918]
 [0.05899433 0.20402936]
 [0.09196846 0.4277034 ]
 [0.47442856 1.78283887]
 [0.26598103 0.75854504]
 [0.16587715 0.51962127]
 [1.43032635 5.06086249]] nu :  [0.08360685 0.18715854] k : [1.77830521 1.46044372 1.03960354] theta : [6.43256312 3.4704715 ] sigma : [2.9        1.85599824] zeta : [0.01011387 0.04444895] rho : 0.02 kappa : 0.5
   Iteration     Total nfev        Cost      Cost reduction    Step norm     Optimality   
       0              1         9.0569e-01                                    3.76e+02    
       1              9         9.0569e-01      1.45e-06       5.66e-02       2.63e+04    
fe :  [0.09354415 0.01272041] fo :  [0.06436389 0.00046665] delta :  [[0.16300806 0.56617526]
 [0.14763847 0.54256581]
 [0.14629374 0.48428909]
 [0.26781089 0.97598425]
 [0.23028581 0.80088292]
 [0.48900326 2.01382617]
 [0.05870804 0.20335407]
 [0.0916421  0.42685464]
 [0.47334065 1.78158502]
 [0.26533156 0.75714869]
 [0.16541834 0.51846214]
 [1.42815183 5.06012305]] nu :  [0.08360685 0.18715854] k : [1.77830521 1.46044372 1.03960354] theta : [6.43256312 3.4704715 ] sigma : [2.9        1.85599824] zeta : [0.01011387 0.04444895] rho : 0.02 kappa : 0.5
       2             17         9.0569e-01      1.37e-06       3.15e-05       7.88e+03    
       3             20         9.0569e-01      2.21e-08       3.94e-06       1.12e+04    
       4             31         9.0569e-01      0.00e+00       0.00e+00       1.12e+04    
`xtol` termination condition is satisfied.
Function evaluations 31, initial cost 9.0569e-01, final cost 9.0569e-01, first-order optimality 1.12e+04.
fe :  [0.09354415 0.01272288] fo :  [0.06436695 0.00046665] delta :  [[0.16300806 0.56617526]
 [0.14763847 0.54256581]
 [0.14629374 0.48428909]
 [0.26781089 0.97598425]
 [0.23028581 0.80088292]
 [0.48900326 2.01382617]
 [0.05870804 0.20335407]
 [0.0916421  0.42685464]
 [0.47334065 1.78158502]
 [0.26533156 0.75714869]
 [0.16541834 0.51846214]
 [1.42815183 5.06012305]] nu :  [0.08360685 0.18715854] k : [1.77830521 1.46044372 1.03960354] theta : [6.43256312 3.4704715 ] sigma : [2.9        1.85599824] zeta : [0.01011387 0.04444895] rho : 0.02 kappa : 0.5
   Iteration     Total nfev        Cost      Cost reduction    Step norm     Optimality   
       0              1         9.0569e-01                                    5.01e+04    
       1             18         9.0569e-01      2.03e-06       1.90e-05       1.13e-01    
       2             25         9.0569e-01      0.00e+00       0.00e+00       1.13e-01    
`xtol` termination condition is satisfied.
Function evaluations 25, initial cost 9.0569e-01, final cost 9.0569e-01, first-order optimality 1.13e-01.
fe :  [0.09354876 0.01272747] fo :  [0.06437153 0.00047015] delta :  [[0.16300806 0.56617526]
 [0.14763848 0.54256581]
 [0.14629374 0.48428909]
 [0.26781089 0.97598425]
 [0.23028581 0.80088292]
 [0.48900326 2.01382617]
 [0.05870804 0.20335407]
 [0.0916421  0.42685464]
 [0.47334065 1.78158502]
 [0.26533156 0.7571487 ]
 [0.16541834 0.51846214]
 [1.42815183 5.06012305]] nu :  [0.08360685 0.18715854] k : [1.77830521 1.46044372 1.03960354] theta : [6.43256312 3.4704715 ] sigma : [2.9        1.85599824] zeta : [0.01011387 0.04444895] rho : 0.02 kappa : 0.5
   Iteration     Total nfev        Cost      Cost reduction    Step norm     Optimality   
       0              1         9.0569e-01                                    3.32e+02    
       1             12         9.0569e-01      4.84e-07       2.68e-04       1.07e-01    
fe :  [0.09354682 0.01272697] fo :  [0.06436986 0.00047006] delta :  [[0.16300395 0.56615772]
 [0.14763262 0.54254698]
 [0.14628819 0.48427175]
 [0.26780135 0.97595172]
 [0.2302775  0.80085594]
 [0.48898617 2.01379394]
 [0.05870521 0.20334597]
 [0.09163857 0.42683955]
 [0.47332399 1.78155327]
 [0.26532197 0.75712292]
 [0.1654123  0.51844384]
 [1.4281168  5.0600932 ]] nu :  [0.08360685 0.18715854] k : [1.77830521 1.46044372 1.03960354] theta : [6.43256312 3.4704715 ] sigma : [2.9        1.85599824] zeta : [0.01011387 0.04444895] rho : 0.02 kappa : 0.5
       2             13         9.0569e-01      2.65e-08       5.50e-05       9.02e-02    
       3             14         9.0569e-01      2.80e-09       1.53e-05       1.79e+03    
       4             17         9.0569e-01      3.70e-08       3.11e-05       4.26e+03    
fe :  [0.0935567  0.01273081] fo :  [0.06438924 0.00047006] delta :  [[0.16300373 0.56615681]
 [0.14763232 0.542546  ]
 [0.14628792 0.48427085]
 [0.26780086 0.97595001]
 [0.23027707 0.80085453]
 [0.48898528 2.01379224]
 [0.05870507 0.20334555]
 [0.09163839 0.42683876]
 [0.47332312 1.78155159]
 [0.26532148 0.75712157]
 [0.16541199 0.51844288]
 [1.42811497 5.06009159]] nu :  [0.08360685 0.18715854] k : [1.77830521 1.46044372 1.03960354] theta : [6.43256312 3.4704715 ] sigma : [2.9        1.85599824] zeta : [0.01011387 0.04444895] rho : 0.02 kappa : 0.5
       5             18         9.0569e-01      1.07e-07       3.87e-06       2.89e+03    
       6             19         9.0569e-01      1.18e-09       1.56e-05       2.61e+03    
fe :  [0.09356724 0.01273465] fo :  [0.0643955  0.00047006] delta :  [[0.16300373 0.56615681]
 [0.14763232 0.542546  ]
 [0.1462879  0.48427085]
 [0.26780086 0.97595001]
 [0.23027707 0.80085453]
 [0.48898528 2.01379224]
 [0.05870507 0.20334556]
 [0.09163839 0.42683876]
 [0.47332312 1.78155159]
 [0.26532148 0.75712157]
 [0.16541199 0.51844288]
 [1.42811497 5.06009159]] nu :  [0.08360685 0.18715854] k : [1.77830521 1.46044372 1.03960354] theta : [6.43256312 3.4704715 ] sigma : [2.9        1.85599824] zeta : [0.01011387 0.04444895] rho : 0.02 kappa : 0.5
       7             20         9.0569e-01      1.31e-07       3.89e-06       6.79e+02    
       8             21         9.0569e-01      1.70e-07       7.78e-06       1.40e+03    
fe :  [0.09358384 0.01274014] fo :  [0.06440408 0.00047006] delta :  [[0.16300373 0.56615681]
 [0.14763232 0.542546  ]
 [0.1462879  0.48427085]
 [0.26780086 0.97595001]
 [0.23027707 0.80085453]
 [0.48898528 2.01379224]
 [0.05870507 0.20334556]
 [0.09163839 0.42683876]
 [0.47332312 1.78155159]
 [0.26532148 0.75712157]
 [0.16541199 0.51844288]
 [1.42811497 5.06009159]] nu :  [0.08360685 0.18715854] k : [1.77830521 1.46044372 1.03960354] theta : [6.43256312 3.4704715 ] sigma : [2.9        1.85599824] zeta : [0.01011387 0.04444895] rho : 0.02 kappa : 0.5
       9             22         9.0569e-01      2.17e-07       1.56e-05       6.67e+02    
      10             25         9.0569e-01      4.35e-09       9.73e-07       1.62e-01    
`ftol` termination condition is satisfied.
Function evaluations 25, initial cost 9.0569e-01, final cost 9.0569e-01, first-order optimality 1.62e-01.
  [s_fefo->17.1] DONE obj=1.346 -> calibration_results_matched_economy/baseline_2002_variations/17.1/
  [s_nu->17.2] calib=['delta', 'T', 'eta', 'nu'] delta_free=[0, 12, 12] moments=['SPFLOW', 'DOMPATINUS', 'OUT', 'RD', 'RP', 'SRGDP', 'UUPCOSTS', 'RDPHARMACHEM', 'TOPATENT', 'TOPHARMACHEM']
     turnover targets: TOPATENT=0.127978 TOPHARMACHEM=0.09481
     initial obj=6.886 (successful)
fe :  [0.06348811 0.01849524] fo :  [0.02808923 0.00573732] delta :  [[0.12122029 0.13701525]
 [0.1219394  0.17401727]
 [0.13569281 0.16081868]
 [0.20254102 0.25579869]
 [0.18565147 0.27440652]
 [0.26624266 0.3719205 ]
 [0.08920552 0.09868685]
 [0.07999848 0.13460961]
 [0.2380961  0.4042963 ]
 [0.22529086 0.26891107]
 [0.16855547 0.30509089]
 [1.53556001 2.39937209]] nu :  [0.08360685 0.18715854] k : [1.77830521 1.46044372 1.03960354] theta : [6.43256312 3.4704715 ] sigma : [2.9        1.85599824] zeta : [0.01011387 0.04444895] rho : 0.02 kappa : 0.5
   Iteration     Total nfev        Cost      Cost reduction    Step norm     Optimality   
       0              1         2.3709e+01                                    1.04e+08    
       1              2         1.8094e+01      5.61e+00       4.97e-03       4.52e+07    
fe :  [0.06348811 0.01849524] fo :  [0.02808923 0.00573732] delta :  [[0.16148258 0.16092405]
 [0.12685378 0.19551781]
 [0.13490437 0.16961114]
 [0.25194658 0.39319563]
 [0.24588765 0.38605152]
 [0.45639752 0.76135586]
 [0.07940479 0.08417488]
 [0.09237527 0.16916856]
 [0.42790326 0.74198287]
 [0.28741654 0.38544056]
 [0.19855804 0.27631009]
 [1.56058506 2.69125182]] nu :  [0.0877098  0.17869849] k : [1.77830521 1.46044372 1.03960354] theta : [6.43256312 3.4704715 ] sigma : [2.9        1.85599824] zeta : [0.01011387 0.04444895] rho : 0.02 kappa : 0.5
       2              3         6.3848e+00      1.17e+01       2.70e+04       1.23e+09    
       3              4         2.1601e+00      4.22e+00       9.42e+03       1.75e+08    
fe :  [0.06348811 0.01849524] fo :  [0.02808923 0.00573732] delta :  [[0.28214062 0.16984398]
 [0.23220345 0.18868515]
 [0.22960776 0.15692555]
 [0.4323648  0.3802195 ]
 [0.3882935  0.33083561]
 [0.79598555 0.88075457]
 [0.10675904 0.05777085]
 [0.16614914 0.14870732]
 [0.77218291 0.78396552]
 [0.44678578 0.37952422]
 [0.29131547 0.19487289]
 [2.23336995 2.32909574]] nu :  [0.13190858 0.12312674] k : [1.77830521 1.46044372 1.03960354] theta : [6.43256312 3.4704715 ] sigma : [2.9        1.85599824] zeta : [0.01011387 0.04444895] rho : 0.02 kappa : 0.5
       4              5         1.2547e+00      9.05e-01       7.16e+03       2.43e+06    
       5              7         1.0292e+00      2.25e-01       1.17e+04       1.36e+07    
fe :  [0.06348811 0.01849524] fo :  [0.02808923 0.00573732] delta :  [[0.29587129 0.15512473]
 [0.28249382 0.17468138]
 [0.27102971 0.14896416]
 [0.4763756  0.36312791]
 [0.41400562 0.29546257]
 [0.83926061 0.822343  ]
 [0.12937304 0.04969667]
 [0.18602818 0.13118139]
 [0.8161814  0.72726421]
 [0.46831828 0.30201833]
 [0.30730601 0.17238845]
 [2.39143866 2.17269879]] nu :  [0.1328826  0.10447031] k : [1.77830521 1.46044372 1.03960354] theta : [6.43256312 3.4704715 ] sigma : [2.9        1.85599824] zeta : [0.01011387 0.04444895] rho : 0.02 kappa : 0.5
       6              8         9.7905e-01      5.01e-02       5.62e+02       9.63e+06    
       7              9         9.4720e-01      3.18e-02       2.98e+02       7.48e+06    
       8             10         9.1713e-01      3.01e-02       7.03e+02       5.92e+05    
fe :  [0.06348811 0.01849524] fo :  [0.02808923 0.00573732] delta :  [[0.29381778 0.13671696]
 [0.2731759  0.15387843]
 [0.26476611 0.12591897]
 [0.46348027 0.32844195]
 [0.39895441 0.26148031]
 [0.80810113 0.73649833]
 [0.12435267 0.0389199 ]
 [0.17692762 0.11139349]
 [0.78470187 0.64889651]
 [0.45399683 0.24583782]
 [0.29338592 0.1486733 ]
 [2.31723141 1.98066732]] nu :  [0.13135823 0.09892741] k : [1.77830521 1.46044372 1.03960354] theta : [6.43256312 3.4704715 ] sigma : [2.9        1.85599824] zeta : [0.01011387 0.04444895] rho : 0.02 kappa : 0.5
       9             18         9.1613e-01      1.00e-03       2.17e-01       4.68e+05    
      10             21         9.1568e-01      4.50e-04       1.44e-02       2.57e+04    
fe :  [0.06348811 0.01849524] fo :  [0.02808923 0.00573732] delta :  [[0.29482636 0.13714852]
 [0.27546458 0.15731013]
 [0.26621247 0.12807057]
 [0.46776644 0.32903527]
 [0.40180711 0.26133411]
 [0.8139966  0.74138632]
 [0.12565441 0.03934586]
 [0.17757459 0.11320805]
 [0.78990547 0.65281706]
 [0.45742988 0.24604955]
 [0.29587388 0.1513708 ]
 [2.32193687 1.98316863]] nu :  [0.13140738 0.09855362] k : [1.77830521 1.46044372 1.03960354] theta : [6.43256312 3.4704715 ] sigma : [2.9        1.85599824] zeta : [0.01011387 0.04444895] rho : 0.02 kappa : 0.5
      11             24         9.1568e-01      1.77e-06       8.82e-04       1.22e+03    
      12             28         9.1568e-01      0.00e+00       0.00e+00       1.22e+03    
`xtol` termination condition is satisfied.
Function evaluations 28, initial cost 2.3709e+01, final cost 9.1568e-01, first-order optimality 1.22e+03.
   Iteration     Total nfev        Cost      Cost reduction    Step norm     Optimality   
       0              1         9.1568e-01                                    1.41e+03    
fe :  [0.06348811 0.01849524] fo :  [0.02808923 0.00573732] delta :  [[0.29586732 0.13551064]
 [0.27668363 0.15372072]
 [0.26809094 0.12689888]
 [0.46904416 0.32751083]
 [0.40415635 0.25874271]
 [0.81908093 0.73847169]
 [0.12658669 0.03886598]
 [0.17878064 0.11198607]
 [0.79249029 0.64596831]
 [0.45885864 0.24378619]
 [0.29689285 0.14949883]
 [2.33792075 1.9690017 ]] nu :  [0.13166615 0.09734947] k : [1.77830521 1.46044372 1.03960354] theta : [6.43256312 3.4704715 ] sigma : [2.9        1.85599824] zeta : [0.01011387 0.04444895] rho : 0.02 kappa : 0.5
       1              4         9.1316e-01      2.52e-03       3.42e+03       4.14e+05    
       2             10         9.1156e-01      1.60e-03       2.54e-01       7.95e+05    
fe :  [0.06348811 0.01849524] fo :  [0.02808923 0.00573732] delta :  [[0.29403884 0.13058179]
 [0.2666263  0.14666593]
 [0.26045825 0.11933188]
 [0.45775827 0.3109367 ]
 [0.39282741 0.24431247]
 [0.7940188  0.69674747]
 [0.12077691 0.03510221]
 [0.17278831 0.10505958]
 [0.77517821 0.61884264]
 [0.44829717 0.23199902]
 [0.28894358 0.14067952]
 [2.29183826 1.8951558 ]] nu :  [0.13190356 0.0970285 ] k : [1.77830521 1.46044372 1.03960354] theta : [6.43256312 3.4704715 ] sigma : [2.9        1.85599824] zeta : [0.01011387 0.04444895] rho : 0.02 kappa : 0.5
       3             11         9.1082e-01      7.33e-04       8.87e-01       8.09e+04    
       4             16         9.1066e-01      1.65e-04       2.17e-03       6.36e+04    
       5             17         9.1065e-01      5.34e-06       7.26e-04       9.11e+02    
       6             22         9.1065e-01      0.00e+00       0.00e+00       9.11e+02    
`xtol` termination condition is satisfied.
Function evaluations 22, initial cost 9.1568e-01, final cost 9.1065e-01, first-order optimality 9.11e+02.
fe :  [0.06348811 0.01849524] fo :  [0.02808923 0.00573732] delta :  [[0.29440702 0.13062846]
 [0.26701348 0.1470116 ]
 [0.26087095 0.1193219 ]
 [0.45854281 0.31139183]
 [0.39337504 0.2447543 ]
 [0.79467947 0.69717809]
 [0.12106994 0.03533156]
 [0.1732127  0.10534919]
 [0.77597168 0.61934535]
 [0.44881508 0.23236742]
 [0.28952638 0.14121329]
 [2.2921969  1.89534783]] nu :  [0.13197844 0.09704497] k : [1.77830521 1.46044372 1.03960354] theta : [6.43256312 3.4704715 ] sigma : [2.9        1.85599824] zeta : [0.01011387 0.04444895] rho : 0.02 kappa : 0.5
   Iteration     Total nfev        Cost      Cost reduction    Step norm     Optimality   
       0              1         9.1065e-01                                    9.22e+02    
       1             15         9.1065e-01      0.00e+00       0.00e+00       9.22e+02    
`xtol` termination condition is satisfied.
Function evaluations 15, initial cost 9.1065e-01, final cost 9.1065e-01, first-order optimality 9.22e+02.
   Iteration     Total nfev        Cost      Cost reduction    Step norm     Optimality   
       0              1         9.1065e-01                                    4.21e+02    
fe :  [0.06348811 0.01849524] fo :  [0.02808923 0.00573732] delta :  [[0.29370053 0.12752277]
 [0.26329314 0.14229459]
 [0.25756097 0.11566397]
 [0.45332916 0.30382232]
 [0.38880028 0.23764982]
 [0.78600191 0.68093105]
 [0.11873957 0.0333064 ]
 [0.1706826  0.10134184]
 [0.76824897 0.6056439 ]
 [0.44398579 0.22592687]
 [0.28592718 0.1363829 ]
 [2.27391551 1.86152906]] nu :  [0.1319692  0.09686713] k : [1.77830521 1.46044372 1.03960354] theta : [6.43256312 3.4704715 ] sigma : [2.9        1.85599824] zeta : [0.01011387 0.04444895] rho : 0.02 kappa : 0.5
       1             11         9.1029e-01      3.65e-04       2.53e-01       6.86e+04    
       2             15         9.1015e-01      1.37e-04       3.19e-03       6.00e+04    
fe :  [0.06348811 0.01849524] fo :  [0.02808923 0.00573732] delta :  [[0.29417988 0.12766702]
 [0.26387983 0.14291748]
 [0.25821006 0.11622811]
 [0.45420245 0.30456105]
 [0.38963345 0.23836189]
 [0.78676621 0.68158919]
 [0.11903974 0.03351642]
 [0.17116545 0.1018977 ]
 [0.76914433 0.60645816]
 [0.44484762 0.22657058]
 [0.28673526 0.13721738]
 [2.27423539 1.86185463]] nu :  [0.13225055 0.09684397] k : [1.77830521 1.46044372 1.03960354] theta : [6.43256312 3.4704715 ] sigma : [2.9        1.85599824] zeta : [0.01011387 0.04444895] rho : 0.02 kappa : 0.5
       3             19         9.1015e-01      7.42e-08       6.19e-05       1.56e+03    
       4             34         9.1015e-01      0.00e+00       0.00e+00       1.56e+03    
`xtol` termination condition is satisfied.
Function evaluations 34, initial cost 9.1065e-01, final cost 9.1015e-01, first-order optimality 1.56e+03.
   Iteration     Total nfev        Cost      Cost reduction    Step norm     Optimality   
       0              1         9.1015e-01                                    2.70e+04    
fe :  [0.06348811 0.01849524] fo :  [0.02808923 0.00573732] delta :  [[0.29417988 0.12766702]
 [0.26387983 0.14291748]
 [0.25821006 0.11622811]
 [0.45420245 0.30456105]
 [0.38963345 0.23836189]
 [0.78676621 0.68158919]
 [0.11903974 0.03351642]
 [0.17116545 0.1018977 ]
 [0.76914433 0.60645816]
 [0.44484764 0.22657058]
 [0.28673526 0.13721738]
 [2.27423539 1.86185463]] nu :  [0.13225056 0.09684397] k : [1.77830521 1.46044372 1.03960354] theta : [6.43256312 3.4704715 ] sigma : [2.9        1.85599824] zeta : [0.01011387 0.04444895] rho : 0.02 kappa : 0.5
       1             19         9.1015e-01      2.26e-07       8.47e-06       4.12e+03    
       2             24         9.1015e-01      2.42e-10       8.27e-09       9.66e+02    
`ftol` termination condition is satisfied.
Function evaluations 24, initial cost 9.1015e-01, final cost 9.1015e-01, first-order optimality 9.66e+02.
fe :  [0.06348811 0.01849524] fo :  [0.02808923 0.00573732] delta :  [[0.29417988 0.12766702]
 [0.26387983 0.14291748]
 [0.25821006 0.11622811]
 [0.45420245 0.30456105]
 [0.38963345 0.23836189]
 [0.78676621 0.68158919]
 [0.11903974 0.03351642]
 [0.17116545 0.1018977 ]
 [0.76914433 0.60645816]
 [0.44484763 0.22657058]
 [0.28673526 0.13721738]
 [2.27423539 1.86185463]] nu :  [0.13225056 0.09684397] k : [1.77830521 1.46044372 1.03960354] theta : [6.43256312 3.4704715 ] sigma : [2.9        1.85599824] zeta : [0.01011387 0.04444895] rho : 0.02 kappa : 0.5
   Iteration     Total nfev        Cost      Cost reduction    Step norm     Optimality   
       0              1         9.1015e-01                                    3.60e-02    
       1              8         9.0999e-01      1.64e-04       6.50e-02       5.92e+05    
fe :  [0.06348811 0.01849524] fo :  [0.02808923 0.00573732] delta :  [[0.29294126 0.12636307]
 [0.26120755 0.14082142]
 [0.25574881 0.11397212]
 [0.45033195 0.30074112]
 [0.38621044 0.23510219]
 [0.77967548 0.67303142]
 [0.11739247 0.03269042]
 [0.16913528 0.10010717]
 [0.76369919 0.59992733]
 [0.44111595 0.22359127]
 [0.28412487 0.13528028]
 [2.26318406 1.84818743]] nu :  [0.13190924 0.09640294] k : [1.77830521 1.46044372 1.03960354] theta : [6.43256312 3.4704715 ] sigma : [2.9        1.85599824] zeta : [0.01011387 0.04444895] rho : 0.02 kappa : 0.5
       2              9         9.0989e-01      9.97e-05       2.48e-02       4.19e+04    
       3             12         9.0989e-01      1.63e-07       1.40e-03       2.59e+04    
fe :  [0.06348811 0.01849524] fo :  [0.02808923 0.00573732] delta :  [[0.29325575 0.12664248]
 [0.26152144 0.14109042]
 [0.25609077 0.11429281]
 [0.45060791 0.30099397]
 [0.38653732 0.23539924]
 [0.78003174 0.67333431]
 [0.11761015 0.0327977 ]
 [0.16942961 0.10035278]
 [0.76407522 0.60027256]
 [0.44149821 0.22388697]
 [0.2844949  0.13558817]
 [2.26331284 1.8483283 ]] nu :  [0.13202796 0.09663348] k : [1.77830521 1.46044372 1.03960354] theta : [6.43256312 3.4704715 ] sigma : [2.9        1.85599824] zeta : [0.01011387 0.04444895] rho : 0.02 kappa : 0.5
       4             14         9.0989e-01      1.44e-06       8.69e-05       1.29e-02    
       5             23         9.0989e-01      3.85e-11       7.73e-10       8.03e-03    
`ftol` termination condition is satisfied.
Function evaluations 23, initial cost 9.1015e-01, final cost 9.0989e-01, first-order optimality 8.03e-03.
  [s_nu->17.2] DONE obj=1.349 -> calibration_results_matched_economy/baseline_2002_variations/17.2/
  [s_all->17.3] calib=['delta', 'T', 'eta', 'fe', 'fo', 'nu'] delta_free=[0, 12, 12] moments=['SPFLOW', 'DOMPATINUS', 'OUT', 'RD', 'RP', 'SRGDP', 'UUPCOSTS', 'RDPHARMACHEM', 'TOPATENT', 'TOPHARMACHEM']
     turnover targets: TOPATENT=0.127978 TOPHARMACHEM=0.09481
     initial obj=6.886 (successful)
fe :  [0.06348811 0.01849524] fo :  [0.02808923 0.00573732] delta :  [[0.12122029 0.13701525]
 [0.1219394  0.17401727]
 [0.13569281 0.16081868]
 [0.20254102 0.25579869]
 [0.18565147 0.27440652]
 [0.26624266 0.3719205 ]
 [0.08920552 0.09868685]
 [0.07999848 0.13460961]
 [0.2380961  0.4042963 ]
 [0.22529086 0.26891107]
 [0.16855547 0.30509089]
 [1.53556001 2.39937209]] nu :  [0.08360685 0.18715854] k : [1.77830521 1.46044372 1.03960354] theta : [6.43256312 3.4704715 ] sigma : [2.9        1.85599824] zeta : [0.01011387 0.04444895] rho : 0.02 kappa : 0.5
   Iteration     Total nfev        Cost      Cost reduction    Step norm     Optimality   
       0              1         2.3709e+01                                    1.04e+08    
       1              2         1.8094e+01      5.61e+00       4.97e-03       4.52e+07    
fe :  [0.0656392  0.03299053] fo :  [0.03361175 0.00623051] delta :  [[0.15711453 0.1520746 ]
 [0.13074132 0.18254481]
 [0.1404436  0.15611767]
 [0.26663466 0.31895301]
 [0.25931434 0.30764561]
 [0.46843415 0.65552906]
 [0.08607896 0.06548134]
 [0.09854029 0.12773513]
 [0.4379529  0.63302991]
 [0.30256812 0.32222727]
 [0.2115357  0.20955824]
 [1.62997132 2.23642333]] nu :  [0.08739334 0.18776378] k : [1.77830521 1.46044372 1.03960354] theta : [6.43256312 3.4704715 ] sigma : [2.9        1.85599824] zeta : [0.01011387 0.04444895] rho : 0.02 kappa : 0.5
       2              3         4.6999e+00      1.34e+01       2.43e+04       1.81e+08    
       3              4         4.2086e+00      4.91e-01       6.24e-04       2.25e+07    
fe :  [0.06563991 0.03299053] fo :  [0.03361519 0.00623051] delta :  [[0.15711453 0.1520746 ]
 [0.13074132 0.18254481]
 [0.1404436  0.15611767]
 [0.26663466 0.31895301]
 [0.25931434 0.30764561]
 [0.46843415 0.65552906]
 [0.08607896 0.06548134]
 [0.09854029 0.12773513]
 [0.4379529  0.63302989]
 [0.30256812 0.32222727]
 [0.2115357  0.20955824]
 [1.62997132 2.23642333]] nu :  [0.08739334 0.18776378] k : [1.77830521 1.46044372 1.03960354] theta : [6.43256312 3.4704715 ] sigma : [2.9        1.85599824] zeta : [0.01011387 0.04444895] rho : 0.02 kappa : 0.5
       4              5         4.1475e+00      6.11e-02       5.23e-04       6.62e+06    
       5              9         1.9019e+00      2.25e+00       1.23e+04       5.15e+07    
fe :  [0.06279828 0.04288866] fo :  [0.05654057 0.00596097] delta :  [[0.23542325 0.13073016]
 [0.23129774 0.16732421]
 [0.2244259  0.1092217 ]
 [0.41647056 0.33223994]
 [0.3701139  0.27670008]
 [0.7424902  0.79493745]
 [0.10580438 0.02193399]
 [0.15628898 0.08709379]
 [0.72823012 0.69351899]
 [0.41143074 0.31069859]
 [0.26972922 0.15697419]
 [2.11754558 2.08946552]] nu :  [0.12112193 0.27202705] k : [1.77830521 1.46044372 1.03960354] theta : [6.43256312 3.4704715 ] sigma : [2.9        1.85599824] zeta : [0.01011387 0.04444895] rho : 0.02 kappa : 0.5
       6             10         1.1378e+00      7.64e-01       1.06e+04       2.61e+06    
       7             11         1.0911e+00      4.67e-02       3.59e+02       2.53e+06    
fe :  [0.0575381  0.04332451] fo :  [0.0475967 0.0058897] delta :  [[0.24747323 0.10883221]
 [0.24694488 0.13430455]
 [0.24453801 0.07602845]
 [0.44090455 0.29145685]
 [0.38114323 0.23178622]
 [0.76597033 0.70728407]
 [0.11288673 0.0166001 ]
 [0.16620546 0.06991238]
 [0.75959165 0.62819936]
 [0.43738009 0.24922952]
 [0.28135454 0.12855549]
 [2.19215079 1.91154089]] nu :  [0.12495456 0.2676499 ] k : [1.77830521 1.46044372 1.03960354] theta : [6.43256312 3.4704715 ] sigma : [2.9        1.85599824] zeta : [0.01011387 0.04444895] rho : 0.02 kappa : 0.5
       8             12         9.9959e-01      9.16e-02       9.57e+02       1.41e+06    
       9             13         9.8817e-01      1.14e-02       1.69e+02       1.27e+06    
fe :  [0.04030405 0.03803438] fo :  [0.02685283 0.00574679] delta :  [[0.27786958 0.08969995]
 [0.28427791 0.11650999]
 [0.27871896 0.05789315]
 [0.49018414 0.27244449]
 [0.42150572 0.21057675]
 [0.83785112 0.67914049]
 [0.134994   0.01307878]
 [0.18961119 0.05867168]
 [0.83304512 0.59275385]
 [0.4800328  0.20857572]
 [0.31403648 0.10575689]
 [2.38973341 1.88195295]] nu :  [0.12724315 0.29472983] k : [1.77830521 1.46044372 1.03960354] theta : [6.43256312 3.4704715 ] sigma : [2.9        1.85599824] zeta : [0.01011387 0.04444895] rho : 0.02 kappa : 0.5
      10             16         9.7869e-01      9.48e-03       3.67e+00       1.33e+07    
      11             19         9.6342e-01      1.53e-02       1.48e-01       1.93e+06    
      12             20         9.5792e-01      5.50e-03       1.44e-01       3.28e+05    
fe :  [0.02992032 0.02959964] fo :  [0.01222126 0.00502382] delta :  [[0.34582299 0.08564193]
 [0.3222676  0.1130127 ]
 [0.30856613 0.05006477]
 [0.52169482 0.26766808]
 [0.45911384 0.20150906]
 [0.90444193 0.68646476]
 [0.15516577 0.01127083]
 [0.21364064 0.0536379 ]
 [0.89890494 0.60151649]
 [0.52665126 0.19886797]
 [0.34556569 0.09768   ]
 [2.53753163 1.93243895]] nu :  [0.12956384 0.34869146] k : [1.77830521 1.46044372 1.03960354] theta : [6.43256312 3.4704715 ] sigma : [2.9        1.85599824] zeta : [0.01011387 0.04444895] rho : 0.02 kappa : 0.5
      13             21         9.5410e-01      3.82e-03       1.02e-01       3.00e+04    
      14             22         9.5251e-01      1.59e-03       8.24e-02       1.76e+05    
fe :  [0.01823112 0.01697859] fo :  [0.00673443 0.00694873] delta :  [[0.38536695 0.08366811]
 [0.33546446 0.11357496]
 [0.33065018 0.05131029]
 [0.55174243 0.27592798]
 [0.48090215 0.2073219 ]
 [0.94029961 0.70284915]
 [0.16635355 0.01377005]
 [0.2286822  0.05680083]
 [0.95446269 0.62070344]
 [0.55121779 0.20658031]
 [0.36907643 0.10149405]
 [2.64631957 1.98144154]] nu :  [0.12997374 0.36664046] k : [1.77830521 1.46044372 1.03960354] theta : [6.43256312 3.4704715 ] sigma : [2.9        1.85599824] zeta : [0.01011387 0.04444895] rho : 0.02 kappa : 0.5
      15             23         9.5243e-01      7.68e-05       8.16e-02       2.47e+05    
      16             25         9.5152e-01      9.05e-04       1.42e-02       1.63e+04    
fe :  [0.01807697 0.01676461] fo :  [0.00791574 0.00686912] delta :  [[0.37922072 0.08355171]
 [0.33976165 0.11448622]
 [0.3313757  0.05119682]
 [0.5537736  0.2768865 ]
 [0.4828993  0.20820263]
 [0.9419265  0.70382451]
 [0.16741366 0.0137637 ]
 [0.22963588 0.05677385]
 [0.95437438 0.62160673]
 [0.55333967 0.20760986]
 [0.37131772 0.10205069]
 [2.64699237 1.98173953]] nu :  [0.12983966 0.37627171] k : [1.77830521 1.46044372 1.03960354] theta : [6.43256312 3.4704715 ] sigma : [2.9        1.85599824] zeta : [0.01011387 0.04444895] rho : 0.02 kappa : 0.5
      17             26         9.5132e-01      2.02e-04       4.21e-03       7.09e+02    
      18             27         9.5121e-01      1.13e-04       4.92e-03       3.54e+03    
fe :  [0.0177921  0.01640993] fo :  [0.00771912 0.00673299] delta :  [[0.38038267 0.08354434]
 [0.33840429 0.11429102]
 [0.33109132 0.0510244 ]
 [0.5555782  0.27656973]
 [0.48452174 0.20792414]
 [0.94406478 0.70320662]
 [0.1672068  0.01375664]
 [0.2294408  0.05676268]
 [0.95298717 0.62099672]
 [0.55451761 0.20733516]
 [0.37277915 0.10187693]
 [2.64897499 1.98167422]] nu :  [0.12972908 0.3753664 ] k : [1.77830521 1.46044372 1.03960354] theta : [6.43256312 3.4704715 ] sigma : [2.9        1.85599824] zeta : [0.01011387 0.04444895] rho : 0.02 kappa : 0.5
      19             28         9.5109e-01      1.18e-04       5.32e-03       4.88e+03    
      20             31         9.5109e-01      1.54e-06       5.98e-04       4.42e+03    
fe :  [0.01778559 0.0164005 ] fo :  [0.00771376 0.00672941] delta :  [[0.38058059 0.08357603]
 [0.33838368 0.11429028]
 [0.33125754 0.05102179]
 [0.55583437 0.27663752]
 [0.48476764 0.20795786]
 [0.94434058 0.703334  ]
 [0.16730585 0.0138178 ]
 [0.22961083 0.05688411]
 [0.9530104  0.62109718]
 [0.55474746 0.20736898]
 [0.37301478 0.10187616]
 [2.64912527 1.98177086]] nu :  [0.12974961 0.37535627] k : [1.77830521 1.46044372 1.03960354] theta : [6.43256312 3.4704715 ] sigma : [2.9        1.85599824] zeta : [0.01011387 0.04444895] rho : 0.02 kappa : 0.5
      21             32         9.5109e-01      5.18e-07       1.19e-04       1.93e-02    
      22             33         9.5109e-01      4.05e-07       1.80e-05       1.18e-01    
      23             34         9.5109e-01      1.94e-07       2.65e-05       5.19e-02    
fe :  [0.01778487 0.0163996 ] fo :  [0.00771325 0.00672907] delta :  [[0.38057976 0.08357548]
 [0.33837923 0.1142893 ]
 [0.331255   0.05102112]
 [0.55583039 0.27663508]
 [0.48476412 0.20795595]
 [0.94433408 0.70332821]
 [0.16730443 0.01381768]
 [0.22960899 0.05688364]
 [0.9530015  0.6210919 ]
 [0.55474335 0.20736706]
 [0.37301201 0.10187514]
 [2.64912029 1.98176343]] nu :  [0.12974854 0.37535193] k : [1.77830521 1.46044372 1.03960354] theta : [6.43256312 3.4704715 ] sigma : [2.9        1.85599824] zeta : [0.01011387 0.04444895] rho : 0.02 kappa : 0.5
      24             35         9.5109e-01      6.38e-08       6.32e-06       3.61e-02    
`xtol` termination condition is satisfied.
Function evaluations 35, initial cost 2.3709e+01, final cost 9.5109e-01, first-order optimality 3.61e-02.
   Iteration     Total nfev        Cost      Cost reduction    Step norm     Optimality   
       0              1         9.5109e-01                                    9.91e+02    
fe :  [0.01774427 0.01635127] fo :  [0.00769722 0.00670687] delta :  [[0.38079991 0.08355757]
 [0.33854136 0.11425786]
 [0.33143901 0.05103419]
 [0.55606365 0.27636308]
 [0.48498391 0.20777613]
 [0.94471033 0.70245335]
 [0.16743506 0.01382547]
 [0.22976043 0.05687515]
 [0.95335372 0.62036425]
 [0.55499199 0.20724583]
 [0.3731377  0.1018018 ]
 [2.65006725 1.9789197 ]] nu :  [0.12970108 0.37392018] k : [1.77830521 1.46044372 1.03960354] theta : [6.43256312 3.4704715 ] sigma : [2.9        1.85599824] zeta : [0.01011387 0.04444895] rho : 0.02 kappa : 0.5
       1              2         9.4907e-01      2.02e-03       4.78e+02       8.26e+04    
       2             10         9.4868e-01      3.83e-04       4.37e-02       2.36e+04    
fe :  [0.01492374 0.01305711] fo :  [0.00691298 0.00567795] delta :  [[0.38765383 0.08426061]
 [0.3382169  0.11306076]
 [0.33551337 0.05079952]
 [0.56216696 0.27240824]
 [0.49073167 0.2052445 ]
 [0.95554294 0.69354812]
 [0.17009468 0.01398965]
 [0.23299961 0.05657026]
 [0.95224521 0.6131832 ]
 [0.56090382 0.20483008]
 [0.37783173 0.10050812]
 [2.67797221 1.97335326]] nu :  [0.12927455 0.36555213] k : [1.77830521 1.46044372 1.03960354] theta : [6.43256312 3.4704715 ] sigma : [2.9        1.85599824] zeta : [0.01011387 0.04444895] rho : 0.02 kappa : 0.5
       3             11         9.4822e-01      4.60e-04       5.58e-02       1.20e+05    
       4             14         9.4817e-01      4.78e-05       5.25e-03       2.36e+04    
fe :  [0.01485251 0.01299226] fo :  [0.00689903 0.00529386] delta :  [[0.38907146 0.08592437]
 [0.33941686 0.11343208]
 [0.33673381 0.05078899]
 [0.56367218 0.27281805]
 [0.49220395 0.20589626]
 [0.95708962 0.69424337]
 [0.17080326 0.01428363]
 [0.2340344  0.05712982]
 [0.95436329 0.61392878]
 [0.56255755 0.20528415]
 [0.37926035 0.10111348]
 [2.6788712  1.97365034]] nu :  [0.12927149 0.36548318] k : [1.77830521 1.46044372 1.03960354] theta : [6.43256312 3.4704715 ] sigma : [2.9        1.85599824] zeta : [0.01011387 0.04444895] rho : 0.02 kappa : 0.5
       5             16         9.4817e-01      2.16e-07       2.93e-04       1.38e+03    
       6             18         9.4817e-01      2.15e-07       2.75e-05       2.25e+03    
       7             19         9.4817e-01      0.00e+00       0.00e+00       2.25e+03    
`xtol` termination condition is satisfied.
Function evaluations 19, initial cost 9.5109e-01, final cost 9.4817e-01, first-order optimality 2.25e+03.
fe :  [0.01485239 0.01299223] fo :  [0.00689899 0.00529385] delta :  [[0.38907503 0.08592686]
 [0.3394214  0.11343314]
 [0.33673813 0.05079059]
 [0.56367727 0.27282026]
 [0.49220895 0.20589904]
 [0.95709472 0.69424632]
 [0.17080642 0.01428412]
 [0.23404058 0.0571319 ]
 [0.9543743  0.61393293]
 [0.56256493 0.20528764]
 [0.37926603 0.10111595]
 [2.67887369 1.97365156]] nu :  [0.12927154 0.3654831 ] k : [1.77830521 1.46044372 1.03960354] theta : [6.43256312 3.4704715 ] sigma : [2.9        1.85599824] zeta : [0.01011387 0.04444895] rho : 0.02 kappa : 0.5
   Iteration     Total nfev        Cost      Cost reduction    Step norm     Optimality   
       0              1         9.4817e-01                                    1.33e+03    
       1              2         9.3737e-01      1.08e-02       1.96e+04       2.44e+06    
fe :  [0.0081784  0.00822463] fo :  [0.00382616 0.00331629] delta :  [[0.44649864 0.07738149]
 [0.39942564 0.1136716 ]
 [0.39976159 0.05657369]
 [0.65223867 0.26717952]
 [0.57094515 0.20090696]
 [1.08882886 0.67238396]
 [0.21031157 0.01468613]
 [0.28197864 0.05675445]
 [1.09283423 0.5910565 ]
 [0.64787073 0.19916568]
 [0.4438656  0.09744078]
 [3.01418125 1.91317672]] nu :  [0.12678237 0.35639704] k : [1.77830521 1.46044372 1.03960354] theta : [6.43256312 3.4704715 ] sigma : [2.9        1.85599824] zeta : [0.01011387 0.04444895] rho : 0.02 kappa : 0.5
       2              7         9.3435e-01      3.02e-03       1.41e+00       1.64e+06    
       3             15         9.2815e-01      6.20e-03       1.14e-03       1.87e+05    
fe :  [0.00856638 0.008333  ] fo :  [0.00399541 0.00409633] delta :  [[0.44649864 0.07738149]
 [0.39942564 0.1136716 ]
 [0.39976159 0.05657369]
 [0.65223867 0.26717952]
 [0.57094515 0.20090696]
 [1.08882886 0.67238396]
 [0.21031157 0.01468613]
 [0.28197864 0.05675445]
 [1.09283423 0.5910565 ]
 [0.64787073 0.19916568]
 [0.4438656  0.09744078]
 [3.01418125 1.91317672]] nu :  [0.12678239 0.35639704] k : [1.77830521 1.46044372 1.03960354] theta : [6.43256312 3.4704715 ] sigma : [2.9        1.85599824] zeta : [0.01011387 0.04444895] rho : 0.02 kappa : 0.5
       4             18         9.2782e-01      3.30e-04       1.42e-04       1.48e+05    
       5             20         9.2769e-01      1.30e-04       7.12e-05       1.65e+05    
       6             22         9.2763e-01      5.85e-05       3.56e-05       1.20e+05    
fe :  [0.00861162 0.0084284 ] fo :  [0.0039939  0.00414516] delta :  [[0.44649864 0.07738149]
 [0.39942564 0.1136716 ]
 [0.39976159 0.05657369]
 [0.65223867 0.26717952]
 [0.57094515 0.20090696]
 [1.08882886 0.67238396]
 [0.21031158 0.01468613]
 [0.28197864 0.05675445]
 [1.09283423 0.5910565 ]
 [0.64787073 0.19916568]
 [0.4438656  0.09744078]
 [3.01418125 1.91317672]] nu :  [0.12678237 0.35639704] k : [1.77830521 1.46044372 1.03960354] theta : [6.43256312 3.4704715 ] sigma : [2.9        1.85599824] zeta : [0.01011387 0.04444895] rho : 0.02 kappa : 0.5
       7             24         9.2763e-01      6.49e-06       1.78e-05       6.10e+04    
       8             25         9.2762e-01      3.14e-06       4.45e-06       4.84e+04    
`xtol` termination condition is satisfied.
Function evaluations 25, initial cost 9.4817e-01, final cost 9.2762e-01, first-order optimality 4.84e+04.
fe :  [0.00861512 0.0084284 ] fo :  [0.0039939  0.00414516] delta :  [[0.44649864 0.07738149]
 [0.39942564 0.1136716 ]
 [0.39976159 0.05657369]
 [0.65223867 0.26717952]
 [0.57094515 0.20090696]
 [1.08882886 0.67238396]
 [0.21031157 0.01468613]
 [0.28197864 0.05675445]
 [1.09283423 0.5910565 ]
 [0.64787073 0.19916568]
 [0.4438656  0.09744078]
 [3.01418125 1.91317672]] nu :  [0.12678237 0.35639704] k : [1.77830521 1.46044372 1.03960354] theta : [6.43256312 3.4704715 ] sigma : [2.9        1.85599824] zeta : [0.01011387 0.04444895] rho : 0.02 kappa : 0.5
   Iteration     Total nfev        Cost      Cost reduction    Step norm     Optimality   
       0              1         9.2762e-01                                    4.78e+04    
       1             10         9.2760e-01      2.14e-05       1.81e-03       8.68e+04    
fe :  [0.00860633 0.00844014] fo :  [0.00397439 0.0041712 ] delta :  [[0.446375   0.07720496]
 [0.39942514 0.11365896]
 [0.3997573  0.05698298]
 [0.65217932 0.26716944]
 [0.57089291 0.20087639]
 [1.08875353 0.67236544]
 [0.2103027  0.01468543]
 [0.28195026 0.05674694]
 [1.09273355 0.59131182]
 [0.64781838 0.19915153]
 [0.44384087 0.09767384]
 [3.01413419 1.91309696]] nu :  [0.12679945 0.3563401 ] k : [1.77830521 1.46044372 1.03960354] theta : [6.43256312 3.4704715 ] sigma : [2.9        1.85599824] zeta : [0.01011387 0.04444895] rho : 0.02 kappa : 0.5
       2             16         9.2754e-01      6.09e-05       9.84e-05       7.58e+04    
       3             17         9.2753e-01      1.60e-05       9.62e-05       2.83e+04    
fe :  [0.00862241 0.00844013] fo :  [0.00396304 0.00417119] delta :  [[0.44637499 0.0772049 ]
 [0.39942515 0.11365896]
 [0.3997573  0.0569835 ]
 [0.6521793  0.26716944]
 [0.57089289 0.20087638]
 [1.08875351 0.67236544]
 [0.21030269 0.01468543]
 [0.28195025 0.05674694]
 [1.09273352 0.59131187]
 [0.64781837 0.19915153]
 [0.44384086 0.09767391]
 [3.01413417 1.91309694]] nu :  [0.12680445 0.35634009] k : [1.77830521 1.46044372 1.03960354] theta : [6.43256312 3.4704715 ] sigma : [2.9        1.85599824] zeta : [0.01011387 0.04444895] rho : 0.02 kappa : 0.5
       4             18         9.2752e-01      1.68e-06       1.18e-05       1.94e+03    
       5             19         9.2752e-01      1.65e-06       2.52e-05       4.64e+02    
fe :  [0.00862388 0.0084401 ] fo :  [0.00396304 0.00417115] delta :  [[0.446375   0.07720475]
 [0.39942637 0.11365984]
 [0.39975843 0.05698633]
 [0.65217989 0.26717053]
 [0.57089348 0.20087667]
 [1.08875412 0.67236652]
 [0.2103036  0.01468649]
 [0.28195075 0.05674743]
 [1.092734   0.59131337]
 [0.64781903 0.1991524 ]
 [0.4438417  0.09767549]
 [3.01413439 1.91309727]] nu :  [0.12683631 0.35634373] k : [1.77830521 1.46044372 1.03960354] theta : [6.43256312 3.4704715 ] sigma : [2.9        1.85599824] zeta : [0.01011387 0.04444895] rho : 0.02 kappa : 0.5
       6             20         9.2752e-01      1.67e-06       2.59e-05       7.90e+02    
       7             21         9.2752e-01      7.08e-07       1.69e-05       1.44e+03    
fe :  [0.00862388 0.00843979] fo :  [0.00396304 0.0041708 ] delta :  [[0.44637497 0.07720329]
 [0.39943633 0.11366549]
 [0.39976688 0.05700834]
 [0.65218325 0.26717851]
 [0.57089677 0.20087711]
 [1.08875798 0.6723745 ]
 [0.21030988 0.01469205]
 [0.28195308 0.05674921]
 [1.0927365  0.59132524]
 [0.647823   0.19915813]
 [0.44384726 0.09768795]
 [3.01413597 1.91309936]] nu :  [0.12685744 0.35634942] k : [1.77830521 1.46044372 1.03960354] theta : [6.43256312 3.4704715 ] sigma : [2.9        1.85599824] zeta : [0.01011387 0.04444895] rho : 0.02 kappa : 0.5
       8             22         9.2752e-01      1.77e-06       2.90e-05       2.34e+03    
       9             23         9.2752e-01      2.82e-06       7.70e-05       1.65e+01    
      10             24         9.2751e-01      2.36e-06       1.23e-04       1.61e+04    
fe :  [0.00862394 0.00843789] fo :  [0.00396299 0.00416915] delta :  [[0.44637607 0.07719605]
 [0.39950847 0.11370668]
 [0.39983423 0.05712138]
 [0.65222429 0.26724644]
 [0.57093754 0.20090068]
 [1.08879925 0.67244207]
 [0.21036676 0.01471374]
 [0.2819889  0.05677962]
 [1.0927701  0.5914153 ]
 [0.64786776 0.19921418]
 [0.44390129 0.09777957]
 [3.0141505  1.91312149]] nu :  [0.12687195 0.35651982] k : [1.77830521 1.46044372 1.03960354] theta : [6.43256312 3.4704715 ] sigma : [2.9        1.85599824] zeta : [0.01011387 0.04444895] rho : 0.02 kappa : 0.5
      11             25         9.2751e-01      3.22e-06       1.28e-04       9.37e+02    
      12             26         9.2751e-01      3.05e-06       9.71e-05       3.74e+03    
fe :  [0.008623   0.00843451] fo :  [0.00396282 0.00416722] delta :  [[0.44637484 0.07718618]
 [0.39959692 0.11374268]
 [0.39991265 0.05724804]
 [0.65226342 0.26732794]
 [0.57097574 0.20091436]
 [1.08884189 0.67252417]
 [0.21042466 0.01471174]
 [0.28201727 0.05679911]
 [1.0928005  0.59153282]
 [0.64791236 0.19927658]
 [0.44395935 0.09789226]
 [3.01416718 1.9131452 ]] nu :  [0.12687089 0.35651929] k : [1.77830521 1.46044372 1.03960354] theta : [6.43256312 3.4704715 ] sigma : [2.9        1.85599824] zeta : [0.01011387 0.04444895] rho : 0.02 kappa : 0.5
      13             27         9.2750e-01      6.51e-06       2.18e-04       2.00e+04    
      14             28         9.2750e-01      4.61e-06       3.03e-04       1.62e+04    
fe :  [0.00862088 0.00843099] fo :  [0.00396248 0.00416504] delta :  [[0.44638083 0.07717479]
 [0.39971621 0.11378781]
 [0.40002035 0.0573676 ]
 [0.65232474 0.2674423 ]
 [0.57103574 0.20094668]
 [1.08890601 0.67263959]
 [0.21050148 0.01470931]
 [0.28206399 0.05683309]
 [1.0928491  0.59169141]
 [0.64797978 0.19936738]
 [0.44404264 0.09803492]
 [3.01419636 1.91317875]] nu :  [0.12686999 0.35671674] k : [1.77830521 1.46044372 1.03960354] theta : [6.43256312 3.4704715 ] sigma : [2.9        1.85599824] zeta : [0.01011387 0.04444895] rho : 0.02 kappa : 0.5
      15             29         9.2749e-01      4.70e-06       1.93e-04       4.50e+03    
      16             30         9.2749e-01      3.40e-06       3.41e-04       3.14e+03    
fe :  [0.00862003 0.00843001] fo :  [0.00396236 0.00416439] delta :  [[0.44639606 0.07717114]
 [0.39978822 0.11383426]
 [0.40008999 0.05745528]
 [0.6523834  0.26751876]
 [0.57109207 0.20099446]
 [1.08895787 0.67271281]
 [0.21056163 0.01470858]
 [0.28211531 0.0568807 ]
 [1.09289587 0.59177918]
 [0.64803717 0.19943416]
 [0.44410574 0.09811696]
 [3.01421473 1.91320588]] nu :  [0.12688259 0.3570137 ] k : [1.77830521 1.46044372 1.03960354] theta : [6.43256312 3.4704715 ] sigma : [2.9        1.85599824] zeta : [0.01011387 0.04444895] rho : 0.02 kappa : 0.5
      17             31         9.2749e-01      7.79e-07       7.40e-05       3.65e+03    
      18             32         9.2749e-01      2.69e-07       1.23e-05       4.81e+03    
fe :  [0.00861993 0.00842989] fo :  [0.00396234 0.0041643 ] delta :  [[0.4463959  0.07717065]
 [0.39979135 0.11383426]
 [0.40009277 0.05745897]
 [0.65238641 0.26752318]
 [0.57109381 0.20099462]
 [1.08895928 0.67271619]
 [0.21056321 0.01470848]
 [0.28211573 0.0568807 ]
 [1.09289668 0.59178435]
 [0.64803856 0.19943646]
 [0.44410772 0.09812105]
 [3.0142156  1.91320666]] nu :  [0.1268825  0.35701361] k : [1.77830521 1.46044372 1.03960354] theta : [6.43256312 3.4704715 ] sigma : [2.9        1.85599824] zeta : [0.01011387 0.04444895] rho : 0.02 kappa : 0.5
      19             37         9.2749e-01      9.49e-08       6.15e-06       4.83e-01    
      20             38         9.2749e-01      3.90e-10       2.04e-08       5.97e-01    
`ftol` termination condition is satisfied.
Function evaluations 38, initial cost 9.2762e-01, final cost 9.2749e-01, first-order optimality 5.97e-01.
   Iteration     Total nfev        Cost      Cost reduction    Step norm     Optimality   
       0              1         9.2749e-01                                    5.81e-02    
fe :  [0.0086088  0.00841875] fo :  [0.00396041 0.00415735] delta :  [[0.44637346 0.07712804]
 [0.39978897 0.11383   ]
 [0.4000885  0.05743523]
 [0.65238054 0.26754203]
 [0.57108169 0.20098717]
 [1.08893686 0.67271225]
 [0.21055844 0.01469902]
 [0.28210629 0.05687842]
 [1.09286768 0.59188204]
 [0.64802268 0.19943295]
 [0.44409922 0.09812088]
 [3.01421102 1.91318505]] nu :  [0.12687339 0.35699165] k : [1.77830521 1.46044372 1.03960354] theta : [6.43256312 3.4704715 ] sigma : [2.9        1.85599824] zeta : [0.01011387 0.04444895] rho : 0.02 kappa : 0.5
       1             11         9.2748e-01      1.19e-05       5.11e-04       9.28e+04    
       2             19         9.2747e-01      6.06e-07       6.18e-06       1.85e+04    
fe :  [0.0086088  0.00842315] fo :  [0.00396041 0.00416165] delta :  [[0.44637346 0.07712804]
 [0.39978896 0.11383   ]
 [0.4000885  0.05743523]
 [0.65238054 0.26754203]
 [0.57108169 0.20098718]
 [1.08893686 0.67271225]
 [0.21055844 0.01469903]
 [0.28210629 0.05687842]
 [1.09286768 0.59188204]
 [0.64802268 0.19943295]
 [0.44409922 0.09812088]
 [3.01421102 1.91318505]] nu :  [0.12687339 0.35699165] k : [1.77830521 1.46044372 1.03960354] theta : [6.43256312 3.4704715 ] sigma : [2.9        1.85599824] zeta : [0.01011387 0.04444895] rho : 0.02 kappa : 0.5
       3             20         9.2747e-01      7.66e-09       1.54e-06       1.86e+02    
       4             22         9.2747e-01      8.23e-11       9.41e-08       8.55e-02    
`ftol` termination condition is satisfied.
Function evaluations 22, initial cost 9.2749e-01, final cost 9.2747e-01, first-order optimality 8.55e-02.
fe :  [0.0086088  0.00842315] fo :  [0.00396041 0.00416165] delta :  [[0.44637346 0.07712804]
 [0.39978896 0.11383   ]
 [0.4000885  0.05743523]
 [0.65238054 0.26754203]
 [0.57108169 0.20098718]
 [1.08893686 0.67271225]
 [0.21055844 0.01469902]
 [0.28210629 0.05687842]
 [1.09286768 0.59188204]
 [0.64802268 0.19943295]
 [0.44409922 0.09812088]
 [3.01421102 1.91318505]] nu :  [0.12687339 0.35699165] k : [1.77830521 1.46044372 1.03960354] theta : [6.43256312 3.4704715 ] sigma : [2.9        1.85599824] zeta : [0.01011387 0.04444895] rho : 0.02 kappa : 0.5
   Iteration     Total nfev        Cost      Cost reduction    Step norm     Optimality   
       0              1         9.2747e-01                                    5.80e-02    
       1             12         9.2747e-01      2.95e-06       1.26e-04       9.01e+04    
fe :  [0.00860684 0.00842095] fo :  [0.00396    0.00416085] delta :  [[0.44636826 0.07711704]
 [0.39978847 0.11382894]
 [0.40008752 0.05743154]
 [0.65237914 0.2675457 ]
 [0.57107874 0.20098531]
 [1.08893136 0.67271124]
 [0.21055731 0.01469667]
 [0.282104   0.05687784]
 [1.09286058 0.59190567]
 [0.6480188  0.19943205]
 [0.44409716 0.09812082]
 [3.01420994 1.91317967]] nu :  [0.12687074 0.35698645] k : [1.77830521 1.46044372 1.03960354] theta : [6.43256312 3.4704715 ] sigma : [2.9        1.85599824] zeta : [0.01011387 0.04444895] rho : 0.02 kappa : 0.5
       2             20         9.2747e-01      2.44e-07       1.55e-06       2.89e+03    
       3             21         9.2747e-01      1.85e-09       3.87e-07       4.83e+02    
`ftol` termination condition is satisfied.
Function evaluations 21, initial cost 9.2747e-01, final cost 9.2747e-01, first-order optimality 4.83e+02.
  [s_all->17.3] DONE obj=1.362 -> calibration_results_matched_economy/baseline_2002_variations/17.3/
  [c_base->18.0] calib=['delta', 'T', 'eta'] delta_free=[0, 12, 0] moments=['SPFLOW', 'DOMPATINUS', 'OUT', 'RD', 'RP', 'SRGDP', 'UUPCOSTS', 'RDPHARMACHEM']
     initial obj=4.382 (successful)
fe :  [0.10322757 0.0360563 ] fo :  [0.05561134 0.01156073] delta :  [[0.08793932 0.08793932]
 [0.10601833 0.10601833]
 [0.11316564 0.11316564]
 [0.16194812 0.16194812]
 [0.17779985 0.17779985]
 [0.24150643 0.24150643]
 [0.07481053 0.07481053]
 [0.07801511 0.07801511]
 [0.24365702 0.24365702]
 [0.20480966 0.20480966]
 [0.18760604 0.18760604]
 [1.58447318 1.58447318]] nu :  [0.06367108 0.11917209] k : [1.2392668  1.30073864 1.04438013] theta : [5.9624753  3.42331145] sigma : [2.9        1.96935185] zeta : [0.00741939 0.04188144] rho : 0.02 kappa : 0.5
   Iteration     Total nfev        Cost      Cost reduction    Step norm     Optimality   
       0              1         9.6031e+00                                    6.67e+07    
       1              2         7.6753e+00      1.93e+00       3.42e-03       2.97e+07    
fe :  [0.10322757 0.0360563 ] fo :  [0.05561134 0.01156073] delta :  [[0.08793932 0.08793932]
 [0.10601833 0.10601833]
 [0.11316564 0.11316564]
 [0.16194812 0.16194812]
 [0.17779985 0.17779985]
 [0.24150643 0.24150643]
 [0.07481053 0.07481053]
 [0.07801511 0.07801511]
 [0.24365703 0.24365703]
 [0.20480966 0.20480966]
 [0.18760604 0.18760604]
 [1.58447318 1.58447318]] nu :  [0.06367108 0.11917209] k : [1.2392668  1.30073864 1.04438013] theta : [5.9624753  3.42331145] sigma : [2.9        1.96935185] zeta : [0.00741939 0.04188144] rho : 0.02 kappa : 0.5
       2              3         5.2345e+00      2.44e+00       9.30e-03       1.26e+07    
       3              4         3.8209e+00      1.41e+00       1.37e-02       4.86e+06    
       4              5         1.4567e+00      2.36e+00       7.68e+03       3.01e+05    
fe :  [0.10322757 0.0360563 ] fo :  [0.05561134 0.01156073] delta :  [[0.12945763 0.12945763]
 [0.1395298  0.1395298 ]
 [0.1338784  0.1338784 ]
 [0.27836401 0.27836401]
 [0.27582699 0.27582699]
 [0.51058475 0.51058475]
 [0.07247662 0.07247662]
 [0.12141899 0.12141899]
 [0.49931307 0.49931307]
 [0.32590906 0.32590906]
 [0.21721528 0.21721528]
 [1.86312012 1.86312012]] nu :  [0.06367108 0.11917209] k : [1.2392668  1.30073864 1.04438013] theta : [5.9624753  3.42331145] sigma : [2.9        1.96935185] zeta : [0.00741939 0.04188144] rho : 0.02 kappa : 0.5
       5              6         1.4430e+00      1.36e-02       1.40e+03       3.39e+05    
       6              7         1.1810e+00      2.62e-01       4.84e+03       2.48e+06    
       7              8         1.1557e+00      2.53e-02       4.51e+03       2.24e+06    
fe :  [0.10322757 0.0360563 ] fo :  [0.05561134 0.01156073] delta :  [[0.14355275 0.14355275]
 [0.14702981 0.14702981]
 [0.13326345 0.13326345]
 [0.28358929 0.28358929]
 [0.24093111 0.24093111]
 [0.58689867 0.58689867]
 [0.05364722 0.05364722]
 [0.103943   0.103943  ]
 [0.55514076 0.55514076]
 [0.28629571 0.28629571]
 [0.18147764 0.18147764]
 [1.62507145 1.62507145]] nu :  [0.06367108 0.11917209] k : [1.2392668  1.30073864 1.04438013] theta : [5.9624753  3.42331145] sigma : [2.9        1.96935185] zeta : [0.00741939 0.04188144] rho : 0.02 kappa : 0.5
       8             10         1.1397e+00      1.60e-02       1.03e+03       3.37e+06    
       9             11         1.0842e+00      5.55e-02       1.03e+02       3.21e+06    
fe :  [0.10322757 0.0360563 ] fo :  [0.05561134 0.01156073] delta :  [[0.14377066 0.14377066]
 [0.1541447  0.1541447 ]
 [0.14055991 0.14055991]
 [0.2954896  0.2954896 ]
 [0.25376971 0.25376971]
 [0.60802299 0.60802299]
 [0.05778267 0.05778267]
 [0.10936961 0.10936961]
 [0.57337296 0.57337296]
 [0.28417    0.28417   ]
 [0.18345388 0.18345388]
 [1.71095379 1.71095379]] nu :  [0.06367108 0.11917209] k : [1.2392668  1.30073864 1.04438013] theta : [5.9624753  3.42331145] sigma : [2.9        1.96935185] zeta : [0.00741939 0.04188144] rho : 0.02 kappa : 0.5
      10             12         1.0627e+00      2.15e-02       1.33e+02       6.29e+04    
      11             13         1.0477e+00      1.50e-02       1.77e+02       4.37e+05    
      12             14         1.0072e+00      4.05e-02       1.35e+03       9.06e+04    
fe :  [0.10322757 0.0360563 ] fo :  [0.05561134 0.01156073] delta :  [[0.14162883 0.14162883]
 [0.14939919 0.14939919]
 [0.13568252 0.13568252]
 [0.28856084 0.28856084]
 [0.24684634 0.24684634]
 [0.59304422 0.59304422]
 [0.05479876 0.05479876]
 [0.10539279 0.10539279]
 [0.55986578 0.55986578]
 [0.27678559 0.27678559]
 [0.17769959 0.17769959]
 [1.67468698 1.67468698]] nu :  [0.06367108 0.11917209] k : [1.2392668  1.30073864 1.04438013] theta : [5.9624753  3.42331145] sigma : [2.9        1.96935185] zeta : [0.00741939 0.04188144] rho : 0.02 kappa : 0.5
      13             15         9.8518e-01      2.21e-02       2.99e+03       1.99e+05    
      14             16         9.7861e-01      6.56e-03       3.21e+03       1.47e+05    
      15             22         9.7703e-01      1.58e-03       3.27e-01       9.27e+04    
fe :  [0.10322757 0.0360563 ] fo :  [0.05561134 0.01156073] delta :  [[0.13879035 0.13879035]
 [0.14295001 0.14295001]
 [0.12867349 0.12867349]
 [0.27822579 0.27822579]
 [0.23819141 0.23819141]
 [0.5731829  0.5731829 ]
 [0.05150835 0.05150835]
 [0.10011677 0.10011677]
 [0.5415597  0.5415597 ]
 [0.26725436 0.26725436]
 [0.17104577 0.17104577]
 [1.62185884 1.62185884]] nu :  [0.06367108 0.11917209] k : [1.2392668  1.30073864 1.04438013] theta : [5.9624753  3.42331145] sigma : [2.9        1.96935185] zeta : [0.00741939 0.04188144] rho : 0.02 kappa : 0.5
      16             23         9.7682e-01      2.15e-04       1.19e+00       4.98e+04    
      17             29         9.7681e-01      2.04e-06       2.70e-04       1.39e+03    
      18             30         9.7681e-01      3.62e-07       2.99e-04       1.42e+03    
fe :  [0.10322757 0.0360563 ] fo :  [0.05561134 0.01156073] delta :  [[0.13884919 0.13884919]
 [0.14301939 0.14301939]
 [0.1288116  0.1288116 ]
 [0.27844164 0.27844164]
 [0.23823425 0.23823425]
 [0.57336746 0.57336746]
 [0.05171737 0.05171737]
 [0.10019284 0.10019284]
 [0.54178421 0.54178421]
 [0.26744166 0.26744166]
 [0.17118839 0.17118839]
 [1.62196333 1.62196333]] nu :  [0.06367108 0.11917209] k : [1.2392668  1.30073864 1.04438013] theta : [5.9624753  3.42331145] sigma : [2.9        1.96935185] zeta : [0.00741939 0.04188144] rho : 0.02 kappa : 0.5
      19             32         9.7681e-01      1.24e-08       1.77e-05       1.26e+02    
      20             33         9.7681e-01      1.49e-08       7.01e-06       1.41e+02    
`xtol` termination condition is satisfied.
Function evaluations 33, initial cost 9.6031e+00, final cost 9.7681e-01, first-order optimality 1.41e+02.
fe :  [0.10322757 0.0360563 ] fo :  [0.05561134 0.01156073] delta :  [[0.13884914 0.13884914]
 [0.14301934 0.14301934]
 [0.12881157 0.12881157]
 [0.27844163 0.27844163]
 [0.23823408 0.23823408]
 [0.57336738 0.57336738]
 [0.05171866 0.05171866]
 [0.10019282 0.10019282]
 [0.5417842  0.5417842 ]
 [0.26744162 0.26744162]
 [0.17118834 0.17118834]
 [1.6219632  1.6219632 ]] nu :  [0.06367108 0.11917209] k : [1.2392668  1.30073864 1.04438013] theta : [5.9624753  3.42331145] sigma : [2.9        1.96935185] zeta : [0.00741939 0.04188144] rho : 0.02 kappa : 0.5
   Iteration     Total nfev        Cost      Cost reduction    Step norm     Optimality   
       0              1         9.7681e-01                                    3.74e+02    
       1              3         9.6568e-01      1.11e-02       4.56e+03       1.37e+05    
       2             14         9.6563e-01      4.32e-05       1.06e-03       2.09e+03    
fe :  [0.10322757 0.0360563 ] fo :  [0.05561134 0.01156073] delta :  [[0.13954621 0.13954621]
 [0.14476978 0.14476978]
 [0.13065401 0.13065401]
 [0.28157798 0.28157798]
 [0.24070938 0.24070938]
 [0.57920747 0.57920747]
 [0.05257199 0.05257199]
 [0.10175534 0.10175534]
 [0.54745407 0.54745407]
 [0.27044291 0.27044291]
 [0.17333246 0.17333246]
 [1.63749737 1.63749737]] nu :  [0.06367108 0.11917209] k : [1.2392668  1.30073864 1.04438013] theta : [5.9624753  3.42331145] sigma : [2.9        1.96935185] zeta : [0.00741939 0.04188144] rho : 0.02 kappa : 0.5
       3             15         9.6563e-01      5.02e-06       1.01e-03       1.49e+03    
       4             23         9.6563e-01      1.33e-08       1.59e-05       1.69e+02    
       5             24         9.6563e-01      0.00e+00       0.00e+00       1.69e+02    
`xtol` termination condition is satisfied.
Function evaluations 24, initial cost 9.7681e-01, final cost 9.6563e-01, first-order optimality 1.69e+02.
fe :  [0.10322757 0.0360563 ] fo :  [0.05561134 0.01156073] delta :  [[0.13954622 0.13954622]
 [0.14476978 0.14476978]
 [0.13065401 0.13065401]
 [0.28157798 0.28157798]
 [0.24070938 0.24070938]
 [0.57920747 0.57920747]
 [0.05257199 0.05257199]
 [0.10175534 0.10175534]
 [0.54745407 0.54745407]
 [0.27044292 0.27044292]
 [0.17333246 0.17333246]
 [1.63749737 1.63749737]] nu :  [0.06367108 0.11917209] k : [1.2392668  1.30073864 1.04438013] theta : [5.9624753  3.42331145] sigma : [2.9        1.96935185] zeta : [0.00741939 0.04188144] rho : 0.02 kappa : 0.5
   Iteration     Total nfev        Cost      Cost reduction    Step norm     Optimality   
       0              1         9.6563e-01                                    2.08e+02    
       1             19         9.6563e-01      0.00e+00       0.00e+00       2.08e+02    
`xtol` termination condition is satisfied.
Function evaluations 19, initial cost 9.6563e-01, final cost 9.6563e-01, first-order optimality 2.08e+02.
   Iteration     Total nfev        Cost      Cost reduction    Step norm     Optimality   
       0              1         9.6563e-01                                    2.69e+02    
       1             23         9.6563e-01      2.33e-13       2.13e-08       1.01e-02    
       2             26         9.6563e-01      0.00e+00       0.00e+00       1.01e-02    
`xtol` termination condition is satisfied.
Function evaluations 26, initial cost 9.6563e-01, final cost 9.6563e-01, first-order optimality 1.01e-02.
fe :  [0.10322757 0.0360563 ] fo :  [0.05561134 0.01156073] delta :  [[0.13954622 0.13954622]
 [0.14476978 0.14476978]
 [0.13065401 0.13065401]
 [0.28157798 0.28157798]
 [0.24070938 0.24070938]
 [0.57920747 0.57920747]
 [0.05257199 0.05257199]
 [0.10175534 0.10175534]
 [0.54745407 0.54745407]
 [0.27044293 0.27044293]
 [0.17333246 0.17333246]
 [1.63749737 1.63749737]] nu :  [0.06367108 0.11917209] k : [1.2392668  1.30073864 1.04438013] theta : [5.9624753  3.42331145] sigma : [2.9        1.96935185] zeta : [0.00741939 0.04188144] rho : 0.02 kappa : 0.5
   Iteration     Total nfev        Cost      Cost reduction    Step norm     Optimality   
       0              1         9.6563e-01                                    1.68e-02    
       1              7         9.6553e-01      9.74e-05       3.90e+01       2.58e+05    
fe :  [0.10322757 0.0360563 ] fo :  [0.05561134 0.01156073] delta :  [[0.13641583 0.13641583]
 [0.13635287 0.13635287]
 [0.12273022 0.12273022]
 [0.26752345 0.26752345]
 [0.22843677 0.22843677]
 [0.55220948 0.55220948]
 [0.04743901 0.04743901]
 [0.09507259 0.09507259]
 [0.52200551 0.52200551]
 [0.25788634 0.25788634]
 [0.1633768  0.1633768 ]
 [1.57332619 1.57332619]] nu :  [0.06367108 0.11917209] k : [1.2392668  1.30073864 1.04438013] theta : [5.9624753  3.42331145] sigma : [2.9        1.96935185] zeta : [0.00741939 0.04188144] rho : 0.02 kappa : 0.5
       2              9         9.6531e-01      2.21e-04       3.70e-01       3.06e+05    
       3             11         9.6503e-01      2.79e-04       1.70e-02       8.80e+04    
       4             13         9.6503e-01      3.85e-06       4.13e-03       1.03e+04    
fe :  [0.10322757 0.0360563 ] fo :  [0.05561134 0.01156073] delta :  [[0.13772741 0.13772741]
 [0.1397003  0.1397003 ]
 [0.12557714 0.12557714]
 [0.27337066 0.27337066]
 [0.23378575 0.23378575]
 [0.56328894 0.56328894]
 [0.04970752 0.04970752]
 [0.09771244 0.09771244]
 [0.5328916  0.5328916 ]
 [0.26286164 0.26286164]
 [0.16769515 0.16769515]
 [1.58277339 1.58277339]] nu :  [0.06367108 0.11917209] k : [1.2392668  1.30073864 1.04438013] theta : [5.9624753  3.42331145] sigma : [2.9        1.96935185] zeta : [0.00741939 0.04188144] rho : 0.02 kappa : 0.5
       5             14         9.6502e-01      4.82e-06       1.04e-03       3.29e+03    
       6             15         9.6502e-01      3.65e-06       1.08e-03       4.01e+03    
       7             16         9.6502e-01      5.28e-07       2.66e-04       2.85e+03    
fe :  [0.10322757 0.0360563 ] fo :  [0.05561134 0.01156073] delta :  [[0.13789881 0.13789881]
 [0.14006749 0.14006749]
 [0.12597972 0.12597972]
 [0.27380816 0.27380816]
 [0.23421055 0.23421055]
 [0.56385365 0.56385365]
 [0.04990671 0.04990671]
 [0.09804825 0.09804825]
 [0.5333723  0.5333723 ]
 [0.26328495 0.26328495]
 [0.16808469 0.16808469]
 [1.58321984 1.58321984]] nu :  [0.06367108 0.11917209] k : [1.2392668  1.30073864 1.04438013] theta : [5.9624753  3.42331145] sigma : [2.9        1.96935185] zeta : [0.00741939 0.04188144] rho : 0.02 kappa : 0.5
       8             17         9.6502e-01      3.30e-08       6.54e-05       5.27e+02    
       9             19         9.6502e-01      7.11e-10       4.02e-06       6.59e-02    
fe :  [0.10322757 0.0360563 ] fo :  [0.05561134 0.01156073] delta :  [[0.13789877 0.13789877]
 [0.14006748 0.14006748]
 [0.12597972 0.12597972]
 [0.27380871 0.27380871]
 [0.23421094 0.23421094]
 [0.56385594 0.56385594]
 [0.0499067  0.0499067 ]
 [0.09804824 0.09804824]
 [0.53337357 0.53337357]
 [0.26328535 0.26328535]
 [0.16808469 0.16808469]
 [1.58322271 1.58322271]] nu :  [0.06367108 0.11917209] k : [1.2392668  1.30073864 1.04438013] theta : [5.9624753  3.42331145] sigma : [2.9        1.96935185] zeta : [0.00741939 0.04188144] rho : 0.02 kappa : 0.5
      10             25         9.6502e-01      1.86e-11       9.81e-10       5.91e-02    
`ftol` termination condition is satisfied.
Function evaluations 25, initial cost 9.6563e-01, final cost 9.6502e-01, first-order optimality 5.91e-02.
   Iteration     Total nfev        Cost      Cost reduction    Step norm     Optimality   
       0              1         9.6502e-01                                    2.83e+02    
       1              3         9.6459e-01      4.32e-04       1.40e+03       1.20e+05    
fe :  [0.10322757 0.0360563 ] fo :  [0.05561134 0.01156073] delta :  [[0.13931482 0.13931482]
 [0.1443694  0.1443694 ]
 [0.13006434 0.13006434]
 [0.28071278 0.28071278]
 [0.23987597 0.23987597]
 [0.5779557  0.5779557 ]
 [0.05208455 0.05208455]
 [0.10153732 0.10153732]
 [0.54611558 0.54611558]
 [0.26945217 0.26945217]
 [0.17258941 0.17258941]
 [1.63444344 1.63444344]] nu :  [0.06367108 0.11917209] k : [1.2392668  1.30073864 1.04438013] theta : [5.9624753  3.42331145] sigma : [2.9        1.96935185] zeta : [0.00741939 0.04188144] rho : 0.02 kappa : 0.5
       2              4         9.6397e-01      6.17e-04       1.24e+03       1.37e+05    
       3              5         9.6291e-01      1.06e-03       2.89e+03       1.49e+05    
       4              6         9.6233e-01      5.77e-04       2.60e+02       9.39e+04    
fe :  [0.10322757 0.0360563 ] fo :  [0.05561134 0.01156073] delta :  [[0.13883138 0.13883138]
 [0.14349456 0.14349456]
 [0.12934421 0.12934421]
 [0.27930041 0.27930041]
 [0.23839659 0.23839659]
 [0.57520359 0.57520359]
 [0.05198346 0.05198346]
 [0.10084694 0.10084694]
 [0.54349493 0.54349493]
 [0.26825179 0.26825179]
 [0.17157063 0.17157063]
 [1.62604717 1.62604717]] nu :  [0.06367108 0.11917209] k : [1.2392668  1.30073864 1.04438013] theta : [5.9624753  3.42331145] sigma : [2.9        1.96935185] zeta : [0.00741939 0.04188144] rho : 0.02 kappa : 0.5
       5             12         9.6216e-01      1.71e-04       1.41e+00       6.85e+04    
       6             13         9.6212e-01      3.74e-05       1.35e+00       2.07e+05    
       7             16         9.6202e-01      1.01e-04       5.87e-03       2.74e+04    
fe :  [0.10322757 0.0360563 ] fo :  [0.05561134 0.01156073] delta :  [[0.13833727 0.13833727]
 [0.14168043 0.14168043]
 [0.12772043 0.12772043]
 [0.27653586 0.27653586]
 [0.23648475 0.23648475]
 [0.569896   0.569896  ]
 [0.05081004 0.05081004]
 [0.09952451 0.09952451]
 [0.53823174 0.53823174]
 [0.26579282 0.26579282]
 [0.16989492 0.16989492]
 [1.60617478 1.60617478]] nu :  [0.06367108 0.11917209] k : [1.2392668  1.30073864 1.04438013] theta : [5.9624753  3.42331145] sigma : [2.9        1.96935185] zeta : [0.00741939 0.04188144] rho : 0.02 kappa : 0.5
       8             18         9.6200e-01      2.10e-05       1.86e-03       1.08e+04    
       9             21         9.6200e-01      8.43e-07       1.19e-04       1.54e+03    
fe :  [0.10322757 0.0360563 ] fo :  [0.05561134 0.01156073] delta :  [[0.13837294 0.13837294]
 [0.14178977 0.14178977]
 [0.12773682 0.12773682]
 [0.27656957 0.27656957]
 [0.23648237 0.23648237]
 [0.56997497 0.56997497]
 [0.05085531 0.05085531]
 [0.09954018 0.09954018]
 [0.5383348  0.5383348 ]
 [0.26582043 0.26582043]
 [0.16991477 0.16991477]
 [1.6062872  1.6062872 ]] nu :  [0.06367108 0.11917209] k : [1.2392668  1.30073864 1.04438013] theta : [5.9624753  3.42331145] sigma : [2.9        1.96935185] zeta : [0.00741939 0.04188144] rho : 0.02 kappa : 0.5
      10             22         9.6200e-01      2.73e-07       1.18e-04       7.11e+02    
      11             23         9.6200e-01      1.78e-07       3.03e-05       2.21e+02    
      12             30         9.6200e-01      1.78e-11       1.87e-09       1.72e-02    
`ftol` termination condition is satisfied.
Function evaluations 30, initial cost 9.6502e-01, final cost 9.6200e-01, first-order optimality 1.72e-02.
  [c_base->18.0] DONE obj=1.387 -> calibration_results_matched_economy/baseline_2002_variations/18.0/
  [c_fefo->18.1] calib=['delta', 'T', 'eta', 'fe', 'fo'] delta_free=[0, 12, 0] moments=['SPFLOW', 'DOMPATINUS', 'OUT', 'RD', 'RP', 'SRGDP', 'UUPCOSTS', 'RDPHARMACHEM']
     initial obj=4.382 (successful)
fe :  [0.10322757 0.0360563 ] fo :  [0.05561134 0.01156073] delta :  [[0.08793932 0.08793932]
 [0.10601833 0.10601833]
 [0.11316564 0.11316564]
 [0.16194812 0.16194812]
 [0.17779985 0.17779985]
 [0.24150643 0.24150643]
 [0.07481053 0.07481053]
 [0.07801511 0.07801511]
 [0.24365702 0.24365702]
 [0.20480966 0.20480966]
 [0.18760604 0.18760604]
 [1.58447318 1.58447318]] nu :  [0.06367108 0.11917209] k : [1.2392668  1.30073864 1.04438013] theta : [5.9624753  3.42331145] sigma : [2.9        1.96935185] zeta : [0.00741939 0.04188144] rho : 0.02 kappa : 0.5
   Iteration     Total nfev        Cost      Cost reduction    Step norm     Optimality   
       0              1         9.6031e+00                                    6.67e+07    
       1              2         7.6753e+00      1.93e+00       3.42e-03       2.97e+07    
fe :  [0.10322757 0.0360563 ] fo :  [0.05561134 0.01156073] delta :  [[0.08793932 0.08793932]
 [0.10601833 0.10601833]
 [0.11316564 0.11316564]
 [0.16194812 0.16194812]
 [0.17779985 0.17779985]
 [0.24150643 0.24150643]
 [0.07481053 0.07481053]
 [0.07801511 0.07801511]
 [0.24365703 0.24365703]
 [0.20480966 0.20480966]
 [0.18760604 0.18760604]
 [1.58447318 1.58447318]] nu :  [0.06367108 0.11917209] k : [1.2392668  1.30073864 1.04438013] theta : [5.9624753  3.42331145] sigma : [2.9        1.96935185] zeta : [0.00741939 0.04188144] rho : 0.02 kappa : 0.5
       2              3         5.2345e+00      2.44e+00       9.30e-03       1.26e+07    
       3              4         3.8209e+00      1.41e+00       1.37e-02       4.87e+06    
       4              5         1.6885e+00      2.13e+00       8.50e+03       2.14e+05    
fe :  [0.29702979 0.15465989] fo :  [0.05260508 0.00603385] delta :  [[0.14852238 0.14852238]
 [0.17526856 0.17526856]
 [0.1498887  0.1498887 ]
 [0.31071346 0.31071346]
 [0.27753825 0.27753825]
 [0.62749862 0.62749862]
 [0.0637236  0.0637236 ]
 [0.11781034 0.11781034]
 [0.59773611 0.59773611]
 [0.30408686 0.30408686]
 [0.19926549 0.19926549]
 [1.79381709 1.79381709]] nu :  [0.06367108 0.11917209] k : [1.2392668  1.30073864 1.04438013] theta : [5.9624753  3.42331145] sigma : [2.9        1.96935185] zeta : [0.00741939 0.04188144] rho : 0.02 kappa : 0.5
       5              7         1.1062e+00      5.82e-01       9.03e+03       1.21e+06    
       6             10         1.0865e+00      1.97e-02       1.36e+04       4.56e+05    
fe :  [0.26275107 0.10044505] fo :  [0.14320111 0.01264123] delta :  [[0.12473667 0.12473667]
 [0.13893508 0.13893508]
 [0.12031341 0.12031341]
 [0.26091509 0.26091509]
 [0.22214527 0.22214527]
 [0.54455774 0.54455774]
 [0.04479883 0.04479883]
 [0.09011439 0.09011439]
 [0.51299167 0.51299167]
 [0.25062078 0.25062078]
 [0.15809898 0.15809898]
 [1.55530258 1.55530258]] nu :  [0.06367108 0.11917209] k : [1.2392668  1.30073864 1.04438013] theta : [5.9624753  3.42331145] sigma : [2.9        1.96935185] zeta : [0.00741939 0.04188144] rho : 0.02 kappa : 0.5
       7             11         1.0255e+00      6.10e-02       2.98e+03       3.83e+05    
       8             12         1.0215e+00      3.95e-03       4.01e+01       1.64e+06    
       9             13         9.9846e-01      2.31e-02       1.33e+03       5.44e+05    
fe :  [0.35233125 0.1423589 ] fo :  [0.19245431 0.02849315] delta :  [[0.11367364 0.11367364]
 [0.12185276 0.12185276]
 [0.10851607 0.10851607]
 [0.24458678 0.24458678]
 [0.20550574 0.20550574]
 [0.5163348  0.5163348 ]
 [0.03824331 0.03824331]
 [0.08186978 0.08186978]
 [0.48460381 0.48460381]
 [0.23514214 0.23514214]
 [0.1455615  0.1455615 ]
 [1.47568474 1.47568474]] nu :  [0.06367108 0.11917209] k : [1.2392668  1.30073864 1.04438013] theta : [5.9624753  3.42331145] sigma : [2.9        1.96935185] zeta : [0.00741939 0.04188144] rho : 0.02 kappa : 0.5
      10             22         9.9796e-01      5.04e-04       8.02e-02       5.70e+05    
      11             23         9.9777e-01      1.94e-04       3.25e-03       5.45e+04    
fe :  [0.35233512 0.14330609] fo :  [0.19245578 0.03155678] delta :  [[0.11367284 0.11367284]
 [0.12185096 0.12185096]
 [0.10854933 0.10854933]
 [0.2445868  0.2445868 ]
 [0.20552387 0.20552387]
 [0.51633714 0.51633714]
 [0.03824311 0.03824311]
 [0.08187794 0.08187794]
 [0.48460376 0.48460376]
 [0.23514182 0.23514182]
 [0.14556816 0.14556816]
 [1.47568449 1.47568449]] nu :  [0.06367108 0.11917209] k : [1.2392668  1.30073864 1.04438013] theta : [5.9624753  3.42331145] sigma : [2.9        1.96935185] zeta : [0.00741939 0.04188144] rho : 0.02 kappa : 0.5
      12             30         9.9777e-01      9.52e-07       9.80e-06       3.86e+03    
      13             32         9.9777e-01      0.00e+00       0.00e+00       3.86e+03    
`xtol` termination condition is satisfied.
Function evaluations 32, initial cost 9.6031e+00, final cost 9.9777e-01, first-order optimality 3.86e+03.
   Iteration     Total nfev        Cost      Cost reduction    Step norm     Optimality   
       0              1         9.9777e-01                                    3.40e+03    
       1              4         9.9653e-01      1.23e-03       2.24e+04       2.09e+06    
fe :  [0.18719909 0.0673924 ] fo :  [0.1130534  0.01716561] delta :  [[0.12060133 0.12060133]
 [0.1256309  0.1256309 ]
 [0.11175551 0.11175551]
 [0.25144875 0.25144875]
 [0.21444817 0.21444817]
 [0.5261323  0.5261323 ]
 [0.04082256 0.04082256]
 [0.08622557 0.08622557]
 [0.49701767 0.49701767]
 [0.24120925 0.24120925]
 [0.15217963 0.15217963]
 [1.49256548 1.49256548]] nu :  [0.06367108 0.11917209] k : [1.2392668  1.30073864 1.04438013] theta : [5.9624753  3.42331145] sigma : [2.9        1.96935185] zeta : [0.00741939 0.04188144] rho : 0.02 kappa : 0.5
       2              5         9.6914e-01      2.74e-02       4.52e+01       2.82e+05    
       3              6         9.6259e-01      6.56e-03       5.30e+03       2.90e+05    
fe :  [0.12650055 0.04336344] fo :  [0.06741288 0.00990783] delta :  [[0.13434792 0.13434792]
 [0.13375552 0.13375552]
 [0.12028666 0.12028666]
 [0.26458514 0.26458514]
 [0.22562721 0.22562721]
 [0.54868175 0.54868175]
 [0.04577575 0.04577575]
 [0.09236158 0.09236158]
 [0.51680862 0.51680862]
 [0.25399724 0.25399724]
 [0.16123915 0.16123915]
 [1.54363236 1.54363236]] nu :  [0.06367108 0.11917209] k : [1.2392668  1.30073864 1.04438013] theta : [5.9624753  3.42331145] sigma : [2.9        1.96935185] zeta : [0.00741939 0.04188144] rho : 0.02 kappa : 0.5
       4             11         9.6258e-01      1.13e-05       1.34e+01       3.78e+05    
       5             12         9.6233e-01      2.45e-04       1.18e+00       3.00e+05    
       6             13         9.6145e-01      8.84e-04       2.41e-01       2.57e+04    
fe :  [0.08307509 0.02716547] fo :  [0.04272866 0.0054641 ] delta :  [[0.14917054 0.14917054]
 [0.1477324  0.1477324 ]
 [0.13366785 0.13366785]
 [0.28601866 0.28601866]
 [0.24524404 0.24524404]
 [0.58424186 0.58424186]
 [0.0542909  0.0542909 ]
 [0.10494575 0.10494575]
 [0.55281161 0.55281161]
 [0.2749465  0.2749465 ]
 [0.17720975 0.17720975]
 [1.62982659 1.62982659]] nu :  [0.06367108 0.11917209] k : [1.2392668  1.30073864 1.04438013] theta : [5.9624753  3.42331145] sigma : [2.9        1.96935185] zeta : [0.00741939 0.04188144] rho : 0.02 kappa : 0.5
       7             16         9.6144e-01      7.23e-06       8.53e-03       3.66e+04    
       8             17         9.6143e-01      1.32e-05       1.78e-03       3.67e+02    
       9             18         9.6142e-01      5.91e-06       2.07e-03       3.03e+03    
fe :  [0.08300213 0.02712255] fo :  [0.04266335 0.00544003] delta :  [[0.14894301 0.14894301]
 [0.1476025  0.1476025 ]
 [0.13353485 0.13353485]
 [0.28588817 0.28588817]
 [0.24510585 0.24510585]
 [0.58415582 0.58415582]
 [0.05422679 0.05422679]
 [0.10486694 0.10486694]
 [0.55274721 0.55274721]
 [0.27481051 0.27481051]
 [0.17707545 0.17707545]
 [1.62970266 1.62970266]] nu :  [0.06367108 0.11917209] k : [1.2392668  1.30073864 1.04438013] theta : [5.9624753  3.42331145] sigma : [2.9        1.96935185] zeta : [0.00741939 0.04188144] rho : 0.02 kappa : 0.5
      10             20         9.6142e-01      1.30e-07       1.26e-04       5.31e+02    
      11             22         9.6142e-01      5.14e-09       8.82e-06       7.97e-02    
`xtol` termination condition is satisfied.
Function evaluations 22, initial cost 9.9777e-01, final cost 9.6142e-01, first-order optimality 7.97e-02.
fe :  [0.08300212 0.02712253] fo :  [0.04266333 0.00544002] delta :  [[0.14894294 0.14894294]
 [0.14760249 0.14760249]
 [0.13353483 0.13353483]
 [0.28589063 0.28589063]
 [0.24510778 0.24510778]
 [0.58416037 0.58416037]
 [0.05422677 0.05422677]
 [0.10486746 0.10486746]
 [0.55275188 0.55275188]
 [0.27481275 0.27481275]
 [0.17707586 0.17707586]
 [1.62970563 1.62970563]] nu :  [0.06367108 0.11917209] k : [1.2392668  1.30073864 1.04438013] theta : [5.9624753  3.42331145] sigma : [2.9        1.96935185] zeta : [0.00741939 0.04188144] rho : 0.02 kappa : 0.5
   Iteration     Total nfev        Cost      Cost reduction    Step norm     Optimality   
       0              1         9.6142e-01                                    7.03e-02    
       1             17         9.6142e-01      0.00e+00       0.00e+00       7.03e-02    
`xtol` termination condition is satisfied.
Function evaluations 17, initial cost 9.6142e-01, final cost 9.6142e-01, first-order optimality 7.03e-02.
   Iteration     Total nfev        Cost      Cost reduction    Step norm     Optimality   
       0              1         9.6142e-01                                    1.42e-02    
fe :  [0.07682922 0.02464928] fo :  [0.04064232 0.00473618] delta :  [[0.14979434 0.14979434]
 [0.14716685 0.14716685]
 [0.13305153 0.13305153]
 [0.2853972  0.2853972 ]
 [0.24459015 0.24459015]
 [0.58467337 0.58467337]
 [0.05403939 0.05403939]
 [0.10463608 0.10463608]
 [0.55325578 0.55325578]
 [0.27431466 0.27431466]
 [0.17654547 0.17654547]
 [1.63508787 1.63508787]] nu :  [0.06367108 0.11917209] k : [1.2392668  1.30073864 1.04438013] theta : [5.9624753  3.42331145] sigma : [2.9        1.96935185] zeta : [0.00741939 0.04188144] rho : 0.02 kappa : 0.5
       1             12         9.6139e-01      3.41e-05       2.47e-01       1.04e+05    
       2             14         9.6137e-01      1.80e-05       7.83e-03       1.21e+05    
       3             15         9.6136e-01      1.41e-05       1.78e-03       7.62e+03    
fe :  [0.07682531 0.02479083] fo :  [0.04013372 0.00451112] delta :  [[0.1508161  0.1508161 ]
 [0.14910118 0.14910118]
 [0.13494402 0.13494402]
 [0.28831003 0.28831003]
 [0.24720855 0.24720855]
 [0.5889029  0.5889029 ]
 [0.05507245 0.05507245]
 [0.10625167 0.10625167]
 [0.55702896 0.55702896]
 [0.27694273 0.27694273]
 [0.17872793 0.17872793]
 [1.6380998  1.6380998 ]] nu :  [0.06367108 0.11917209] k : [1.2392668  1.30073864 1.04438013] theta : [5.9624753  3.42331145] sigma : [2.9        1.96935185] zeta : [0.00741939 0.04188144] rho : 0.02 kappa : 0.5
       4             24         9.6136e-01      1.12e-07       3.05e-06       5.99e+03    
       5             25         9.6136e-01      1.22e-08       7.63e-07       4.68e+02    
fe :  [0.07682531 0.02479136] fo :  [0.04013372 0.00451114] delta :  [[0.1508161  0.1508161 ]
 [0.14910118 0.14910118]
 [0.13494402 0.13494402]
 [0.28831003 0.28831003]
 [0.24720855 0.24720855]
 [0.5889029  0.5889029 ]
 [0.05507245 0.05507245]
 [0.10625167 0.10625167]
 [0.55702896 0.55702896]
 [0.27694273 0.27694273]
 [0.17872793 0.17872793]
 [1.6380998  1.6380998 ]] nu :  [0.06367108 0.11917209] k : [1.2392668  1.30073864 1.04438013] theta : [5.9624753  3.42331145] sigma : [2.9        1.96935185] zeta : [0.00741939 0.04188144] rho : 0.02 kappa : 0.5
       6             26         9.6136e-01      1.35e-08       7.63e-07       5.57e+02    
       7             27         9.6136e-01      2.46e-08       1.53e-06       6.64e+02    
       8             28         9.6136e-01      4.06e-08       3.05e-06       1.42e+03    
fe :  [0.07682531 0.02479344] fo :  [0.04013372 0.00451114] delta :  [[0.1508161  0.1508161 ]
 [0.14910118 0.14910118]
 [0.13494402 0.13494402]
 [0.28831004 0.28831004]
 [0.24720856 0.24720856]
 [0.58890294 0.58890294]
 [0.05507245 0.05507245]
 [0.10625167 0.10625167]
 [0.55702898 0.55702898]
 [0.27694273 0.27694273]
 [0.17872793 0.17872793]
 [1.63809983 1.63809983]] nu :  [0.06367108 0.11917209] k : [1.2392668  1.30073864 1.04438013] theta : [5.9624753  3.42331145] sigma : [2.9        1.96935185] zeta : [0.00741939 0.04188144] rho : 0.02 kappa : 0.5
       9             29         9.6136e-01      1.75e-11       5.53e-08       3.88e+02    
      10             30         9.6136e-01      1.16e-08       1.52e-06       3.10e-02    
      11             31         9.6136e-01      1.05e-11       2.35e-08       7.80e-02    
fe :  [0.07682531 0.02479407] fo :  [0.04013372 0.00451114] delta :  [[0.1508161  0.1508161 ]
 [0.14910118 0.14910118]
 [0.13494402 0.13494402]
 [0.28831004 0.28831004]
 [0.24720856 0.24720856]
 [0.58890295 0.58890295]
 [0.05507245 0.05507245]
 [0.10625167 0.10625167]
 [0.55702899 0.55702899]
 [0.27694274 0.27694274]
 [0.17872793 0.17872793]
 [1.63809985 1.63809985]] nu :  [0.06367108 0.11917209] k : [1.2392668  1.30073864 1.04438013] theta : [5.9624753  3.42331145] sigma : [2.9        1.96935185] zeta : [0.00741939 0.04188144] rho : 0.02 kappa : 0.5
      12             32         9.6136e-01      3.69e-11       7.17e-09       5.75e-02    
`ftol` termination condition is satisfied.
Function evaluations 32, initial cost 9.6142e-01, final cost 9.6136e-01, first-order optimality 5.75e-02.
   Iteration     Total nfev        Cost      Cost reduction    Step norm     Optimality   
       0              1         9.6136e-01                                    6.86e-02    
fe :  [0.0768228  0.02479377] fo :  [0.0401305  0.00451106] delta :  [[0.15081371 0.15081371]
 [0.14910061 0.14910061]
 [0.13494246 0.13494246]
 [0.28838855 0.28838855]
 [0.24726571 0.24726571]
 [0.58911992 0.58911992]
 [0.05507126 0.05507126]
 [0.10624632 0.10624632]
 [0.55718055 0.55718055]
 [0.27697361 0.27697361]
 [0.17872703 0.17872703]
 [1.6383052  1.6383052 ]] nu :  [0.06367108 0.11917209] k : [1.2392668  1.30073864 1.04438013] theta : [5.9624753  3.42331145] sigma : [2.9        1.96935185] zeta : [0.00741939 0.04188144] rho : 0.02 kappa : 0.5
       1             11         9.6136e-01      1.18e-07       3.50e-04       9.79e+02    
       2             12         9.6136e-01      8.28e-08       8.39e-05       4.69e-02    
       3             13         9.6136e-01      3.25e-08       2.07e-05       5.58e+02    
fe :  [0.07682148 0.02479353] fo :  [0.040129   0.00451101] delta :  [[0.15081242 0.15081242]
 [0.14909986 0.14909986]
 [0.13494137 0.13494137]
 [0.28839296 0.28839296]
 [0.24726558 0.24726558]
 [0.58918312 0.58918312]
 [0.05507059 0.05507059]
 [0.10624368 0.10624368]
 [0.55721626 0.55721626]
 [0.27697315 0.27697315]
 [0.17872611 0.17872611]
 [1.6383781  1.6383781 ]] nu :  [0.06367108 0.11917209] k : [1.2392668  1.30073864 1.04438013] theta : [5.9624753  3.42331145] sigma : [2.9        1.96935185] zeta : [0.00741939 0.04188144] rho : 0.02 kappa : 0.5
       4             19         9.6136e-01      3.55e-09       5.76e-07       5.91e-02    
`ftol` termination condition is satisfied.
Function evaluations 19, initial cost 9.6136e-01, final cost 9.6136e-01, first-order optimality 5.91e-02.
   Iteration     Total nfev        Cost      Cost reduction    Step norm     Optimality   
       0              1         9.6136e-01                                    6.24e-02    
fe :  [0.07682148 0.02479353] fo :  [0.04012899 0.00451101] delta :  [[0.15081242 0.15081242]
 [0.14909986 0.14909986]
 [0.13494137 0.13494137]
 [0.28839303 0.28839303]
 [0.24726563 0.24726563]
 [0.58918333 0.58918333]
 [0.05507059 0.05507059]
 [0.10624368 0.10624368]
 [0.5572164  0.5572164 ]
 [0.27697318 0.27697318]
 [0.17872609 0.17872609]
 [1.63837829 1.63837829]] nu :  [0.06367108 0.11917209] k : [1.2392668  1.30073864 1.04438013] theta : [5.9624753  3.42331145] sigma : [2.9        1.96935185] zeta : [0.00741939 0.04188144] rho : 0.02 kappa : 0.5
       1             16         9.6136e-01      6.29e-11       3.29e-07       1.87e-02    
       2             17         9.6136e-01      4.56e-11       7.66e-08       1.48e+01    
       3             21         9.6136e-01      1.11e-10       2.90e-08       4.25e-02    
`ftol` termination condition is satisfied.
Function evaluations 21, initial cost 9.6136e-01, final cost 9.6136e-01, first-order optimality 4.25e-02.
  [c_fefo->18.1] DONE obj=1.387 -> calibration_results_matched_economy/baseline_2002_variations/18.1/
  [c_nu->18.2] calib=['delta', 'T', 'eta', 'nu'] delta_free=[0, 12, 0] moments=['SPFLOW', 'DOMPATINUS', 'OUT', 'RD', 'RP', 'SRGDP', 'UUPCOSTS', 'RDPHARMACHEM', 'TOPATENT', 'TOPHARMACHEM']
     turnover targets: TOPATENT=0.127978 TOPHARMACHEM=0.09481
     initial obj=6.863 (successful)
fe :  [0.10322757 0.0360563 ] fo :  [0.05561134 0.01156073] delta :  [[0.08793932 0.08793932]
 [0.10601833 0.10601833]
 [0.11316564 0.11316564]
 [0.16194812 0.16194812]
 [0.17779985 0.17779985]
 [0.24150643 0.24150643]
 [0.07481053 0.07481053]
 [0.07801511 0.07801511]
 [0.24365702 0.24365702]
 [0.20480966 0.20480966]
 [0.18760604 0.18760604]
 [1.58447318 1.58447318]] nu :  [0.06367108 0.11917209] k : [1.2392668  1.30073864 1.04438013] theta : [5.9624753  3.42331145] sigma : [2.9        1.96935185] zeta : [0.00741939 0.04188144] rho : 0.02 kappa : 0.5
   Iteration     Total nfev        Cost      Cost reduction    Step norm     Optimality   
       0              1         2.3549e+01                                    1.07e+08    
       1              2         1.4129e+01      9.42e+00       7.24e-03       4.72e+07    
fe :  [0.10322757 0.0360563 ] fo :  [0.05561134 0.01156073] delta :  [[0.12156479 0.12156479]
 [0.11632555 0.11632555]
 [0.11564607 0.11564607]
 [0.23688153 0.23688153]
 [0.25513362 0.25513362]
 [0.48699079 0.48699079]
 [0.06699111 0.06699111]
 [0.09739657 0.09739657]
 [0.47368477 0.47368477]
 [0.27810517 0.27810517]
 [0.21453623 0.21453623]
 [1.77821188 1.77821188]] nu :  [0.07038319 0.11218802] k : [1.2392668  1.30073864 1.04438013] theta : [5.9624753  3.42331145] sigma : [2.9        1.96935185] zeta : [0.00741939 0.04188144] rho : 0.02 kappa : 0.5
       2              3         3.6358e+00      1.05e+01       1.84e+04       7.77e+06    
       3              4         3.1988e+00      4.37e-01       6.66e-03       3.78e+06    
       4              5         2.9959e+00      2.03e-01       7.38e-03       1.06e+06    
fe :  [0.10322757 0.0360563 ] fo :  [0.05561134 0.01156073] delta :  [[0.12900426 0.12900426]
 [0.1321665  0.1321665 ]
 [0.12977231 0.12977231]
 [0.26252215 0.26252215]
 [0.27546987 0.27546987]
 [0.57202374 0.57202374]
 [0.06724244 0.06724244]
 [0.11181988 0.11181988]
 [0.55315477 0.55315477]
 [0.3049143  0.3049143 ]
 [0.22241842 0.22241842]
 [1.88041141 1.88041141]] nu :  [0.07054678 0.09618027] k : [1.2392668  1.30073864 1.04438013] theta : [5.9624753  3.42331145] sigma : [2.9        1.96935185] zeta : [0.00741939 0.04188144] rho : 0.02 kappa : 0.5
       5              6         2.6490e+00      3.47e-01       2.16e+04       6.05e+05    
       6              8         2.4168e+00      2.32e-01       1.18e+04       1.51e+05    
fe :  [0.10322757 0.0360563 ] fo :  [0.05561134 0.01156073] delta :  [[0.13203361 0.13203361]
 [0.15787131 0.15787131]
 [0.1496568  0.1496568 ]
 [0.29692085 0.29692085]
 [0.28705587 0.28705587]
 [0.72480703 0.72480703]
 [0.05789983 0.05789983]
 [0.12709524 0.12709524]
 [0.68425733 0.68425733]
 [0.32428749 0.32428749]
 [0.2199903  0.2199903 ]
 [1.99102946 1.99102946]] nu :  [0.06494348 0.07962458] k : [1.2392668  1.30073864 1.04438013] theta : [5.9624753  3.42331145] sigma : [2.9        1.96935185] zeta : [0.00741939 0.04188144] rho : 0.02 kappa : 0.5
       7              9         2.4077e+00      9.04e-03       1.33e+04       5.62e+06    
       8             10         2.3352e+00      7.25e-02       7.37e+03       4.36e+06    
       9             11         2.2987e+00      3.65e-02       1.32e-03       1.53e+06    
fe :  [0.10322757 0.0360563 ] fo :  [0.05561134 0.01156073] delta :  [[0.13009571 0.13009571]
 [0.15187918 0.15187918]
 [0.14583871 0.14583871]
 [0.28855769 0.28855769]
 [0.27624483 0.27624483]
 [0.70695874 0.70695874]
 [0.05013274 0.05013274]
 [0.12088886 0.12088886]
 [0.66898546 0.66898546]
 [0.30761655 0.30761655]
 [0.20681359 0.20681359]
 [1.96892832 1.96892832]] nu :  [0.06181003 0.07995113] k : [1.2392668  1.30073864 1.04438013] theta : [5.9624753  3.42331145] sigma : [2.9        1.96935185] zeta : [0.00741939 0.04188144] rho : 0.02 kappa : 0.5
      10             14         2.2715e+00      2.72e-02       3.21e+02       4.18e+06    
      11             15         2.2668e+00      4.72e-03       1.28e+02       1.32e+06    
      12             16         2.2611e+00      5.64e-03       2.18e+01       2.07e+06    
fe :  [0.10322757 0.0360563 ] fo :  [0.05561134 0.01156073] delta :  [[0.12918414 0.12918414]
 [0.16306426 0.16306426]
 [0.1535985  0.1535985 ]
 [0.29880556 0.29880556]
 [0.28983287 0.28983287]
 [0.74576524 0.74576524]
 [0.05630263 0.05630263]
 [0.12897295 0.12897295]
 [0.70345997 0.70345997]
 [0.32473134 0.32473134]
 [0.21972881 0.21972881]
 [2.07016875 2.07016875]] nu :  [0.05922753 0.07857862] k : [1.2392668  1.30073864 1.04438013] theta : [5.9624753  3.42331145] sigma : [2.9        1.96935185] zeta : [0.00741939 0.04188144] rho : 0.02 kappa : 0.5
      13             18         2.2600e+00      1.12e-03       2.82e-01       1.96e+06    
      14             19         2.2557e+00      4.34e-03       3.33e-02       5.17e+04    
fe :  [0.10322757 0.0360563 ] fo :  [0.05561134 0.01156073] delta :  [[0.12634869 0.12634869]
 [0.16490044 0.16490044]
 [0.15625254 0.15625254]
 [0.30544562 0.30544562]
 [0.28754735 0.28754735]
 [0.73888858 0.73888858]
 [0.05815682 0.05815682]
 [0.1298839  0.1298839 ]
 [0.69662668 0.69662668]
 [0.32085922 0.32085922]
 [0.21819195 0.21819195]
 [2.05437625 2.05437625]] nu :  [0.05853659 0.07811762] k : [1.2392668  1.30073864 1.04438013] theta : [5.9624753  3.42331145] sigma : [2.9        1.96935185] zeta : [0.00741939 0.04188144] rho : 0.02 kappa : 0.5
      15             20         2.2539e+00      1.78e-03       3.38e-02       9.01e+04    
      16             21         2.2505e+00      3.35e-03       6.21e-02       4.08e+04    
      17             22         2.2465e+00      4.05e-03       2.32e-01       4.19e+05    
fe :  [0.10322757 0.0360563 ] fo :  [0.05561134 0.01156073] delta :  [[0.11995492 0.11995492]
 [0.14578722 0.14578722]
 [0.1380692  0.1380692 ]
 [0.26950501 0.26950501]
 [0.26157582 0.26157582]
 [0.68151685 0.68151685]
 [0.0461364  0.0461364 ]
 [0.11476709 0.11476709]
 [0.64437895 0.64437895]
 [0.2940209  0.2940209 ]
 [0.19785716 0.19785716]
 [1.91720417 1.91720417]] nu :  [0.05684413 0.07814803] k : [1.2392668  1.30073864 1.04438013] theta : [5.9624753  3.42331145] sigma : [2.9        1.96935185] zeta : [0.00741939 0.04188144] rho : 0.02 kappa : 0.5
      18             25         2.2462e+00      2.90e-04       1.63e-02       2.02e+04    
      19             30         2.2462e+00      3.07e-07       9.89e-05       5.80e+03    
      20             31         2.2462e+00      3.82e-07       1.28e-05       3.11e-02    
fe :  [0.10322757 0.0360563 ] fo :  [0.05561134 0.01156073] delta :  [[0.12003848 0.12003848]
 [0.14580848 0.14580848]
 [0.13807454 0.13807454]
 [0.26950126 0.26950126]
 [0.26159523 0.26159523]
 [0.68154215 0.68154215]
 [0.04613428 0.04613428]
 [0.11478445 0.11478445]
 [0.64440079 0.64440079]
 [0.29403345 0.29403345]
 [0.19785419 0.19785419]
 [1.91721151 1.91721151]] nu :  [0.05685814 0.07814239] k : [1.2392668  1.30073864 1.04438013] theta : [5.9624753  3.42331145] sigma : [2.9        1.96935185] zeta : [0.00741939 0.04188144] rho : 0.02 kappa : 0.5
      21             32         2.2462e+00      5.47e-07       3.15e-05       2.70e-02    
      22             33         2.2462e+00      5.39e-07       2.92e-05       1.15e+03    
fe :  [0.10322757 0.0360563 ] fo :  [0.05561134 0.01156073] delta :  [[0.12004067 0.12004067]
 [0.14580666 0.14580666]
 [0.13807252 0.13807252]
 [0.26949631 0.26949631]
 [0.26159205 0.26159205]
 [0.68153499 0.68153499]
 [0.04613225 0.04613225]
 [0.11478299 0.11478299]
 [0.64439358 0.64439358]
 [0.29402956 0.29402956]
 [0.19785039 0.19785039]
 [1.91720126 1.91720126]] nu :  [0.05685724 0.07814108] k : [1.2392668  1.30073864 1.04438013] theta : [5.9624753  3.42331145] sigma : [2.9        1.96935185] zeta : [0.00741939 0.04188144] rho : 0.02 kappa : 0.5
      23             34         2.2462e+00      5.39e-07       1.33e-05       1.08e+03    
      24             35         2.2462e+00      3.67e-07       5.35e-05       3.82e+03    
      25             42         2.2462e+00      0.00e+00       0.00e+00       3.82e+03    
`xtol` termination condition is satisfied.
Function evaluations 42, initial cost 2.3549e+01, final cost 2.2462e+00, first-order optimality 3.82e+03.
   Iteration     Total nfev        Cost      Cost reduction    Step norm     Optimality   
       0              1         2.2462e+00                                    2.37e-02    
fe :  [0.10322757 0.0360563 ] fo :  [0.05561134 0.01156073] delta :  [[0.1140731  0.1140731 ]
 [0.12990402 0.12990402]
 [0.12403271 0.12403271]
 [0.24690618 0.24690618]
 [0.24081351 0.24081351]
 [0.63335535 0.63335535]
 [0.03712844 0.03712844]
 [0.10195235 0.10195235]
 [0.59948801 0.59948801]
 [0.27153958 0.27153958]
 [0.17981507 0.17981507]
 [1.79415188 1.79415188]] nu :  [0.05541642 0.07780748] k : [1.2392668  1.30073864 1.04438013] theta : [5.9624753  3.42331145] sigma : [2.9        1.96935185] zeta : [0.00741939 0.04188144] rho : 0.02 kappa : 0.5
       1             11         2.2456e+00      6.33e-04       1.42e+00       4.62e+05    
       2             12         2.2434e+00      2.13e-03       2.94e-01       1.53e+05    
fe :  [0.10322757 0.0360563 ] fo :  [0.05561134 0.01156073] delta :  [[0.11696637 0.11696637]
 [0.13477175 0.13477175]
 [0.12747681 0.12747681]
 [0.25312611 0.25312611]
 [0.24614706 0.24614706]
 [0.64721338 0.64721338]
 [0.03821804 0.03821804]
 [0.10600947 0.10600947]
 [0.61363274 0.61363274]
 [0.2778526  0.2778526 ]
 [0.18506558 0.18506558]
 [1.83472213 1.83472213]] nu :  [0.05606171 0.07851363] k : [1.2392668  1.30073864 1.04438013] theta : [5.9624753  3.42331145] sigma : [2.9        1.96935185] zeta : [0.00741939 0.04188144] rho : 0.02 kappa : 0.5
       3             17         2.2434e+00      3.69e-05       7.32e-04       8.94e+02    
       4             18         2.2434e+00      5.52e-06       3.57e-04       2.39e-02    
       5             19         2.2434e+00      8.69e-06       1.00e-03       3.82e+03    
fe :  [0.10322757 0.0360563 ] fo :  [0.05561134 0.01156073] delta :  [[0.11685558 0.11685558]
 [0.13471055 0.13471055]
 [0.12741544 0.12741544]
 [0.25301971 0.25301971]
 [0.24601621 0.24601621]
 [0.64694896 0.64694896]
 [0.03818045 0.03818045]
 [0.10593874 0.10593874]
 [0.61339186 0.61339186]
 [0.27773341 0.27773341]
 [0.18497963 0.18497963]
 [1.83432606 1.83432606]] nu :  [0.05599928 0.07842176] k : [1.2392668  1.30073864 1.04438013] theta : [5.9624753  3.42331145] sigma : [2.9        1.96935185] zeta : [0.00741939 0.04188144] rho : 0.02 kappa : 0.5
       6             20         2.2434e+00      8.40e-06       8.77e-04       6.20e+02    
       7             21         2.2434e+00      7.60e-06       1.09e-03       1.42e+03    
       8             22         2.2434e+00      7.20e-06       1.23e-03       2.59e+03    
fe :  [0.10322757 0.0360563 ] fo :  [0.05561134 0.01156073] delta :  [[0.11677473 0.11677473]
 [0.13464308 0.13464308]
 [0.12735003 0.12735003]
 [0.25289842 0.25289842]
 [0.24588469 0.24588469]
 [0.64664577 0.64664577]
 [0.03815073 0.03815073]
 [0.10587502 0.10587502]
 [0.61310923 0.61310923]
 [0.27759957 0.27759957]
 [0.18488679 0.18488679]
 [1.83386049 1.83386049]] nu :  [0.05595813 0.0783599 ] k : [1.2392668  1.30073864 1.04438013] theta : [5.9624753  3.42331145] sigma : [2.9        1.96935185] zeta : [0.00741939 0.04188144] rho : 0.02 kappa : 0.5
       9             23         2.2434e+00      1.96e-06       3.05e-04       2.80e+03    
      10             24         2.2434e+00      1.97e-06       2.33e-04       5.23e-02    
fe :  [0.10322757 0.0360563 ] fo :  [0.05561134 0.01156073] delta :  [[0.11675472 0.11675472]
 [0.13462863 0.13462863]
 [0.1273363  0.1273363 ]
 [0.25287288 0.25287288]
 [0.2458559  0.2458559 ]
 [0.6465827  0.6465827 ]
 [0.03814339 0.03814339]
 [0.10586059 0.10586059]
 [0.61305076 0.61305076]
 [0.27757128 0.27757128]
 [0.18486686 0.18486686]
 [1.83376328 1.83376328]] nu :  [0.05594862 0.07834432] k : [1.2392668  1.30073864 1.04438013] theta : [5.9624753  3.42331145] sigma : [2.9        1.96935185] zeta : [0.00741939 0.04188144] rho : 0.02 kappa : 0.5
      11             25         2.2433e+00      1.71e-06       3.18e-04       8.31e+02    
      12             26         2.2433e+00      4.35e-07       7.75e-05       4.05e+03    
      13             28         2.2433e+00      3.54e-08       1.08e-05       1.49e-02    
fe :  [0.10322757 0.0360563 ] fo :  [0.05561134 0.01156073] delta :  [[0.11675249 0.11675249]
 [0.13462793 0.13462793]
 [0.12733617 0.12733617]
 [0.25287147 0.25287147]
 [0.24585263 0.24585263]
 [0.64657621 0.64657621]
 [0.03814259 0.03814259]
 [0.10585883 0.10585883]
 [0.61304505 0.61304505]
 [0.27756938 0.27756938]
 [0.18486558 0.18486558]
 [1.83375074 1.83375074]] nu :  [0.0559475  0.07834266] k : [1.2392668  1.30073864 1.04438013] theta : [5.9624753  3.42331145] sigma : [2.9        1.96935185] zeta : [0.00741939 0.04188144] rho : 0.02 kappa : 0.5
      14             29         2.2433e+00      6.97e-09       7.53e-07       3.51e+02    
Both `ftol` and `xtol` termination conditions are satisfied.
Function evaluations 29, initial cost 2.2462e+00, final cost 2.2433e+00, first-order optimality 3.51e+02.
   Iteration     Total nfev        Cost      Cost reduction    Step norm     Optimality   
       0              1         2.2433e+00                                    3.36e+02    
       1              3         2.2329e+00      1.05e-02       1.86e+02       2.63e+04    
fe :  [0.10322757 0.0360563 ] fo :  [0.05561134 0.01156073] delta :  [[0.11370661 0.11370661]
 [0.12979332 0.12979332]
 [0.12299941 0.12299941]
 [0.24618118 0.24618118]
 [0.23868768 0.23868768]
 [0.63260771 0.63260771]
 [0.03526016 0.03526016]
 [0.10196738 0.10196738]
 [0.60006933 0.60006933]
 [0.27009707 0.27009707]
 [0.17926283 0.17926283]
 [1.79252955 1.79252955]] nu :  [0.05457269 0.07733803] k : [1.2392668  1.30073864 1.04438013] theta : [5.9624753  3.42331145] sigma : [2.9        1.96935185] zeta : [0.00741939 0.04188144] rho : 0.02 kappa : 0.5
       2              5         2.2305e+00      2.39e-03       3.30e+01       2.30e+05    
       3              8         2.2304e+00      6.07e-05       9.64e-01       1.34e+05    
fe :  [0.10322757 0.0360563 ] fo :  [0.05561134 0.01156073] delta :  [[0.11588769 0.11588769]
 [0.13280142 0.13280142]
 [0.12551697 0.12551697]
 [0.24330392 0.24330392]
 [0.24324623 0.24324623]
 [0.64513379 0.64513379]
 [0.03644283 0.03644283]
 [0.10431839 0.10431839]
 [0.61091374 0.61091374]
 [0.27514217 0.27514217]
 [0.18301953 0.18301953]
 [1.82779084 1.82779084]] nu :  [0.05508587 0.07670249] k : [1.2392668  1.30073864 1.04438013] theta : [5.9624753  3.42331145] sigma : [2.9        1.96935185] zeta : [0.00741939 0.04188144] rho : 0.02 kappa : 0.5
       4             12         2.2304e+00      4.17e-05       8.02e-03       8.32e+04    
       5             13         2.2303e+00      5.78e-05       8.87e-04       5.47e+04    
       6             14         2.2302e+00      8.73e-05       1.54e-03       4.75e+04    
fe :  [0.10322757 0.0360563 ] fo :  [0.05561134 0.01156073] delta :  [[0.11560059 0.11560059]
 [0.13312229 0.13312229]
 [0.12575528 0.12575528]
 [0.24310295 0.24310295]
 [0.24305264 0.24305264]
 [0.64466504 0.64466504]
 [0.0365826  0.0365826 ]
 [0.10434275 0.10434275]
 [0.61038823 0.61038823]
 [0.27493137 0.27493137]
 [0.18291377 0.18291377]
 [1.82794309 1.82794309]] nu :  [0.05493976 0.07624075] k : [1.2392668  1.30073864 1.04438013] theta : [5.9624753  3.42331145] sigma : [2.9        1.96935185] zeta : [0.00741939 0.04188144] rho : 0.02 kappa : 0.5
       7             18         2.2302e+00      7.75e-06       2.03e-04       2.43e+04    
       8             19         2.2302e+00      3.80e-06       6.58e-05       8.71e+03    
       9             23         2.2302e+00      0.00e+00       0.00e+00       8.71e+03    
`xtol` termination condition is satisfied.
Function evaluations 23, initial cost 2.2433e+00, final cost 2.2302e+00, first-order optimality 8.71e+03.
   Iteration     Total nfev        Cost      Cost reduction    Step norm     Optimality   
       0              1         2.2302e+00                                    8.28e+03    
fe :  [0.10322757 0.0360563 ] fo :  [0.05561134 0.01156073] delta :  [[0.11524587 0.11524587]
 [0.13362618 0.13362618]
 [0.12613255 0.12613255]
 [0.24308955 0.24308955]
 [0.24314758 0.24314758]
 [0.64569745 0.64569745]
 [0.03680605 0.03680605]
 [0.10467001 0.10467001]
 [0.61053164 0.61053164]
 [0.27498259 0.27498259]
 [0.18309776 0.18309776]
 [1.83550456 1.83550456]] nu :  [0.05470911 0.07543717] k : [1.2392668  1.30073864 1.04438013] theta : [5.9624753  3.42331145] sigma : [2.9        1.96935185] zeta : [0.00741939 0.04188144] rho : 0.02 kappa : 0.5
       1             10         2.2302e+00      1.49e-05       1.33e-03       2.14e+04    
       2             11         2.2302e+00      4.51e-05       2.79e-03       2.28e+04    
fe :  [0.10322757 0.0360563 ] fo :  [0.05561134 0.01156073] delta :  [[0.11528086 0.11528086]
 [0.13322151 0.13322151]
 [0.12577315 0.12577315]
 [0.24279094 0.24279094]
 [0.24277633 0.24277633]
 [0.64450534 0.64450534]
 [0.03654468 0.03654468]
 [0.10435257 0.10435257]
 [0.60970536 0.60970536]
 [0.27461303 0.27461303]
 [0.18276802 0.18276802]
 [1.82814468 1.82814468]] nu :  [0.05477395 0.07571621] k : [1.2392668  1.30073864 1.04438013] theta : [5.9624753  3.42331145] sigma : [2.9        1.96935185] zeta : [0.00741939 0.04188144] rho : 0.02 kappa : 0.5
       3             12         2.2301e+00      4.88e-05       1.03e-03       2.77e+04    
       4             17         2.2301e+00      1.92e-06       7.77e-05       1.21e+04    
       5             18         2.2301e+00      7.12e-07       7.51e-06       3.09e+03    
fe :  [0.10322757 0.0360563 ] fo :  [0.05561134 0.01156073] delta :  [[0.11528135 0.11528135]
 [0.13323073 0.13323073]
 [0.1257821  0.1257821 ]
 [0.2427973  0.2427973 ]
 [0.24278361 0.24278361]
 [0.64451061 0.64451061]
 [0.03655238 0.03655238]
 [0.10436102 0.10436102]
 [0.60970964 0.60970964]
 [0.27461989 0.27461989]
 [0.18277593 0.18277593]
 [1.82814469 1.82814469]] nu :  [0.05478424 0.07571149] k : [1.2392668  1.30073864 1.04438013] theta : [5.9624753  3.42331145] sigma : [2.9        1.96935185] zeta : [0.00741939 0.04188144] rho : 0.02 kappa : 0.5
       6             19         2.2301e+00      8.09e-07       7.15e-06       8.79e+02    
       7             20         2.2301e+00      1.60e-06       2.04e-05       2.17e+03    
fe :  [0.10322757 0.0360563 ] fo :  [0.05561134 0.01156073] delta :  [[0.11527052 0.11527052]
 [0.13322931 0.13322931]
 [0.12578052 0.12578052]
 [0.24279089 0.24279089]
 [0.24277884 0.24277884]
 [0.64450242 0.64450242]
 [0.03655118 0.03655118]
 [0.10435887 0.10435887]
 [0.60969803 0.60969803]
 [0.27461412 0.27461412]
 [0.18277244 0.18277244]
 [1.82814972 1.82814972]] nu :  [0.05477916 0.07569047] k : [1.2392668  1.30073864 1.04438013] theta : [5.9624753  3.42331145] sigma : [2.9        1.96935185] zeta : [0.00741939 0.04188144] rho : 0.02 kappa : 0.5
       8             21         2.2301e+00      2.65e-06       2.42e-05       3.04e+03    
       9             22         2.2301e+00      4.13e-06       7.73e-05       5.40e-02    
      10             23         2.2301e+00      1.06e-05       7.20e-04       1.49e+04    
fe :  [0.10322757 0.0360563 ] fo :  [0.05561134 0.01156073] delta :  [[0.11520452 0.11520452]
 [0.13321824 0.13321824]
 [0.12574867 0.12574867]
 [0.24271661 0.24271661]
 [0.24271199 0.24271199]
 [0.64435651 0.64435651]
 [0.03653915 0.03653915]
 [0.10432997 0.10432997]
 [0.60953257 0.60953257]
 [0.27453684 0.27453684]
 [0.18272261 0.18272261]
 [1.82798701 1.82798701]] nu :  [0.05474525 0.07559345] k : [1.2392668  1.30073864 1.04438013] theta : [5.9624753  3.42331145] sigma : [2.9        1.96935185] zeta : [0.00741939 0.04188144] rho : 0.02 kappa : 0.5
      11             24         2.2301e+00      1.28e-05       2.70e-04       8.29e+03    
      12             25         2.2301e+00      2.39e-05       8.60e-04       1.12e+04    
      13             26         2.2300e+00      2.42e-05       9.11e-04       1.17e+04    
fe :  [0.10322757 0.0360563 ] fo :  [0.05561134 0.01156073] delta :  [[0.11503655 0.11503655]
 [0.13312465 0.13312465]
 [0.12565302 0.12565302]
 [0.24250319 0.24250319]
 [0.24251739 0.24251739]
 [0.6438964  0.6438964 ]
 [0.03650445 0.03650445]
 [0.10424597 0.10424597]
 [0.60905336 0.60905336]
 [0.27431273 0.27431273]
 [0.18257692 0.18257692]
 [1.82733487 1.82733487]] nu :  [0.05466152 0.0753817 ] k : [1.2392668  1.30073864 1.04438013] theta : [5.9624753  3.42331145] sigma : [2.9        1.96935185] zeta : [0.00741939 0.04188144] rho : 0.02 kappa : 0.5
      14             27         2.2300e+00      2.45e-05       7.60e-04       1.16e+04    
      15             28         2.2300e+00      4.67e-05       1.98e-03       1.83e+04    
fe :  [0.10322757 0.0360563 ] fo :  [0.05561134 0.01156073] delta :  [[0.11480143 0.11480143]
 [0.13300209 0.13300209]
 [0.12552339 0.12552339]
 [0.24220571 0.24220571]
 [0.24225331 0.24225331]
 [0.64330724 0.64330724]
 [0.03645408 0.03645408]
 [0.10413198 0.10413198]
 [0.60841598 0.60841598]
 [0.27400781 0.27400781]
 [0.18237876 0.18237876]
 [1.8264914  1.8264914 ]] nu :  [0.05454039 0.07510529] k : [1.2392668  1.30073864 1.04438013] theta : [5.9624753  3.42331145] sigma : [2.9        1.96935185] zeta : [0.00741939 0.04188144] rho : 0.02 kappa : 0.5
      16             29         2.2299e+00      4.99e-05       9.58e-04       2.33e+04    
      17             34         2.2299e+00      9.81e-07       4.40e-05       4.53e+03    
      18             35         2.2299e+00      4.52e-07       3.56e-06       2.97e+03    
fe :  [0.10322757 0.0360563 ] fo :  [0.05561134 0.01156073] delta :  [[0.11479988 0.11479988]
 [0.13301375 0.13301375]
 [0.12553462 0.12553462]
 [0.24220505 0.24220505]
 [0.24225814 0.24225814]
 [0.64331775 0.64331775]
 [0.03645393 0.03645393]
 [0.10413701 0.10413701]
 [0.60842063 0.60842063]
 [0.27401094 0.27401094]
 [0.18238363 0.18238363]
 [1.82649681 1.82649681]] nu :  [0.05454    0.07510275] k : [1.2392668  1.30073864 1.04438013] theta : [5.9624753  3.42331145] sigma : [2.9        1.96935185] zeta : [0.00741939 0.04188144] rho : 0.02 kappa : 0.5
      19             45         2.2299e+00      2.54e-10       2.32e-08       4.64e+02    
`ftol` termination condition is satisfied.
Function evaluations 45, initial cost 2.2302e+00, final cost 2.2299e+00, first-order optimality 4.64e+02.
   Iteration     Total nfev        Cost      Cost reduction    Step norm     Optimality   
       0              1         2.2299e+00                                    9.22e+02    
       1              2         2.2297e+00      1.65e-04       8.92e+01       2.49e+03    
fe :  [0.10322757 0.0360563 ] fo :  [0.05561134 0.01156073] delta :  [[0.11776836 0.11776836]
 [0.14306004 0.14306004]
 [0.13449097 0.13449097]
 [0.25544127 0.25544127]
 [0.25653388 0.25653388]
 [0.67456768 0.67456768]
 [0.0416851  0.0416851 ]
 [0.11236483 0.11236483]
 [0.63632857 0.63632857]
 [0.2887462  0.2887462 ]
 [0.19324773 0.19324773]
 [1.91368027 1.91368027]] nu :  [0.05510058 0.07376115] k : [1.2392668  1.30073864 1.04438013] theta : [5.9624753  3.42331145] sigma : [2.9        1.96935185] zeta : [0.00741939 0.04188144] rho : 0.02 kappa : 0.5
       2             14         2.2297e+00      9.26e-06       1.05e-04       1.37e+04    
       3             15         2.2297e+00      2.43e-06       8.74e-06       2.95e+03    
fe :  [0.10322757 0.0360563 ] fo :  [0.05561134 0.01156073] delta :  [[0.11478401 0.11478401]
 [0.13301311 0.13301311]
 [0.1255382  0.1255382 ]
 [0.24216687 0.24216687]
 [0.24222321 0.24222321]
 [0.64326861 0.64326861]
 [0.03646578 0.03646578]
 [0.10414537 0.10414537]
 [0.60837822 0.60837822]
 [0.27396614 0.27396614]
 [0.18238165 0.18238165]
 [1.82636726 1.82636726]] nu :  [0.05454075 0.07505897] k : [1.2392668  1.30073864 1.04438013] theta : [5.9624753  3.42331145] sigma : [2.9        1.96935185] zeta : [0.00741939 0.04188144] rho : 0.02 kappa : 0.5
       4             23         2.2297e+00      3.99e-09       1.24e-06       1.34e-02    
       5             25         2.2297e+00      2.18e-11       1.54e-10       1.37e-02    
`ftol` termination condition is satisfied.
Function evaluations 25, initial cost 2.2299e+00, final cost 2.2297e+00, first-order optimality 1.37e-02.
   Iteration     Total nfev        Cost      Cost reduction    Step norm     Optimality   
       0              1         2.2297e+00                                    2.02e-01    
fe :  [0.10322757 0.0360563 ] fo :  [0.05561134 0.01156073] delta :  [[0.10552334 0.10552334]
 [0.11803511 0.11803511]
 [0.11217557 0.11217557]
 [0.21896639 0.21896639]
 [0.21939852 0.21939852]
 [0.596918   0.596918  ]
 [0.02912976 0.02912976]
 [0.09200711 0.09200711]
 [0.56387964 0.56387964]
 [0.25073993 0.25073993]
 [0.16562994 0.16562994]
 [1.70499909 1.70499909]] nu :  [0.04995664 0.07164875] k : [1.2392668  1.30073864 1.04438013] theta : [5.9624753  3.42331145] sigma : [2.9        1.96935185] zeta : [0.00741939 0.04188144] rho : 0.02 kappa : 0.5
       1              3         2.2274e+00      2.30e-03       1.33e+02       1.34e+05    
       2              4         2.2219e+00      5.53e-03       1.65e+01       8.11e+05    
fe :  [0.10322757 0.0360563 ] fo :  [0.05561134 0.01156073] delta :  [[0.08636467 0.08636467]
 [0.0820417  0.0820417 ]
 [0.07848114 0.07848114]
 [0.16495306 0.16495306]
 [0.16499941 0.16499941]
 [0.48062784 0.48062784]
 [0.01099257 0.01099257]
 [0.06157456 0.06157456]
 [0.44911059 0.44911059]
 [0.19404871 0.19404871]
 [0.12165981 0.12165981]
 [1.36415353 1.36415353]] nu :  [0.04512571 0.06712761] k : [1.2392668  1.30073864 1.04438013] theta : [5.9624753  3.42331145] sigma : [2.9        1.96935185] zeta : [0.00741939 0.04188144] rho : 0.02 kappa : 0.5
       3              6         2.2196e+00      2.34e-03       4.93e+01       2.34e+06    
       4              7         2.2036e+00      1.60e-02       1.04e+00       1.41e+06    
       5              9         2.1957e+00      7.81e-03       1.27e+00       2.78e+05    
fe :  [0.10322757 0.0360563 ] fo :  [0.05561134 0.01156073] delta :  [[0.08500814 0.08500814]
 [0.09619012 0.09619012]
 [0.08575372 0.08575372]
 [0.17463306 0.17463306]
 [0.18217975 0.18217975]
 [0.51505806 0.51505806]
 [0.01797163 0.01797163]
 [0.07008605 0.07008605]
 [0.47923592 0.47923592]
 [0.2060068  0.2060068 ]
 [0.13224269 0.13224269]
 [1.47998109 1.47998109]] nu :  [0.04373176 0.05521958] k : [1.2392668  1.30073864 1.04438013] theta : [5.9624753  3.42331145] sigma : [2.9        1.96935185] zeta : [0.00741939 0.04188144] rho : 0.02 kappa : 0.5
       6             10         2.1941e+00      1.61e-03       2.66e-01       4.12e+05    
       7             11         2.1941e+00      2.52e-05       2.59e-01       7.10e+04    
       8             12         2.1936e+00      4.99e-04       1.57e-01       8.68e+05    
fe :  [0.10322757 0.0360563 ] fo :  [0.05561134 0.01156073] delta :  [[0.08338302 0.08338302]
 [0.09217566 0.09217566]
 [0.08230398 0.08230398]
 [0.16958    0.16958   ]
 [0.1765354  0.1765354 ]
 [0.50225515 0.50225515]
 [0.01669607 0.01669607]
 [0.06677871 0.06677871]
 [0.4668678  0.4668678 ]
 [0.20013742 0.20013742]
 [0.12765968 0.12765968]
 [1.45012463 1.45012463]] nu :  [0.04328446 0.05514036] k : [1.2392668  1.30073864 1.04438013] theta : [5.9624753  3.42331145] sigma : [2.9        1.96935185] zeta : [0.00741939 0.04188144] rho : 0.02 kappa : 0.5
       9             13         2.1935e+00      1.35e-04       3.54e-02       5.95e+04    
      10             14         2.1934e+00      6.77e-05       1.60e-02       1.19e+05    
fe :  [0.10322757 0.0360563 ] fo :  [0.05561134 0.01156073] delta :  [[0.08282714 0.08282714]
 [0.09076733 0.09076733]
 [0.08100856 0.08100856]
 [0.16736798 0.16736798]
 [0.17453155 0.17453155]
 [0.49816574 0.49816574]
 [0.01575773 0.01575773]
 [0.06611526 0.06611526]
 [0.46293758 0.46293758]
 [0.19785313 0.19785313]
 [0.12603281 0.12603281]
 [1.43354842 1.43354842]] nu :  [0.04314364 0.05513026] k : [1.2392668  1.30073864 1.04438013] theta : [5.9624753  3.42331145] sigma : [2.9        1.96935185] zeta : [0.00741939 0.04188144] rho : 0.02 kappa : 0.5
      11             16         2.1934e+00      7.19e-06       1.48e-02       6.30e+03    
      12             18         2.1934e+00      1.94e-06       1.30e-03       1.96e+03    
      13             19         2.1934e+00      3.20e-07       2.01e-04       9.11e-03    
fe :  [0.10322757 0.0360563 ] fo :  [0.05561134 0.01156073] delta :  [[0.08292334 0.08292334]
 [0.09096045 0.09096045]
 [0.08101959 0.08101959]
 [0.16760661 0.16760661]
 [0.17482936 0.17482936]
 [0.49883034 0.49883034]
 [0.01575257 0.01575257]
 [0.06622517 0.06622517]
 [0.46358029 0.46358029]
 [0.19812016 0.19812016]
 [0.12625843 0.12625843]
 [1.43391062 1.43391062]] nu :  [0.04317576 0.05516352] k : [1.2392668  1.30073864 1.04438013] theta : [5.9624753  3.42331145] sigma : [2.9        1.96935185] zeta : [0.00741939 0.04188144] rho : 0.02 kappa : 0.5
      14             20         2.1934e+00      1.37e-08       2.88e-04       4.29e+03    
      15             29         2.1934e+00      5.06e-10       1.52e-07       1.68e+03    
fe :  [0.10322757 0.0360563 ] fo :  [0.05561134 0.01156073] delta :  [[0.08292334 0.08292334]
 [0.09096045 0.09096045]
 [0.08101959 0.08101959]
 [0.16760661 0.16760661]
 [0.17482936 0.17482936]
 [0.49883034 0.49883034]
 [0.01575257 0.01575257]
 [0.06622517 0.06622517]
 [0.46358029 0.46358029]
 [0.19812016 0.19812016]
 [0.12625843 0.12625843]
 [1.43391062 1.43391062]] nu :  [0.04317577 0.05516352] k : [1.2392668  1.30073864 1.04438013] theta : [5.9624753  3.42331145] sigma : [2.9        1.96935185] zeta : [0.00741939 0.04188144] rho : 0.02 kappa : 0.5
      16             30         2.1934e+00      2.99e-10       3.80e-08       8.16e+02    
      17             31         2.1934e+00      1.09e-10       9.51e-09       6.82e+02    
`ftol` termination condition is satisfied.
Function evaluations 31, initial cost 2.2297e+00, final cost 2.1934e+00, first-order optimality 6.82e+02.
  [c_nu->18.2] DONE obj=2.094 -> calibration_results_matched_economy/baseline_2002_variations/18.2/
  [c_all->18.3] calib=['delta', 'T', 'eta', 'fe', 'fo', 'nu'] delta_free=[0, 12, 0] moments=['SPFLOW', 'DOMPATINUS', 'OUT', 'RD', 'RP', 'SRGDP', 'UUPCOSTS', 'RDPHARMACHEM', 'TOPATENT', 'TOPHARMACHEM']
     turnover targets: TOPATENT=0.127978 TOPHARMACHEM=0.09481
     initial obj=6.863 (successful)
fe :  [0.10322757 0.0360563 ] fo :  [0.05561134 0.01156073] delta :  [[0.08793932 0.08793932]
 [0.10601833 0.10601833]
 [0.11316564 0.11316564]
 [0.16194812 0.16194812]
 [0.17779985 0.17779985]
 [0.24150643 0.24150643]
 [0.07481053 0.07481053]
 [0.07801511 0.07801511]
 [0.24365702 0.24365702]
 [0.20480966 0.20480966]
 [0.18760604 0.18760604]
 [1.58447318 1.58447318]] nu :  [0.06367108 0.11917209] k : [1.2392668  1.30073864 1.04438013] theta : [5.9624753  3.42331145] sigma : [2.9        1.96935185] zeta : [0.00741939 0.04188144] rho : 0.02 kappa : 0.5
   Iteration     Total nfev        Cost      Cost reduction    Step norm     Optimality   
       0              1         2.3549e+01                                    1.07e+08    
       1              2         1.4129e+01      9.42e+00       7.24e-03       4.72e+07    
fe :  [0.11104819 0.05026591] fo :  [0.05446478 0.01222175] delta :  [[0.12198613 0.12198613]
 [0.11722052 0.11722052]
 [0.11675472 0.11675472]
 [0.23637047 0.23637047]
 [0.25306848 0.25306848]
 [0.48366579 0.48366579]
 [0.06669291 0.06669291]
 [0.0965918  0.0965918 ]
 [0.47067104 0.47067104]
 [0.27524484 0.27524484]
 [0.21202061 0.21202061]
 [1.75793214 1.75793214]] nu :  [0.07010683 0.11859451] k : [1.2392668  1.30073864 1.04438013] theta : [5.9624753  3.42331145] sigma : [2.9        1.96935185] zeta : [0.00741939 0.04188144] rho : 0.02 kappa : 0.5
       2              3         3.9570e+00      1.02e+01       2.06e+04       4.65e+07    
       3              4         3.7869e+00      1.70e-01       2.54e+03       4.43e+07    
       4              6         1.5386e+00      2.25e+00       6.23e+03       1.62e+06    
fe :  [0.20702306 0.05218459] fo :  [0.12171846 0.01362037] delta :  [[0.15786348 0.15786348]
 [0.16212264 0.16212264]
 [0.15103212 0.15103212]
 [0.33003285 0.33003285]
 [0.32739381 0.32739381]
 [0.69841932 0.69841932]
 [0.07297889 0.07297889]
 [0.13173455 0.13173455]
 [0.65851114 0.65851114]
 [0.36414703 0.36414703]
 [0.24858289 0.24858289]
 [2.0768325  2.0768325 ]] nu :  [0.10690661 0.09791069] k : [1.2392668  1.30073864 1.04438013] theta : [5.9624753  3.42331145] sigma : [2.9        1.96935185] zeta : [0.00741939 0.04188144] rho : 0.02 kappa : 0.5
       5              7         1.5190e+00      1.95e-02       7.11e+02       1.56e+06    
       6              8         1.2349e+00      2.84e-01       3.00e+03       8.16e+05    
fe :  [0.33929237 0.05169046] fo :  [0.13373617 0.01431204] delta :  [[0.20215456 0.20215456]
 [0.19127524 0.19127524]
 [0.17349489 0.17349489]
 [0.37374811 0.37374811]
 [0.32049977 0.32049977]
 [0.7835245  0.7835245 ]
 [0.07056068 0.07056068]
 [0.14057656 0.14057656]
 [0.73171703 0.73171703]
 [0.38447956 0.38447956]
 [0.23596146 0.23596146]
 [2.15717635 2.15717635]] nu :  [0.12105075 0.07422429] k : [1.2392668  1.30073864 1.04438013] theta : [5.9624753  3.42331145] sigma : [2.9        1.96935185] zeta : [0.00741939 0.04188144] rho : 0.02 kappa : 0.5
       7              9         1.0566e+00      1.78e-01       9.94e+03       3.01e+07    
       8             10         1.0367e+00      1.99e-02       3.98e+03       6.55e+06    
       9             11         9.9147e-01      4.52e-02       1.72e+01       3.87e+06    
fe :  [0.39533446 0.04235895] fo :  [0.13129332 0.01174099] delta :  [[0.21169191 0.21169191]
 [0.20041078 0.20041078]
 [0.18352886 0.18352886]
 [0.38866617 0.38866617]
 [0.33475505 0.33475505]
 [0.80116447 0.80116447]
 [0.07551832 0.07551832]
 [0.14768321 0.14768321]
 [0.73967496 0.73967496]
 [0.37185243 0.37185243]
 [0.23763841 0.23763841]
 [2.19070799 2.19070799]] nu :  [0.12516963 0.06317028] k : [1.2392668  1.30073864 1.04438013] theta : [5.9624753  3.42331145] sigma : [2.9        1.96935185] zeta : [0.00741939 0.04188144] rho : 0.02 kappa : 0.5
      10             14         9.8968e-01      1.79e-03       2.78e+00       1.06e+06    
      11             15         9.7628e-01      1.34e-02       6.47e+00       3.25e+05    
fe :  [0.32788696 0.0325553 ] fo :  [0.20011682 0.01783337] delta :  [[0.18240872 0.18240872]
 [0.17981176 0.17981176]
 [0.16420648 0.16420648]
 [0.3586761  0.3586761 ]
 [0.30552884 0.30552884]
 [0.73848063 0.73848063]
 [0.06355162 0.06355162]
 [0.13098611 0.13098611]
 [0.69194306 0.69194306]
 [0.33871948 0.33871948]
 [0.21677847 0.21677847]
 [2.05028605 2.05028605]] nu :  [0.12537727 0.06355308] k : [1.2392668  1.30073864 1.04438013] theta : [5.9624753  3.42331145] sigma : [2.9        1.96935185] zeta : [0.00741939 0.04188144] rho : 0.02 kappa : 0.5
      12             16         9.6656e-01      9.71e-03       6.07e+00       4.13e+05    
      13             19         9.6625e-01      3.16e-04       1.33e-01       6.99e+04    
      14             20         9.6576e-01      4.89e-04       4.16e-02       1.25e+04    
fe :  [0.36582895 0.03777405] fo :  [0.19118021 0.01773265] delta :  [[0.18910167 0.18910167]
 [0.18365562 0.18365562]
 [0.16775538 0.16775538]
 [0.36479438 0.36479438]
 [0.31099871 0.31099871]
 [0.74996821 0.74996821]
 [0.06571945 0.06571945]
 [0.13413864 0.13413864]
 [0.701957   0.701957  ]
 [0.34356351 0.34356351]
 [0.22021593 0.22021593]
 [2.07295617 2.07295617]] nu :  [0.12545682 0.06380625] k : [1.2392668  1.30073864 1.04438013] theta : [5.9624753  3.42331145] sigma : [2.9        1.96935185] zeta : [0.00741939 0.04188144] rho : 0.02 kappa : 0.5
      15             21         9.6475e-01      1.01e-03       8.77e-02       6.01e+04    
      16             23         9.6469e-01      5.91e-05       3.27e-02       4.30e+04    
fe :  [0.46777808 0.05081715] fo :  [0.21020356 0.02078729] delta :  [[0.18872611 0.18872611]
 [0.18287671 0.18287671]
 [0.16694805 0.16694805]
 [0.3635744  0.3635744 ]
 [0.31012292 0.31012292]
 [0.74731898 0.74731898]
 [0.06501237 0.06501237]
 [0.13327258 0.13327258]
 [0.69963313 0.69963313]
 [0.34246917 0.34246917]
 [0.21954284 0.21954284]
 [2.06980288 2.06980288]] nu :  [0.12458737 0.06395376] k : [1.2392668  1.30073864 1.04438013] theta : [5.9624753  3.42331145] sigma : [2.9        1.96935185] zeta : [0.00741939 0.04188144] rho : 0.02 kappa : 0.5
      17             25         9.6468e-01      1.16e-05       1.07e-01       3.32e+05    
      18             26         9.6443e-01      2.48e-04       9.09e-04       9.35e+04    
      19             27         9.6439e-01      4.24e-05       6.09e-04       2.42e+03    
fe :  [0.4676019 0.0510353] fo :  [0.21006636 0.02104882] delta :  [[0.18854929 0.18854929]
 [0.18278169 0.18278169]
 [0.1669863  0.1669863 ]
 [0.36348456 0.36348456]
 [0.31009452 0.31009452]
 [0.74718842 0.74718842]
 [0.06495971 0.06495971]
 [0.13321083 0.13321083]
 [0.69947357 0.69947357]
 [0.34235561 0.34235561]
 [0.21950837 0.21950837]
 [2.06956061 2.06956061]] nu :  [0.12535832 0.06380555] k : [1.2392668  1.30073864 1.04438013] theta : [5.9624753  3.42331145] sigma : [2.9        1.96935185] zeta : [0.00741939 0.04188144] rho : 0.02 kappa : 0.5
      20             28         9.6438e-01      1.26e-05       1.42e-03       2.96e+03    
      21             29         9.6436e-01      1.85e-05       1.18e-03       3.52e+03    
fe :  [0.46718798 0.05100972] fo :  [0.20964826 0.02098819] delta :  [[0.18837423 0.18837423]
 [0.18273722 0.18273722]
 [0.16690258 0.16690258]
 [0.36352907 0.36352907]
 [0.31037316 0.31037316]
 [0.74884108 0.74884108]
 [0.064929   0.064929  ]
 [0.13309175 0.13309175]
 [0.70033052 0.70033052]
 [0.34223484 0.34223484]
 [0.21950682 0.21950682]
 [2.07140741 2.07140741]] nu :  [0.12552696 0.0639558 ] k : [1.2392668  1.30073864 1.04438013] theta : [5.9624753  3.42331145] sigma : [2.9        1.96935185] zeta : [0.00741939 0.04188144] rho : 0.02 kappa : 0.5
      22             30         9.6436e-01      4.05e-06       3.50e-03       2.36e+03    
      23             31         9.6433e-01      2.64e-05       4.05e-02       9.48e+04    
      24             32         9.6432e-01      6.93e-06       5.40e-04       8.31e+03    
fe :  [0.50735975 0.05637067] fo :  [0.21013317 0.0210261 ] delta :  [[0.18937501 0.18937501]
 [0.18306907 0.18306907]
 [0.16701727 0.16701727]
 [0.36368555 0.36368555]
 [0.31052259 0.31052259]
 [0.74906004 0.74906004]
 [0.06505532 0.06505532]
 [0.13311969 0.13311969]
 [0.70054071 0.70054071]
 [0.3423649  0.3423649 ]
 [0.21962631 0.21962631]
 [2.07153466 2.07153466]] nu :  [0.12548775 0.06393637] k : [1.2392668  1.30073864 1.04438013] theta : [5.9624753  3.42331145] sigma : [2.9        1.96935185] zeta : [0.00741939 0.04188144] rho : 0.02 kappa : 0.5
      25             39         9.6432e-01      8.28e-08       6.54e-06       3.02e-02    
      26             40         9.6432e-01      3.38e-12       3.73e-08       1.12e+03    
`xtol` termination condition is satisfied.
Function evaluations 40, initial cost 2.3549e+01, final cost 9.6432e-01, first-order optimality 1.12e+03.
fe :  [0.50735974 0.05637067] fo :  [0.21013317 0.0210261 ] delta :  [[0.18937501 0.18937501]
 [0.18306907 0.18306907]
 [0.16701727 0.16701727]
 [0.36368555 0.36368555]
 [0.31052258 0.31052258]
 [0.74906004 0.74906004]
 [0.06505532 0.06505532]
 [0.13311969 0.13311969]
 [0.7005407  0.7005407 ]
 [0.3423649  0.3423649 ]
 [0.21962631 0.21962631]
 [2.07153463 2.07153463]] nu :  [0.12548775 0.06393637] k : [1.2392668  1.30073864 1.04438013] theta : [5.9624753  3.42331145] sigma : [2.9        1.96935185] zeta : [0.00741939 0.04188144] rho : 0.02 kappa : 0.5
   Iteration     Total nfev        Cost      Cost reduction    Step norm     Optimality   
       0              1         9.6432e-01                                    1.40e+03    
       1             18         9.6432e-01      1.82e-08       2.24e-06       1.68e-02    
`xtol` termination condition is satisfied.
Function evaluations 18, initial cost 9.6432e-01, final cost 9.6432e-01, first-order optimality 1.68e-02.
   Iteration     Total nfev        Cost      Cost reduction    Step norm     Optimality   
       0              1         9.6432e-01                                    7.93e+02    
fe :  [0.20800984 0.01547248] fo :  [0.09372179 0.00538727] delta :  [[0.20938829 0.20938829]
 [0.20344021 0.20344021]
 [0.18709568 0.18709568]
 [0.39601379 0.39601379]
 [0.33739154 0.33739154]
 [0.80416909 0.80416909]
 [0.07743955 0.07743955]
 [0.15137999 0.15137999]
 [0.75066132 0.75066132]
 [0.37114839 0.37114839]
 [0.23990438 0.23990438]
 [2.20392937 2.20392937]] nu :  [0.12489644 0.06271577] k : [1.2392668  1.30073864 1.04438013] theta : [5.9624753  3.42331145] sigma : [2.9        1.96935185] zeta : [0.00741939 0.04188144] rho : 0.02 kappa : 0.5
       1             18         9.6432e-01      1.74e-09       2.24e-06       1.80e-02    
`xtol` termination condition is satisfied.
Function evaluations 18, initial cost 9.6432e-01, final cost 9.6432e-01, first-order optimality 1.80e-02.
   Iteration     Total nfev        Cost      Cost reduction    Step norm     Optimality   
       0              1         9.6432e-01                                    4.12e+02    
fe :  [0.5073623  0.05637265] fo :  [0.21013541 0.021028  ] delta :  [[0.18937501 0.18937501]
 [0.18306907 0.18306907]
 [0.16701727 0.16701727]
 [0.36368555 0.36368555]
 [0.31052258 0.31052258]
 [0.74906004 0.74906004]
 [0.06505532 0.06505532]
 [0.13311969 0.13311969]
 [0.70054072 0.70054072]
 [0.3423649  0.3423649 ]
 [0.21962631 0.21962631]
 [2.07153463 2.07153463]] nu :  [0.12548775 0.06393637] k : [1.2392668  1.30073864 1.04438013] theta : [5.9624753  3.42331145] sigma : [2.9        1.96935185] zeta : [0.00741939 0.04188144] rho : 0.02 kappa : 0.5
       1             20         9.6432e-01      1.05e-10       1.40e-07       7.18e-02    
       2             24         9.6432e-01      0.00e+00       0.00e+00       7.18e-02    
`xtol` termination condition is satisfied.
Function evaluations 24, initial cost 9.6432e-01, final cost 9.6432e-01, first-order optimality 7.18e-02.
   Iteration     Total nfev        Cost      Cost reduction    Step norm     Optimality   
       0              1         9.6432e-01                                    1.54e+02    
fe :  [0.5073623  0.05637265] fo :  [0.21013541 0.021028  ] delta :  [[0.18937501 0.18937501]
 [0.18306907 0.18306907]
 [0.16701727 0.16701727]
 [0.36368555 0.36368555]
 [0.31052258 0.31052258]
 [0.74906004 0.74906004]
 [0.06505532 0.06505532]
 [0.13311969 0.13311969]
 [0.7005407  0.7005407 ]
 [0.3423649  0.3423649 ]
 [0.21962631 0.21962631]
 [2.07153463 2.07153463]] nu :  [0.12548775 0.06393637] k : [1.2392668  1.30073864 1.04438013] theta : [5.9624753  3.42331145] sigma : [2.9        1.96935185] zeta : [0.00741939 0.04188144] rho : 0.02 kappa : 0.5
       1             22         9.6432e-01      5.89e-11       5.97e-09       1.00e-01    
`ftol` termination condition is satisfied.
Function evaluations 22, initial cost 9.6432e-01, final cost 9.6432e-01, first-order optimality 1.00e-01.
   Iteration     Total nfev        Cost      Cost reduction    Step norm     Optimality   
       0              1         9.6432e-01                                    3.72e+02    
fe :  [0.50736238 0.05637271] fo :  [0.21013548 0.02102806] delta :  [[0.18937501 0.18937501]
 [0.18306907 0.18306907]
 [0.16701727 0.16701727]
 [0.36368555 0.36368555]
 [0.31052258 0.31052258]
 [0.74906004 0.74906004]
 [0.06505532 0.06505532]
 [0.13311969 0.13311969]
 [0.7005407  0.7005407 ]
 [0.3423649  0.3423649 ]
 [0.21962631 0.21962631]
 [2.07153463 2.07153463]] nu :  [0.12548775 0.06393637] k : [1.2392668  1.30073864 1.04438013] theta : [5.9624753  3.42331145] sigma : [2.9        1.96935185] zeta : [0.00741939 0.04188144] rho : 0.02 kappa : 0.5
       1             20         9.6432e-01      8.45e-11       1.40e-07       7.21e-02    
       2             24         9.6432e-01      0.00e+00       0.00e+00       7.21e-02    
`xtol` termination condition is satisfied.
Function evaluations 24, initial cost 9.6432e-01, final cost 9.6432e-01, first-order optimality 7.21e-02.
  [c_all->18.3] DONE obj=1.389 -> calibration_results_matched_economy/baseline_2002_variations/18.3/
  [cd_base->19.0] calib=['delta', 'T', 'eta'] delta_free=[0, 12, 12] moments=['SPFLOW', 'DOMPATINUS', 'OUT', 'RD', 'RP', 'SRGDP', 'UUPCOSTS', 'RDPHARMACHEM']
     initial obj=4.382 (successful)
fe :  [0.10322757 0.0360563 ] fo :  [0.05561134 0.01156073] delta :  [[0.08793932 0.08793932]
 [0.10601833 0.10601833]
 [0.11316564 0.11316564]
 [0.16194812 0.16194812]
 [0.17779985 0.17779985]
 [0.24150643 0.24150643]
 [0.07481053 0.07481053]
 [0.07801511 0.07801511]
 [0.24365702 0.24365702]
 [0.20480966 0.20480966]
 [0.18760604 0.18760604]
 [1.58447318 1.58447318]] nu :  [0.06367108 0.11917209] k : [1.2392668  1.30073864 1.04438013] theta : [5.9624753  3.42331145] sigma : [2.9        1.96935185] zeta : [0.00741939 0.04188144] rho : 0.02 kappa : 0.5
   Iteration     Total nfev        Cost      Cost reduction    Step norm     Optimality   
       0              1         9.6031e+00                                    6.67e+07    
       1              2         7.6753e+00      1.93e+00       3.42e-03       2.97e+07    
fe :  [0.10322757 0.0360563 ] fo :  [0.05561134 0.01156073] delta :  [[0.08793932 0.08793932]
 [0.10601833 0.10601833]
 [0.11316564 0.11316564]
 [0.16194812 0.16194812]
 [0.17779985 0.17779985]
 [0.24150643 0.24150643]
 [0.07481053 0.07481053]
 [0.07801511 0.07801511]
 [0.24365702 0.24365702]
 [0.20480966 0.20480966]
 [0.18760604 0.18760604]
 [1.58447318 1.58447318]] nu :  [0.06367108 0.11917209] k : [1.2392668  1.30073864 1.04438013] theta : [5.9624753  3.42331145] sigma : [2.9        1.96935185] zeta : [0.00741939 0.04188144] rho : 0.02 kappa : 0.5
       2              3         5.2345e+00      2.44e+00       9.30e-03       1.26e+07    
       3              4         3.8209e+00      1.41e+00       1.37e-02       4.86e+06    
fe :  [0.10322757 0.0360563 ] fo :  [0.05561134 0.01156073] delta :  [[0.12201957 0.12637537]
 [0.11857225 0.19956073]
 [0.1272789  0.14750106]
 [0.25032936 0.32911769]
 [0.25501749 0.30647535]
 [0.45515257 0.59783267]
 [0.07174649 0.07241353]
 [0.10686577 0.14269604]
 [0.45250196 0.56806888]
 [0.30432782 0.33596874]
 [0.22518999 0.1948941 ]
 [1.61960696 2.23253718]] nu :  [0.06367108 0.11917209] k : [1.2392668  1.30073864 1.04438013] theta : [5.9624753  3.42331145] sigma : [2.9        1.96935185] zeta : [0.00741939 0.04188144] rho : 0.02 kappa : 0.5
       4              5         1.4743e+00      2.35e+00       1.05e+04       1.46e+06    
       5              6         1.4079e+00      6.64e-02       1.87e+04       1.01e+06    
       6              7         1.4053e+00      2.63e-03       4.81e+02       1.01e+06    
fe :  [0.10322757 0.0360563 ] fo :  [0.05561134 0.01156073] delta :  [[0.1439845  0.18167555]
 [0.14850287 0.20555152]
 [0.15018974 0.16627045]
 [0.29076382 0.3897216 ]
 [0.26514442 0.28672763]
 [0.55598895 0.8478277 ]
 [0.07375704 0.05957018]
 [0.11387572 0.15022506]
 [0.54337627 0.77755743]
 [0.31927083 0.33448176]
 [0.2156099  0.18758119]
 [1.59773817 2.36194545]] nu :  [0.06367108 0.11917209] k : [1.2392668  1.30073864 1.04438013] theta : [5.9624753  3.42331145] sigma : [2.9        1.96935185] zeta : [0.00741939 0.04188144] rho : 0.02 kappa : 0.5
       7              8         1.1469e+00      2.58e-01       1.21e+04       5.16e+06    
       8              9         9.9582e-01      1.51e-01       1.51e+04       2.55e+06    
fe :  [0.10322757 0.0360563 ] fo :  [0.05561134 0.01156073] delta :  [[0.13750547 0.14309905]
 [0.14840702 0.1639919 ]
 [0.14233536 0.13203569]
 [0.2794844  0.33719718]
 [0.24838479 0.26640831]
 [0.53394246 0.75697022]
 [0.0679315  0.03928675]
 [0.10542305 0.11396618]
 [0.51680744 0.68051273]
 [0.30230458 0.27901588]
 [0.19960046 0.14734349]
 [1.52416782 2.07910679]] nu :  [0.06367108 0.11917209] k : [1.2392668  1.30073864 1.04438013] theta : [5.9624753  3.42331145] sigma : [2.9        1.96935185] zeta : [0.00741939 0.04188144] rho : 0.02 kappa : 0.5
       9             10         9.5517e-01      4.07e-02       7.98e+03       1.66e+07    
      10             11         9.4043e-01      1.47e-02       2.61e+03       2.30e+06    
fe :  [0.10322757 0.0360563 ] fo :  [0.05561134 0.01156073] delta :  [[0.13877717 0.15201209]
 [0.14874822 0.16874437]
 [0.1424332  0.13513792]
 [0.278571   0.3430685 ]
 [0.24856719 0.26736037]
 [0.53556983 0.78278667]
 [0.06850525 0.04192525]
 [0.10572437 0.12160247]
 [0.51917825 0.69701414]
 [0.30315252 0.30064606]
 [0.20027214 0.15615248]
 [1.53382895 2.14315998]] nu :  [0.06367108 0.11917209] k : [1.2392668  1.30073864 1.04438013] theta : [5.9624753  3.42331145] sigma : [2.9        1.96935185] zeta : [0.00741939 0.04188144] rho : 0.02 kappa : 0.5
      11             12         9.3491e-01      5.53e-03       1.25e+02       1.19e+06    
      12             18         9.3287e-01      2.04e-03       9.23e-02       1.72e+05    
      13             19         9.3203e-01      8.40e-04       1.38e-02       1.72e+04    
fe :  [0.10322757 0.0360563 ] fo :  [0.05561134 0.01156073] delta :  [[0.14203712 0.16014316]
 [0.15978279 0.18404249]
 [0.15310975 0.14838348]
 [0.29635283 0.36903566]
 [0.26424556 0.28977391]
 [0.5609177  0.82204837]
 [0.07573715 0.04964268]
 [0.11440438 0.13374376]
 [0.54379934 0.73398255]
 [0.32033265 0.29447621]
 [0.21317389 0.17370056]
 [1.57430583 2.17882676]] nu :  [0.06367108 0.11917209] k : [1.2392668  1.30073864 1.04438013] theta : [5.9624753  3.42331145] sigma : [2.9        1.96935185] zeta : [0.00741939 0.04188144] rho : 0.02 kappa : 0.5
      14             20         9.3140e-01      6.28e-04       1.78e-02       3.35e+04    
      15             21         9.3105e-01      3.55e-04       2.44e-02       7.27e+03    
fe :  [0.10322757 0.0360563 ] fo :  [0.05561134 0.01156073] delta :  [[0.14181482 0.15829093]
 [0.15907938 0.18162543]
 [0.15208402 0.14634098]
 [0.293689   0.36797325]
 [0.26199203 0.28806658]
 [0.55952281 0.82910966]
 [0.07516347 0.04916409]
 [0.11326905 0.13034988]
 [0.54134667 0.73753455]
 [0.31771173 0.28423193]
 [0.21101892 0.17186286]
 [1.59054935 2.21702649]] nu :  [0.06367108 0.11917209] k : [1.2392668  1.30073864 1.04438013] theta : [5.9624753  3.42331145] sigma : [2.9        1.96935185] zeta : [0.00741939 0.04188144] rho : 0.02 kappa : 0.5
      16             22         9.3079e-01      2.59e-04       2.07e-02       1.95e+04    
      17             23         9.3043e-01      3.62e-04       1.57e-02       1.09e+04    
fe :  [0.10322757 0.0360563 ] fo :  [0.05561134 0.01156073] delta :  [[0.14138364 0.15673315]
 [0.15753376 0.17858792]
 [0.15058834 0.14369707]
 [0.29143693 0.36425329]
 [0.25951469 0.28582415]
 [0.55556468 0.82392876]
 [0.07416786 0.04807728]
 [0.11197307 0.12710284]
 [0.5370116  0.73264886]
 [0.31471832 0.27558874]
 [0.20961782 0.16857005]
 [1.5840955  2.2184846 ]] nu :  [0.06367108 0.11917209] k : [1.2392668  1.30073864 1.04438013] theta : [5.9624753  3.42331145] sigma : [2.9        1.96935185] zeta : [0.00741939 0.04188144] rho : 0.02 kappa : 0.5
      18             24         9.3016e-01      2.70e-04       9.43e-03       7.22e+04    
      19             25         9.2961e-01      5.43e-04       2.49e-02       1.06e+05    
      20             30         9.2960e-01      7.36e-06       7.09e-04       6.97e+01    
fe :  [0.10322757 0.0360563 ] fo :  [0.05561134 0.01156073] delta :  [[0.14114982 0.15509765]
 [0.15603792 0.17552347]
 [0.14919341 0.14100392]
 [0.28950414 0.35970449]
 [0.25754409 0.28276867]
 [0.55189262 0.81646159]
 [0.07319103 0.04674778]
 [0.11085239 0.12506008]
 [0.53310279 0.72502426]
 [0.31228968 0.26925738]
 [0.20808274 0.16521809]
 [1.57639802 2.20708128]] nu :  [0.06367108 0.11917209] k : [1.2392668  1.30073864 1.04438013] theta : [5.9624753  3.42331145] sigma : [2.9        1.96935185] zeta : [0.00741939 0.04188144] rho : 0.02 kappa : 0.5
      21             31         9.2960e-01      8.67e-06       4.02e-04       1.55e+03    
      22             32         9.2959e-01      1.76e-06       7.44e-04       5.45e+03    
fe :  [0.10322757 0.0360563 ] fo :  [0.05561134 0.01156073] delta :  [[0.1411387  0.15499707]
 [0.15601324 0.17548403]
 [0.14917346 0.1409648 ]
 [0.28947376 0.35963483]
 [0.2575104  0.28269978]
 [0.55183111 0.81634217]
 [0.0731752  0.0467333 ]
 [0.1108342  0.12575296]
 [0.53304775 0.7249204 ]
 [0.31225379 0.26916049]
 [0.20805752 0.16517955]
 [1.57628659 2.20703948]] nu :  [0.06367108 0.11917209] k : [1.2392668  1.30073864 1.04438013] theta : [5.9624753  3.42331145] sigma : [2.9        1.96935185] zeta : [0.00741939 0.04188144] rho : 0.02 kappa : 0.5
      23             33         9.2959e-01      2.51e-06       2.21e-04       3.96e+03    
      24             39         9.2959e-01      8.49e-08       9.17e-06       3.82e-03    
fe :  [0.10322757 0.0360563 ] fo :  [0.05561134 0.01156073] delta :  [[0.1411387  0.15499707]
 [0.15601324 0.17548403]
 [0.14917346 0.1409648 ]
 [0.28947376 0.35963482]
 [0.2575104  0.28269978]
 [0.5518311  0.81634217]
 [0.0731752  0.0467333 ]
 [0.1108342  0.12575296]
 [0.53304775 0.7249204 ]
 [0.31225379 0.26916048]
 [0.20805752 0.16517954]
 [1.57628659 2.20703947]] nu :  [0.06367108 0.11917209] k : [1.2392668  1.30073864 1.04438013] theta : [5.9624753  3.42331145] sigma : [2.9        1.96935185] zeta : [0.00741939 0.04188144] rho : 0.02 kappa : 0.5
      25             40         9.2959e-01      4.85e-10       1.95e-08       3.81e-02    
Both `ftol` and `xtol` termination conditions are satisfied.
Function evaluations 40, initial cost 9.6031e+00, final cost 9.2959e-01, first-order optimality 3.81e-02.
   Iteration     Total nfev        Cost      Cost reduction    Step norm     Optimality   
       0              1         9.2959e-01                                    3.83e-02    
       1              3         9.2242e-01      7.17e-03       4.11e+01       3.49e+05    
fe :  [0.10322757 0.0360563 ] fo :  [0.05561134 0.01156073] delta :  [[0.13934585 0.13858876]
 [0.14449968 0.15267781]
 [0.13875862 0.12020186]
 [0.27257028 0.31679435]
 [0.24267835 0.24962706]
 [0.52338422 0.72482184]
 [0.06570762 0.0370856 ]
 [0.10257992 0.10721001]
 [0.50889211 0.65127678]
 [0.29675662 0.23667488]
 [0.19604418 0.14199539]
 [1.49874145 1.98905904]] nu :  [0.06367108 0.11917209] k : [1.2392668  1.30073864 1.04438013] theta : [5.9624753  3.42331145] sigma : [2.9        1.96935185] zeta : [0.00741939 0.04188144] rho : 0.02 kappa : 0.5
       2              8         9.2168e-01      7.37e-04       1.27e+00       1.27e+06    
       3              9         9.2104e-01      6.45e-04       9.85e-01       5.14e+04    
fe :  [0.10322757 0.0360563 ] fo :  [0.05561134 0.01156073] delta :  [[0.13939085 0.13876989]
 [0.14393654 0.15271035]
 [0.13803363 0.12017316]
 [0.27227049 0.3172255 ]
 [0.24221951 0.24733042]
 [0.52129009 0.72260617]
 [0.06524601 0.03719013]
 [0.10188597 0.10777573]
 [0.50751547 0.64991611]
 [0.29588549 0.23617797]
 [0.19555765 0.14330235]
 [1.49705477 1.98916423]] nu :  [0.06367108 0.11917209] k : [1.2392668  1.30073864 1.04438013] theta : [5.9624753  3.42331145] sigma : [2.9        1.96935185] zeta : [0.00741939 0.04188144] rho : 0.02 kappa : 0.5
       4             10         9.2090e-01      1.38e-04       6.12e-01       1.67e+04    
       5             12         9.2086e-01      3.89e-05       1.66e+00       3.60e+05    
fe :  [0.10322757 0.0360563 ] fo :  [0.05561134 0.01156073] delta :  [[0.13948223 0.13849862]
 [0.14358017 0.15188497]
 [0.137975   0.11914698]
 [0.27188311 0.31538673]
 [0.24190964 0.2461072 ]
 [0.52002456 0.71785565]
 [0.06505139 0.03694499]
 [0.10193792 0.10730887]
 [0.50650197 0.64600734]
 [0.29550577 0.23520261]
 [0.19530235 0.14295684]
 [1.49450852 1.98081388]] nu :  [0.06367108 0.11917209] k : [1.2392668  1.30073864 1.04438013] theta : [5.9624753  3.42331145] sigma : [2.9        1.96935185] zeta : [0.00741939 0.04188144] rho : 0.02 kappa : 0.5
       6             17         9.2084e-01      1.43e-05       2.74e-03       1.27e+03    
       7             19         9.2084e-01      4.32e-07       1.65e-04       2.26e+03    
       8             20         9.2084e-01      1.54e-07       1.75e-05       6.09e-03    
fe :  [0.10322757 0.0360563 ] fo :  [0.05561134 0.01156073] delta :  [[0.1394792  0.13849662]
 [0.14360261 0.15191934]
 [0.13797268 0.11921099]
 [0.27191072 0.31543636]
 [0.24193361 0.24615032]
 [0.52006741 0.71789875]
 [0.06505523 0.03694999]
 [0.10193562 0.10732538]
 [0.50654143 0.64604908]
 [0.29553525 0.2352339 ]
 [0.19532984 0.14300394]
 [1.49453113 1.98082782]] nu :  [0.06367108 0.11917209] k : [1.2392668  1.30073864 1.04438013] theta : [5.9624753  3.42331145] sigma : [2.9        1.96935185] zeta : [0.00741939 0.04188144] rho : 0.02 kappa : 0.5
       9             21         9.2084e-01      1.26e-07       2.25e-05       5.66e+02    
      10             23         9.2084e-01      5.70e-09       1.09e-05       5.52e-03    
fe :  [0.10322757 0.0360563 ] fo :  [0.05561134 0.01156073] delta :  [[0.13947909 0.13849656]
 [0.14360427 0.1519217 ]
 [0.1379726  0.11921488]
 [0.27191276 0.3154395 ]
 [0.24193547 0.24615314]
 [0.52007021 0.71790158]
 [0.06505596 0.03695077]
 [0.10193554 0.1073269 ]
 [0.50654409 0.64605185]
 [0.2955374  0.23523616]
 [0.19533189 0.14300696]
 [1.49453273 1.98082887]] nu :  [0.06367108 0.11917209] k : [1.2392668  1.30073864 1.04438013] theta : [5.9624753  3.42331145] sigma : [2.9        1.96935185] zeta : [0.00741939 0.04188144] rho : 0.02 kappa : 0.5
      11             24         9.2084e-01      7.16e-09       1.35e-06       2.04e+02    
Both `ftol` and `xtol` termination conditions are satisfied.
Function evaluations 24, initial cost 9.2959e-01, final cost 9.2084e-01, first-order optimality 2.04e+02.
   Iteration     Total nfev        Cost      Cost reduction    Step norm     Optimality   
       0              1         9.2084e-01                                    2.96e-02    
fe :  [0.10322757 0.0360563 ] fo :  [0.05561134 0.01156073] delta :  [[0.13947512 0.13849464]
 [0.14360418 0.15194185]
 [0.13797038 0.11929928]
 [0.27192648 0.31551681]
 [0.24193987 0.24621027]
 [0.52013391 0.71797463]
 [0.06505561 0.03695058]
 [0.10193309 0.10732673]
 [0.50659957 0.64612099]
 [0.29555782 0.23526322]
 [0.19534357 0.14306747]
 [1.49457734 1.98085982]] nu :  [0.06367108 0.11917209] k : [1.2392668  1.30073864 1.04438013] theta : [5.9624753  3.42331145] sigma : [2.9        1.96935185] zeta : [0.00741939 0.04188144] rho : 0.02 kappa : 0.5
       1             12         9.2084e-01      2.93e-07       2.05e-04       2.29e+03    
       2             18         9.2084e-01      2.72e-08       5.48e-06       1.16e-02    
`xtol` termination condition is satisfied.
Function evaluations 18, initial cost 9.2084e-01, final cost 9.2084e-01, first-order optimality 1.16e-02.
fe :  [0.10322757 0.0360563 ] fo :  [0.05561134 0.01156073] delta :  [[0.13947512 0.13849464]
 [0.14360418 0.15194186]
 [0.13797038 0.11929928]
 [0.27192648 0.31551681]
 [0.24193987 0.24621027]
 [0.52013391 0.71797463]
 [0.06505561 0.03695058]
 [0.10193309 0.10732673]
 [0.50659957 0.64612099]
 [0.29555782 0.23526322]
 [0.19534357 0.14306747]
 [1.49457734 1.98085982]] nu :  [0.06367108 0.11917209] k : [1.2392668  1.30073864 1.04438013] theta : [5.9624753  3.42331145] sigma : [2.9        1.96935185] zeta : [0.00741939 0.04188144] rho : 0.02 kappa : 0.5
   Iteration     Total nfev        Cost      Cost reduction    Step norm     Optimality   
       0              1         9.2084e-01                                    2.39e-02    
       1             12         9.2084e-01      7.34e-08       2.07e-04       1.69e+03    
       2             15         9.2084e-01      4.71e-09       3.78e-06       3.70e+02    
fe :  [0.10322757 0.0360563 ] fo :  [0.05561134 0.01156073] delta :  [[0.13947063 0.13849306]
 [0.1436049  0.15196762]
 [0.13796814 0.11937201]
 [0.27194096 0.31559677]
 [0.24194654 0.24626912]
 [0.5202001  0.71805509]
 [0.0650558  0.03695094]
 [0.10193051 0.10732727]
 [0.5066569  0.64619686]
 [0.29557792 0.23529287]
 [0.19535465 0.14312356]
 [1.49462653 1.98089452]] nu :  [0.06367108 0.11917209] k : [1.2392668  1.30073864 1.04438013] theta : [5.9624753  3.42331145] sigma : [2.9        1.96935185] zeta : [0.00741939 0.04188144] rho : 0.02 kappa : 0.5
       3             21         9.2084e-01      7.19e-10       7.99e-08       4.71e-02    
`ftol` termination condition is satisfied.
Function evaluations 21, initial cost 9.2084e-01, final cost 9.2084e-01, first-order optimality 4.71e-02.
   Iteration     Total nfev        Cost      Cost reduction    Step norm     Optimality   
       0              1         9.2084e-01                                    1.75e-02    
fe :  [0.10322757 0.0360563 ] fo :  [0.05561134 0.01156073] delta :  [[0.13946947 0.13849261]
 [0.14360593 0.15197446]
 [0.13796757 0.11938988]
 [0.27194431 0.31561674]
 [0.24194808 0.24628367]
 [0.52021652 0.71807544]
 [0.06505573 0.03695091]
 [0.10192986 0.10732726]
 [0.50667108 0.64621605]
 [0.29558273 0.23530036]
 [0.19535718 0.14313716]
 [1.4946389  1.98090329]] nu :  [0.06367108 0.11917209] k : [1.2392668  1.30073864 1.04438013] theta : [5.9624753  3.42331145] sigma : [2.9        1.96935185] zeta : [0.00741939 0.04188144] rho : 0.02 kappa : 0.5
       1             13         9.2084e-01      2.05e-09       5.24e-05       8.50e+02    
       2             14         9.2084e-01      3.03e-11       5.08e-06       1.94e+02    
       3             28         9.2084e-01      0.00e+00       0.00e+00       1.94e+02    
`xtol` termination condition is satisfied.
Function evaluations 28, initial cost 9.2084e-01, final cost 9.2084e-01, first-order optimality 1.94e+02.
fe :  [0.10322757 0.0360563 ] fo :  [0.05561134 0.01156073] delta :  [[0.13946856 0.13849217]
 [0.14360579 0.15197437]
 [0.13796708 0.11939054]
 [0.27194408 0.31561878]
 [0.24194785 0.24628364]
 [0.52021655 0.71807813]
 [0.06505561 0.03695085]
 [0.10192935 0.10732713]
 [0.506671   0.64621782]
 [0.2955825  0.23530022]
 [0.19535699 0.14313712]
 [1.49464038 1.98090433]] nu :  [0.06367108 0.11917209] k : [1.2392668  1.30073864 1.04438013] theta : [5.9624753  3.42331145] sigma : [2.9        1.96935185] zeta : [0.00741939 0.04188144] rho : 0.02 kappa : 0.5
   Iteration     Total nfev        Cost      Cost reduction    Step norm     Optimality   
       0              1         9.2084e-01                                    1.57e+04    
       1             19         9.2084e-01      3.34e-08       1.06e-06       5.82e+02    
fe :  [0.10322757 0.0360563 ] fo :  [0.05561134 0.01156073] delta :  [[0.13946856 0.13849217]
 [0.14360579 0.15197437]
 [0.13796708 0.11939054]
 [0.27194408 0.31561878]
 [0.24194785 0.24628364]
 [0.52021655 0.71807813]
 [0.06505561 0.03695085]
 [0.10192935 0.10732713]
 [0.506671   0.64621782]
 [0.2955825  0.23530022]
 [0.19535699 0.14313712]
 [1.49464038 1.98090433]] nu :  [0.06367108 0.11917209] k : [1.2392668  1.30073864 1.04438013] theta : [5.9624753  3.42331145] sigma : [2.9        1.96935185] zeta : [0.00741939 0.04188144] rho : 0.02 kappa : 0.5
       2             24         9.2084e-01      9.31e-14       1.04e-09       4.97e+02    
       3             25         9.2084e-01      9.84e-11       2.59e-10       1.42e-02    
`ftol` termination condition is satisfied.
Function evaluations 25, initial cost 9.2084e-01, final cost 9.2084e-01, first-order optimality 1.42e-02.
  [cd_base->19.0] DONE obj=1.357 -> calibration_results_matched_economy/baseline_2002_variations/19.0/
  [cd_fefo->19.1] calib=['delta', 'T', 'eta', 'fe', 'fo'] delta_free=[0, 12, 12] moments=['SPFLOW', 'DOMPATINUS', 'OUT', 'RD', 'RP', 'SRGDP', 'UUPCOSTS', 'RDPHARMACHEM']
     initial obj=4.382 (successful)
fe :  [0.10322757 0.0360563 ] fo :  [0.05561134 0.01156073] delta :  [[0.08793932 0.08793932]
 [0.10601833 0.10601833]
 [0.11316564 0.11316564]
 [0.16194812 0.16194812]
 [0.17779985 0.17779985]
 [0.24150643 0.24150643]
 [0.07481053 0.07481053]
 [0.07801511 0.07801511]
 [0.24365702 0.24365702]
 [0.20480966 0.20480966]
 [0.18760604 0.18760604]
 [1.58447318 1.58447318]] nu :  [0.06367108 0.11917209] k : [1.2392668  1.30073864 1.04438013] theta : [5.9624753  3.42331145] sigma : [2.9        1.96935185] zeta : [0.00741939 0.04188144] rho : 0.02 kappa : 0.5
   Iteration     Total nfev        Cost      Cost reduction    Step norm     Optimality   
       0              1         9.6031e+00                                    6.67e+07    
       1              2         7.6753e+00      1.93e+00       3.42e-03       2.97e+07    
fe :  [0.10322757 0.0360563 ] fo :  [0.05561134 0.01156073] delta :  [[0.08793932 0.08793932]
 [0.10601833 0.10601833]
 [0.11316564 0.11316564]
 [0.16194812 0.16194812]
 [0.17779985 0.17779985]
 [0.24150643 0.24150643]
 [0.07481053 0.07481053]
 [0.07801511 0.07801511]
 [0.24365702 0.24365702]
 [0.20480966 0.20480966]
 [0.18760604 0.18760606]
 [1.58447318 1.58447318]] nu :  [0.06367108 0.11917209] k : [1.2392668  1.30073864 1.04438013] theta : [5.9624753  3.42331145] sigma : [2.9        1.96935185] zeta : [0.00741939 0.04188144] rho : 0.02 kappa : 0.5
       2              3         5.2345e+00      2.44e+00       9.30e-03       1.26e+07    
       3              4         3.8209e+00      1.41e+00       1.37e-02       4.87e+06    
fe :  [0.2916975  0.13965811] fo :  [0.08625345 0.01509174] delta :  [[0.13068086 0.11856907]
 [0.13157927 0.16072983]
 [0.13075056 0.11944612]
 [0.25885812 0.26473257]
 [0.25898904 0.2387393 ]
 [0.46347267 0.51671217]
 [0.07434685 0.05067499]
 [0.1092007  0.10224978]
 [0.46027792 0.48881434]
 [0.30810361 0.26716761]
 [0.22807856 0.15052283]
 [1.64941937 1.87929558]] nu :  [0.06367108 0.11917209] k : [1.2392668  1.30073864 1.04438013] theta : [5.9624753  3.42331145] sigma : [2.9        1.96935185] zeta : [0.00741939 0.04188144] rho : 0.02 kappa : 0.5
       4              5         1.6376e+00      2.18e+00       1.06e+04       5.37e+05    
       5              6         1.6286e+00      9.05e-03       1.80e+03       5.27e+05    
fe :  [0.29002441 0.12135855] fo :  [0.09574547 0.01238758] delta :  [[0.12901951 0.1385774 ]
 [0.1336666  0.17989415]
 [0.1303041  0.13582609]
 [0.25883325 0.29715827]
 [0.25373051 0.26356979]
 [0.4719802  0.59415485]
 [0.07210308 0.05601983]
 [0.10648663 0.1174325 ]
 [0.46711356 0.55823899]
 [0.30381303 0.28849804]
 [0.22082181 0.16869353]
 [1.62141655 2.04260047]] nu :  [0.06367108 0.11917209] k : [1.2392668  1.30073864 1.04438013] theta : [5.9624753  3.42331145] sigma : [2.9        1.96935185] zeta : [0.00741939 0.04188144] rho : 0.02 kappa : 0.5
       6              7         1.5125e+00      1.16e-01       1.30e+04       5.19e+05    
       7              8         1.1686e+00      3.44e-01       1.27e+04       1.53e+06    
fe :  [0.27427642 0.06413627] fo :  [0.10727384 0.00655061] delta :  [[0.12095749 0.24776233]
 [0.13128752 0.24891622]
 [0.12095604 0.20491963]
 [0.24519473 0.47356246]
 [0.21667893 0.35070976]
 [0.47664121 1.02241564]
 [0.05309387 0.07348086]
 [0.08624094 0.18410408]
 [0.45780245 0.90592363]
 [0.26100539 0.40593207]
 [0.17176627 0.23319384]
 [1.36292283 2.71320901]] nu :  [0.06367108 0.11917209] k : [1.2392668  1.30073864 1.04438013] theta : [5.9624753  3.42331145] sigma : [2.9        1.96935185] zeta : [0.00741939 0.04188144] rho : 0.02 kappa : 0.5
       8              9         1.0247e+00      1.44e-01       7.73e+03       9.20e+05    
       9             10         1.0043e+00      2.03e-02       8.05e+03       3.63e+06    
      10             12         1.0011e+00      3.29e-03       1.18e+02       1.73e+06    
fe :  [0.26665521 0.05567022] fo :  [0.14284041 0.01598497] delta :  [[0.11631203 0.22778548]
 [0.11802011 0.24096728]
 [0.11445171 0.20417646]
 [0.23439375 0.47174002]
 [0.20722413 0.36666353]
 [0.46072965 1.03148011]
 [0.04705386 0.07611468]
 [0.0802733  0.18804502]
 [0.44483266 0.92314156]
 [0.25417032 0.36291415]
 [0.16408311 0.23696212]
 [1.33600664 2.74102236]] nu :  [0.06367108 0.11917209] k : [1.2392668  1.30073864 1.04438013] theta : [5.9624753  3.42331145] sigma : [2.9        1.96935185] zeta : [0.00741939 0.04188144] rho : 0.02 kappa : 0.5
      11             13         9.7645e-01      2.46e-02       2.47e+01       1.04e+06    
      12             16         9.7609e-01      3.64e-04       1.41e-01       8.24e+05    
fe :  [0.2661492  0.05070848] fo :  [0.1429475  0.01241199] delta :  [[0.11668879 0.25608958]
 [0.1186738  0.26431197]
 [0.11473034 0.22739533]
 [0.23463354 0.51166968]
 [0.20794196 0.41127869]
 [0.46551777 1.09490102]
 [0.04759563 0.08745065]
 [0.08097674 0.20471646]
 [0.44816965 0.97038443]
 [0.25612928 0.39398392]
 [0.1652882  0.25388601]
 [1.34726469 2.78883622]] nu :  [0.06367108 0.11917209] k : [1.2392668  1.30073864 1.04438013] theta : [5.9624753  3.42331145] sigma : [2.9        1.96935185] zeta : [0.00741939 0.04188144] rho : 0.02 kappa : 0.5
      13             17         9.7384e-01      2.25e-03       4.48e-02       4.42e+04    
      14             18         9.7352e-01      3.19e-04       1.30e-01       8.09e+04    
fe :  [0.26126558 0.04898976] fo :  [0.14382848 0.01407852] delta :  [[0.11553572 0.25428033]
 [0.11693259 0.26216238]
 [0.11302484 0.2270159 ]
 [0.23164827 0.51015985]
 [0.20570598 0.40937231]
 [0.45955282 1.10566452]
 [0.0465777  0.08687997]
 [0.07962589 0.20258607]
 [0.44265741 0.98127621]
 [0.25276729 0.38955672]
 [0.16301583 0.25565226]
 [1.33302626 2.85175559]] nu :  [0.06367108 0.11917209] k : [1.2392668  1.30073864 1.04438013] theta : [5.9624753  3.42331145] sigma : [2.9        1.96935185] zeta : [0.00741939 0.04188144] rho : 0.02 kappa : 0.5
      15             19         9.7327e-01      2.45e-04       2.22e-01       4.88e+04    
      16             28         9.7327e-01      6.01e-06       1.06e-04       2.00e+03    
fe :  [0.26127471 0.04903481] fo :  [0.1438859  0.01407852] delta :  [[0.11553573 0.25428033]
 [0.1169326  0.26216239]
 [0.11302484 0.22701591]
 [0.23164828 0.51015986]
 [0.20570598 0.40937232]
 [0.45955283 1.10566452]
 [0.0465777  0.08687997]
 [0.0796259  0.20258608]
 [0.44265742 0.98127622]
 [0.25276729 0.38955672]
 [0.16301583 0.25565227]
 [1.33302627 2.85175559]] nu :  [0.06367108 0.11917209] k : [1.2392668  1.30073864 1.04438013] theta : [5.9624753  3.42331145] sigma : [2.9        1.96935185] zeta : [0.00741939 0.04188144] rho : 0.02 kappa : 0.5
      17             30         9.7327e-01      3.41e-08       2.66e-05       9.80e+02    
      18             31         9.7327e-01      0.00e+00       0.00e+00       9.80e+02    
`xtol` termination condition is satisfied.
Function evaluations 31, initial cost 9.6031e+00, final cost 9.7327e-01, first-order optimality 9.80e+02.
   Iteration     Total nfev        Cost      Cost reduction    Step norm     Optimality   
       0              1         9.7327e-01                                    4.11e+02    
       1              2         9.6107e-01      1.22e-02       4.76e+03       1.03e+06    
fe :  [0.25835986 0.04542221] fo :  [0.13947576 0.01435934] delta :  [[0.11561368 0.26398629]
 [0.11526534 0.27347276]
 [0.1116843  0.23908743]
 [0.22952506 0.53468025]
 [0.20388212 0.42903394]
 [0.45541322 1.14645909]
 [0.04550865 0.09405863]
 [0.07875221 0.21476144]
 [0.43782787 1.01785873]
 [0.25053241 0.40824831]
 [0.16164477 0.26621062]
 [1.32130027 2.97365351]] nu :  [0.06367108 0.11917209] k : [1.2392668  1.30073864 1.04438013] theta : [5.9624753  3.42331145] sigma : [2.9        1.96935185] zeta : [0.00741939 0.04188144] rho : 0.02 kappa : 0.5
       2              3         9.5376e-01      7.31e-03       4.12e+03       2.34e+06    
       3             10         9.5257e-01      1.19e-03       2.77e-02       3.19e+05    
fe :  [0.26387575 0.04595089] fo :  [0.14940536 0.01363122] delta :  [[0.11526293 0.27035984]
 [0.11755482 0.28178184]
 [0.11431197 0.24650719]
 [0.23366111 0.54290318]
 [0.20790694 0.43702907]
 [0.46135514 1.15488953]
 [0.04702662 0.09779688]
 [0.08067102 0.22075126]
 [0.4448485  1.02740137]
 [0.25503049 0.41549759]
 [0.16484599 0.2750302 ]
 [1.32696703 2.97698324]] nu :  [0.06367108 0.11917209] k : [1.2392668  1.30073864 1.04438013] theta : [5.9624753  3.42331145] sigma : [2.9        1.96935185] zeta : [0.00741939 0.04188144] rho : 0.02 kappa : 0.5
       4             11         9.5218e-01      3.89e-04       6.07e-03       8.48e+03    
       5             12         9.5206e-01      1.16e-04       1.68e-02       1.07e+04    
fe :  [0.2637805  0.04608987] fo :  [0.14907597 0.01358052] delta :  [[0.11479315 0.27017868]
 [0.11739216 0.28140692]
 [0.11395581 0.24614888]
 [0.23319547 0.54243646]
 [0.20744146 0.43660492]
 [0.46080343 1.15453043]
 [0.04694727 0.09752913]
 [0.08047413 0.2203628 ]
 [0.4443179  1.02709548]
 [0.2545651  0.41498691]
 [0.16443062 0.27479137]
 [1.32609484 2.977979  ]] nu :  [0.06367108 0.11917209] k : [1.2392668  1.30073864 1.04438013] theta : [5.9624753  3.42331145] sigma : [2.9        1.96935185] zeta : [0.00741939 0.04188144] rho : 0.02 kappa : 0.5
       6             19         9.5206e-01      2.05e-06       3.27e-04       1.91e+04    
       7             23         9.5206e-01      0.00e+00       0.00e+00       1.91e+04    
`xtol` termination condition is satisfied.
Function evaluations 23, initial cost 9.7327e-01, final cost 9.5206e-01, first-order optimality 1.91e+04.
   Iteration     Total nfev        Cost      Cost reduction    Step norm     Optimality   
       0              1         9.5206e-01                                    1.67e+04    
fe :  [0.25598066 0.04345957] fo :  [0.14330464 0.01259762] delta :  [[0.11521092 0.27715751]
 [0.11728743 0.28595833]
 [0.11350893 0.24994916]
 [0.23267017 0.54684019]
 [0.20721616 0.44316693]
 [0.46011348 1.17065741]
 [0.04682422 0.09951646]
 [0.0802745  0.22423872]
 [0.44339867 1.0417096 ]
 [0.25435102 0.42202539]
 [0.16426831 0.27935668]
 [1.32469755 3.02742836]] nu :  [0.06367108 0.11917209] k : [1.2392668  1.30073864 1.04438013] theta : [5.9624753  3.42331145] sigma : [2.9        1.96935185] zeta : [0.00741939 0.04188144] rho : 0.02 kappa : 0.5
       1              2         9.4349e-01      8.57e-03       8.00e+03       8.71e+05    
       2              3         9.4032e-01      3.17e-03       1.92e+02       9.13e+05    
fe :  [0.26501407 0.04341251] fo :  [0.14340408 0.01290665] delta :  [[0.11551314 0.28565664]
 [0.11747391 0.2986373 ]
 [0.11331463 0.25709465]
 [0.23252429 0.57189901]
 [0.20611252 0.46152332]
 [0.46125765 1.22049702]
 [0.04667617 0.10552759]
 [0.08012477 0.23519608]
 [0.44426518 1.08922213]
 [0.25342785 0.43827378]
 [0.16343324 0.29047715]
 [1.3314926  3.08893422]] nu :  [0.06367108 0.11917209] k : [1.2392668  1.30073864 1.04438013] theta : [5.9624753  3.42331145] sigma : [2.9        1.96935185] zeta : [0.00741939 0.04188144] rho : 0.02 kappa : 0.5
       3              9         9.3812e-01      2.20e-03       1.67e-01       6.26e+05    
       4             10         9.3698e-01      1.14e-03       2.63e-01       3.67e+05    
       5             11         9.3647e-01      5.06e-04       4.93e-01       1.09e+05    
fe :  [0.28107724 0.04361647] fo :  [0.16508478 0.01267312] delta :  [[0.11092515 0.29217241]
 [0.11272607 0.30190984]
 [0.10904603 0.26511372]
 [0.22570332 0.57747425]
 [0.20073217 0.46577943]
 [0.44923858 1.23165067]
 [0.04395862 0.10796558]
 [0.07649543 0.23980505]
 [0.43322593 1.0986367 ]
 [0.24687751 0.43991571]
 [0.15833069 0.29544169]
 [1.29946831 3.16568372]] nu :  [0.06367108 0.11917209] k : [1.2392668  1.30073864 1.04438013] theta : [5.9624753  3.42331145] sigma : [2.9        1.96935185] zeta : [0.00741939 0.04188144] rho : 0.02 kappa : 0.5
       6             14         9.3647e-01      5.58e-06       1.08e-02       3.67e+04    
       7             19         9.3647e-01      3.74e-07       7.95e-04       1.15e+04    
fe :  [0.2816981 0.0437085] fo :  [0.16544068 0.01292656] delta :  [[0.11092512 0.2921725 ]
 [0.11272609 0.30190986]
 [0.10904599 0.26511374]
 [0.22570331 0.57747423]
 [0.20073217 0.46577943]
 [0.44923855 1.2316506 ]
 [0.04395861 0.10796555]
 [0.07649543 0.23980499]
 [0.43322591 1.09863664]
 [0.24687749 0.43991574]
 [0.15833069 0.29544174]
 [1.29946823 3.16568371]] nu :  [0.06367108 0.11917209] k : [1.2392668  1.30073864 1.04438013] theta : [5.9624753  3.42331145] sigma : [2.9        1.96935185] zeta : [0.00741939 0.04188144] rho : 0.02 kappa : 0.5
       8             20         9.3646e-01      5.10e-06       5.13e-05       8.08e+03    
       9             21         9.3645e-01      1.00e-05       2.25e-04       1.30e+04    
fe :  [0.28169787 0.04372863] fo :  [0.16544052 0.01312658] delta :  [[0.11092504 0.29217303]
 [0.112726   0.30190965]
 [0.10904587 0.26511354]
 [0.2257031  0.57747383]
 [0.20073199 0.4657791 ]
 [0.44923818 1.23164995]
 [0.04395857 0.10796542]
 [0.07649535 0.23980469]
 [0.43322555 1.098636  ]
 [0.24687727 0.43991549]
 [0.15833054 0.29544158]
 [1.29946747 3.16568342]] nu :  [0.06367108 0.11917209] k : [1.2392668  1.30073864 1.04438013] theta : [5.9624753  3.42331145] sigma : [2.9        1.96935185] zeta : [0.00741939 0.04188144] rho : 0.02 kappa : 0.5
      10             22         9.3645e-01      1.24e-07       5.84e-06       8.12e+03    
`xtol` termination condition is satisfied.
Function evaluations 22, initial cost 9.5206e-01, final cost 9.3645e-01, first-order optimality 8.12e+03.
   Iteration     Total nfev        Cost      Cost reduction    Step norm     Optimality   
       0              1         9.3645e-01                                    7.92e+03    
fe :  [0.27842569 0.03624236] fo :  [0.1499802  0.00702616] delta :  [[0.1130449  0.34652818]
 [0.11099146 0.3427496 ]
 [0.10676875 0.3015566 ]
 [0.22341596 0.63960254]
 [0.1977947  0.51925819]
 [0.44332018 1.35659562]
 [0.04248673 0.12590145]
 [0.07478275 0.27355962]
 [0.42611959 1.20775399]
 [0.24305186 0.49110055]
 [0.15550735 0.32613782]
 [1.28235894 3.48450445]] nu :  [0.06367108 0.11917209] k : [1.2392668  1.30073864 1.04438013] theta : [5.9624753  3.42331145] sigma : [2.9        1.96935185] zeta : [0.00741939 0.04188144] rho : 0.02 kappa : 0.5
       1              3         9.2925e-01      7.20e-03       6.56e+03       1.91e+06    
       2              9         9.2065e-01      8.61e-03       1.90e-01       1.13e+06    
fe :  [0.28104267 0.03294813] fo :  [0.15119354 0.00596208] delta :  [[0.11367063 0.39548458]
 [0.11274386 0.38618725]
 [0.10835768 0.3426836 ]
 [0.22628833 0.71391089]
 [0.20190716 0.58357397]
 [0.45287596 1.46767387]
 [0.04352481 0.15036678]
 [0.07645237 0.3086445 ]
 [0.43484361 1.31424304]
 [0.2474909  0.55231411]
 [0.1587482  0.37761238]
 [1.30640703 3.56651436]] nu :  [0.06367108 0.11917209] k : [1.2392668  1.30073864 1.04438013] theta : [5.9624753  3.42331145] sigma : [2.9        1.96935185] zeta : [0.00741939 0.04188144] rho : 0.02 kappa : 0.5
       3             11         9.2004e-01      6.10e-04       4.81e-02       9.35e+04    
       4             12         9.1974e-01      2.96e-04       3.43e-02       1.38e+05    
       5             13         9.1967e-01      7.32e-05       9.41e-03       3.93e+04    
fe :  [0.27166192 0.03154119] fo :  [0.15037586 0.00592606] delta :  [[0.11313864 0.3923829 ]
 [0.11214465 0.38269558]
 [0.10804455 0.33950141]
 [0.22492008 0.70896467]
 [0.20048006 0.57886464]
 [0.44956877 1.46554669]
 [0.04337039 0.14899877]
 [0.07600292 0.30628206]
 [0.43148429 1.3123646 ]
 [0.24601723 0.547788  ]
 [0.15767064 0.37453507]
 [1.29848268 3.57844221]] nu :  [0.06367108 0.11917209] k : [1.2392668  1.30073864 1.04438013] theta : [5.9624753  3.42331145] sigma : [2.9        1.96935185] zeta : [0.00741939 0.04188144] rho : 0.02 kappa : 0.5
       6             14         9.1959e-01      7.91e-05       1.43e-02       1.44e+04    
       7             15         9.1951e-01      7.99e-05       1.45e-02       1.01e+04    
fe :  [0.27398627 0.03173382] fo :  [0.15393276 0.0064293 ] delta :  [[0.11233922 0.39111362]
 [0.1118184  0.38156003]
 [0.10781519 0.33857317]
 [0.2244964  0.70815451]
 [0.19998554 0.57767204]
 [0.4485883  1.47405772]
 [0.04320629 0.14880298]
 [0.07574847 0.30590038]
 [0.43063242 1.31503233]
 [0.24554335 0.54660843]
 [0.1573271  0.37379264]
 [1.2955402  3.60333947]] nu :  [0.06367108 0.11917209] k : [1.2392668  1.30073864 1.04438013] theta : [5.9624753  3.42331145] sigma : [2.9        1.96935185] zeta : [0.00741939 0.04188144] rho : 0.02 kappa : 0.5
       8             16         9.1940e-01      1.09e-04       3.34e-02       4.00e+03    
       9             17         9.1927e-01      1.25e-04       3.62e-02       5.75e+03    
fe :  [0.27410738 0.03167994] fo :  [0.15412168 0.00680529] delta :  [[0.11203081 0.38820051]
 [0.11111598 0.37903222]
 [0.10713216 0.33646848]
 [0.22315931 0.70520588]
 [0.19880012 0.57447218]
 [0.44600017 1.4736519 ]
 [0.04277107 0.14789148]
 [0.07505517 0.30494407]
 [0.42841223 1.31164155]
 [0.24398004 0.54275176]
 [0.15621844 0.37128464]
 [1.28613881 3.64800577]] nu :  [0.06367108 0.11917209] k : [1.2392668  1.30073864 1.04438013] theta : [5.9624753  3.42331145] sigma : [2.9        1.96935185] zeta : [0.00741939 0.04188144] rho : 0.02 kappa : 0.5
      10             18         9.1909e-01      1.88e-04       9.19e-02       4.42e+04    
      11             19         9.1892e-01      1.61e-04       2.31e-01       4.67e+04    
fe :  [0.30215894 0.03471344] fo :  [0.1756026  0.00922486] delta :  [[0.10790218 0.37822232]
 [0.10695819 0.37346918]
 [0.10328906 0.33212635]
 [0.21706025 0.69725225]
 [0.19330533 0.56743992]
 [0.43568088 1.46462393]
 [0.0401891  0.14536698]
 [0.07161542 0.30229659]
 [0.41858077 1.29961209]
 [0.2375566  0.53592075]
 [0.15145357 0.36639389]
 [1.25776031 3.70172395]] nu :  [0.06367108 0.11917209] k : [1.2392668  1.30073864 1.04438013] theta : [5.9624753  3.42331145] sigma : [2.9        1.96935185] zeta : [0.00741939 0.04188144] rho : 0.02 kappa : 0.5
      12             20         9.1888e-01      4.20e-05       2.86e-01       1.58e+05    
      13             21         9.1887e-01      9.91e-06       2.59e-02       5.56e+04    
      14             28         9.1887e-01      6.09e-06       1.62e-04       2.02e+04    
fe :  [0.30175733 0.03465519] fo :  [0.17539708 0.00927035] delta :  [[0.10791294 0.376815  ]
 [0.10643066 0.37251581]
 [0.10296192 0.33122831]
 [0.21645156 0.69546062]
 [0.19271764 0.56594764]
 [0.43446431 1.46198473]
 [0.04000731 0.14491753]
 [0.07114852 0.30213574]
 [0.41745217 1.29707318]
 [0.23691125 0.53457049]
 [0.15101171 0.36545833]
 [1.25481239 3.69998096]] nu :  [0.06367108 0.11917209] k : [1.2392668  1.30073864 1.04438013] theta : [5.9624753  3.42331145] sigma : [2.9        1.96935185] zeta : [0.00741939 0.04188144] rho : 0.02 kappa : 0.5
      15             31         9.1887e-01      5.19e-08       2.02e-05       1.55e+04    
      16             35         9.1887e-01      2.51e-09       3.16e-07       7.91e+03    
`ftol` termination condition is satisfied.
Function evaluations 35, initial cost 9.3645e-01, final cost 9.1887e-01, first-order optimality 7.91e+03.
fe :  [0.30175733 0.03465519] fo :  [0.17539708 0.00927035] delta :  [[0.10791294 0.376815  ]
 [0.10643066 0.37251581]
 [0.10296192 0.33122829]
 [0.21645156 0.69546062]
 [0.19271764 0.56594764]
 [0.43446431 1.46198473]
 [0.04000731 0.14491753]
 [0.07114852 0.30213574]
 [0.41745217 1.29707318]
 [0.23691125 0.53457049]
 [0.15101171 0.36545833]
 [1.25481239 3.69998096]] nu :  [0.06367108 0.11917209] k : [1.2392668  1.30073864 1.04438013] theta : [5.9624753  3.42331145] sigma : [2.9        1.96935185] zeta : [0.00741939 0.04188144] rho : 0.02 kappa : 0.5
   Iteration     Total nfev        Cost      Cost reduction    Step norm     Optimality   
       0              1         9.1887e-01                                    6.78e+03    
       1             21         9.1887e-01      2.99e-08       1.10e-05       1.31e+03    
fe :  [0.30176572 0.03466316] fo :  [0.17540494 0.00927035] delta :  [[0.10791295 0.376815  ]
 [0.10643066 0.37251581]
 [0.10296192 0.33122829]
 [0.21645156 0.69546062]
 [0.19271764 0.56594764]
 [0.43446431 1.46198473]
 [0.04000731 0.14491753]
 [0.07114853 0.30213574]
 [0.41745217 1.29707318]
 [0.23691125 0.53457049]
 [0.15101171 0.36545833]
 [1.25481239 3.69998096]] nu :  [0.06367108 0.11917209] k : [1.2392668  1.30073864 1.04438013] theta : [5.9624753  3.42331145] sigma : [2.9        1.96935185] zeta : [0.00741939 0.04188144] rho : 0.02 kappa : 0.5
       2             22         9.1887e-01      1.36e-07       1.10e-05       2.29e+03    
       3             23         9.1887e-01      1.68e-07       1.10e-05       6.97e+01    
fe :  [0.30177021 0.03466769] fo :  [0.17540931 0.00927035] delta :  [[0.10791295 0.376815  ]
 [0.10643066 0.37251581]
 [0.10296192 0.33122829]
 [0.21645156 0.69546062]
 [0.19271764 0.56594764]
 [0.43446431 1.46198473]
 [0.04000731 0.14491753]
 [0.07114853 0.30213574]
 [0.41745217 1.29707318]
 [0.23691125 0.53457049]
 [0.15101171 0.36545833]
 [1.25481239 3.69998096]] nu :  [0.06367108 0.11917209] k : [1.2392668  1.30073864 1.04438013] theta : [5.9624753  3.42331145] sigma : [2.9        1.96935185] zeta : [0.00741939 0.04188144] rho : 0.02 kappa : 0.5
       4             33         9.1887e-01      7.20e-11       3.97e-11       5.55e-02    
`ftol` termination condition is satisfied.
Function evaluations 33, initial cost 9.1887e-01, final cost 9.1887e-01, first-order optimality 5.55e-02.
   Iteration     Total nfev        Cost      Cost reduction    Step norm     Optimality   
       0              1         9.1887e-01                                    6.19e+02    
fe :  [0.30177021 0.0346677 ] fo :  [0.17540931 0.00927035] delta :  [[0.10791295 0.376815  ]
 [0.10643066 0.37251581]
 [0.10296192 0.33122829]
 [0.21645156 0.69546062]
 [0.19271764 0.56594764]
 [0.43446431 1.46198473]
 [0.04000731 0.14491753]
 [0.07114853 0.30213574]
 [0.41745217 1.29707318]
 [0.23691125 0.53457049]
 [0.15101171 0.36545833]
 [1.25481239 3.69998096]] nu :  [0.06367108 0.11917209] k : [1.2392668  1.30073864 1.04438013] theta : [5.9624753  3.42331145] sigma : [2.9        1.96935185] zeta : [0.00741939 0.04188144] rho : 0.02 kappa : 0.5
       1             26         9.1887e-01      3.20e-11       1.06e-08       1.03e-01    
`ftol` termination condition is satisfied.
Function evaluations 26, initial cost 9.1887e-01, final cost 9.1887e-01, first-order optimality 1.03e-01.
  [cd_fefo->19.1] DONE obj=1.356 -> calibration_results_matched_economy/baseline_2002_variations/19.1/
  [cd_nu->19.2] calib=['delta', 'T', 'eta', 'nu'] delta_free=[0, 12, 12] moments=['SPFLOW', 'DOMPATINUS', 'OUT', 'RD', 'RP', 'SRGDP', 'UUPCOSTS', 'RDPHARMACHEM', 'TOPATENT', 'TOPHARMACHEM']
     turnover targets: TOPATENT=0.127978 TOPHARMACHEM=0.09481
     initial obj=6.863 (successful)
fe :  [0.10322757 0.0360563 ] fo :  [0.05561134 0.01156073] delta :  [[0.08793932 0.08793932]
 [0.10601833 0.10601833]
 [0.11316564 0.11316564]
 [0.16194812 0.16194812]
 [0.17779985 0.17779985]
 [0.24150643 0.24150643]
 [0.07481053 0.07481053]
 [0.07801511 0.07801511]
 [0.24365702 0.24365702]
 [0.20480966 0.20480966]
 [0.18760604 0.18760604]
 [1.58447318 1.58447318]] nu :  [0.06367108 0.11917209] k : [1.2392668  1.30073864 1.04438013] theta : [5.9624753  3.42331145] sigma : [2.9        1.96935185] zeta : [0.00741939 0.04188144] rho : 0.02 kappa : 0.5
   Iteration     Total nfev        Cost      Cost reduction    Step norm     Optimality   
       0              1         2.3549e+01                                    1.07e+08    
       1              2         1.4129e+01      9.42e+00       7.24e-03       4.72e+07    
fe :  [0.10322757 0.0360563 ] fo :  [0.05561134 0.01156073] delta :  [[0.12746967 0.11083901]
 [0.11374293 0.12497335]
 [0.11542203 0.11641475]
 [0.23093793 0.24445394]
 [0.25461287 0.25918182]
 [0.4672574  0.5285507 ]
 [0.07212172 0.05504694]
 [0.09545687 0.10384449]
 [0.46483285 0.49703655]
 [0.3020648  0.24036537]
 [0.23520977 0.17012476]
 [1.69275431 1.94005481]] nu :  [0.07045344 0.11296371] k : [1.2392668  1.30073864 1.04438013] theta : [5.9624753  3.42331145] sigma : [2.9        1.96935185] zeta : [0.00741939 0.04188144] rho : 0.02 kappa : 0.5
       2              3         3.5335e+00      1.06e+01       1.47e+04       8.35e+06    
       3              4         3.0507e+00      4.83e-01       7.01e-03       3.82e+06    
fe :  [0.10322757 0.0360563 ] fo :  [0.05561134 0.01156073] delta :  [[0.13486233 0.11157879]
 [0.12170738 0.12719009]
 [0.1239708  0.11540014]
 [0.24827952 0.24747673]
 [0.27061407 0.2548137 ]
 [0.50773784 0.54812605]
 [0.0759066  0.05293954]
 [0.10403785 0.10472421]
 [0.50372764 0.51387258]
 [0.32219177 0.23842775]
 [0.24772832 0.16887833]
 [1.77219721 1.93128686]] nu :  [0.0734131  0.10716093] k : [1.2392668  1.30073864 1.04438013] theta : [5.9624753  3.42331145] sigma : [2.9        1.96935185] zeta : [0.00741939 0.04188144] rho : 0.02 kappa : 0.5
       4              5         2.8866e+00      1.64e-01       1.07e+04       2.94e+06    
       5              7         1.7681e+00      1.12e+00       1.55e+04       1.55e+06    
fe :  [0.10322757 0.0360563 ] fo :  [0.05561134 0.01156073] delta :  [[0.20291027 0.11671594]
 [0.19522867 0.14209974]
 [0.20413556 0.10992758]
 [0.39690037 0.27312537]
 [0.41324829 0.23755229]
 [0.83831118 0.67893225]
 [0.1132239  0.0394671 ]
 [0.1774872  0.11073922]
 [0.82048751 0.6264032 ]
 [0.49999152 0.22510966]
 [0.35895896 0.16247622]
 [2.45473294 1.9085456 ]] nu :  [0.10405206 0.07904742] k : [1.2392668  1.30073864 1.04438013] theta : [5.9624753  3.42331145] sigma : [2.9        1.96935185] zeta : [0.00741939 0.04188144] rho : 0.02 kappa : 0.5
       6              8         1.7471e+00      2.11e-02       3.41e+02       1.58e+06    
       7              9         1.1155e+00      6.32e-01       1.47e+04       2.19e+07    
       8             10         1.0123e+00      1.03e-01       2.54e+04       9.19e+06    
fe :  [0.10322757 0.0360563 ] fo :  [0.05561134 0.01156073] delta :  [[0.24505169 0.10292834]
 [0.27065525 0.12245588]
 [0.2586788  0.09542286]
 [0.50513725 0.25924246]
 [0.44178682 0.1945309 ]
 [0.92765742 0.61160425]
 [0.13212288 0.02603287]
 [0.19564765 0.08026326]
 [0.90575224 0.54568757]
 [0.53703164 0.23384859]
 [0.35828386 0.1083468 ]
 [2.63255022 1.70227362]] nu :  [0.11967615 0.09066363] k : [1.2392668  1.30073864 1.04438013] theta : [5.9624753  3.42331145] sigma : [2.9        1.96935185] zeta : [0.00741939 0.04188144] rho : 0.02 kappa : 0.5
       9             11         9.5556e-01      5.68e-02       5.58e+03       8.25e+05    
      10             16         9.5121e-01      4.36e-03       7.12e+01       3.84e+06    
fe :  [0.10322757 0.0360563 ] fo :  [0.05561134 0.01156073] delta :  [[0.24509946 0.09499807]
 [0.25909964 0.10600914]
 [0.24809277 0.08272186]
 [0.4775464  0.23741529]
 [0.42149107 0.1836953 ]
 [0.87976738 0.55685624]
 [0.12283824 0.02069026]
 [0.18459173 0.07177998]
 [0.88000773 0.50854344]
 [0.51859042 0.1758019 ]
 [0.34325234 0.09895479]
 [2.52065632 1.56778922]] nu :  [0.1199836  0.09349483] k : [1.2392668  1.30073864 1.04438013] theta : [5.9624753  3.42331145] sigma : [2.9        1.96935185] zeta : [0.00741939 0.04188144] rho : 0.02 kappa : 0.5
      11             17         9.3405e-01      1.72e-02       1.69e+01       6.33e+06    
      12             19         9.3070e-01      3.35e-03       4.59e+00       2.67e+05    
fe :  [0.10322757 0.0360563 ] fo :  [0.05561134 0.01156073] delta :  [[0.24465276 0.09224975]
 [0.25636499 0.10713404]
 [0.24481545 0.07924775]
 [0.48129494 0.23660118]
 [0.42375952 0.18172771]
 [0.88303315 0.55478727]
 [0.11996728 0.02050796]
 [0.18095359 0.07142637]
 [0.87308306 0.49913573]
 [0.51631008 0.17171706]
 [0.34587178 0.10064981]
 [2.50088969 1.54650384]] nu :  [0.12015984 0.09291567] k : [1.2392668  1.30073864 1.04438013] theta : [5.9624753  3.42331145] sigma : [2.9        1.96935185] zeta : [0.00741939 0.04188144] rho : 0.02 kappa : 0.5
      13             22         9.3018e-01      5.19e-04       5.62e-02       5.08e+04    
      14             24         9.3010e-01      7.70e-05       3.89e-03       1.25e+04    
fe :  [0.10322757 0.0360563 ] fo :  [0.05561134 0.01156073] delta :  [[0.24487721 0.09303658]
 [0.25836221 0.10725062]
 [0.24660024 0.07942277]
 [0.48189716 0.23677567]
 [0.42423993 0.18185855]
 [0.88373274 0.55542838]
 [0.12170596 0.02059471]
 [0.18306853 0.07149027]
 [0.87425774 0.50022047]
 [0.51732453 0.17237041]
 [0.34633886 0.10075461]
 [2.50137437 1.54715916]] nu :  [0.12013576 0.09288514] k : [1.2392668  1.30073864 1.04438013] theta : [5.9624753  3.42331145] sigma : [2.9        1.96935185] zeta : [0.00741939 0.04188144] rho : 0.02 kappa : 0.5
      15             26         9.3010e-01      7.03e-08       9.68e-04       1.77e+04    
      16             30         9.3010e-01      1.17e-08       6.98e-06       1.27e-01    
`xtol` termination condition is satisfied.
Function evaluations 30, initial cost 2.3549e+01, final cost 9.3010e-01, first-order optimality 1.27e-01.
   Iteration     Total nfev        Cost      Cost reduction    Step norm     Optimality   
       0              1         9.3010e-01                                    1.18e-01    
fe :  [0.10322757 0.0360563 ] fo :  [0.05561134 0.01156073] delta :  [[0.24259126 0.09233869]
 [0.2551802  0.10556675]
 [0.24357134 0.07828928]
 [0.4751218  0.23318029]
 [0.4182277  0.17889545]
 [0.87138294 0.54724707]
 [0.11997554 0.02015869]
 [0.1807405  0.0700992 ]
 [0.86284584 0.49329144]
 [0.5104631  0.17011752]
 [0.34134923 0.09902437]
 [2.48747167 1.53286013]] nu :  [0.11963286 0.09205268] k : [1.2392668  1.30073864 1.04438013] theta : [5.9624753  3.42331145] sigma : [2.9        1.96935185] zeta : [0.00741939 0.04188144] rho : 0.02 kappa : 0.5
       1              7         9.3005e-01      4.63e-05       1.02e-01       1.16e+06    
       2              8         9.2983e-01      2.28e-04       4.65e-02       1.04e+05    
fe :  [0.10322757 0.0360563 ] fo :  [0.05561134 0.01156073] delta :  [[0.24309867 0.09192472]
 [0.25420354 0.10470753]
 [0.24297566 0.07777892]
 [0.47369766 0.23187694]
 [0.41674967 0.17762514]
 [0.86837415 0.54462035]
 [0.11882165 0.01978735]
 [0.18021579 0.06936602]
 [0.86117948 0.49160939]
 [0.50927834 0.16898741]
 [0.34013817 0.0981489 ]
 [2.48425933 1.52887848]] nu :  [0.11989666 0.09271173] k : [1.2392668  1.30073864 1.04438013] theta : [5.9624753  3.42331145] sigma : [2.9        1.96935185] zeta : [0.00741939 0.04188144] rho : 0.02 kappa : 0.5
       3             10         9.2982e-01      4.43e-06       1.49e-02       1.06e+04    
       4             13         9.2982e-01      6.99e-07       1.69e-04       4.56e+03    
fe :  [0.10322757 0.0360563 ] fo :  [0.05561134 0.01156073] delta :  [[0.24315543 0.09191854]
 [0.25425116 0.10470687]
 [0.24302582 0.0777839 ]
 [0.47372612 0.23188887]
 [0.4167745  0.17762897]
 [0.86839783 0.5446355 ]
 [0.11886389 0.01978692]
 [0.18024308 0.06936537]
 [0.86121914 0.49163647]
 [0.50931305 0.1689916 ]
 [0.34016453 0.09814832]
 [2.48426712 1.52888963]] nu :  [0.11992505 0.09281903] k : [1.2392668  1.30073864 1.04438013] theta : [5.9624753  3.42331145] sigma : [2.9        1.96935185] zeta : [0.00741939 0.04188144] rho : 0.02 kappa : 0.5
       5             14         9.2982e-01      6.12e-07       5.06e-05       1.19e+03    
       6             15         9.2982e-01      1.26e-06       1.09e-04       1.40e+04    
       7             16         9.2982e-01      5.69e-08       7.54e-05       1.19e-01    
fe :  [0.10322757 0.0360563 ] fo :  [0.05561134 0.01156073] delta :  [[0.24317875 0.09191825]
 [0.25426839 0.10470627]
 [0.24304263 0.07778921]
 [0.47373672 0.23189479]
 [0.41678399 0.17763235]
 [0.86840373 0.54464014]
 [0.11887998 0.01978642]
 [0.18025493 0.06936434]
 [0.86123044 0.49164596]
 [0.50932555 0.16899506]
 [0.34017489 0.09814804]
 [2.48426448 1.52888839]] nu :  [0.119988   0.09286408] k : [1.2392668  1.30073864 1.04438013] theta : [5.9624753  3.42331145] sigma : [2.9        1.96935185] zeta : [0.00741939 0.04188144] rho : 0.02 kappa : 0.5
       8             17         9.2982e-01      1.11e-08       1.20e-05       1.17e+03    
       9             18         9.2982e-01      2.07e-08       4.23e-06       1.52e-01    
`xtol` termination condition is satisfied.
Function evaluations 18, initial cost 9.3010e-01, final cost 9.2982e-01, first-order optimality 1.52e-01.
fe :  [0.10322757 0.0360563 ] fo :  [0.05561134 0.01156073] delta :  [[0.24318121 0.09191936]
 [0.25426997 0.10470625]
 [0.24304389 0.0777892 ]
 [0.47373729 0.23189478]
 [0.41678435 0.17763233]
 [0.86840409 0.54464014]
 [0.11888093 0.01978641]
 [0.18025531 0.06936432]
 [0.86123135 0.49164636]
 [0.50932634 0.16899505]
 [0.34017524 0.09814803]
 [2.48426461 1.52888845]] nu :  [0.11998799 0.09286407] k : [1.2392668  1.30073864 1.04438013] theta : [5.9624753  3.42331145] sigma : [2.9        1.96935185] zeta : [0.00741939 0.04188144] rho : 0.02 kappa : 0.5
   Iteration     Total nfev        Cost      Cost reduction    Step norm     Optimality   
       0              1         9.2982e-01                                    1.18e-01    
       1              9         9.2982e-01      1.04e-06       6.30e-03       7.20e+04    
fe :  [0.10322757 0.0360563 ] fo :  [0.05561134 0.01156073] delta :  [[0.24353609 0.09209956]
 [0.25459986 0.10483336]
 [0.24337812 0.07791726]
 [0.47385294 0.23208172]
 [0.41691487 0.17780593]
 [0.86813509 0.54457979]
 [0.11920476 0.0197614 ]
 [0.18054241 0.069427  ]
 [0.8610898  0.49173063]
 [0.50946014 0.16918071]
 [0.34037217 0.09829067]
 [2.48356997 1.52828338]] nu :  [0.12007255 0.09299024] k : [1.2392668  1.30073864 1.04438013] theta : [5.9624753  3.42331145] sigma : [2.9        1.96935185] zeta : [0.00741939 0.04188144] rho : 0.02 kappa : 0.5
       2             10         9.2981e-01      6.91e-06       2.02e-03       1.94e+04    
       3             11         9.2981e-01      2.28e-07       6.36e-04       3.26e+03    
       4             15         9.2981e-01      0.00e+00       0.00e+00       3.26e+03    
`xtol` termination condition is satisfied.
Function evaluations 15, initial cost 9.2982e-01, final cost 9.2981e-01, first-order optimality 3.26e+03.
fe :  [0.10322757 0.0360563 ] fo :  [0.05561134 0.01156073] delta :  [[0.24352893 0.09209335]
 [0.25459189 0.10482433]
 [0.24337012 0.07790964]
 [0.47383704 0.23206871]
 [0.41689869 0.17779417]
 [0.86810281 0.54455322]
 [0.11919877 0.01975828]
 [0.18053374 0.06941989]
 [0.86107045 0.49171299]
 [0.5094464  0.16916945]
 [0.34035873 0.09828253]
 [2.48353424 1.52823975]] nu :  [0.12005701 0.0929799 ] k : [1.2392668  1.30073864 1.04438013] theta : [5.9624753  3.42331145] sigma : [2.9        1.96935185] zeta : [0.00741939 0.04188144] rho : 0.02 kappa : 0.5
   Iteration     Total nfev        Cost      Cost reduction    Step norm     Optimality   
       0              1         9.2981e-01                                    1.73e-01    
       1              8         9.2981e-01      5.37e-06       8.07e-03       1.06e+04    
       2             12         9.2980e-01      1.22e-06       7.03e-05       4.21e+03    
fe :  [0.10322757 0.0360563 ] fo :  [0.05561134 0.01156073] delta :  [[0.24324659 0.09195323]
 [0.25430334 0.10469011]
 [0.24309453 0.07780355]
 [0.473292   0.23178727]
 [0.41641271 0.1775743 ]
 [0.86709121 0.54390252]
 [0.11905564 0.01972939]
 [0.1803185  0.06932801]
 [0.86011108 0.49114362]
 [0.50887581 0.16896427]
 [0.33996152 0.09815715]
 [2.48236406 1.52705498]] nu :  [0.11994663 0.09286097] k : [1.2392668  1.30073864 1.04438013] theta : [5.9624753  3.42331145] sigma : [2.9        1.96935185] zeta : [0.00741939 0.04188144] rho : 0.02 kappa : 0.5
       3             14         9.2980e-01      8.37e-07       4.83e-05       1.08e+04    
       4             15         9.2980e-01      4.83e-08       5.30e-05       1.16e+03    
fe :  [0.10322757 0.0360563 ] fo :  [0.05561134 0.01156073] delta :  [[0.24326369 0.09195384]
 [0.25431969 0.10468995]
 [0.24311175 0.07780342]
 [0.47330696 0.23178841]
 [0.4164248  0.17757466]
 [0.86710348 0.54390796]
 [0.11906095 0.01972926]
 [0.18032568 0.06932782]
 [0.86013146 0.49115651]
 [0.50889444 0.16896459]
 [0.33997357 0.098157  ]
 [2.48236805 1.52705987]] nu :  [0.1199815 0.0928676] k : [1.2392668  1.30073864 1.04438013] theta : [5.9624753  3.42331145] sigma : [2.9        1.96935185] zeta : [0.00741939 0.04188144] rho : 0.02 kappa : 0.5
       5             16         9.2980e-01      2.58e-07       2.27e-05       4.26e+03    
       6             17         9.2980e-01      1.27e-07       3.82e-05       7.18e-02    
fe :  [0.10322757 0.0360563 ] fo :  [0.05561134 0.01156073] delta :  [[0.24326574 0.09195515]
 [0.2543215  0.10469078]
 [0.24311358 0.07780433]
 [0.47330865 0.23178971]
 [0.41642641 0.17757578]
 [0.86710496 0.54390929]
 [0.11906241 0.01972924]
 [0.18032719 0.06932833]
 [0.86013325 0.49115811]
 [0.50889624 0.16896571]
 [0.33997519 0.09815783]
 [2.48236843 1.52706056]] nu :  [0.12000443 0.09288039] k : [1.2392668  1.30073864 1.04438013] theta : [5.9624753  3.42331145] sigma : [2.9        1.96935185] zeta : [0.00741939 0.04188144] rho : 0.02 kappa : 0.5
       7             18         9.2980e-01      3.62e-09       3.62e-06       1.30e+00    
       8             19         9.2980e-01      1.83e-08       1.62e-06       1.31e+00    
fe :  [0.10322757 0.0360563 ] fo :  [0.05561134 0.01156073] delta :  [[0.24326609 0.09195527]
 [0.25432178 0.10469079]
 [0.24311388 0.07780435]
 [0.47330892 0.23178985]
 [0.41642665 0.17757586]
 [0.8671052  0.54390946]
 [0.11906258 0.01972924]
 [0.18032739 0.06932833]
 [0.86013356 0.49115836]
 [0.50889654 0.16896578]
 [0.33997543 0.09815785]
 [2.4823685  1.52706068]] nu :  [0.12000718 0.09288135] k : [1.2392668  1.30073864 1.04438013] theta : [5.9624753  3.42331145] sigma : [2.9        1.96935185] zeta : [0.00741939 0.04188144] rho : 0.02 kappa : 0.5
       9             20         9.2980e-01      1.22e-08       1.48e-06       4.30e+02    
      10             21         9.2980e-01      3.32e-08       1.82e-06       5.40e-01    
      11             22         9.2980e-01      2.31e-09       1.12e-06       4.21e-01    
fe :  [0.10322757 0.0360563 ] fo :  [0.05561134 0.01156073] delta :  [[0.24326651 0.09195536]
 [0.25432213 0.10469083]
 [0.24311425 0.0778044 ]
 [0.47330926 0.23179   ]
 [0.41642695 0.17757593]
 [0.8671055  0.54390967]
 [0.11906278 0.01972924]
 [0.18032762 0.06932835]
 [0.86013399 0.49115867]
 [0.50889693 0.16896586]
 [0.33997573 0.09815789]
 [2.4823686  1.52706083]] nu :  [0.12000957 0.09288217] k : [1.2392668  1.30073864 1.04438013] theta : [5.9624753  3.42331145] sigma : [2.9        1.96935185] zeta : [0.00741939 0.04188144] rho : 0.02 kappa : 0.5
      12             23         9.2980e-01      5.18e-10       2.72e-07       7.93e-01    
      13             24         9.2980e-01      3.11e-10       8.36e-08       4.87e+02    
fe :  [0.10322757 0.0360563 ] fo :  [0.05561134 0.01156073] delta :  [[0.24326652 0.09195537]
 [0.25432214 0.10469083]
 [0.24311426 0.0778044 ]
 [0.47330927 0.23179001]
 [0.41642696 0.17757594]
 [0.86710551 0.54390968]
 [0.11906279 0.01972924]
 [0.18032763 0.06932835]
 [0.86013399 0.49115868]
 [0.50889694 0.16896586]
 [0.33997574 0.09815789]
 [2.48236861 1.52706083]] nu :  [0.12000965 0.09288222] k : [1.2392668  1.30073864 1.04438013] theta : [5.9624753  3.42331145] sigma : [2.9        1.96935185] zeta : [0.00741939 0.04188144] rho : 0.02 kappa : 0.5
      14             25         9.2980e-01      1.46e-08       5.83e-07       5.96e-01    
      15             26         9.2980e-01      1.41e-10       4.28e-08       1.16e+00    
fe :  [0.10322757 0.0360563 ] fo :  [0.05561134 0.01156073] delta :  [[0.24326653 0.09195537]
 [0.25432214 0.10469083]
 [0.24311427 0.0778044 ]
 [0.47330928 0.23179001]
 [0.41642697 0.17757594]
 [0.86710551 0.54390968]
 [0.1190628  0.01972924]
 [0.18032763 0.06932835]
 [0.860134   0.49115869]
 [0.50889695 0.16896586]
 [0.33997575 0.09815789]
 [2.48236861 1.52706084]] nu :  [0.1200097  0.09288223] k : [1.2392668  1.30073864 1.04438013] theta : [5.9624753  3.42331145] sigma : [2.9        1.96935185] zeta : [0.00741939 0.04188144] rho : 0.02 kappa : 0.5
      16             27         9.2980e-01      1.57e-10       1.16e-08       7.35e-01    
`ftol` termination condition is satisfied.
Function evaluations 27, initial cost 9.2981e-01, final cost 9.2980e-01, first-order optimality 7.35e-01.
   Iteration     Total nfev        Cost      Cost reduction    Step norm     Optimality   
       0              1         9.2980e-01                                    1.18e-01    
       1              9         9.2980e-01      1.14e-06       6.29e-03       7.18e+04    
fe :  [0.10322757 0.0360563 ] fo :  [0.05561134 0.01156073] delta :  [[0.24324085 0.09196005]
 [0.25424147 0.10464267]
 [0.24304112 0.07777604]
 [0.47304273 0.23167839]
 [0.41619501 0.17749234]
 [0.86649195 0.54353586]
 [0.11904898 0.01970485]
 [0.18027477 0.06928472]
 [0.85958174 0.49086759]
 [0.50861848 0.1688916 ]
 [0.33980714 0.09811782]
 [2.48155833 1.52625864]] nu :  [0.12004185 0.09302414] k : [1.2392668  1.30073864 1.04438013] theta : [5.9624753  3.42331145] sigma : [2.9        1.96935185] zeta : [0.00741939 0.04188144] rho : 0.02 kappa : 0.5
       2             11         9.2980e-01      3.49e-06       5.71e-04       2.67e+04    
       3             14         9.2980e-01      7.23e-08       8.04e-06       5.56e+04    
fe :  [0.10322757 0.0360563 ] fo :  [0.05561134 0.01156073] delta :  [[0.24324404 0.09196001]
 [0.25424348 0.10464266]
 [0.24304326 0.07777603]
 [0.47304493 0.23167934]
 [0.41619694 0.1774927 ]
 [0.86649387 0.5435372 ]
 [0.11904974 0.01970484]
 [0.18027603 0.06928471]
 [0.85958441 0.49086962]
 [0.50862101 0.16889195]
 [0.33980904 0.09811781]
 [2.48155895 1.52625956]] nu :  [0.12004183 0.09302411] k : [1.2392668  1.30073864 1.04438013] theta : [5.9624753  3.42331145] sigma : [2.9        1.96935185] zeta : [0.00741939 0.04188144] rho : 0.02 kappa : 0.5
       4             19         9.2980e-01      3.87e-08       7.77e-07       3.06e+03    
       5             22         9.2980e-01      1.25e-11       1.21e-08       2.24e+03    
fe :  [0.10322757 0.0360563 ] fo :  [0.05561134 0.01156073] delta :  [[0.24324404 0.09196001]
 [0.25424348 0.10464266]
 [0.24304326 0.07777603]
 [0.47304493 0.23167934]
 [0.41619694 0.1774927 ]
 [0.86649387 0.5435372 ]
 [0.11904974 0.01970484]
 [0.18027603 0.06928471]
 [0.85958441 0.49086962]
 [0.50862101 0.16889194]
 [0.33980904 0.09811781]
 [2.48155895 1.52625956]] nu :  [0.12004183 0.09302411] k : [1.2392668  1.30073864 1.04438013] theta : [5.9624753  3.42331145] sigma : [2.9        1.96935185] zeta : [0.00741939 0.04188144] rho : 0.02 kappa : 0.5
       6             23         9.2980e-01      3.44e-10       3.04e-09       1.97e+02    
`ftol` termination condition is satisfied.
Function evaluations 23, initial cost 9.2980e-01, final cost 9.2980e-01, first-order optimality 1.97e+02.
   Iteration     Total nfev        Cost      Cost reduction    Step norm     Optimality   
       0              1         9.2980e-01                                    1.18e-01    
fe :  [0.10322757 0.0360563 ] fo :  [0.05561134 0.01156073] delta :  [[0.24306814 0.09188802]
 [0.25403597 0.10454163]
 [0.24284137 0.07769515]
 [0.47265437 0.23147234]
 [0.41584704 0.17732834]
 [0.86576934 0.54306362]
 [0.11894159 0.01968056]
 [0.18011775 0.0692124 ]
 [0.85890177 0.49045996]
 [0.50821039 0.16873711]
 [0.33952219 0.09802185]
 [2.48071347 1.52539782]] nu :  [0.11992995 0.09293317] k : [1.2392668  1.30073864 1.04438013] theta : [5.9624753  3.42331145] sigma : [2.9        1.96935185] zeta : [0.00741939 0.04188144] rho : 0.02 kappa : 0.5
       1              9         9.2980e-01      2.51e-06       6.27e-03       7.14e+04    
       2             11         9.2979e-01      1.78e-06       5.03e-04       5.30e+03    
fe :  [0.10322757 0.0360563 ] fo :  [0.05561134 0.01156073] delta :  [[0.2431834  0.09197233]
 [0.25416262 0.1045879 ]
 [0.24297613 0.07769562]
 [0.47278865 0.23157231]
 [0.41597391 0.17741113]
 [0.86589354 0.54317327]
 [0.11902649 0.01968039]
 [0.18022353 0.06923517]
 [0.85904801 0.49058968]
 [0.50835415 0.168819  ]
 [0.33964868 0.09807486]
 [2.48075339 1.52546555]] nu :  [0.11993292 0.09300531] k : [1.2392668  1.30073864 1.04438013] theta : [5.9624753  3.42331145] sigma : [2.9        1.96935185] zeta : [0.00741939 0.04188144] rho : 0.02 kappa : 0.5
       3             21         9.2979e-01      1.12e-09       4.85e-08       3.21e+03    
`ftol` termination condition is satisfied.
Function evaluations 21, initial cost 9.2980e-01, final cost 9.2979e-01, first-order optimality 3.21e+03.
  [cd_nu->19.2] DONE obj=1.364 -> calibration_results_matched_economy/baseline_2002_variations/19.2/
  [cd_all->19.3] calib=['delta', 'T', 'eta', 'fe', 'fo', 'nu'] delta_free=[0, 12, 12] moments=['SPFLOW', 'DOMPATINUS', 'OUT', 'RD', 'RP', 'SRGDP', 'UUPCOSTS', 'RDPHARMACHEM', 'TOPATENT', 'TOPHARMACHEM']
     turnover targets: TOPATENT=0.127978 TOPHARMACHEM=0.09481
     initial obj=6.863 (successful)
fe :  [0.10322757 0.0360563 ] fo :  [0.05561134 0.01156073] delta :  [[0.08793932 0.08793932]
 [0.10601833 0.10601833]
 [0.11316564 0.11316564]
 [0.16194812 0.16194812]
 [0.17779985 0.17779985]
 [0.24150643 0.24150643]
 [0.07481053 0.07481053]
 [0.07801511 0.07801511]
 [0.24365702 0.24365702]
 [0.20480966 0.20480966]
 [0.18760604 0.18760604]
 [1.58447318 1.58447318]] nu :  [0.06367108 0.11917209] k : [1.2392668  1.30073864 1.04438013] theta : [5.9624753  3.42331145] sigma : [2.9        1.96935185] zeta : [0.00741939 0.04188144] rho : 0.02 kappa : 0.5
   Iteration     Total nfev        Cost      Cost reduction    Step norm     Optimality   
       0              1         2.3549e+01                                    1.07e+08    
       1              2         1.4129e+01      9.42e+00       7.24e-03       4.72e+07    
fe :  [0.10905012 0.05619676] fo :  [0.04810826 0.01224329] delta :  [[0.13127391 0.1054731 ]
 [0.1166158  0.11765674]
 [0.11871677 0.10880005]
 [0.24006054 0.211399  ]
 [0.26312731 0.22461321]
 [0.47756403 0.48470834]
 [0.07520035 0.04368399]
 [0.09905472 0.0844062 ]
 [0.47496466 0.45441264]
 [0.31071575 0.20004518]
 [0.2427656  0.14361905]
 [1.72748918 1.72943949]] nu :  [0.07018495 0.11882359] k : [1.2392668  1.30073864 1.04438013] theta : [5.9624753  3.42331145] sigma : [2.9        1.96935185] zeta : [0.00741939 0.04188144] rho : 0.02 kappa : 0.5
       2              3         3.5878e+00      1.05e+01       1.61e+04       7.72e+06    
       3              4         3.1491e+00      4.39e-01       6.59e-03       3.70e+06    
fe :  [0.11014669 0.05616555] fo :  [0.04917956 0.01226988] delta :  [[0.13306123 0.10549171]
 [0.12060146 0.11821343]
 [0.12162277 0.10834476]
 [0.24653778 0.21331806]
 [0.26838893 0.22378137]
 [0.49126881 0.49106457]
 [0.0764817  0.04321764]
 [0.10195182 0.08482683]
 [0.48837121 0.4599646 ]
 [0.31735424 0.20013546]
 [0.24681613 0.14371498]
 [1.75482572 1.73106801]] nu :  [0.0713423  0.11683808] k : [1.2392668  1.30073864 1.04438013] theta : [5.9624753  3.42331145] sigma : [2.9        1.96935185] zeta : [0.00741939 0.04188144] rho : 0.02 kappa : 0.5
       4              5         3.0941e+00      5.51e-02       3.40e+03       3.18e+06    
       5              6         3.0565e+00      3.75e-02       1.29e-03       3.12e+06    
fe :  [0.11099848 0.05616555] fo :  [0.04940224 0.01226988] delta :  [[0.13306127 0.10549171]
 [0.12060149 0.11821344]
 [0.12162277 0.10834476]
 [0.24653779 0.21331806]
 [0.26838893 0.22378137]
 [0.49126882 0.49106458]
 [0.0764817  0.04321764]
 [0.10195183 0.08482683]
 [0.48837122 0.45996461]
 [0.31735424 0.20013546]
 [0.24681613 0.14371498]
 [1.75482572 1.73106801]] nu :  [0.0713465  0.11683834] k : [1.2392668  1.30073864 1.04438013] theta : [5.9624753  3.42331145] sigma : [2.9        1.96935185] zeta : [0.00741939 0.04188144] rho : 0.02 kappa : 0.5
       6              7         2.9118e+00      1.45e-01       6.43e-03       9.57e+05    
       7              8         2.8606e+00      5.12e-02       2.93e+04       5.66e+05    
fe :  [0.11298036 0.05578539] fo :  [0.0315312  0.01249579] delta :  [[0.16918106 0.10532247]
 [0.17245264 0.12619199]
 [0.16764598 0.10240361]
 [0.32401579 0.23141741]
 [0.3347196  0.22872424]
 [0.66814888 0.57834309]
 [0.0955419  0.03622369]
 [0.14141235 0.09137952]
 [0.66147325 0.53724672]
 [0.40030996 0.2096741 ]
 [0.29903575 0.14494129]
 [2.07996348 1.76834194]] nu :  [0.07781679 0.09170903] k : [1.2392668  1.30073864 1.04438013] theta : [5.9624753  3.42331145] sigma : [2.9        1.96935185] zeta : [0.00741939 0.04188144] rho : 0.02 kappa : 0.5
       8              9         2.8077e+00      5.29e-02       2.26e+03       4.26e+05    
       9             10         2.3698e+00      4.38e-01       4.32e+03       6.31e+05    
fe :  [0.13982701 0.05562564] fo :  [0.03398457 0.01251887] delta :  [[0.2453967  0.10950005]
 [0.25751808 0.12033675]
 [0.25181484 0.09150031]
 [0.47655822 0.24681612]
 [0.47403418 0.22255318]
 [0.99294185 0.63577861]
 [0.1315973  0.02308716]
 [0.2050401  0.09555286]
 [0.96756526 0.58644418]
 [0.57037318 0.22041575]
 [0.40024594 0.13144395]
 [2.75085517 1.7738685 ]] nu :  [0.12081599 0.08389774] k : [1.2392668  1.30073864 1.04438013] theta : [5.9624753  3.42331145] sigma : [2.9        1.96935185] zeta : [0.00741939 0.04188144] rho : 0.02 kappa : 0.5
      10             11         1.3261e+00      1.04e+00       1.63e+04       2.18e+06    
      11             12         1.0950e+00      2.31e-01       9.24e+03       8.38e+05    
      12             13         1.0339e+00      6.11e-02       8.92e+03       2.55e+07    
fe :  [0.12657301 0.047872  ] fo :  [0.03547608 0.01176201] delta :  [[0.25792015 0.10869524]
 [0.25842706 0.12129048]
 [0.23767477 0.08633145]
 [0.4676133  0.26132597]
 [0.41756217 0.20673013]
 [0.87901107 0.60600607]
 [0.11633384 0.02274711]
 [0.17935525 0.07727471]
 [0.87025468 0.55064253]
 [0.50704226 0.2085211 ]
 [0.33906517 0.11190992]
 [2.49589777 1.6843154 ]] nu :  [0.12240858 0.10420752] k : [1.2392668  1.30073864 1.04438013] theta : [5.9624753  3.42331145] sigma : [2.9        1.96935185] zeta : [0.00741939 0.04188144] rho : 0.02 kappa : 0.5
      13             14         1.0183e+00      1.56e-02       1.43e+02       2.16e+07    
      14             15         1.0115e+00      6.82e-03       3.13e+02       1.55e+07    
fe :  [0.12794779 0.04324447] fo :  [0.03928311 0.01164335] delta :  [[0.2540438  0.10910432]
 [0.25793207 0.1171975 ]
 [0.23140163 0.08523419]
 [0.4586752  0.24766297]
 [0.41091778 0.2017399 ]
 [0.86077688 0.58288528]
 [0.11547308 0.02320408]
 [0.17362072 0.07694161]
 [0.86087715 0.53606532]
 [0.50307477 0.21690168]
 [0.33201098 0.10755187]
 [2.47337543 1.63573044]] nu :  [0.12224457 0.09032677] k : [1.2392668  1.30073864 1.04438013] theta : [5.9624753  3.42331145] sigma : [2.9        1.96935185] zeta : [0.00741939 0.04188144] rho : 0.02 kappa : 0.5
      15             16         1.0003e+00      1.12e-02       4.39e+01       7.63e+06    
      16             17         9.8380e-01      1.65e-02       3.51e+02       2.26e+05    
fe :  [0.09874951 0.03738866] fo :  [0.01745815 0.01036164] delta :  [[0.29662922 0.10739407]
 [0.30224559 0.11777874]
 [0.27199048 0.08472263]
 [0.52942644 0.26670774]
 [0.46996223 0.21237193]
 [0.9707081  0.62771738]
 [0.1415935  0.0243682 ]
 [0.20463798 0.08414494]
 [0.95155008 0.56196173]
 [0.5683933  0.20283871]
 [0.38228855 0.1190089 ]
 [2.63751755 1.68621533]] nu :  [0.12255621 0.09507727] k : [1.2392668  1.30073864 1.04438013] theta : [5.9624753  3.42331145] sigma : [2.9        1.96935185] zeta : [0.00741939 0.04188144] rho : 0.02 kappa : 0.5
      17             22         9.8371e-01      8.43e-05       1.22e-01       3.63e+05    
      18             23         9.8133e-01      2.39e-03       1.53e-02       3.99e+04    
fe :  [0.09481281 0.03495079] fo :  [0.01746315 0.01024033] delta :  [[0.29471024 0.10769463]
 [0.30070338 0.11908199]
 [0.27062685 0.0855481 ]
 [0.52651752 0.2651018 ]
 [0.46701736 0.21044278]
 [0.96540668 0.62423147]
 [0.14096431 0.02576363]
 [0.20334162 0.08317116]
 [0.94720664 0.55907441]
 [0.56544313 0.20114166]
 [0.38035345 0.11790891]
 [2.63604443 1.68296094]] nu :  [0.12174798 0.09613518] k : [1.2392668  1.30073864 1.04438013] theta : [5.9624753  3.42331145] sigma : [2.9        1.96935185] zeta : [0.00741939 0.04188144] rho : 0.02 kappa : 0.5
      19             24         9.8052e-01      8.03e-04       1.24e-02       1.51e+05    
      20             25         9.7970e-01      8.19e-04       1.10e-02       1.89e+04    
fe :  [0.09420022 0.03341243] fo :  [0.01923255 0.0099877 ] delta :  [[0.29336572 0.10927511]
 [0.30036105 0.12199324]
 [0.27025529 0.0878243 ]
 [0.52593062 0.26508293]
 [0.46613902 0.20979467]
 [0.96419208 0.62385755]
 [0.1405174  0.02681485]
 [0.20299202 0.08340766]
 [0.94696589 0.55901712]
 [0.56492001 0.20060143]
 [0.37982943 0.11765546]
 [2.64362014 1.68860623]] nu :  [0.12215068 0.09415937] k : [1.2392668  1.30073864 1.04438013] theta : [5.9624753  3.42331145] sigma : [2.9        1.96935185] zeta : [0.00741939 0.04188144] rho : 0.02 kappa : 0.5
      21             30         9.7970e-01      2.46e-06       3.87e-04       1.62e+04    
      22             31         9.7970e-01      4.22e-06       6.65e-05       3.23e+03    
      23             32         9.7969e-01      3.61e-06       4.63e-05       1.76e+02    
fe :  [0.094192   0.03339433] fo :  [0.01923195 0.00998489] delta :  [[0.29334596 0.10932301]
 [0.30035585 0.12199912]
 [0.27024984 0.08792647]
 [0.52592089 0.26508737]
 [0.4661269  0.20978668]
 [0.9641749  0.62385224]
 [0.14052364 0.02683584]
 [0.20298625 0.08352178]
 [0.94696458 0.55902055]
 [0.5649116  0.20059443]
 [0.3798217  0.11765172]
 [2.64369891 1.68865567]] nu :  [0.12215217 0.09415657] k : [1.2392668  1.30073864 1.04438013] theta : [5.9624753  3.42331145] sigma : [2.9        1.96935185] zeta : [0.00741939 0.04188144] rho : 0.02 kappa : 0.5
      24             33         9.7969e-01      6.87e-06       1.05e-04       2.15e+03    
      25             34         9.7968e-01      8.40e-06       4.01e-04       5.37e+03    
fe :  [0.09417635 0.03335495] fo :  [0.0192311  0.00997868] delta :  [[0.29330682 0.10937522]
 [0.30034717 0.1220889 ]
 [0.27024067 0.0881422 ]
 [0.52590568 0.26517582]
 [0.46610594 0.2097724 ]
 [0.96414837 0.62389228]
 [0.14059819 0.02692467]
 [0.20297615 0.08375265]
 [0.94703323 0.55910987]
 [0.56491706 0.20058214]
 [0.37980928 0.11764548]
 [2.64389758 1.68881717]] nu :  [0.12215276 0.09414921] k : [1.2392668  1.30073864 1.04438013] theta : [5.9624753  3.42331145] sigma : [2.9        1.96935185] zeta : [0.00741939 0.04188144] rho : 0.02 kappa : 0.5
      26             35         9.7967e-01      1.10e-05       1.20e-04       1.51e+03    
      27             36         9.7965e-01      2.22e-05       4.80e-04       9.07e+02    
fe :  [0.09409545 0.03322694] fo :  [0.01922912 0.00995655] delta :  [[0.29316741 0.10941609]
 [0.30030633 0.12213984]
 [0.27019839 0.08838953]
 [0.52583489 0.2652285 ]
 [0.46601645 0.2097189 ]
 [0.96402665 0.62385393]
 [0.14058921 0.02697236]
 [0.20293301 0.08401865]
 [0.94700825 0.55915806]
 [0.56485811 0.20053567]
 [0.37975317 0.11762289]
 [2.64454585 1.68930232]] nu :  [0.12213879 0.09410344] k : [1.2392668  1.30073864 1.04438013] theta : [5.9624753  3.42331145] sigma : [2.9        1.96935185] zeta : [0.00741939 0.04188144] rho : 0.02 kappa : 0.5
      28             37         9.7960e-01      4.07e-05       5.34e-04       2.10e+03    
      29             38         9.7955e-01      5.60e-05       2.18e-03       1.72e-02    
fe :  [0.09384698 0.03292384] fo :  [0.01923301 0.00989574] delta :  [[0.29289323 0.10960271]
 [0.30019137 0.12254392]
 [0.27007558 0.08893933]
 [0.52562301 0.26581811]
 [0.46576274 0.20959448]
 [0.9636644  0.62402703]
 [0.14056487 0.02716356]
 [0.20281085 0.08453391]
 [0.94715887 0.55976661]
 [0.56467369 0.20042658]
 [0.37958697 0.1175777 ]
 [2.64602103 1.69046055]] nu :  [0.12209653 0.09392725] k : [1.2392668  1.30073864 1.04438013] theta : [5.9624753  3.42331145] sigma : [2.9        1.96935185] zeta : [0.00741939 0.04188144] rho : 0.02 kappa : 0.5
      30             39         9.7947e-01      7.72e-05       1.04e-03       1.47e+03    
      31             40         9.7933e-01      1.45e-04       2.48e-03       4.29e+02    
fe :  [0.09276584 0.0320559 ] fo :  [0.01999857 0.00969171] delta :  [[0.29189647 0.10979491]
 [0.29978502 0.12254802]
 [0.2696803  0.08945656]
 [0.52487378 0.26576864]
 [0.46500264 0.20926591]
 [0.96250185 0.62379409]
 [0.14043358 0.0273208 ]
 [0.202423   0.08472663]
 [0.94668291 0.55967164]
 [0.564096   0.20012598]
 [0.37906022 0.11749392]
 [2.65099657 1.69445072]] nu :  [0.1221485  0.09325115] k : [1.2392668  1.30073864 1.04438013] theta : [5.9624753  3.42331145] sigma : [2.9        1.96935185] zeta : [0.00741939 0.04188144] rho : 0.02 kappa : 0.5
      32             41         9.7904e-01      2.85e-04       4.54e-03       2.25e+03    
      33             42         9.7850e-01      5.45e-04       7.49e-03       6.78e+03    
      34             43         9.7762e-01      8.81e-04       1.08e-02       1.08e+04    
fe :  [0.08448415 0.02664806] fo :  [0.02022728 0.00827706] delta :  [[0.2900321  0.11152611]
 [0.28948161 0.12075291]
 [0.26451525 0.08998886]
 [0.51450679 0.26293931]
 [0.4557375  0.20584206]
 [0.94453966 0.61574667]
 [0.13738519 0.02739814]
 [0.19913469 0.08422665]
 [0.93100396 0.55218423]
 [0.5533356  0.19682371]
 [0.37144329 0.11618209]
 [2.65188268 1.69045474]] nu :  [0.12206046 0.08921152] k : [1.2392668  1.30073864 1.04438013] theta : [5.9624753  3.42331145] sigma : [2.9        1.96935185] zeta : [0.00741939 0.04188144] rho : 0.02 kappa : 0.5
      35             44         9.7614e-01      1.48e-03       6.32e-02       2.00e+05    
      36             45         9.7572e-01      4.20e-04       6.12e-02       1.84e+05    
fe :  [0.07556446 0.0202968 ] fo :  [0.02087889 0.00361464] delta :  [[0.28997869 0.13321266]
 [0.29272203 0.13501603]
 [0.26492152 0.1023453 ]
 [0.51480023 0.28220811]
 [0.45626649 0.22252545]
 [0.94753372 0.64464494]
 [0.13741359 0.03299979]
 [0.20236345 0.09642666]
 [0.93571658 0.58265847]
 [0.55626486 0.21078887]
 [0.37192407 0.12911231]
 [2.66551009 1.74142584]] nu :  [0.12191799 0.08393663] k : [1.2392668  1.30073864 1.04438013] theta : [5.9624753  3.42331145] sigma : [2.9        1.96935185] zeta : [0.00741939 0.04188144] rho : 0.02 kappa : 0.5
      37             46         9.7417e-01      1.55e-03       2.45e-02       1.22e+05    
      38             48         9.7399e-01      1.80e-04       1.43e-02       8.47e+04    
fe :  [0.07514396 0.02002982] fo :  [0.02061794 0.00333307] delta :  [[0.29225495 0.13679568]
 [0.29201777 0.13513122]
 [0.26751005 0.10244752]
 [0.52145108 0.28688979]
 [0.46033643 0.22501804]
 [0.95073501 0.64873367]
 [0.13865934 0.03421136]
 [0.20426347 0.0980049 ]
 [0.93674007 0.58521008]
 [0.55626709 0.21348588]
 [0.37374434 0.13093286]
 [2.66772488 1.74708878]] nu :  [0.12187709 0.08336132] k : [1.2392668  1.30073864 1.04438013] theta : [5.9624753  3.42331145] sigma : [2.9        1.96935185] zeta : [0.00741939 0.04188144] rho : 0.02 kappa : 0.5
      39             49         9.7394e-01      5.09e-05       1.09e-03       2.12e+03    
      40             59         9.7394e-01      4.07e-08       1.61e-06       4.01e+02    
`xtol` termination condition is satisfied.
Function evaluations 59, initial cost 2.3549e+01, final cost 9.7394e-01, first-order optimality 4.01e+02.
fe :  [0.07514396 0.02002982] fo :  [0.02061794 0.00333307] delta :  [[0.29225495 0.13679568]
 [0.29201777 0.13513122]
 [0.26751005 0.10244752]
 [0.52145109 0.28688979]
 [0.46033643 0.22501804]
 [0.95073501 0.64873367]
 [0.13865934 0.03421136]
 [0.20426347 0.0980049 ]
 [0.93674007 0.58521008]
 [0.55626709 0.21348588]
 [0.37374434 0.13093286]
 [2.66772488 1.74708878]] nu :  [0.12187709 0.08336132] k : [1.2392668  1.30073864 1.04438013] theta : [5.9624753  3.42331145] sigma : [2.9        1.96935185] zeta : [0.00741939 0.04188144] rho : 0.02 kappa : 0.5
   Iteration     Total nfev        Cost      Cost reduction    Step norm     Optimality   
       0              1         9.7394e-01                                    2.13e+03    
       1             19         9.7394e-01      4.92e-08       1.49e-06       2.26e+00    
`xtol` termination condition is satisfied.
Function evaluations 19, initial cost 9.7394e-01, final cost 9.7394e-01, first-order optimality 2.26e+00.
fe :  [0.07514396 0.02002982] fo :  [0.02061794 0.00333307] delta :  [[0.29225495 0.13679568]
 [0.29201777 0.13513122]
 [0.26751005 0.10244752]
 [0.52145109 0.28688979]
 [0.46033643 0.22501804]
 [0.95073501 0.64873367]
 [0.13865934 0.03421136]
 [0.20426347 0.0980049 ]
 [0.93674007 0.58521008]
 [0.55626709 0.21348588]
 [0.37374434 0.13093286]
 [2.66772488 1.74708878]] nu :  [0.12187709 0.08336132] k : [1.2392668  1.30073864 1.04438013] theta : [5.9624753  3.42331145] sigma : [2.9        1.96935185] zeta : [0.00741939 0.04188144] rho : 0.02 kappa : 0.5
   Iteration     Total nfev        Cost      Cost reduction    Step norm     Optimality   
       0              1         9.7394e-01                                    2.04e+03    
       1             19         9.7394e-01      0.00e+00       0.00e+00       2.04e+03    
`xtol` termination condition is satisfied.
Function evaluations 19, initial cost 9.7394e-01, final cost 9.7394e-01, first-order optimality 2.04e+03.
   Iteration     Total nfev        Cost      Cost reduction    Step norm     Optimality   
       0              1         9.7394e-01                                    4.80e+02    
fe :  [0.07513643 0.02002647] fo :  [0.02061745 0.00333255] delta :  [[0.29223816 0.13679076]
 [0.29229319 0.13522317]
 [0.26753851 0.10256483]
 [0.52156149 0.28696191]
 [0.46039259 0.2250289 ]
 [0.9507739  0.64878951]
 [0.13865936 0.0342113 ]
 [0.20432442 0.09804456]
 [0.93673946 0.58523584]
 [0.55627605 0.2135095 ]
 [0.3737484  0.13093277]
 [2.66776007 1.74717828]] nu :  [0.12189688 0.08335363] k : [1.2392668  1.30073864 1.04438013] theta : [5.9624753  3.42331145] sigma : [2.9        1.96935185] zeta : [0.00741939 0.04188144] rho : 0.02 kappa : 0.5
       1             11         9.7394e-01      1.34e-06       3.75e-04       4.68e+03    
       2             12         9.7394e-01      1.10e-06       9.23e-05       5.08e+03    
       3             29         9.7394e-01      0.00e+00       0.00e+00       5.08e+03    
`xtol` termination condition is satisfied.
Function evaluations 29, initial cost 9.7394e-01, final cost 9.7394e-01, first-order optimality 5.08e+03.
fe :  [0.07513425 0.02002551] fo :  [0.02061728 0.0033324 ] delta :  [[0.29223386 0.13679001]
 [0.29237144 0.13524724]
 [0.26753924 0.10259106]
 [0.52158204 0.28697153]
 [0.46039783 0.22502872]
 [0.95077476 0.6487948 ]
 [0.13865921 0.03421124]
 [0.20432958 0.09804455]
 [0.93673814 0.58523557]
 [0.55627552 0.21350938]
 [0.37374799 0.13093258]
 [2.66776652 1.7471975 ]] nu :  [0.121897   0.08335142] k : [1.2392668  1.30073864 1.04438013] theta : [5.9624753  3.42331145] sigma : [2.9        1.96935185] zeta : [0.00741939 0.04188144] rho : 0.02 kappa : 0.5
   Iteration     Total nfev        Cost      Cost reduction    Step norm     Optimality   
       0              1         9.7394e-01                                    8.33e+03    
       1             18         9.7394e-01      4.16e-08       2.02e-06       5.62e+03    
fe :  [0.07513425 0.02002551] fo :  [0.02061728 0.0033324 ] delta :  [[0.29223386 0.13679001]
 [0.29237144 0.13524724]
 [0.26753924 0.10259106]
 [0.52158204 0.28697153]
 [0.46039783 0.22502872]
 [0.95077476 0.6487948 ]
 [0.13865921 0.03421124]
 [0.20432958 0.09804455]
 [0.93673814 0.58523557]
 [0.55627552 0.21350938]
 [0.37374799 0.13093258]
 [2.66776652 1.7471975 ]] nu :  [0.121897   0.08335142] k : [1.2392668  1.30073864 1.04438013] theta : [5.9624753  3.42331145] sigma : [2.9        1.96935185] zeta : [0.00741939 0.04188144] rho : 0.02 kappa : 0.5
       2             28         9.7394e-01      4.58e-12       1.93e-12       5.59e+03    
Both `ftol` and `xtol` termination conditions are satisfied.
Function evaluations 28, initial cost 9.7394e-01, final cost 9.7394e-01, first-order optimality 5.59e+03.
   Iteration     Total nfev        Cost      Cost reduction    Step norm     Optimality   
       0              1         9.7394e-01                                    5.96e+03    
fe :  [0.07513425 0.02002551] fo :  [0.02061728 0.0033324 ] delta :  [[0.29223386 0.13679001]
 [0.29237144 0.13524724]
 [0.26753924 0.10259106]
 [0.52158204 0.28697153]
 [0.46039783 0.22502872]
 [0.95077476 0.6487948 ]
 [0.13865921 0.03421124]
 [0.20432958 0.09804455]
 [0.93673814 0.58523557]
 [0.55627552 0.21350938]
 [0.37374799 0.13093258]
 [2.66776652 1.7471975 ]] nu :  [0.121897   0.08335142] k : [1.2392668  1.30073864 1.04438013] theta : [5.9624753  3.42331145] sigma : [2.9        1.96935185] zeta : [0.00741939 0.04188144] rho : 0.02 kappa : 0.5
       1             26         9.7394e-01      2.71e-11       8.92e-11       5.75e+03    
`ftol` termination condition is satisfied.
Function evaluations 26, initial cost 9.7394e-01, final cost 9.7394e-01, first-order optimality 5.75e+03.
  [cd_all->19.3] DONE obj=1.396 -> calibration_results_matched_economy/baseline_2002_variations/19.3/
