RDPHARMACHEM backfill (earliest ANBERD): [(7, 'RD ratio pharma', np.float64(0.0493), 1994), (7, 'RD ratio chemicals', np.float64(0.0319), 1994), (8, 'RD ratio pharma', np.float64(0.0139), 1995), (8, 'RD ratio chemicals', np.float64(0.0667), 1995)]

RUNNING 12 configs


========================================================================
  label: s_base
  seed: 8.0
  fix_delta: False
  calib_parameters: ['delta', 'T', 'eta']
  delta_free_by_sector: [0, 12, 12]
  fe_free: 0
  fo_free: 0
  nu_free: 0
  moments: ['SPFLOW', 'DOMPATINUS', 'OUT', 'RD', 'RP', 'SRGDP', 'UUPCOSTS', 'RDPHARMACHEM']
  weights: {'SPFLOW': 1, 'DOMPATINUS': 1, 'OUT': 5, 'RD': 10, 'RP': 1, 'SRGDP': 1, 'UUPCOSTS': 1, 'RDPHARMACHEM': 1}
  r_hjort_recomputed_for_1992: True
  [s_base] initial solve: successful | obj=4.8428
fe :  [0.06348811 0.01849524] fo :  [0.02808923 0.00573732] delta :  [[0.12122029 0.13701525]
 [0.1219394  0.17401727]
 [0.13569281 0.16081868]
 [0.20254102 0.25579869]
 [0.18565147 0.27440652]
 [0.26624266 0.3719205 ]
 [0.08920552 0.09868685]
 [0.07999848 0.13460961]
 [0.2380961  0.4042963 ]
 [0.22529086 0.26891107]
 [0.16855547 0.30509089]
 [1.53556001 2.39937209]] nu :  [0.08360685 0.18715854] k : [1.77830521 1.46044372 1.03960354] theta : [6.43256312 3.4704715 ] sigma : [2.9        1.85599824] zeta : [0.01011387 0.04444895] rho : 0.02 kappa : 0.5
   Iteration     Total nfev        Cost      Cost reduction    Step norm     Optimality   
       0              1         1.1726e+01                                    4.38e+07    
       1              2         1.0789e+01      9.37e-01       1.99e-03       3.38e+07    
fe :  [0.06348811 0.01849524] fo :  [0.02808923 0.00573732] delta :  [[0.12122029 0.13701525]
 [0.1219394  0.17401727]
 [0.13569281 0.16081868]
 [0.20254102 0.25579869]
 [0.18565147 0.27440653]
 [0.26624266 0.3719205 ]
 [0.08920552 0.09868685]
 [0.07999848 0.13460961]
 [0.2380961  0.4042963 ]
 [0.22529086 0.26891107]
 [0.16855547 0.30509089]
 [1.53556001 2.39937209]] nu :  [0.08360685 0.18715854] k : [1.77830521 1.46044372 1.03960354] theta : [6.43256312 3.4704715 ] sigma : [2.9        1.85599824] zeta : [0.01011387 0.04444895] rho : 0.02 kappa : 0.5
       2              3         6.7251e+00      4.06e+00       1.52e-02       1.26e+07    
       3              4         5.5253e+00      1.20e+00       8.55e-03       9.32e+06    
fe :  [0.06348811 0.01849524] fo :  [0.02808923 0.00573732] delta :  [[0.1212203  0.13701524]
 [0.1219394  0.17401727]
 [0.1356928  0.16081868]
 [0.20254102 0.2557987 ]
 [0.18565148 0.27440654]
 [0.26624269 0.37192052]
 [0.08920552 0.09868685]
 [0.07999847 0.13460961]
 [0.23809614 0.40429632]
 [0.22529087 0.26891108]
 [0.16855548 0.30509089]
 [1.53556001 2.39937209]] nu :  [0.08360685 0.18715854] k : [1.77830521 1.46044372 1.03960354] theta : [6.43256312 3.4704715 ] sigma : [2.9        1.85599824] zeta : [0.01011387 0.04444895] rho : 0.02 kappa : 0.5
       4              5         3.7504e+00      1.77e+00       2.73e-02       2.72e+06    
       5              6         3.7006e+00      4.99e-02       3.25e+03       2.67e+06    
       6              8         1.5433e+00      2.16e+00       3.53e+04       2.31e+06    
fe :  [0.06348811 0.01849524] fo :  [0.02808923 0.00573732] delta :  [[0.18780759 0.32743535]
 [0.16578864 0.38270404]
 [0.17216301 0.30905705]
 [0.31770413 0.62834444]
 [0.28792425 0.59169846]
 [0.53051153 1.18146204]
 [0.09039526 0.1361196 ]
 [0.12463949 0.27975228]
 [0.50748271 1.13802379]
 [0.32849602 0.56202095]
 [0.22432134 0.35726466]
 [1.73119511 4.16501134]] nu :  [0.08360685 0.18715854] k : [1.77830521 1.46044372 1.03960354] theta : [6.43256312 3.4704715 ] sigma : [2.9        1.85599824] zeta : [0.01011387 0.04444895] rho : 0.02 kappa : 0.5
       7              9         1.2665e+00      2.77e-01       4.38e+03       1.54e+06    
       8             10         1.1965e+00      7.00e-02       3.23e+03       1.28e+06    
fe :  [0.06348811 0.01849524] fo :  [0.02808923 0.00573732] delta :  [[0.20183223 0.3512324 ]
 [0.18116412 0.40110993]
 [0.18513314 0.34839199]
 [0.32478953 0.69712025]
 [0.28410908 0.59612596]
 [0.58077156 1.53401785]
 [0.08546746 0.13027441]
 [0.12318026 0.29950661]
 [0.55931761 1.38307192]
 [0.32334919 0.65164112]
 [0.21187882 0.37559649]
 [1.66051703 4.07539622]] nu :  [0.08360685 0.18715854] k : [1.77830521 1.46044372 1.03960354] theta : [6.43256312 3.4704715 ] sigma : [2.9        1.85599824] zeta : [0.01011387 0.04444895] rho : 0.02 kappa : 0.5
       9             11         1.0508e+00      1.46e-01       2.25e+04       3.51e+06    
      10             12         1.0260e+00      2.48e-02       7.03e+02       2.84e+06    
fe :  [0.06348811 0.01849524] fo :  [0.02808923 0.00573732] delta :  [[0.20623686 0.33221075]
 [0.19884147 0.38416669]
 [0.19361558 0.33726656]
 [0.33736074 0.73700459]
 [0.2923579  0.59574652]
 [0.59632138 1.57698863]
 [0.09165714 0.12702774]
 [0.12978367 0.29041745]
 [0.57689649 1.39941357]
 [0.33094142 0.58239588]
 [0.21505226 0.36330237]
 [1.7096072  4.07482924]] nu :  [0.08360685 0.18715854] k : [1.77830521 1.46044372 1.03960354] theta : [6.43256312 3.4704715 ] sigma : [2.9        1.85599824] zeta : [0.01011387 0.04444895] rho : 0.02 kappa : 0.5
      11             13         9.4028e-01      8.57e-02       4.16e+03       1.64e+05    
      12             15         9.4001e-01      2.69e-04       8.49e+02       8.46e+06    
      13             17         9.3336e-01      6.65e-03       9.07e+01       1.10e+06    
fe :  [0.06348811 0.01849524] fo :  [0.02808923 0.00573732] delta :  [[0.20581877 0.2963275 ]
 [0.18635134 0.33551092]
 [0.18279929 0.29431648]
 [0.32084416 0.65492684]
 [0.27690743 0.52620054]
 [0.5681467  1.41213957]
 [0.0829081  0.10332312]
 [0.12065531 0.2578415 ]
 [0.55175326 1.26183593]
 [0.31699968 0.51257293]
 [0.20372869 0.31527416]
 [1.63496779 3.68745041]] nu :  [0.08360685 0.18715854] k : [1.77830521 1.46044372 1.03960354] theta : [6.43256312 3.4704715 ] sigma : [2.9        1.85599824] zeta : [0.01011387 0.04444895] rho : 0.02 kappa : 0.5
      14             18         9.2892e-01      4.44e-03       9.70e+01       5.95e+05    
      15             19         9.2851e-01      4.09e-04       8.12e+01       4.23e+05    
fe :  [0.06348811 0.01849524] fo :  [0.02808923 0.00573732] delta :  [[0.20276381 0.25529909]
 [0.16767158 0.27111383]
 [0.16489962 0.23683975]
 [0.29390848 0.5533417 ]
 [0.25390948 0.44436923]
 [0.52753318 1.19874432]
 [0.07144074 0.07600529]
 [0.10686552 0.200885  ]
 [0.51378013 1.06638972]
 [0.29276649 0.41891205]
 [0.18560244 0.27756822]
 [1.52885601 3.16630834]] nu :  [0.08360685 0.18715854] k : [1.77830521 1.46044372 1.03960354] theta : [6.43256312 3.4704715 ] sigma : [2.9        1.85599824] zeta : [0.01011387 0.04444895] rho : 0.02 kappa : 0.5
      16             20         9.2773e-01      7.76e-04       6.11e+00       1.55e+06    
      17             21         9.2723e-01      5.04e-04       4.44e-01       7.05e+05    
fe :  [0.06348811 0.01849524] fo :  [0.02808923 0.00573732] delta :  [[0.20326937 0.25121963]
 [0.1692979  0.27403405]
 [0.16533958 0.23695128]
 [0.29574732 0.5513862 ]
 [0.25484162 0.43526849]
 [0.52993445 1.19662755]
 [0.071328   0.07987988]
 [0.10757898 0.20487024]
 [0.51499766 1.05953932]
 [0.29258623 0.41776638]
 [0.18620123 0.26535497]
 [1.53188543 3.13060869]] nu :  [0.08360685 0.18715854] k : [1.77830521 1.46044372 1.03960354] theta : [6.43256312 3.4704715 ] sigma : [2.9        1.85599824] zeta : [0.01011387 0.04444895] rho : 0.02 kappa : 0.5
      18             22         9.2662e-01      6.13e-04       1.82e-01       3.69e+04    
      19             23         9.2622e-01      4.01e-04       6.10e-02       1.47e+05    
      20             24         9.2593e-01      2.88e-04       1.42e-02       3.28e+04    
fe :  [0.06348811 0.01849524] fo :  [0.02808923 0.00573732] delta :  [[0.20454414 0.2590307 ]
 [0.17711164 0.28553022]
 [0.17089615 0.2495888 ]
 [0.30429489 0.57370569]
 [0.26248638 0.45844576]
 [0.54350787 1.22704739]
 [0.07506545 0.08385637]
 [0.11192135 0.21630908]
 [0.52869398 1.0908978 ]
 [0.30119863 0.43742389]
 [0.19239388 0.28037033]
 [1.5568205  3.14652768]] nu :  [0.08360685 0.18715854] k : [1.77830521 1.46044372 1.03960354] theta : [6.43256312 3.4704715 ] sigma : [2.9        1.85599824] zeta : [0.01011387 0.04444895] rho : 0.02 kappa : 0.5
      21             25         9.2590e-01      2.72e-05       1.44e-02       1.11e+05    
      22             26         9.2584e-01      5.86e-05       4.98e-03       4.60e+03    
fe :  [0.06348811 0.01849524] fo :  [0.02808923 0.00573732] delta :  [[0.20448898 0.25906761]
 [0.17674831 0.28549437]
 [0.17084633 0.2495333 ]
 [0.30420486 0.57365553]
 [0.26240678 0.45841314]
 [0.54340225 1.2277445 ]
 [0.0750472  0.08383604]
 [0.11187947 0.21625325]
 [0.52858452 1.09130235]
 [0.30110473 0.43736599]
 [0.19233068 0.28031148]
 [1.55760378 3.14749308]] nu :  [0.08360685 0.18715854] k : [1.77830521 1.46044372 1.03960354] theta : [6.43256312 3.4704715 ] sigma : [2.9        1.85599824] zeta : [0.01011387 0.04444895] rho : 0.02 kappa : 0.5
      23             34         9.2584e-01      8.73e-07       4.50e-05       9.86e-02    
      24             35         9.2584e-01      1.73e-09       1.14e-07       9.01e-02    
Both `ftol` and `xtol` termination conditions are satisfied.
Function evaluations 35, initial cost 1.1726e+01, final cost 9.2584e-01, first-order optimality 9.01e-02.
fe :  [0.06348811 0.01849524] fo :  [0.02808923 0.00573732] delta :  [[0.20448898 0.25906766]
 [0.1767483  0.28549439]
 [0.17084633 0.24953331]
 [0.30420486 0.57365556]
 [0.26240678 0.45841317]
 [0.54340226 1.22774454]
 [0.0750472  0.08383604]
 [0.11187947 0.21625325]
 [0.52858453 1.09130239]
 [0.30110473 0.43736601]
 [0.19233068 0.28031149]
 [1.55760381 3.1474931 ]] nu :  [0.08360685 0.18715854] k : [1.77830521 1.46044372 1.03960354] theta : [6.43256312 3.4704715 ] sigma : [2.9        1.85599824] zeta : [0.01011387 0.04444895] rho : 0.02 kappa : 0.5
   Iteration     Total nfev        Cost      Cost reduction    Step norm     Optimality   
       0              1         9.2584e-01                                    9.28e-02    
       1              2         9.2299e-01      2.85e-03       1.53e+04       6.84e+05    
       2              3         9.1905e-01      3.94e-03       1.21e+03       5.59e+05    
fe :  [0.06348811 0.01849524] fo :  [0.02808923 0.00573732] delta :  [[0.20501988 0.26212612]
 [0.1733883  0.28456732]
 [0.17004826 0.2493214 ]
 [0.30016657 0.57442472]
 [0.25957448 0.4616404 ]
 [0.53805521 1.24279334]
 [0.07543812 0.08266487]
 [0.1109399  0.21153376]
 [0.52391244 1.1034714 ]
 [0.29764569 0.43627138]
 [0.18989205 0.28710824]
 [1.56251461 3.25977865]] nu :  [0.08360685 0.18715854] k : [1.77830521 1.46044372 1.03960354] theta : [6.43256312 3.4704715 ] sigma : [2.9        1.85599824] zeta : [0.01011387 0.04444895] rho : 0.02 kappa : 0.5
       3              7         9.1477e-01      4.29e-03       2.19e+02       1.31e+06    
       4             10         9.1304e-01      1.72e-03       2.21e+00       5.22e+05    
fe :  [0.06348811 0.01849524] fo :  [0.02808923 0.00573732] delta :  [[0.20440102 0.26273599]
 [0.17424145 0.28865248]
 [0.17063265 0.25171656]
 [0.30364801 0.57779016]
 [0.26154386 0.46048728]
 [0.54243863 1.24216505]
 [0.07472462 0.08469067]
 [0.11160276 0.218782  ]
 [0.52692313 1.10528494]
 [0.29999542 0.44149853]
 [0.19170121 0.28268612]
 [1.56219074 3.19601658]] nu :  [0.08360685 0.18715854] k : [1.77830521 1.46044372 1.03960354] theta : [6.43256312 3.4704715 ] sigma : [2.9        1.85599824] zeta : [0.01011387 0.04444895] rho : 0.02 kappa : 0.5
       5             12         9.1218e-01      8.66e-04       1.59e-01       1.43e+05    
       6             15         9.1215e-01      2.40e-05       6.93e-03       2.32e+04    
fe :  [0.06348811 0.01849524] fo :  [0.02808923 0.00573732] delta :  [[0.20410331 0.26270234]
 [0.1790582  0.28954611]
 [0.17065776 0.25247484]
 [0.3041552  0.57892134]
 [0.26221013 0.46185676]
 [0.5432546  1.24350735]
 [0.07475682 0.08508011]
 [0.11162747 0.21928794]
 [0.52786737 1.1065521 ]
 [0.30060087 0.44228447]
 [0.19219909 0.28337103]
 [1.56342482 3.19690962]] nu :  [0.08360685 0.18715854] k : [1.77830521 1.46044372 1.03960354] theta : [6.43256312 3.4704715 ] sigma : [2.9        1.85599824] zeta : [0.01011387 0.04444895] rho : 0.02 kappa : 0.5
       7             16         9.1212e-01      3.74e-05       1.74e-03       1.69e+03    
       8             17         9.1208e-01      3.32e-05       4.30e-03       1.18e+03    
       9             18         9.1206e-01      1.75e-05       4.13e-03       5.99e+03    
fe :  [0.06348811 0.01849524] fo :  [0.02808923 0.00573732] delta :  [[0.20452738 0.26313734]
 [0.17811    0.28964475]
 [0.17148645 0.25303374]
 [0.30475917 0.58053635]
 [0.26289208 0.46387187]
 [0.54438623 1.24659944]
 [0.07544812 0.08506615]
 [0.11235731 0.21943514]
 [0.52909562 1.10893739]
 [0.30127437 0.44300417]
 [0.19267011 0.28390197]
 [1.56658743 3.19946336]] nu :  [0.08360685 0.18715854] k : [1.77830521 1.46044372 1.03960354] theta : [6.43256312 3.4704715 ] sigma : [2.9        1.85599824] zeta : [0.01011387 0.04444895] rho : 0.02 kappa : 0.5
      10             19         9.1205e-01      1.69e-05       4.45e-03       7.17e+03    
      11             20         9.1202e-01      2.32e-05       4.77e-03       1.88e+03    
fe :  [0.06348811 0.01849524] fo :  [0.02808923 0.00573732] delta :  [[0.20457258 0.26338712]
 [0.17760045 0.29002162]
 [0.17169354 0.25350813]
 [0.30504411 0.58129566]
 [0.26315164 0.46467406]
 [0.54484612 1.24766285]
 [0.07560761 0.08538592]
 [0.1125115  0.21985426]
 [0.52957523 1.10984665]
 [0.30158184 0.44354327]
 [0.19289284 0.28435627]
 [1.56758869 3.20055651]] nu :  [0.08360685 0.18715854] k : [1.77830521 1.46044372 1.03960354] theta : [6.43256312 3.4704715 ] sigma : [2.9        1.85599824] zeta : [0.01011387 0.04444895] rho : 0.02 kappa : 0.5
      12             21         9.1201e-01      9.33e-06       4.12e-03       1.46e+04    
      13             22         9.1201e-01      5.54e-06       1.39e-03       1.33e-01    
fe :  [0.06348811 0.01849524] fo :  [0.02808923 0.00573732] delta :  [[0.20455186 0.2633598 ]
 [0.17747385 0.28999203]
 [0.17167378 0.25348277]
 [0.30501035 0.58132865]
 [0.26312215 0.46472309]
 [0.54479421 1.2478888 ]
 [0.07559916 0.08537631]
 [0.11249772 0.2198305 ]
 [0.52952538 1.10998467]
 [0.30154889 0.44350241]
 [0.19287015 0.28432765]
 [1.56781782 3.20081201]] nu :  [0.08360685 0.18715854] k : [1.77830521 1.46044372 1.03960354] theta : [6.43256312 3.4704715 ] sigma : [2.9        1.85599824] zeta : [0.01011387 0.04444895] rho : 0.02 kappa : 0.5
      14             23         9.1201e-01      2.91e-06       8.42e-04       3.03e+03    
      15             29         9.1201e-01      4.30e-07       2.16e-05       2.98e+02    
      16             31         9.1201e-01      0.00e+00       0.00e+00       2.98e+02    
`xtol` termination condition is satisfied.
Function evaluations 31, initial cost 9.2584e-01, final cost 9.1201e-01, first-order optimality 2.98e+02.
   Iteration     Total nfev        Cost      Cost reduction    Step norm     Optimality   
       0              1         9.1201e-01                                    1.11e-01    
fe :  [0.06348811 0.01849524] fo :  [0.02808923 0.00573732] delta :  [[0.20214313 0.28373172]
 [0.17782429 0.30331378]
 [0.17445835 0.2609838 ]
 [0.30830948 0.60012508]
 [0.26594744 0.4789811 ]
 [0.54796537 1.31214465]
 [0.07719375 0.09234747]
 [0.11458364 0.23245247]
 [0.53119359 1.1630684 ]
 [0.30326814 0.45860046]
 [0.19447096 0.29526603]
 [1.58603371 3.44117085]] nu :  [0.08360685 0.18715854] k : [1.77830521 1.46044372 1.03960354] theta : [6.43256312 3.4704715 ] sigma : [2.9        1.85599824] zeta : [0.01011387 0.04444895] rho : 0.02 kappa : 0.5
       1              2         9.0911e-01      2.89e-03       1.02e+04       4.17e+05    
       2              4         9.0170e-01      7.42e-03       2.46e+03       3.43e+05    
fe :  [0.06348811 0.01849524] fo :  [0.02808923 0.00573732] delta :  [[0.20241959 0.28132954]
 [0.17936918 0.30836039]
 [0.17514681 0.26743552]
 [0.310294   0.61268898]
 [0.26776866 0.49000413]
 [0.55204719 1.32133426]
 [0.07864073 0.09427886]
 [0.11549042 0.234573  ]
 [0.5361593  1.17339426]
 [0.30595191 0.46750649]
 [0.19626602 0.30014936]
 [1.59446635 3.45702314]] nu :  [0.08360685 0.18715854] k : [1.77830521 1.46044372 1.03960354] theta : [6.43256312 3.4704715 ] sigma : [2.9        1.85599824] zeta : [0.01011387 0.04444895] rho : 0.02 kappa : 0.5
       3             12         9.0168e-01      1.42e-05       1.03e-02       7.07e+03    
       4             13         9.0168e-01      5.20e-07       1.87e-03       2.86e+03    
fe :  [0.06348811 0.01849524] fo :  [0.02808923 0.00573732] delta :  [[0.20251193 0.28128025]
 [0.17934366 0.30836403]
 [0.17511773 0.26773167]
 [0.31025864 0.6133618 ]
 [0.26774167 0.4906495 ]
 [0.55200925 1.32206933]
 [0.07863104 0.09426508]
 [0.1154638  0.23456376]
 [0.53619997 1.17437519]
 [0.30594315 0.46827722]
 [0.19623906 0.30035652]
 [1.59489274 3.45730912]] nu :  [0.08360685 0.18715854] k : [1.77830521 1.46044372 1.03960354] theta : [6.43256312 3.4704715 ] sigma : [2.9        1.85599824] zeta : [0.01011387 0.04444895] rho : 0.02 kappa : 0.5
       5             19         9.0168e-01      1.26e-07       6.55e-05       1.88e+03    
       6             20         9.0168e-01      6.83e-10       7.20e-08       4.65e+02    
Both `ftol` and `xtol` termination conditions are satisfied.
Function evaluations 20, initial cost 9.1201e-01, final cost 9.0168e-01, first-order optimality 4.65e+02.
fe :  [0.06348811 0.01849524] fo :  [0.02808923 0.00573732] delta :  [[0.20251193 0.28128025]
 [0.17934366 0.30836402]
 [0.17511773 0.26773167]
 [0.31025864 0.61336179]
 [0.26774167 0.49064949]
 [0.55200924 1.32206932]
 [0.07863104 0.09426508]
 [0.1154638  0.23456376]
 [0.53619996 1.17437519]
 [0.30594314 0.46827721]
 [0.19623905 0.30035651]
 [1.59489273 3.45730911]] nu :  [0.08360685 0.18715854] k : [1.77830521 1.46044372 1.03960354] theta : [6.43256312 3.4704715 ] sigma : [2.9        1.85599824] zeta : [0.01011387 0.04444895] rho : 0.02 kappa : 0.5
   Iteration     Total nfev        Cost      Cost reduction    Step norm     Optimality   
       0              1         9.0168e-01                                    2.27e+02    
       1              7         9.0147e-01      2.09e-04       1.30e+00       2.11e+05    
       2             11         9.0139e-01      7.79e-05       1.14e-02       7.73e+03    
fe :  [0.06348811 0.01849524] fo :  [0.02808923 0.00573732] delta :  [[0.20219968 0.27671549]
 [0.17704958 0.30274192]
 [0.17294535 0.26261832]
 [0.30687212 0.60416933]
 [0.26477241 0.48304786]
 [0.54685839 1.30343813]
 [0.07719324 0.09133251]
 [0.11369568 0.22945171]
 [0.53127256 1.15952804]
 [0.30297243 0.46090319]
 [0.19389376 0.29498671]
 [1.58338048 3.41028875]] nu :  [0.08360685 0.18715854] k : [1.77830521 1.46044372 1.03960354] theta : [6.43256312 3.4704715 ] sigma : [2.9        1.85599824] zeta : [0.01011387 0.04444895] rho : 0.02 kappa : 0.5
       3             12         9.0137e-01      2.39e-05       1.24e-02       1.18e+04    
       4             13         9.0135e-01      1.63e-05       2.09e-02       2.39e+04    
fe :  [0.06348811 0.01849524] fo :  [0.02808923 0.00573732] delta :  [[0.20217319 0.27660292]
 [0.17684886 0.30232511]
 [0.17274899 0.26214958]
 [0.30653973 0.60342223]
 [0.26449298 0.48233496]
 [0.54627158 1.30287903]
 [0.07706086 0.09108904]
 [0.1135258  0.22896392]
 [0.53066385 1.15858387]
 [0.30264229 0.46017215]
 [0.19365505 0.29442239]
 [1.58256319 3.41145289]] nu :  [0.08360685 0.18715854] k : [1.77830521 1.46044372 1.03960354] theta : [6.43256312 3.4704715 ] sigma : [2.9        1.85599824] zeta : [0.01011387 0.04444895] rho : 0.02 kappa : 0.5
       5             18         9.0135e-01      3.64e-07       1.07e-04       1.19e+03    
       6             22         9.0135e-01      4.31e-09       3.77e-05       2.18e+03    
fe :  [0.06348811 0.01849524] fo :  [0.02808923 0.00573732] delta :  [[0.2021732  0.27660294]
 [0.17684887 0.30232512]
 [0.172749   0.26214959]
 [0.30653974 0.60342224]
 [0.26449299 0.48233497]
 [0.54627159 1.30287904]
 [0.07706086 0.09108905]
 [0.11352581 0.22896393]
 [0.53066386 1.15858388]
 [0.3026423  0.46017217]
 [0.19365506 0.29442241]
 [1.5825632  3.41145289]] nu :  [0.08360685 0.18715854] k : [1.77830521 1.46044372 1.03960354] theta : [6.43256312 3.4704715 ] sigma : [2.9        1.85599824] zeta : [0.01011387 0.04444895] rho : 0.02 kappa : 0.5
       7             23         9.0135e-01      4.34e-08       9.48e-06       9.26e-03    
       8             24         9.0135e-01      2.95e-11       5.95e-08       2.00e-02    
       9             27         9.0135e-01      1.30e-10       1.36e-09       1.66e-02    
`ftol` termination condition is satisfied.
Function evaluations 27, initial cost 9.0168e-01, final cost 9.0135e-01, first-order optimality 1.66e-02.
fe :  [0.06348811 0.01849524] fo :  [0.02808923 0.00573732] delta :  [[0.2021732  0.27660295]
 [0.17684887 0.30232512]
 [0.172749   0.26214959]
 [0.30653974 0.60342224]
 [0.26449299 0.48233497]
 [0.54627159 1.30287904]
 [0.07706086 0.09108905]
 [0.11352582 0.22896393]
 [0.53066386 1.15858387]
 [0.3026423  0.46017216]
 [0.19365506 0.2944224 ]
 [1.5825632  3.4114529 ]] nu :  [0.08360685 0.18715854] k : [1.77830521 1.46044372 1.03960354] theta : [6.43256312 3.4704715 ] sigma : [2.9        1.85599824] zeta : [0.01011387 0.04444895] rho : 0.02 kappa : 0.5
   Iteration     Total nfev        Cost      Cost reduction    Step norm     Optimality   
       0              1         9.0135e-01                                    9.36e-03    
       1              7         9.0131e-01      4.70e-05       1.82e+00       8.74e+04    
fe :  [0.06348811 0.01849524] fo :  [0.02808923 0.00573732] delta :  [[0.2021244  0.27520062]
 [0.17620834 0.30001924]
 [0.17218504 0.26009228]
 [0.30577184 0.59952478]
 [0.26380299 0.47911753]
 [0.54510603 1.29484567]
 [0.07664189 0.09006399]
 [0.11310046 0.22721585]
 [0.52957907 1.15133901]
 [0.30193926 0.45712421]
 [0.19312406 0.29228313]
 [1.57886962 3.39657596]] nu :  [0.08360685 0.18715854] k : [1.77830521 1.46044372 1.03960354] theta : [6.43256312 3.4704715 ] sigma : [2.9        1.85599824] zeta : [0.01011387 0.04444895] rho : 0.02 kappa : 0.5
       2             11         9.0129e-01      1.40e-05       5.45e-03       4.73e+03    
       3             16         9.0129e-01      5.24e-09       4.08e-05       3.21e-02    
fe :  [0.06348811 0.01849524] fo :  [0.02808923 0.00573732] delta :  [[0.20212481 0.27520178]
 [0.17620925 0.30002044]
 [0.17218607 0.26009355]
 [0.30577297 0.59952605]
 [0.26380414 0.47911877]
 [0.54510721 1.29484666]
 [0.07664295 0.09006511]
 [0.11310153 0.22721709]
 [0.52958027 1.15134012]
 [0.30194043 0.45712548]
 [0.19312522 0.29228439]
 [1.57887042 3.39657628]] nu :  [0.08360685 0.18715854] k : [1.77830521 1.46044372 1.03960354] theta : [6.43256312 3.4704715 ] sigma : [2.9        1.85599824] zeta : [0.01011387 0.04444895] rho : 0.02 kappa : 0.5
       4             20         9.0129e-01      3.87e-11       2.05e-08       1.39e-02    
       5             22         9.0129e-01      4.43e-11       9.08e-10       1.66e-02    
`ftol` termination condition is satisfied.
Function evaluations 22, initial cost 9.0135e-01, final cost 9.0129e-01, first-order optimality 1.66e-02.
   Iteration     Total nfev        Cost      Cost reduction    Step norm     Optimality   
       0              1         9.0129e-01                                    9.90e-03    
fe :  [0.06348811 0.01849524] fo :  [0.02808923 0.00573732] delta :  [[0.20214975 0.27561614]
 [0.17587617 0.29939322]
 [0.17178994 0.25924663]
 [0.30524665 0.5987713 ]
 [0.26334417 0.47828422]
 [0.54427205 1.29523738]
 [0.07643705 0.08975605]
 [0.11281264 0.22659314]
 [0.52874617 1.15115635]
 [0.30149022 0.4564418 ]
 [0.19273078 0.2916626 ]
 [1.57804108 3.40159313]] nu :  [0.08360685 0.18715854] k : [1.77830521 1.46044372 1.03960354] theta : [6.43256312 3.4704715 ] sigma : [2.9        1.85599824] zeta : [0.01011387 0.04444895] rho : 0.02 kappa : 0.5
       1              7         9.0128e-01      1.28e-05       2.24e+00       6.35e+04    
       2             11         9.0126e-01      1.68e-05       1.04e-03       7.79e+02    
fe :  [0.06348811 0.01849524] fo :  [0.02808923 0.00573732] delta :  [[0.20199419 0.27435027]
 [0.17558021 0.29820684]
 [0.17162198 0.25830234]
 [0.30485746 0.59654835]
 [0.26301063 0.47667101]
 [0.54360411 1.29011545]
 [0.07625714 0.0892334 ]
 [0.112641   0.22558561]
 [0.52815422 1.14676727]
 [0.30108874 0.45467652]
 [0.19250514 0.2905464 ]
 [1.57585544 3.38869528]] nu :  [0.08360685 0.18715854] k : [1.77830521 1.46044372 1.03960354] theta : [6.43256312 3.4704715 ] sigma : [2.9        1.85599824] zeta : [0.01011387 0.04444895] rho : 0.02 kappa : 0.5
       3             12         9.0126e-01      4.63e-07       3.91e-03       2.69e+02    
       4             19         9.0126e-01      4.83e-11       2.29e-07       1.99e+03    
`ftol` termination condition is satisfied.
Function evaluations 19, initial cost 9.0129e-01, final cost 9.0126e-01, first-order optimality 1.99e+03.
  [s_base] DONE  obj=1.3426  status=successful  -> calibration_results_matched_economy/baseline_2002_variations/pre_trips_tries/s_base/

========================================================================
  label: s_fefo
  seed: 8.0
  fix_delta: False
  calib_parameters: ['delta', 'T', 'eta', 'fe', 'fo']
  delta_free_by_sector: [0, 12, 12]
  fe_free: 2
  fo_free: 2
  nu_free: 0
  moments: ['SPFLOW', 'DOMPATINUS', 'OUT', 'RD', 'RP', 'SRGDP', 'UUPCOSTS', 'RDPHARMACHEM']
  weights: {'SPFLOW': 1, 'DOMPATINUS': 1, 'OUT': 5, 'RD': 10, 'RP': 1, 'SRGDP': 1, 'UUPCOSTS': 1, 'RDPHARMACHEM': 1}
  r_hjort_recomputed_for_1992: True
  [s_fefo] initial solve: successful | obj=4.8428
fe :  [0.06348811 0.01849524] fo :  [0.02808923 0.00573732] delta :  [[0.12122029 0.13701525]
 [0.1219394  0.17401727]
 [0.13569281 0.16081868]
 [0.20254102 0.25579869]
 [0.18565147 0.27440652]
 [0.26624266 0.3719205 ]
 [0.08920552 0.09868685]
 [0.07999848 0.13460961]
 [0.2380961  0.4042963 ]
 [0.22529086 0.26891107]
 [0.16855547 0.30509089]
 [1.53556001 2.39937209]] nu :  [0.08360685 0.18715854] k : [1.77830521 1.46044372 1.03960354] theta : [6.43256312 3.4704715 ] sigma : [2.9        1.85599824] zeta : [0.01011387 0.04444895] rho : 0.02 kappa : 0.5
   Iteration     Total nfev        Cost      Cost reduction    Step norm     Optimality   
       0              1         1.1726e+01                                    4.38e+07    
       1              2         1.0789e+01      9.37e-01       1.99e-03       3.38e+07    
fe :  [0.06348811 0.01849524] fo :  [0.02808923 0.00573732] delta :  [[0.12122029 0.13701525]
 [0.1219394  0.17401727]
 [0.13569281 0.16081868]
 [0.20254102 0.25579869]
 [0.18565147 0.27440653]
 [0.26624266 0.3719205 ]
 [0.08920552 0.09868685]
 [0.07999848 0.13460961]
 [0.2380961  0.4042963 ]
 [0.22529086 0.26891107]
 [0.16855547 0.3050909 ]
 [1.53556001 2.39937209]] nu :  [0.08360685 0.18715854] k : [1.77830521 1.46044372 1.03960354] theta : [6.43256312 3.4704715 ] sigma : [2.9        1.85599824] zeta : [0.01011387 0.04444895] rho : 0.02 kappa : 0.5
       2              3         6.7251e+00      4.06e+00       1.52e-02       1.26e+07    
       3              4         5.5253e+00      1.20e+00       8.55e-03       9.32e+06    
fe :  [0.06348811 0.0213042 ] fo :  [0.02820113 0.00573732] delta :  [[0.1212203  0.13701524]
 [0.1219394  0.17401727]
 [0.1356928  0.16081868]
 [0.20254102 0.2557987 ]
 [0.18565148 0.27440654]
 [0.26624269 0.37192052]
 [0.08920552 0.09868685]
 [0.07999847 0.13460961]
 [0.23809614 0.40429632]
 [0.22529087 0.26891108]
 [0.16855548 0.30509089]
 [1.53556001 2.39937209]] nu :  [0.08360685 0.18715854] k : [1.77830521 1.46044372 1.03960354] theta : [6.43256312 3.4704715 ] sigma : [2.9        1.85599824] zeta : [0.01011387 0.04444895] rho : 0.02 kappa : 0.5
       4              5         3.7003e+00      1.82e+00       2.80e-02       2.64e+06    
       5              6         3.6431e+00      5.72e-02       2.12e+03       2.45e+06    
fe :  [0.07725999 0.03712179] fo :  [0.03378918 0.00749414] delta :  [[0.17684195 0.22218075]
 [0.1604292  0.29098797]
 [0.17127546 0.21761788]
 [0.31522364 0.47991258]
 [0.29368871 0.45420049]
 [0.51485963 0.87448465]
 [0.09463118 0.09428006]
 [0.12862444 0.2159295 ]
 [0.48739978 0.86327233]
 [0.33606299 0.4422655 ]
 [0.21675919 0.30622339]
 [1.7820156  3.34621494]] nu :  [0.08360685 0.18715854] k : [1.77830521 1.46044372 1.03960354] theta : [6.43256312 3.4704715 ] sigma : [2.9        1.85599824] zeta : [0.01011387 0.04444895] rho : 0.02 kappa : 0.5
       6              8         1.8781e+00      1.76e+00       4.37e+04       8.26e+05    
       7              9         1.4773e+00      4.01e-01       1.14e+04       9.33e+05    
fe :  [0.07517159 0.01385623] fo :  [0.03306825 0.00061691] delta :  [[0.20182793 0.43592312]
 [0.17861154 0.46107206]
 [0.17533077 0.4022751 ]
 [0.31396664 0.80134595]
 [0.27314871 0.64174249]
 [0.56242668 1.63563067]
 [0.0831937  0.15703451]
 [0.12064418 0.3005868 ]
 [0.54526698 1.46852735]
 [0.31128648 0.63759788]
 [0.19823596 0.40702894]
 [1.61737974 4.41970358]] nu :  [0.08360685 0.18715854] k : [1.77830521 1.46044372 1.03960354] theta : [6.43256312 3.4704715 ] sigma : [2.9        1.85599824] zeta : [0.01011387 0.04444895] rho : 0.02 kappa : 0.5
       8             10         1.0775e+00      4.00e-01       3.24e+04       2.86e+06    
       9             11         9.9234e-01      8.51e-02       3.38e+04       1.28e+06    
      10             12         9.4653e-01      4.58e-02       5.05e+03       1.01e+06    
fe :  [0.07378038 0.01357348] fo :  [0.03505839 0.00011413] delta :  [[0.19214874 0.4859715 ]
 [0.16992272 0.45020098]
 [0.16865326 0.40669737]
 [0.30220658 0.85493199]
 [0.25884644 0.67575361]
 [0.53522455 1.78620692]
 [0.07373953 0.16218877]
 [0.10974792 0.35339602]
 [0.51582264 1.55711198]
 [0.29387523 0.67529594]
 [0.18667991 0.40091298]
 [1.53954424 4.54094404]] nu :  [0.08360685 0.18715854] k : [1.77830521 1.46044372 1.03960354] theta : [6.43256312 3.4704715 ] sigma : [2.9        1.85599824] zeta : [0.01011387 0.04444895] rho : 0.02 kappa : 0.5
      11             13         9.3810e-01      8.42e-03       1.00e+03       4.38e+05    
      12             14         9.3715e-01      9.56e-04       2.45e+04       7.64e+06    
fe :  [0.07146553 0.01124507] fo :  [0.04774228 0.00038501] delta :  [[0.17781255 0.50149497]
 [0.15956715 0.4710152 ]
 [0.16067596 0.42134641]
 [0.2888948  0.88190258]
 [0.24763363 0.711154  ]
 [0.51586147 1.81954004]
 [0.06771176 0.16514628]
 [0.10184712 0.37590825]
 [0.50400845 1.64431899]
 [0.28764198 0.70611694]
 [0.17976172 0.45339407]
 [1.50272073 4.6863532 ]] nu :  [0.08360685 0.18715854] k : [1.77830521 1.46044372 1.03960354] theta : [6.43256312 3.4704715 ] sigma : [2.9        1.85599824] zeta : [0.01011387 0.04444895] rho : 0.02 kappa : 0.5
      13             16         9.3006e-01      7.09e-03       4.42e+02       4.32e+05    
      14             17         9.1055e-01      1.95e-02       1.91e+02       1.77e+06    
fe :  [0.08141553 0.01080312] fo :  [0.05571286 0.00037796] delta :  [[0.16850048 0.57781977]
 [0.15140297 0.54904044]
 [0.15059302 0.49152396]
 [0.27561546 0.99441501]
 [0.23615247 0.81482353]
 [0.49816058 2.04875106]
 [0.06159631 0.20710569]
 [0.09534335 0.42514835]
 [0.48186432 1.80277513]
 [0.27232847 0.76539997]
 [0.16959366 0.52463744]
 [1.44859934 5.12856537]] nu :  [0.08360685 0.18715854] k : [1.77830521 1.46044372 1.03960354] theta : [6.43256312 3.4704715 ] sigma : [2.9        1.85599824] zeta : [0.01011387 0.04444895] rho : 0.02 kappa : 0.5
      15             18         9.0854e-01      2.01e-03       3.67e+02       1.29e+06    
      16             22         9.0685e-01      1.70e-03       2.13e-01       1.64e+05    
fe :  [0.09024384 0.01225036] fo :  [0.0634958  0.00055099] delta :  [[0.16384616 0.56357083]
 [0.1492443  0.54313631]
 [0.14832304 0.48550724]
 [0.27090123 0.979258  ]
 [0.23308097 0.80296426]
 [0.49239012 2.02851581]
 [0.0599365  0.20471075]
 [0.09338172 0.42579941]
 [0.47667118 1.78646026]
 [0.26831753 0.75656983]
 [0.16778228 0.51895045]
 [1.43270267 5.10713742]] nu :  [0.08360685 0.18715854] k : [1.77830521 1.46044372 1.03960354] theta : [6.43256312 3.4704715 ] sigma : [2.9        1.85599824] zeta : [0.01011387 0.04444895] rho : 0.02 kappa : 0.5
      17             25         9.0667e-01      1.78e-04       1.05e-02       5.52e+04    
      18             26         9.0665e-01      2.09e-05       3.72e-03       6.96e+03    
      19             31         9.0664e-01      4.96e-06       1.07e-03       5.50e+02    
fe :  [0.09120291 0.01248349] fo :  [0.06363972 0.00054916] delta :  [[0.16377392 0.56351622]
 [0.14920784 0.54302566]
 [0.14826356 0.48538946]
 [0.27080046 0.97902763]
 [0.23299146 0.80277858]
 [0.49228932 2.02824705]
 [0.05990749 0.20463288]
 [0.09332742 0.42573524]
 [0.47657648 1.78625927]
 [0.26822741 0.7564265 ]
 [0.16770996 0.5188358 ]
 [1.43255394 5.10687486]] nu :  [0.08360685 0.18715854] k : [1.77830521 1.46044372 1.03960354] theta : [6.43256312 3.4704715 ] sigma : [2.9        1.85599824] zeta : [0.01011387 0.04444895] rho : 0.02 kappa : 0.5
      20             32         9.0664e-01      5.65e-09       1.81e-05       2.05e+03    
      21             33         9.0664e-01      3.99e-08       1.93e-06       3.15e+03    
`xtol` termination condition is satisfied.
Function evaluations 33, initial cost 1.1726e+01, final cost 9.0664e-01, first-order optimality 3.15e+03.
fe :  [0.09120291 0.0124853 ] fo :  [0.06363971 0.00054916] delta :  [[0.1637739  0.56351621]
 [0.14920784 0.54302563]
 [0.14826354 0.48538944]
 [0.27080044 0.97902758]
 [0.23299143 0.80277854]
 [0.4922893  2.028247  ]
 [0.05990748 0.20463286]
 [0.09332741 0.42573522]
 [0.47657646 1.78625922]
 [0.26822739 0.75642646]
 [0.16770994 0.51883577]
 [1.4325539  5.10687481]] nu :  [0.08360685 0.18715854] k : [1.77830521 1.46044372 1.03960354] theta : [6.43256312 3.4704715 ] sigma : [2.9        1.85599824] zeta : [0.01011387 0.04444895] rho : 0.02 kappa : 0.5
   Iteration     Total nfev        Cost      Cost reduction    Step norm     Optimality   
       0              1         9.0664e-01                                    6.73e+02    
       1              2         9.0608e-01      5.64e-04       1.24e+03       4.42e+05    
fe :  [0.09355868 0.01285015] fo :  [0.06463242 0.00053181] delta :  [[0.16313481 0.56773023]
 [0.14855917 0.54726677]
 [0.14831553 0.48897247]
 [0.27121541 0.9801412 ]
 [0.23312214 0.8052474 ]
 [0.49446507 2.01299262]
 [0.0598494  0.20623947]
 [0.09250592 0.42976587]
 [0.47857315 1.77576063]
 [0.26868669 0.76121913]
 [0.16772489 0.5226324 ]
 [1.43301084 5.0580675 ]] nu :  [0.08360685 0.18715854] k : [1.77830521 1.46044372 1.03960354] theta : [6.43256312 3.4704715 ] sigma : [2.9        1.85599824] zeta : [0.01011387 0.04444895] rho : 0.02 kappa : 0.5
       2             11         9.0583e-01      2.53e-04       3.37e-02       5.81e+04    
       3             12         9.0576e-01      6.73e-05       2.01e-02       2.12e+03    
fe :  [0.09331081 0.01275361] fo :  [0.06440029 0.00049789] delta :  [[0.16312882 0.56680738]
 [0.14880267 0.54596681]
 [0.14764902 0.48769952]
 [0.27004793 0.97985114]
 [0.23219075 0.80443331]
 [0.49277    2.01468368]
 [0.05956351 0.20539908]
 [0.09256828 0.42912476]
 [0.47697825 1.78013874]
 [0.26755191 0.76054671]
 [0.16696431 0.52165863]
 [1.43339966 5.05945952]] nu :  [0.08360685 0.18715854] k : [1.77830521 1.46044372 1.03960354] theta : [6.43256312 3.4704715 ] sigma : [2.9        1.85599824] zeta : [0.01011387 0.04444895] rho : 0.02 kappa : 0.5
       4             13         9.0573e-01      3.06e-05       4.10e-02       2.29e+04    
       5             14         9.0570e-01      2.44e-05       7.46e-02       6.65e+03    
       6             15         9.0570e-01      7.71e-06       4.77e-02       3.83e+04    
fe :  [0.09316789 0.01267061] fo :  [0.06426495 0.00047256] delta :  [[0.16309722 0.56654584]
 [0.14808626 0.54385465]
 [0.14675143 0.48556045]
 [0.26853107 0.97781084]
 [0.23090846 0.80248849]
 [0.49023656 2.01542845]
 [0.05901455 0.20408251]
 [0.09199153 0.42778853]
 [0.47453226 1.78298067]
 [0.26604121 0.75868227]
 [0.16591679 0.51972679]
 [1.43051991 5.06097227]] nu :  [0.08360685 0.18715854] k : [1.77830521 1.46044372 1.03960354] theta : [6.43256312 3.4704715 ] sigma : [2.9        1.85599824] zeta : [0.01011387 0.04444895] rho : 0.02 kappa : 0.5
       7             16         9.0569e-01      3.79e-06       6.86e-03       1.77e+03    
       8             17         9.0569e-01      5.79e-07       2.69e-03       2.36e+03    
fe :  [0.09322745 0.01269406] fo :  [0.06430891 0.00047219] delta :  [[0.163095   0.56652554]
 [0.14806327 0.54378943]
 [0.14672816 0.48549839]
 [0.26849416 0.97772591]
 [0.23087576 0.80241402]
 [0.49017252 2.01536258]
 [0.05899979 0.20404777]
 [0.09197672 0.42774144]
 [0.47447096 1.78292576]
 [0.26600488 0.75861199]
 [0.16589209 0.51966756]
 [1.43041494 5.06094823]] nu :  [0.08360685 0.18715854] k : [1.77830521 1.46044372 1.03960354] theta : [6.43256312 3.4704715 ] sigma : [2.9        1.85599824] zeta : [0.01011387 0.04444895] rho : 0.02 kappa : 0.5
       9             22         9.0569e-01      6.81e-07       1.06e-04       5.39e+02    
      10             24         9.0569e-01      0.00e+00       0.00e+00       5.39e+02    
`xtol` termination condition is satisfied.
Function evaluations 24, initial cost 9.0664e-01, final cost 9.0569e-01, first-order optimality 5.39e+02.
   Iteration     Total nfev        Cost      Cost reduction    Step norm     Optimality   
       0              1         9.0569e-01                                    1.63e-01    
fe :  [0.09321936 0.01269269] fo :  [0.06430295 0.00047213] delta :  [[0.16308929 0.56649677]
 [0.14805359 0.54375051]
 [0.14671656 0.48545796]
 [0.26847143 0.97764414]
 [0.23085593 0.8023463 ]
 [0.49013059 2.01527918]
 [0.05899433 0.20402936]
 [0.09196846 0.4277034 ]
 [0.47442856 1.78283887]
 [0.26598103 0.75854504]
 [0.16587715 0.51962127]
 [1.43032635 5.06086249]] nu :  [0.08360685 0.18715854] k : [1.77830521 1.46044372 1.03960354] theta : [6.43256312 3.4704715 ] sigma : [2.9        1.85599824] zeta : [0.01011387 0.04444895] rho : 0.02 kappa : 0.5
       1             10         9.0569e-01      1.83e-07       6.20e-04       3.22e+03    
       2             17         9.0569e-01      7.72e-08       5.45e-06       8.53e+02    
`xtol` termination condition is satisfied.
Function evaluations 17, initial cost 9.0569e-01, final cost 9.0569e-01, first-order optimality 8.53e+02.
fe :  [0.09322404 0.01269269] fo :  [0.0643038  0.00047213] delta :  [[0.16308929 0.56649677]
 [0.14805359 0.54375051]
 [0.14671656 0.48545796]
 [0.26847143 0.97764414]
 [0.23085593 0.8023463 ]
 [0.49013059 2.01527918]
 [0.05899433 0.20402936]
 [0.09196846 0.4277034 ]
 [0.47442856 1.78283887]
 [0.26598103 0.75854504]
 [0.16587715 0.51962127]
 [1.43032635 5.06086249]] nu :  [0.08360685 0.18715854] k : [1.77830521 1.46044372 1.03960354] theta : [6.43256312 3.4704715 ] sigma : [2.9        1.85599824] zeta : [0.01011387 0.04444895] rho : 0.02 kappa : 0.5
   Iteration     Total nfev        Cost      Cost reduction    Step norm     Optimality   
       0              1         9.0569e-01                                    3.76e+02    
       1              9         9.0569e-01      1.45e-06       5.66e-02       2.63e+04    
fe :  [0.09354415 0.01272041] fo :  [0.06436389 0.00046665] delta :  [[0.16300806 0.56617526]
 [0.14763847 0.54256581]
 [0.14629374 0.48428909]
 [0.26781089 0.97598425]
 [0.23028581 0.80088292]
 [0.48900326 2.01382617]
 [0.05870804 0.20335407]
 [0.0916421  0.42685464]
 [0.47334065 1.78158502]
 [0.26533156 0.75714869]
 [0.16541834 0.51846214]
 [1.42815183 5.06012305]] nu :  [0.08360685 0.18715854] k : [1.77830521 1.46044372 1.03960354] theta : [6.43256312 3.4704715 ] sigma : [2.9        1.85599824] zeta : [0.01011387 0.04444895] rho : 0.02 kappa : 0.5
       2             17         9.0569e-01      1.37e-06       3.15e-05       7.88e+03    
       3             20         9.0569e-01      2.21e-08       3.94e-06       1.12e+04    
       4             31         9.0569e-01      0.00e+00       0.00e+00       1.12e+04    
`xtol` termination condition is satisfied.
Function evaluations 31, initial cost 9.0569e-01, final cost 9.0569e-01, first-order optimality 1.12e+04.
fe :  [0.09354415 0.01272288] fo :  [0.06436695 0.00046665] delta :  [[0.16300806 0.56617526]
 [0.14763847 0.54256581]
 [0.14629374 0.48428909]
 [0.26781089 0.97598425]
 [0.23028581 0.80088292]
 [0.48900326 2.01382617]
 [0.05870804 0.20335407]
 [0.0916421  0.42685464]
 [0.47334065 1.78158502]
 [0.26533156 0.75714869]
 [0.16541834 0.51846214]
 [1.42815183 5.06012305]] nu :  [0.08360685 0.18715854] k : [1.77830521 1.46044372 1.03960354] theta : [6.43256312 3.4704715 ] sigma : [2.9        1.85599824] zeta : [0.01011387 0.04444895] rho : 0.02 kappa : 0.5
   Iteration     Total nfev        Cost      Cost reduction    Step norm     Optimality   
       0              1         9.0569e-01                                    5.01e+04    
       1             18         9.0569e-01      2.03e-06       1.90e-05       1.13e-01    
       2             25         9.0569e-01      0.00e+00       0.00e+00       1.13e-01    
`xtol` termination condition is satisfied.
Function evaluations 25, initial cost 9.0569e-01, final cost 9.0569e-01, first-order optimality 1.13e-01.
fe :  [0.09354876 0.01272747] fo :  [0.06437153 0.00047015] delta :  [[0.16300806 0.56617526]
 [0.14763848 0.54256581]
 [0.14629374 0.48428909]
 [0.26781089 0.97598425]
 [0.23028581 0.80088292]
 [0.48900326 2.01382617]
 [0.05870804 0.20335407]
 [0.0916421  0.42685464]
 [0.47334065 1.78158502]
 [0.26533156 0.7571487 ]
 [0.16541834 0.51846214]
 [1.42815183 5.06012305]] nu :  [0.08360685 0.18715854] k : [1.77830521 1.46044372 1.03960354] theta : [6.43256312 3.4704715 ] sigma : [2.9        1.85599824] zeta : [0.01011387 0.04444895] rho : 0.02 kappa : 0.5
   Iteration     Total nfev        Cost      Cost reduction    Step norm     Optimality   
       0              1         9.0569e-01                                    3.32e+02    
       1             12         9.0569e-01      4.84e-07       2.68e-04       1.07e-01    
fe :  [0.09354682 0.01272697] fo :  [0.06436986 0.00047006] delta :  [[0.16300395 0.56615772]
 [0.14763262 0.54254698]
 [0.14628819 0.48427175]
 [0.26780135 0.97595172]
 [0.2302775  0.80085594]
 [0.48898617 2.01379394]
 [0.05870521 0.20334597]
 [0.09163857 0.42683955]
 [0.47332399 1.78155327]
 [0.26532197 0.75712292]
 [0.1654123  0.51844384]
 [1.4281168  5.0600932 ]] nu :  [0.08360685 0.18715854] k : [1.77830521 1.46044372 1.03960354] theta : [6.43256312 3.4704715 ] sigma : [2.9        1.85599824] zeta : [0.01011387 0.04444895] rho : 0.02 kappa : 0.5
       2             13         9.0569e-01      2.65e-08       5.50e-05       9.02e-02    
       3             14         9.0569e-01      2.80e-09       1.53e-05       1.79e+03    
       4             17         9.0569e-01      3.70e-08       3.11e-05       4.26e+03    
fe :  [0.0935567  0.01273081] fo :  [0.06438924 0.00047006] delta :  [[0.16300373 0.56615681]
 [0.14763232 0.542546  ]
 [0.14628792 0.48427085]
 [0.26780086 0.97595001]
 [0.23027707 0.80085453]
 [0.48898528 2.01379224]
 [0.05870507 0.20334555]
 [0.09163839 0.42683876]
 [0.47332312 1.78155159]
 [0.26532148 0.75712157]
 [0.16541199 0.51844288]
 [1.42811497 5.06009159]] nu :  [0.08360685 0.18715854] k : [1.77830521 1.46044372 1.03960354] theta : [6.43256312 3.4704715 ] sigma : [2.9        1.85599824] zeta : [0.01011387 0.04444895] rho : 0.02 kappa : 0.5
       5             18         9.0569e-01      1.07e-07       3.87e-06       2.89e+03    
       6             19         9.0569e-01      1.18e-09       1.56e-05       2.61e+03    
fe :  [0.09356724 0.01273465] fo :  [0.0643955  0.00047006] delta :  [[0.16300373 0.56615681]
 [0.14763232 0.542546  ]
 [0.1462879  0.48427085]
 [0.26780086 0.97595001]
 [0.23027707 0.80085453]
 [0.48898528 2.01379224]
 [0.05870507 0.20334556]
 [0.09163839 0.42683876]
 [0.47332312 1.78155159]
 [0.26532148 0.75712157]
 [0.16541199 0.51844288]
 [1.42811497 5.06009159]] nu :  [0.08360685 0.18715854] k : [1.77830521 1.46044372 1.03960354] theta : [6.43256312 3.4704715 ] sigma : [2.9        1.85599824] zeta : [0.01011387 0.04444895] rho : 0.02 kappa : 0.5
       7             20         9.0569e-01      1.31e-07       3.89e-06       6.79e+02    
       8             21         9.0569e-01      1.70e-07       7.78e-06       1.40e+03    
fe :  [0.09358384 0.01274014] fo :  [0.06440408 0.00047006] delta :  [[0.16300373 0.56615681]
 [0.14763232 0.542546  ]
 [0.1462879  0.48427085]
 [0.26780086 0.97595001]
 [0.23027707 0.80085453]
 [0.48898528 2.01379224]
 [0.05870507 0.20334556]
 [0.09163839 0.42683876]
 [0.47332312 1.78155159]
 [0.26532148 0.75712157]
 [0.16541199 0.51844288]
 [1.42811497 5.06009159]] nu :  [0.08360685 0.18715854] k : [1.77830521 1.46044372 1.03960354] theta : [6.43256312 3.4704715 ] sigma : [2.9        1.85599824] zeta : [0.01011387 0.04444895] rho : 0.02 kappa : 0.5
       9             22         9.0569e-01      2.17e-07       1.56e-05       6.67e+02    
      10             25         9.0569e-01      4.35e-09       9.73e-07       1.62e-01    
`ftol` termination condition is satisfied.
Function evaluations 25, initial cost 9.0569e-01, final cost 9.0569e-01, first-order optimality 1.62e-01.
  [s_fefo] DONE  obj=1.3459  status=successful  -> calibration_results_matched_economy/baseline_2002_variations/pre_trips_tries/s_fefo/

========================================================================
  label: s_nu
  seed: 8.0
  fix_delta: False
  calib_parameters: ['delta', 'T', 'eta', 'nu']
  delta_free_by_sector: [0, 12, 12]
  fe_free: 0
  fo_free: 0
  nu_free: 2
  moments: ['SPFLOW', 'DOMPATINUS', 'OUT', 'RD', 'RP', 'SRGDP', 'UUPCOSTS', 'RDPHARMACHEM', 'TOPATENT', 'TOPHARMACHEM']
  weights: {'SPFLOW': 1, 'DOMPATINUS': 1, 'OUT': 5, 'RD': 10, 'RP': 1, 'SRGDP': 1, 'UUPCOSTS': 1, 'RDPHARMACHEM': 1, 'TOPATENT': 5, 'TOPHARMACHEM': 5}
  r_hjort_recomputed_for_1992: True
  [s_nu] initial solve: successful | obj=5.2921
fe :  [0.06348811 0.01849524] fo :  [0.02808923 0.00573732] delta :  [[0.12122029 0.13701525]
 [0.1219394  0.17401727]
 [0.13569281 0.16081868]
 [0.20254102 0.25579869]
 [0.18565147 0.27440652]
 [0.26624266 0.3719205 ]
 [0.08920552 0.09868685]
 [0.07999848 0.13460961]
 [0.2380961  0.4042963 ]
 [0.22529086 0.26891107]
 [0.16855547 0.30509089]
 [1.53556001 2.39937209]] nu :  [0.08360685 0.18715854] k : [1.77830521 1.46044372 1.03960354] theta : [6.43256312 3.4704715 ] sigma : [2.9        1.85599824] zeta : [0.01011387 0.04444895] rho : 0.02 kappa : 0.5
   Iteration     Total nfev        Cost      Cost reduction    Step norm     Optimality   
       0              1         1.4003e+01                                    6.53e+07    
       1              2         1.1502e+01      2.50e+00       3.15e-03       3.61e+07    
fe :  [0.06348811 0.01849524] fo :  [0.02808923 0.00573732] delta :  [[0.14112632 0.1500072 ]
 [0.12056307 0.18723277]
 [0.13089987 0.17044408]
 [0.2241214  0.36236915]
 [0.20960584 0.35306213]
 [0.34463744 0.59656366]
 [0.08016137 0.09302771]
 [0.08240578 0.15127758]
 [0.31163329 0.60363634]
 [0.24624825 0.32482198]
 [0.1697861  0.29867434]
 [1.43767451 2.58182938]] nu :  [0.08319731 0.18360467] k : [1.77830521 1.46044372 1.03960354] theta : [6.43256312 3.4704715 ] sigma : [2.9        1.85599824] zeta : [0.01011387 0.04444895] rho : 0.02 kappa : 0.5
       2              3         8.6399e+00      2.86e+00       7.70e+04       1.81e+10    
       3              4         3.0474e+00      5.59e+00       3.02e+03       2.59e+09    
fe :  [0.06348811 0.01849524] fo :  [0.02808923 0.00573732] delta :  [[0.14849964 0.14929778]
 [0.12314977 0.18538015]
 [0.11475986 0.15182914]
 [0.21501601 0.37294962]
 [0.18461635 0.31019334]
 [0.38687331 0.79941304]
 [0.04948874 0.06367528]
 [0.07706649 0.13740207]
 [0.37866886 0.69952819]
 [0.21428593 0.29305365]
 [0.13614371 0.2413765 ]
 [1.13939288 2.13045087]] nu :  [0.05431246 0.14544961] k : [1.77830521 1.46044372 1.03960354] theta : [6.43256312 3.4704715 ] sigma : [2.9        1.85599824] zeta : [0.01011387 0.04444895] rho : 0.02 kappa : 0.5
       4              5         1.4048e+00      1.64e+00       1.47e+05       4.03e+08    
       5              6         1.1465e+00      2.58e-01       1.38e-04       5.68e+07    
fe :  [0.06348811 0.01849524] fo :  [0.02808923 0.00573732] delta :  [[0.14782375 0.14073496]
 [0.13116727 0.16284826]
 [0.12406154 0.13423987]
 [0.22135899 0.32920427]
 [0.19039128 0.27022452]
 [0.39693162 0.71569062]
 [0.05487957 0.04872549]
 [0.08212123 0.11713753]
 [0.38877905 0.63111141]
 [0.22005785 0.25293695]
 [0.14073917 0.17629346]
 [1.15532919 1.86995518]] nu :  [0.05389564 0.10743656] k : [1.77830521 1.46044372 1.03960354] theta : [6.43256312 3.4704715 ] sigma : [2.9        1.85599824] zeta : [0.01011387 0.04444895] rho : 0.02 kappa : 0.5
       6              9         1.0859e+00      6.06e-02       1.29e+02       8.64e+07    
       7             10         1.0364e+00      4.95e-02       2.83e+02       8.45e+05    
       8             12         1.0348e+00      1.56e-03       1.02e+02       3.33e+06    
fe :  [0.06348811 0.01849524] fo :  [0.02808923 0.00573732] delta :  [[0.15530642 0.13725001]
 [0.15073243 0.16524041]
 [0.14663315 0.13739546]
 [0.25468067 0.3261605 ]
 [0.22009027 0.25404421]
 [0.44808441 0.72241181]
 [0.07019226 0.04999352]
 [0.09940775 0.12560541]
 [0.43630627 0.64275503]
 [0.24968777 0.25562011]
 [0.16316052 0.16614698]
 [1.30691373 1.93826456]] nu :  [0.05556657 0.08247062] k : [1.77830521 1.46044372 1.03960354] theta : [6.43256312 3.4704715 ] sigma : [2.9        1.85599824] zeta : [0.01011387 0.04444895] rho : 0.02 kappa : 0.5
       9             13         1.0323e+00      2.48e-03       4.59e+01       1.12e+06    
      10             14         1.0215e+00      1.08e-02       9.94e-01       8.09e+05    
fe :  [0.06348811 0.01849524] fo :  [0.02808923 0.00573732] delta :  [[0.15308093 0.11537365]
 [0.13505893 0.12867564]
 [0.132079   0.10823905]
 [0.2332242  0.26588456]
 [0.20065349 0.2147005 ]
 [0.41430541 0.59379691]
 [0.06033141 0.03374959]
 [0.08762151 0.09330044]
 [0.40429008 0.52824933]
 [0.23038089 0.20127682]
 [0.14802074 0.12174778]
 [1.20796784 1.60989234]] nu :  [0.056177   0.07994808] k : [1.77830521 1.46044372 1.03960354] theta : [6.43256312 3.4704715 ] sigma : [2.9        1.85599824] zeta : [0.01011387 0.04444895] rho : 0.02 kappa : 0.5
      11             15         1.0206e+00      8.95e-04       4.50e+00       6.23e+05    
      12             16         1.0179e+00      2.70e-03       6.86e+00       2.39e+04    
fe :  [0.06348811 0.01849524] fo :  [0.02808923 0.00573732] delta :  [[0.15326197 0.11108933]
 [0.13488658 0.12388074]
 [0.1321421  0.10435195]
 [0.23286673 0.2567214 ]
 [0.20033513 0.20535075]
 [0.41416585 0.57425037]
 [0.06007145 0.03178853]
 [0.0874528  0.08965939]
 [0.40458943 0.51186306]
 [0.23016007 0.1941609 ]
 [0.14812153 0.11812292]
 [1.21158224 1.56802649]] nu :  [0.05632073 0.07710635] k : [1.77830521 1.46044372 1.03960354] theta : [6.43256312 3.4704715 ] sigma : [2.9        1.85599824] zeta : [0.01011387 0.04444895] rho : 0.02 kappa : 0.5
      13             17         1.0167e+00      1.26e-03       2.56e+01       4.86e+05    
      14             18         1.0143e+00      2.37e-03       2.53e+01       2.73e+06    
      15             24         1.0141e+00      1.75e-04       6.25e-03       5.82e+04    
fe :  [0.06348811 0.01849524] fo :  [0.02808923 0.00573732] delta :  [[0.15401788 0.11122347]
 [0.13642153 0.12529677]
 [0.13298594 0.10451102]
 [0.23517993 0.25788961]
 [0.2027506  0.2049085 ]
 [0.41726846 0.57505202]
 [0.0609267  0.03247545]
 [0.08862438 0.09124563]
 [0.40796973 0.51373668]
 [0.23273228 0.19476797]
 [0.14984055 0.12073926]
 [1.21599023 1.56297396]] nu :  [0.05647119 0.07655469] k : [1.77830521 1.46044372 1.03960354] theta : [6.43256312 3.4704715 ] sigma : [2.9        1.85599824] zeta : [0.01011387 0.04444895] rho : 0.02 kappa : 0.5
      16             25         1.0140e+00      6.34e-05       6.72e-03       1.84e+04    
      17             26         1.0140e+00      6.54e-05       1.81e-02       6.09e+03    
      18             33         1.0140e+00      0.00e+00       0.00e+00       6.09e+03    
`xtol` termination condition is satisfied.
Function evaluations 33, initial cost 1.4003e+01, final cost 1.0140e+00, first-order optimality 6.09e+03.
fe :  [0.06348811 0.01849524] fo :  [0.02808923 0.00573732] delta :  [[0.1537319  0.11100776]
 [0.13619123 0.12504065]
 [0.13292997 0.10455571]
 [0.23474715 0.25750432]
 [0.20233055 0.20459936]
 [0.41665445 0.57442271]
 [0.06078762 0.03235673]
 [0.08836483 0.09099911]
 [0.4072747  0.51300786]
 [0.23221818 0.19442666]
 [0.14950067 0.12045877]
 [1.21475331 1.56178387]] nu :  [0.05643055 0.07641946] k : [1.77830521 1.46044372 1.03960354] theta : [6.43256312 3.4704715 ] sigma : [2.9        1.85599824] zeta : [0.01011387 0.04444895] rho : 0.02 kappa : 0.5
   Iteration     Total nfev        Cost      Cost reduction    Step norm     Optimality   
       0              1         1.0140e+00                                    7.14e+03    
       1              2         1.0091e+00      4.87e-03       9.39e+02       2.97e+04    
fe :  [0.06348811 0.01849524] fo :  [0.02808923 0.00573732] delta :  [[0.15146426 0.11513399]
 [0.13313909 0.1271181 ]
 [0.13098925 0.10579488]
 [0.23177074 0.26158428]
 [0.19872325 0.20870983]
 [0.40706202 0.58232546]
 [0.05861157 0.03297759]
 [0.08679625 0.09271411]
 [0.40168756 0.52232246]
 [0.22945926 0.19886502]
 [0.14547002 0.12054629]
 [1.19999147 1.59734908]] nu :  [0.0566607  0.07912085] k : [1.77830521 1.46044372 1.03960354] theta : [6.43256312 3.4704715 ] sigma : [2.9        1.85599824] zeta : [0.01011387 0.04444895] rho : 0.02 kappa : 0.5
       2              4         9.7067e-01      3.84e-02       5.09e+04       3.46e+07    
       3              5         9.5623e-01      1.44e-02       5.11e+02       2.64e+07    
fe :  [0.06348811 0.01849524] fo :  [0.02808923 0.00573732] delta :  [[0.15109712 0.11451469]
 [0.1317303  0.11830728]
 [0.13071143 0.10127551]
 [0.2295543  0.25309525]
 [0.19620506 0.19066463]
 [0.40572929 0.5682959 ]
 [0.05769366 0.03001224]
 [0.08570265 0.08867131]
 [0.39936084 0.51372275]
 [0.22834788 0.2117541 ]
 [0.14561409 0.11515403]
 [1.18841369 1.55560228]] nu :  [0.05662667 0.07996519] k : [1.77830521 1.46044372 1.03960354] theta : [6.43256312 3.4704715 ] sigma : [2.9        1.85599824] zeta : [0.01011387 0.04444895] rho : 0.02 kappa : 0.5
       4              7         9.4912e-01      7.11e-03       2.64e+03       6.01e+06    
       5              8         9.2734e-01      2.18e-02       5.54e+02       6.03e+05    
       6              9         9.2051e-01      6.83e-03       1.47e+03       3.77e+05    
fe :  [0.06348811 0.01849524] fo :  [0.02808923 0.00573732] delta :  [[0.15238315 0.11532702]
 [0.13422351 0.12959414]
 [0.13092588 0.10735813]
 [0.23300334 0.26728372]
 [0.20058056 0.21199311]
 [0.41333475 0.59235602]
 [0.05969485 0.03369107]
 [0.08664849 0.09425109]
 [0.40419624 0.53033813]
 [0.23032283 0.20221359]
 [0.14790215 0.12507382]
 [1.21080826 1.60864904]] nu :  [0.05672568 0.08054567] k : [1.77830521 1.46044372 1.03960354] theta : [6.43256312 3.4704715 ] sigma : [2.9        1.85599824] zeta : [0.01011387 0.04444895] rho : 0.02 kappa : 0.5
       7             16         9.2043e-01      7.92e-05       1.24e-02       3.37e+04    
       8             19         9.2043e-01      5.76e-06       1.96e-04       3.27e+04    
fe :  [0.06348811 0.01849524] fo :  [0.02808923 0.00573732] delta :  [[0.15238057 0.11533197]
 [0.13431558 0.12959363]
 [0.13099727 0.10735778]
 [0.23300239 0.26728347]
 [0.20057968 0.21199263]
 [0.41333362 0.59237014]
 [0.0596947  0.03369103]
 [0.08680809 0.09425072]
 [0.40419605 0.53036951]
 [0.23032215 0.20221323]
 [0.14790179 0.12507345]
 [1.21081017 1.60867114]] nu :  [0.0567304  0.08056496] k : [1.77830521 1.46044372 1.03960354] theta : [6.43256312 3.4704715 ] sigma : [2.9        1.85599824] zeta : [0.01011387 0.04444895] rho : 0.02 kappa : 0.5
       9             22         9.2043e-01      1.06e-07       2.21e-05       3.27e+03    
`xtol` termination condition is satisfied.
Function evaluations 22, initial cost 1.0140e+00, final cost 9.2043e-01, first-order optimality 3.27e+03.
   Iteration     Total nfev        Cost      Cost reduction    Step norm     Optimality   
       0              1         9.2043e-01                                    1.39e+03    
fe :  [0.06348811 0.01849524] fo :  [0.02808923 0.00573732] delta :  [[0.15177924 0.11475434]
 [0.13312457 0.12794826]
 [0.12984331 0.10595549]
 [0.23077254 0.26437179]
 [0.19861609 0.20948132]
 [0.40942937 0.5864114 ]
 [0.05890712 0.03308086]
 [0.08605808 0.0928899 ]
 [0.40063587 0.52543525]
 [0.22820036 0.20005107]
 [0.14645152 0.12333987]
 [1.2011396  1.59906128]] nu :  [0.05663711 0.08054053] k : [1.77830521 1.46044372 1.03960354] theta : [6.43256312 3.4704715 ] sigma : [2.9        1.85599824] zeta : [0.01011387 0.04444895] rho : 0.02 kappa : 0.5
       1              8         9.2015e-01      2.78e-04       6.50e-02       4.76e+05    
       2              9         9.1998e-01      1.74e-04       1.98e-02       4.15e+03    
fe :  [0.06348811 0.01849524] fo :  [0.02808923 0.00573732] delta :  [[0.15181071 0.1140019 ]
 [0.13246369 0.12627434]
 [0.12928453 0.10434876]
 [0.22992053 0.26194247]
 [0.19784323 0.20723276]
 [0.40809342 0.5820529 ]
 [0.0583285  0.03223747]
 [0.08547101 0.0915223 ]
 [0.39935789 0.521372  ]
 [0.2272857  0.19781208]
 [0.14578085 0.12178402]
 [1.19758563 1.59154175]] nu :  [0.0567466  0.08064011] k : [1.77830521 1.46044372 1.03960354] theta : [6.43256312 3.4704715 ] sigma : [2.9        1.85599824] zeta : [0.01011387 0.04444895] rho : 0.02 kappa : 0.5
       3             10         9.1990e-01      7.79e-05       1.07e-01       3.07e+04    
       4             16         9.1990e-01      3.20e-07       8.28e-05       6.51e+03    
       5             17         9.1990e-01      7.07e-08       1.55e-05       8.94e+03    
`xtol` termination condition is satisfied.
Function evaluations 17, initial cost 9.2043e-01, final cost 9.1990e-01, first-order optimality 8.94e+03.
fe :  [0.06348811 0.01849524] fo :  [0.02808923 0.00573732] delta :  [[0.15182727 0.11401385]
 [0.13248049 0.12628831]
 [0.12930333 0.10437021]
 [0.22994021 0.26195724]
 [0.19786173 0.2072473 ]
 [0.40811238 0.5820675 ]
 [0.05833893 0.03224093]
 [0.08548818 0.09153642]
 [0.39937603 0.52138664]
 [0.22730351 0.19782551]
 [0.14579944 0.12180096]
 [1.19759826 1.59154859]] nu :  [0.056762   0.08063984] k : [1.77830521 1.46044372 1.03960354] theta : [6.43256312 3.4704715 ] sigma : [2.9        1.85599824] zeta : [0.01011387 0.04444895] rho : 0.02 kappa : 0.5
   Iteration     Total nfev        Cost      Cost reduction    Step norm     Optimality   
       0              1         9.1990e-01                                    7.06e+03    
       1              8         9.1974e-01      1.58e-04       7.19e-02       4.76e+05    
fe :  [0.06348811 0.01849524] fo :  [0.02808923 0.00573732] delta :  [[0.15152066 0.11298162]
 [0.13109722 0.12431073]
 [0.12805149 0.10245493]
 [0.22798135 0.25842776]
 [0.19610362 0.20424522]
 [0.40473319 0.57452438]
 [0.05738209 0.03136834]
 [0.08460698 0.08991202]
 [0.39642477 0.51526075]
 [0.22546828 0.19506584]
 [0.14447663 0.11979306]
 [1.18783196 1.57708938]] nu :  [0.05677061 0.08062333] k : [1.77830521 1.46044372 1.03960354] theta : [6.43256312 3.4704715 ] sigma : [2.9        1.85599824] zeta : [0.01011387 0.04444895] rho : 0.02 kappa : 0.5
       2              9         9.1964e-01      1.01e-04       3.10e-02       2.97e+04    
       3             13         9.1962e-01      1.93e-05       3.22e-04       1.48e+04    
fe :  [0.06348811 0.01849524] fo :  [0.02808923 0.00573732] delta :  [[0.1515332  0.11298234]
 [0.13140083 0.12431257]
 [0.12805153 0.10267084]
 [0.22802899 0.25843094]
 [0.19612524 0.20424793]
 [0.40475033 0.57452097]
 [0.05739345 0.03136625]
 [0.08462487 0.08991355]
 [0.3964653  0.51526608]
 [0.22551083 0.19506516]
 [0.14449395 0.11979949]
 [1.18783449 1.57706241]] nu :  [0.05678664 0.08062594] k : [1.77830521 1.46044372 1.03960354] theta : [6.43256312 3.4704715 ] sigma : [2.9        1.85599824] zeta : [0.01011387 0.04444895] rho : 0.02 kappa : 0.5
       4             14         9.1962e-01      4.64e-06       3.21e-04       3.36e+03    
       5             19         9.1962e-01      6.19e-09       4.46e-06       3.88e-02    
fe :  [0.06348811 0.01849524] fo :  [0.02808923 0.00573732] delta :  [[0.15153383 0.11298253]
 [0.1314008  0.12431269]
 [0.12805214 0.10267194]
 [0.22802964 0.25843117]
 [0.19612585 0.20424813]
 [0.40475092 0.57452116]
 [0.05739383 0.03136624]
 [0.08462553 0.08991363]
 [0.39646592 0.51526642]
 [0.22551148 0.19506524]
 [0.14449458 0.11979976]
 [1.18783478 1.57706238]] nu :  [0.05678662 0.08062821] k : [1.77830521 1.46044372 1.03960354] theta : [6.43256312 3.4704715 ] sigma : [2.9        1.85599824] zeta : [0.01011387 0.04444895] rho : 0.02 kappa : 0.5
       6             20         9.1962e-01      1.61e-09       5.27e-07       6.25e-02    
       7             21         9.1962e-01      4.90e-10       1.57e-07       3.50e-02    
`ftol` termination condition is satisfied.
Function evaluations 21, initial cost 9.1990e-01, final cost 9.1962e-01, first-order optimality 3.50e-02.
   Iteration     Total nfev        Cost      Cost reduction    Step norm     Optimality   
       0              1         9.1962e-01                                    3.54e-02    
fe :  [0.06348811 0.01849524] fo :  [0.02808923 0.00573732] delta :  [[0.15138635 0.11273688]
 [0.13099944 0.12395178]
 [0.12780078 0.10237871]
 [0.22757745 0.25774206]
 [0.19573444 0.20368323]
 [0.40395873 0.57301459]
 [0.05724981 0.03123308]
 [0.0844502  0.0896344 ]
 [0.39572619 0.51403991]
 [0.22509015 0.19452477]
 [0.14420821 0.11945572]
 [1.18565407 1.57420218]] nu :  [0.05674044 0.08053975] k : [1.77830521 1.46044372 1.03960354] theta : [6.43256312 3.4704715 ] sigma : [2.9        1.85599824] zeta : [0.01011387 0.04444895] rho : 0.02 kappa : 0.5
       1              9         9.1959e-01      2.43e-05       1.91e-02       1.02e+05    
       2             12         9.1957e-01      2.03e-05       3.24e-04       1.36e+04    
fe :  [0.06348811 0.01849524] fo :  [0.02808923 0.00573732] delta :  [[0.15146609 0.1127431 ]
 [0.13129233 0.1239666 ]
 [0.1279087  0.10256301]
 [0.22771233 0.25777376]
 [0.19585667 0.20370237]
 [0.40408668 0.57304352]
 [0.05726827 0.03122678]
 [0.08452853 0.08964956]
 [0.39585724 0.51409232]
 [0.22521704 0.19454106]
 [0.14431754 0.11947514]
 [1.18572232 1.57420834]] nu :  [0.05678487 0.08057052] k : [1.77830521 1.46044372 1.03960354] theta : [6.43256312 3.4704715 ] sigma : [2.9        1.85599824] zeta : [0.01011387 0.04444895] rho : 0.02 kappa : 0.5
       3             13         9.1957e-01      1.33e-06       3.09e-04       2.93e+03    
       4             24         9.1957e-01      2.15e-10       7.70e-09       8.58e+02    
`ftol` termination condition is satisfied.
Function evaluations 24, initial cost 9.1962e-01, final cost 9.1957e-01, first-order optimality 8.58e+02.
fe :  [0.06348811 0.01849524] fo :  [0.02808923 0.00573732] delta :  [[0.15146609 0.1127431 ]
 [0.13129233 0.1239666 ]
 [0.1279087  0.10256301]
 [0.22771233 0.25777376]
 [0.19585667 0.20370237]
 [0.40408668 0.57304352]
 [0.05726827 0.03122678]
 [0.08452853 0.08964956]
 [0.39585724 0.51409232]
 [0.22521704 0.19454106]
 [0.14431754 0.11947514]
 [1.18572232 1.57420834]] nu :  [0.05678487 0.08057052] k : [1.77830521 1.46044372 1.03960354] theta : [6.43256312 3.4704715 ] sigma : [2.9        1.85599824] zeta : [0.01011387 0.04444895] rho : 0.02 kappa : 0.5
   Iteration     Total nfev        Cost      Cost reduction    Step norm     Optimality   
       0              1         9.1957e-01                                    1.27e+03    
       1              9         9.1956e-01      8.33e-06       1.93e-02       9.03e+04    
fe :  [0.06348811 0.01849524] fo :  [0.02808923 0.00573732] delta :  [[0.15131651 0.11253368]
 [0.13199196 0.12368199]
 [0.12774841 0.1024148 ]
 [0.22744865 0.25719628]
 [0.19563943 0.20323918]
 [0.40351542 0.57165593]
 [0.05720762 0.0310874 ]
 [0.08446046 0.08944297]
 [0.39533304 0.51298439]
 [0.22497342 0.19409064]
 [0.1441807  0.11922314]
 [1.18376195 1.57137325]] nu :  [0.05678997 0.08048843] k : [1.77830521 1.46044372 1.03960354] theta : [6.43256312 3.4704715 ] sigma : [2.9        1.85599824] zeta : [0.01011387 0.04444895] rho : 0.02 kappa : 0.5
       2             11         9.1956e-01      3.34e-07       1.27e-03       1.49e+04    
       3             12         9.1956e-01      2.91e-06       2.16e-04       1.98e+03    
fe :  [0.06348811 0.01849524] fo :  [0.02808923 0.00573732] delta :  [[0.15140126 0.11258411]
 [0.13197064 0.12372463]
 [0.1278221  0.10244932]
 [0.22753459 0.25725336]
 [0.19572251 0.20329457]
 [0.40359983 0.57170343]
 [0.05724393 0.03109599]
 [0.0845218  0.08949018]
 [0.39541833 0.51303941]
 [0.22505719 0.19414166]
 [0.14425941 0.11927972]
 [1.18381031 1.5713743 ]] nu :  [0.0567861  0.08053917] k : [1.77830521 1.46044372 1.03960354] theta : [6.43256312 3.4704715 ] sigma : [2.9        1.85599824] zeta : [0.01011387 0.04444895] rho : 0.02 kappa : 0.5
       4             13         9.1956e-01      7.52e-07       3.20e-04       3.53e+04    
       5             14         9.1956e-01      3.01e-07       6.29e-05       5.80e+03    
       6             21         9.1956e-01      1.23e-07       1.96e-06       2.52e+00    
fe :  [0.06348811 0.01849524] fo :  [0.02808923 0.00573732] delta :  [[0.15140869 0.11258361]
 [0.13196547 0.12372387]
 [0.12782205 0.10245048]
 [0.22755401 0.25725266]
 [0.19573669 0.2032939 ]
 [0.40362113 0.57170175]
 [0.05724349 0.03109557]
 [0.08452157 0.0894897 ]
 [0.39544105 0.51303839]
 [0.22507382 0.19414086]
 [0.14426532 0.11927931]
 [1.18381108 1.57136931]] nu :  [0.05678544 0.08053807] k : [1.77830521 1.46044372 1.03960354] theta : [6.43256312 3.4704715 ] sigma : [2.9        1.85599824] zeta : [0.01011387 0.04444895] rho : 0.02 kappa : 0.5
       7             22         9.1956e-01      1.13e-09       5.54e-08       2.05e+00    
`ftol` termination condition is satisfied.
Function evaluations 22, initial cost 9.1957e-01, final cost 9.1956e-01, first-order optimality 2.05e+00.
  [s_nu] DONE  obj=1.3561  status=successful  -> calibration_results_matched_economy/baseline_2002_variations/pre_trips_tries/s_nu/

========================================================================
  label: s_all
  seed: 8.0
  fix_delta: False
  calib_parameters: ['delta', 'T', 'eta', 'fe', 'fo', 'nu']
  delta_free_by_sector: [0, 12, 12]
  fe_free: 2
  fo_free: 2
  nu_free: 2
  moments: ['SPFLOW', 'DOMPATINUS', 'OUT', 'RD', 'RP', 'SRGDP', 'UUPCOSTS', 'RDPHARMACHEM', 'TOPATENT', 'TOPHARMACHEM']
  weights: {'SPFLOW': 1, 'DOMPATINUS': 1, 'OUT': 5, 'RD': 10, 'RP': 1, 'SRGDP': 1, 'UUPCOSTS': 1, 'RDPHARMACHEM': 1, 'TOPATENT': 5, 'TOPHARMACHEM': 5}
  r_hjort_recomputed_for_1992: True
  [s_all] initial solve: successful | obj=5.2921
fe :  [0.06348811 0.01849524] fo :  [0.02808923 0.00573732] delta :  [[0.12122029 0.13701525]
 [0.1219394  0.17401727]
 [0.13569281 0.16081868]
 [0.20254102 0.25579869]
 [0.18565147 0.27440652]
 [0.26624266 0.3719205 ]
 [0.08920552 0.09868685]
 [0.07999848 0.13460961]
 [0.2380961  0.4042963 ]
 [0.22529086 0.26891107]
 [0.16855547 0.30509089]
 [1.53556001 2.39937209]] nu :  [0.08360685 0.18715854] k : [1.77830521 1.46044372 1.03960354] theta : [6.43256312 3.4704715 ] sigma : [2.9        1.85599824] zeta : [0.01011387 0.04444895] rho : 0.02 kappa : 0.5
   Iteration     Total nfev        Cost      Cost reduction    Step norm     Optimality   
       0              1         1.4003e+01                                    6.53e+07    
       1              2         1.1502e+01      2.50e+00       3.15e-03       3.61e+07    
fe :  [0.06154962 0.02403521] fo :  [0.03273858 0.00612117] delta :  [[0.13634343 0.14507917]
 [0.12295724 0.18057003]
 [0.13440871 0.16349303]
 [0.23138762 0.3220246 ]
 [0.21604411 0.31329319]
 [0.34779454 0.53528643]
 [0.08443867 0.08584522]
 [0.0859636  0.13471876]
 [0.31320825 0.54302741]
 [0.25391969 0.28995945]
 [0.17767464 0.27146504]
 [1.48955783 2.37631629]] nu :  [0.08321732 0.1880779 ] k : [1.77830521 1.46044372 1.03960354] theta : [6.43256312 3.4704715 ] sigma : [2.9        1.85599824] zeta : [0.01011387 0.04444895] rho : 0.02 kappa : 0.5
       2              3         1.0705e+01      7.96e-01       6.57e+04       2.14e+10    
       3              4         8.9658e+00      1.74e+00       2.01e+03       1.45e+10    
fe :  [0.06376441 0.0243196 ] fo :  [0.08369421 0.00832675] delta :  [[0.11456331 0.13110891]
 [0.11131082 0.17580652]
 [0.12076463 0.14365729]
 [0.2419618  0.35045749]
 [0.20922049 0.29490422]
 [0.41848956 0.74239937]
 [0.06277839 0.06303856]
 [0.08374135 0.12369251]
 [0.40663573 0.67816823]
 [0.24423798 0.31993017]
 [0.15511264 0.20626222]
 [1.30059831 2.13096878]] nu :  [0.06960207 0.1739043 ] k : [1.77830521 1.46044372 1.03960354] theta : [6.43256312 3.4704715 ] sigma : [2.9        1.85599824] zeta : [0.01011387 0.04444895] rho : 0.02 kappa : 0.5
       4              5         3.0211e+00      5.94e+00       1.83e+04       1.93e+09    
       5              6         1.7335e+00      1.29e+00       1.60e-04       2.94e+08    
fe :  [0.06839399 0.02320041] fo :  [0.0462419 0.0096171] delta :  [[0.1378562  0.12600454]
 [0.12630837 0.17150456]
 [0.12475532 0.13722301]
 [0.2298126  0.35111324]
 [0.19975166 0.28901689]
 [0.41145994 0.74582854]
 [0.05899493 0.0551068 ]
 [0.08376313 0.1194917 ]
 [0.40186949 0.67255591]
 [0.23234731 0.29629919]
 [0.14739315 0.18976789]
 [1.24474924 2.0771878 ]] nu :  [0.05532666 0.1514449 ] k : [1.77830521 1.46044372 1.03960354] theta : [6.43256312 3.4704715 ] sigma : [2.9        1.85599824] zeta : [0.01011387 0.04444895] rho : 0.02 kappa : 0.5
       6              7         1.6250e+00      1.09e-01       6.39e+03       5.20e+08    
       7              8         1.1024e+00      5.23e-01       3.61e+02       5.33e+07    
fe :  [0.03928764 0.01672966] fo :  [0.02180608 0.0107968 ] delta :  [[0.15131567 0.08807903]
 [0.1381933  0.12649425]
 [0.13736509 0.10112394]
 [0.2396123  0.26542554]
 [0.20661866 0.21774744]
 [0.42575545 0.6063287 ]
 [0.06340904 0.0287723 ]
 [0.09226131 0.08643203]
 [0.41689555 0.53879039]
 [0.23856155 0.20016516]
 [0.15430069 0.12269101]
 [1.2441679  1.64548776]] nu :  [0.05472046 0.11228996] k : [1.77830521 1.46044372 1.03960354] theta : [6.43256312 3.4704715 ] sigma : [2.9        1.85599824] zeta : [0.01011387 0.04444895] rho : 0.02 kappa : 0.5
       8              9         1.0474e+00      5.51e-02       5.17e+02       8.81e+06    
       9             10         1.0274e+00      2.00e-02       1.82e+03       4.77e+06    
fe :  [0.03268923 0.008547  ] fo :  [0.01627918 0.0047889 ] delta :  [[0.17226489 0.10579143]
 [0.15380516 0.13455265]
 [0.15056565 0.10852866]
 [0.26311908 0.27570759]
 [0.22642876 0.22003105]
 [0.45736977 0.60865559]
 [0.07307606 0.03557696]
 [0.10282688 0.09550518]
 [0.44883221 0.5516722 ]
 [0.25860651 0.20980013]
 [0.16963162 0.13147092]
 [1.32611915 1.66291244]] nu :  [0.05594177 0.08415228] k : [1.77830521 1.46044372 1.03960354] theta : [6.43256312 3.4704715 ] sigma : [2.9        1.85599824] zeta : [0.01011387 0.04444895] rho : 0.02 kappa : 0.5
      10             14         1.0025e+00      2.48e-02       1.18e+00       2.40e+06    
      11             15         9.9364e-01      8.90e-03       3.64e+00       2.13e+06    
      12             16         9.7825e-01      1.54e-02       1.80e+00       1.56e+05    
fe :  [0.03053978 0.00544199] fo :  [0.01730489 0.00188891] delta :  [[0.17162347 0.15582606]
 [0.15527195 0.1679694 ]
 [0.15162658 0.14839582]
 [0.26369674 0.33102351]
 [0.22876627 0.26686992]
 [0.46319625 0.70775408]
 [0.07426127 0.05471071]
 [0.10449568 0.13166903]
 [0.45131721 0.63059861]
 [0.26103666 0.25398941]
 [0.17090157 0.16581912]
 [1.31862533 1.83569648]] nu :  [0.05587504 0.06890749] k : [1.77830521 1.46044372 1.03960354] theta : [6.43256312 3.4704715 ] sigma : [2.9        1.85599824] zeta : [0.01011387 0.04444895] rho : 0.02 kappa : 0.5
      13             19         9.7796e-01      2.92e-04       3.27e-02       1.54e+05    
      14             20         9.7762e-01      3.36e-04       3.21e-03       2.13e+04    
fe :  [0.02989543 0.00514876] fo :  [0.01741983 0.00160957] delta :  [[0.17157741 0.16082538]
 [0.15609262 0.17074625]
 [0.15378818 0.15107265]
 [0.26492985 0.33457567]
 [0.22996401 0.27096441]
 [0.46537516 0.71421473]
 [0.07495801 0.0563282 ]
 [0.10517612 0.1340123 ]
 [0.45345051 0.63668192]
 [0.26249502 0.25756463]
 [0.17197066 0.16865651]
 [1.32314497 1.8416613 ]] nu :  [0.05583206 0.06771338] k : [1.77830521 1.46044372 1.03960354] theta : [6.43256312 3.4704715 ] sigma : [2.9        1.85599824] zeta : [0.01011387 0.04444895] rho : 0.02 kappa : 0.5
      15             21         9.7752e-01      1.03e-04       1.55e-02       1.27e+05    
      16             22         9.7742e-01      1.05e-04       3.54e-03       3.32e+03    
fe :  [0.02952557 0.00496827] fo :  [0.01741898 0.00151864] delta :  [[0.17154006 0.16288428]
 [0.15607446 0.17168694]
 [0.15387922 0.15216053]
 [0.26487194 0.33620646]
 [0.23004203 0.27241771]
 [0.46576888 0.71728683]
 [0.07502849 0.05700319]
 [0.10515501 0.13499339]
 [0.45386831 0.63962684]
 [0.26264358 0.25889886]
 [0.17204992 0.16958257]
 [1.32476225 1.84459171]] nu :  [0.05584848 0.06702897] k : [1.77830521 1.46044372 1.03960354] theta : [6.43256312 3.4704715 ] sigma : [2.9        1.85599824] zeta : [0.01011387 0.04444895] rho : 0.02 kappa : 0.5
      17             23         9.7730e-01      1.17e-04       8.07e-03       2.64e+04    
      18             24         9.7729e-01      7.52e-06       8.48e-03       6.40e+04    
fe :  [0.02928033 0.00485839] fo :  [0.01731638 0.00141458] delta :  [[0.17191714 0.16517873]
 [0.15672082 0.17310942]
 [0.1544522  0.15337229]
 [0.26571299 0.33828938]
 [0.23078026 0.27431275]
 [0.46694142 0.72094972]
 [0.07542108 0.05762642]
 [0.10565703 0.13624191]
 [0.45504024 0.64310439]
 [0.26346973 0.26071109]
 [0.17268116 0.17091991]
 [1.32688612 1.84766567]] nu :  [0.05585216 0.06656812] k : [1.77830521 1.46044372 1.03960354] theta : [6.43256312 3.4704715 ] sigma : [2.9        1.85599824] zeta : [0.01011387 0.04444895] rho : 0.02 kappa : 0.5
      19             25         9.7723e-01      5.92e-05       1.77e-03       3.73e+02    
      20             26         9.7714e-01      8.71e-05       3.81e-03       2.64e+03    
fe :  [0.02883849 0.00468571] fo :  [0.01730239 0.00141043] delta :  [[0.17182309 0.16524218]
 [0.15662297 0.17305454]
 [0.15437443 0.15359712]
 [0.26557034 0.3383445 ]
 [0.23066123 0.27422977]
 [0.46673221 0.72233734]
 [0.07537337 0.05785414]
 [0.1055888  0.13621628]
 [0.4548327  0.64429634]
 [0.26333109 0.26062769]
 [0.17258492 0.170876  ]
 [1.32751489 1.85030762]] nu :  [0.05589157 0.06582734] k : [1.77830521 1.46044372 1.03960354] theta : [6.43256312 3.4704715 ] sigma : [2.9        1.85599824] zeta : [0.01011387 0.04444895] rho : 0.02 kappa : 0.5
      21             27         9.7699e-01      1.56e-04       7.89e-03       8.03e+03    
      22             28         9.7668e-01      3.13e-04       1.86e-02       2.44e+04    
      23             29         9.7620e-01      4.72e-04       4.84e-02       8.83e+04    
fe :  [0.02472493 0.0033178 ] fo :  [0.01710312 0.00119717] delta :  [[0.17104334 0.16613643]
 [0.15551462 0.1726054 ]
 [0.15429017 0.15469876]
 [0.264709   0.33653927]
 [0.23016544 0.27278822]
 [0.46498581 0.71771674]
 [0.07507273 0.05885043]
 [0.10518389 0.13784476]
 [0.45308211 0.6403537 ]
 [0.26277592 0.25921702]
 [0.17221805 0.17092292]
 [1.32497527 1.86648566]] nu :  [0.05619463 0.06010624] k : [1.77830521 1.46044372 1.03960354] theta : [6.43256312 3.4704715 ] sigma : [2.9        1.85599824] zeta : [0.01011387 0.04444895] rho : 0.02 kappa : 0.5
      24             30         9.7571e-01      4.94e-04       4.50e-01       5.75e+05    
      25             31         9.7534e-01      3.69e-04       1.94e+00       4.28e+05    
fe :  [0.02316001 0.00267255] fo :  [0.01658364 0.0008454 ] delta :  [[0.17261544 0.18348425]
 [0.15883267 0.18794413]
 [0.15768199 0.16540239]
 [0.27098178 0.35873493]
 [0.23572304 0.29371611]
 [0.4749645  0.75964767]
 [0.07798501 0.06771626]
 [0.10770821 0.15309255]
 [0.46228713 0.67795868]
 [0.26873534 0.27930491]
 [0.17667112 0.18479644]
 [1.35079338 1.94785059]] nu :  [0.05643035 0.05641801] k : [1.77830521 1.46044372 1.03960354] theta : [6.43256312 3.4704715 ] sigma : [2.9        1.85599824] zeta : [0.01011387 0.04444895] rho : 0.02 kappa : 0.5
      26             33         9.7525e-01      9.14e-05       9.17e-02       5.06e+05    
      27             34         9.7497e-01      2.82e-04       3.05e-02       1.09e+05    
fe :  [0.02260491 0.00253465] fo :  [0.01644949 0.00088821] delta :  [[0.17253104 0.18136931]
 [0.15857962 0.18699622]
 [0.15748791 0.16776808]
 [0.26971198 0.35763291]
 [0.23476159 0.29234415]
 [0.47300372 0.75673158]
 [0.07744961 0.06728406]
 [0.10748696 0.15206834]
 [0.46047517 0.67542339]
 [0.26770524 0.27787648]
 [0.17587224 0.18469624]
 [1.34642694 1.94605245]] nu :  [0.05638522 0.05560883] k : [1.77830521 1.46044372 1.03960354] theta : [6.43256312 3.4704715 ] sigma : [2.9        1.85599824] zeta : [0.01011387 0.04444895] rho : 0.02 kappa : 0.5
      28             35         9.7492e-01      4.92e-05       3.77e-02       5.07e+04    
      29             36         9.7489e-01      2.75e-05       3.75e-02       4.66e+04    
fe :  [0.02219205 0.00245619] fo :  [0.0161445  0.00076341] delta :  [[0.17358109 0.1862999 ]
 [0.16023259 0.18893417]
 [0.15931882 0.17103582]
 [0.2716242  0.36180973]
 [0.23653423 0.29509597]
 [0.47647362 0.76286912]
 [0.07856354 0.06839676]
 [0.10878273 0.15360676]
 [0.46387192 0.68076944]
 [0.26997762 0.27965975]
 [0.17742086 0.18799068]
 [1.35123289 1.95526895]] nu :  [0.05638217 0.05533928] k : [1.77830521 1.46044372 1.03960354] theta : [6.43256312 3.4704715 ] sigma : [2.9        1.85599824] zeta : [0.01011387 0.04444895] rho : 0.02 kappa : 0.5
      30             37         9.7486e-01      2.75e-05       9.04e-03       1.61e+04    
      31             38         9.7484e-01      2.05e-05       1.20e-02       1.54e+04    
fe :  [0.0219742  0.00240986] fo :  [0.01603301 0.00074884] delta :  [[0.17394434 0.18703722]
 [0.16052285 0.18973479]
 [0.15949694 0.17145409]
 [0.27191441 0.36233982]
 [0.23690654 0.29551727]
 [0.47663096 0.76340774]
 [0.07845061 0.06875835]
 [0.10907386 0.15417983]
 [0.46429566 0.68190824]
 [0.27025703 0.28053402]
 [0.17763451 0.18856507]
 [1.35195329 1.95758271]] nu :  [0.05639297 0.05514767] k : [1.77830521 1.46044372 1.03960354] theta : [6.43256312 3.4704715 ] sigma : [2.9        1.85599824] zeta : [0.01011387 0.04444895] rho : 0.02 kappa : 0.5
      32             39         9.7482e-01      1.72e-05       1.04e-02       1.57e+04    
      33             40         9.7481e-01      1.70e-05       1.39e-02       4.43e+03    
      34             46         9.7481e-01      0.00e+00       0.00e+00       4.43e+03    
`xtol` termination condition is satisfied.
Function evaluations 46, initial cost 1.4003e+01, final cost 9.7481e-01, first-order optimality 4.43e+03.
   Iteration     Total nfev        Cost      Cost reduction    Step norm     Optimality   
       0              1         9.7481e-01                                    3.37e+03    
fe :  [0.01984594 0.0027108 ] fo :  [0.01421974 0.00059032] delta :  [[0.17849204 0.17756535]
 [0.16280763 0.17093492]
 [0.161497   0.14992711]
 [0.27558327 0.33351443]
 [0.24186988 0.26757612]
 [0.47840229 0.7037284 ]
 [0.07955313 0.05639786]
 [0.11070221 0.13400812]
 [0.4649762  0.62452406]
 [0.27581502 0.26579631]
 [0.17667594 0.16886065]
 [1.35044963 1.82315816]] nu :  [0.05722862 0.05942817] k : [1.77830521 1.46044372 1.03960354] theta : [6.43256312 3.4704715 ] sigma : [2.9        1.85599824] zeta : [0.01011387 0.04444895] rho : 0.02 kappa : 0.5
       1             11         9.7479e-01      1.80e-05       1.32e-01       5.93e+04    
       2             13         9.7479e-01      2.53e-06       5.58e-03       3.88e+03    
fe :  [0.02131715 0.00229717] fo :  [0.01577535 0.00074229] delta :  [[0.17404925 0.18634812]
 [0.16043155 0.1889928 ]
 [0.15951119 0.1708774 ]
 [0.27185126 0.36118967]
 [0.23688214 0.29451316]
 [0.47605703 0.76063247]
 [0.07870763 0.06843689]
 [0.10906481 0.15363505]
 [0.46367611 0.679649  ]
 [0.2700942  0.27956054]
 [0.17758864 0.1880341 ]
 [1.34964982 1.95847002]] nu :  [0.05638909 0.0546993 ] k : [1.77830521 1.46044372 1.03960354] theta : [6.43256312 3.4704715 ] sigma : [2.9        1.85599824] zeta : [0.01011387 0.04444895] rho : 0.02 kappa : 0.5
       3             14         9.7479e-01      1.29e-06       6.99e-04       2.65e+03    
       4             15         9.7479e-01      1.57e-07       2.41e-04       1.59e+03    
fe :  [0.0213164  0.00229739] fo :  [0.01577434 0.00074287] delta :  [[0.17405075 0.18634938]
 [0.16043492 0.18899493]
 [0.15951513 0.17088028]
 [0.27185546 0.36119099]
 [0.23688638 0.29451521]
 [0.47605987 0.7606288 ]
 [0.07871373 0.06844042]
 [0.10906907 0.15363821]
 [0.46367853 0.67964583]
 [0.27009811 0.27956235]
 [0.17759302 0.18803716]
 [1.34964452 1.95846602]] nu :  [0.05638791 0.05469779] k : [1.77830521 1.46044372 1.03960354] theta : [6.43256312 3.4704715 ] sigma : [2.9        1.85599824] zeta : [0.01011387 0.04444895] rho : 0.02 kappa : 0.5
       5             16         9.7478e-01      3.50e-07       3.51e-05       3.38e+03    
       6             18         9.7478e-01      1.13e-08       1.16e-05       2.20e+02    
`xtol` termination condition is satisfied.
Function evaluations 18, initial cost 9.7481e-01, final cost 9.7478e-01, first-order optimality 2.20e+02.
fe :  [0.02131639 0.00229739] fo :  [0.01577431 0.00074287] delta :  [[0.17405162 0.18635008]
 [0.16043617 0.18899583]
 [0.15951653 0.17088131]
 [0.27185754 0.36119243]
 [0.23688829 0.29451657]
 [0.47606232 0.76063034]
 [0.0787155  0.06844099]
 [0.10907024 0.15363921]
 [0.46368076 0.67964719]
 [0.27010004 0.27956353]
 [0.17759466 0.18803832]
 [1.34964621 1.95846757]] nu :  [0.05638869 0.05469777] k : [1.77830521 1.46044372 1.03960354] theta : [6.43256312 3.4704715 ] sigma : [2.9        1.85599824] zeta : [0.01011387 0.04444895] rho : 0.02 kappa : 0.5
   Iteration     Total nfev        Cost      Cost reduction    Step norm     Optimality   
       0              1         9.7478e-01                                    1.44e-01    
       1             11         9.7478e-01      1.39e-07       8.11e-04       8.14e+03    
fe :  [0.02131172 0.00229659] fo :  [0.01576814 0.00074273] delta :  [[0.17403459 0.18632914]
 [0.16041768 0.18897208]
 [0.15949718 0.1708592 ]
 [0.2718263  0.36114788]
 [0.23686054 0.29447991]
 [0.47601012 0.76053824]
 [0.0787061  0.06843167]
 [0.10905632 0.15361911]
 [0.46362808 0.67956232]
 [0.27006814 0.27952774]
 [0.177573   0.18801415]
 [1.34953604 1.95837162]] nu :  [0.05638202 0.05468771] k : [1.77830521 1.46044372 1.03960354] theta : [6.43256312 3.4704715 ] sigma : [2.9        1.85599824] zeta : [0.01011387 0.04444895] rho : 0.02 kappa : 0.5
       2             12         9.7478e-01      3.87e-07       9.55e-04       3.88e+02    
       3             13         9.7478e-01      3.98e-07       1.38e-03       1.02e-01    
fe :  [0.02130567 0.00229535] fo :  [0.0157596  0.00074267] delta :  [[0.1740292  0.18632182]
 [0.16040968 0.18895804]
 [0.15948811 0.17084651]
 [0.27181475 0.36112567]
 [0.23684935 0.29446108]
 [0.47602785 0.76049536]
 [0.07870222 0.06842578]
 [0.10904907 0.15360761]
 [0.46362036 0.67951987]
 [0.27005536 0.27950832]
 [0.17756315 0.18800082]
 [1.34953387 1.9584392 ]] nu :  [0.05638053 0.05467733] k : [1.77830521 1.46044372 1.03960354] theta : [6.43256312 3.4704715 ] sigma : [2.9        1.85599824] zeta : [0.01011387 0.04444895] rho : 0.02 kappa : 0.5
       4             14         9.7478e-01      3.97e-07       1.42e-03       7.08e+02    
       5             16         9.7478e-01      2.90e-08       1.13e-04       5.12e+02    
fe :  [0.02130536 0.00229529] fo :  [0.01575912 0.00074298] delta :  [[0.17404359 0.18632151]
 [0.1604135  0.18895785]
 [0.15949334 0.17084676]
 [0.27182964 0.3611289 ]
 [0.23686142 0.29446374]
 [0.47604858 0.76050113]
 [0.07871108 0.06842569]
 [0.10905181 0.15360788]
 [0.46363867 0.67952293]
 [0.27006814 0.27950978]
 [0.17757095 0.18800196]
 [1.34954965 1.95845783]] nu :  [0.05638464 0.05467687] k : [1.77830521 1.46044372 1.03960354] theta : [6.43256312 3.4704715 ] sigma : [2.9        1.85599824] zeta : [0.01011387 0.04444895] rho : 0.02 kappa : 0.5
       6             17         9.7478e-01      3.61e-08       6.85e-05       9.79e-02    
       7             18         9.7478e-01      7.51e-09       4.28e-05       1.47e-01    
`ftol` termination condition is satisfied.
Function evaluations 18, initial cost 9.7478e-01, final cost 9.7478e-01, first-order optimality 1.47e-01.
   Iteration     Total nfev        Cost      Cost reduction    Step norm     Optimality   
       0              1         9.7478e-01                                    1.44e-01    
fe :  [0.02130461 0.00229517] fo :  [0.01575838 0.00074296] delta :  [[0.17404153 0.18631753]
 [0.16040977 0.1889531 ]
 [0.15948938 0.17084232]
 [0.27182292 0.36111964]
 [0.2368555  0.29445616]
 [0.47603803 0.7604818 ]
 [0.07870908 0.06842386]
 [0.10904898 0.15360382]
 [0.46362754 0.67950533]
 [0.27006133 0.27950245]
 [0.17756641 0.18799702]
 [1.34952608 1.95843673]] nu :  [0.05638305 0.05467513] k : [1.77830521 1.46044372 1.03960354] theta : [6.43256312 3.4704715 ] sigma : [2.9        1.85599824] zeta : [0.01011387 0.04444895] rho : 0.02 kappa : 0.5
       1             12         9.7478e-01      8.35e-09       2.03e-04       1.28e+03    
       2             13         9.7478e-01      7.30e-08       2.86e-04       6.66e+02    
fe :  [0.02130397 0.00229501] fo :  [0.01575739 0.00074295] delta :  [[0.17405348 0.18632395]
 [0.160419   0.18895806]
 [0.15949982 0.17084895]
 [0.27183658 0.36112809]
 [0.23686831 0.29446448]
 [0.47605315 0.76048909]
 [0.07871988 0.06842862]
 [0.10905852 0.15361093]
 [0.46364176 0.6795118 ]
 [0.27007429 0.27950991]
 [0.17757795 0.18800472]
 [1.34953548 1.95845079]] nu :  [0.05638728 0.05467401] k : [1.77830521 1.46044372 1.03960354] theta : [6.43256312 3.4704715 ] sigma : [2.9        1.85599824] zeta : [0.01011387 0.04444895] rho : 0.02 kappa : 0.5
       3             14         9.7478e-01      3.62e-08       7.62e-05       3.79e+02    
       4             23         9.7478e-01      3.28e-10       2.12e-08       1.15e-01    
`ftol` termination condition is satisfied.
Function evaluations 23, initial cost 9.7478e-01, final cost 9.7478e-01, first-order optimality 1.15e-01.
fe :  [0.02130397 0.00229501] fo :  [0.01575739 0.00074297] delta :  [[0.17405348 0.18632395]
 [0.160419   0.18895806]
 [0.15949982 0.17084895]
 [0.27183658 0.36112809]
 [0.23686831 0.29446448]
 [0.47605315 0.76048909]
 [0.07871988 0.06842862]
 [0.10905852 0.15361093]
 [0.46364176 0.6795118 ]
 [0.27007429 0.27950991]
 [0.17757795 0.18800472]
 [1.34953548 1.95845079]] nu :  [0.05638728 0.05467401] k : [1.77830521 1.46044372 1.03960354] theta : [6.43256312 3.4704715 ] sigma : [2.9        1.85599824] zeta : [0.01011387 0.04444895] rho : 0.02 kappa : 0.5
   Iteration     Total nfev        Cost      Cost reduction    Step norm     Optimality   
       0              1         9.7478e-01                                    1.44e-01    
       1             12         9.7478e-01      2.09e-08       2.02e-04       9.08e+02    
fe :  [0.02130278 0.00229477] fo :  [0.01575599 0.00074295] delta :  [[0.17404961 0.18632008]
 [0.16041466 0.18895208]
 [0.15949506 0.17084341]
 [0.27182886 0.36111695]
 [0.23686144 0.2944553 ]
 [0.47604021 0.76046613]
 [0.07871746 0.06842627]
 [0.10905508 0.15360591]
 [0.46362879 0.67949066]
 [0.27006642 0.27950096]
 [0.17757259 0.18799866]
 [1.34950848 1.95842926]] nu :  [0.05638506 0.05467142] k : [1.77830521 1.46044372 1.03960354] theta : [6.43256312 3.4704715 ] sigma : [2.9        1.85599824] zeta : [0.01011387 0.04444895] rho : 0.02 kappa : 0.5
       2             13         9.7478e-01      4.14e-08       2.71e-04       1.89e+02    
       3             14         9.7478e-01      5.42e-08       2.59e-04       1.21e+03    
fe :  [0.02130223 0.00229464] fo :  [0.0157552  0.00074427] delta :  [[0.17405867 0.18632546]
 [0.16042351 0.18895919]
 [0.15950536 0.17085215]
 [0.27184119 0.36112623]
 [0.23687342 0.29446474]
 [0.47605291 0.76047356]
 [0.07872805 0.0684346 ]
 [0.10906564 0.15361543]
 [0.4636413  0.6794982 ]
 [0.27007863 0.27951029]
 [0.17758423 0.18800837]
 [1.349516   1.95843854]] nu :  [0.05639292 0.05467049] k : [1.77830521 1.46044372 1.03960354] theta : [6.43256312 3.4704715 ] sigma : [2.9        1.85599824] zeta : [0.01011387 0.04444895] rho : 0.02 kappa : 0.5
       4             15         9.7478e-01      7.18e-07       6.09e-05       4.95e+02    
       5             17         9.7478e-01      9.70e-08       1.65e-05       1.31e+04    
fe :  [0.0213022  0.00229464] fo :  [0.01575515 0.00074487] delta :  [[0.17406193 0.18632753]
 [0.16042614 0.18896158]
 [0.15950812 0.17085471]
 [0.27184428 0.36112894]
 [0.23687645 0.29446745]
 [0.4760561  0.76047617]
 [0.07873072 0.06843694]
 [0.10906834 0.15361804]
 [0.46364444 0.67950077]
 [0.27008167 0.27951295]
 [0.17758715 0.18801103]
 [1.34951818 1.95844073]] nu :  [0.05639664 0.05467639] k : [1.77830521 1.46044372 1.03960354] theta : [6.43256312 3.4704715 ] sigma : [2.9        1.85599824] zeta : [0.01011387 0.04444895] rho : 0.02 kappa : 0.5
       6             18         9.7478e-01      4.16e-09       1.55e-05       1.40e+03    
`ftol` termination condition is satisfied.
Function evaluations 18, initial cost 9.7478e-01, final cost 9.7478e-01, first-order optimality 1.40e+03.
   Iteration     Total nfev        Cost      Cost reduction    Step norm     Optimality   
       0              1         9.7478e-01                                    1.36e-01    
fe :  [0.02129954 0.00229429] fo :  [0.01575276 0.00074477] delta :  [[0.17405184 0.18631373]
 [0.1604126  0.18894423]
 [0.15949332 0.17083817]
 [0.27181911 0.36109456]
 [0.23685435 0.29443932]
 [0.47601259 0.76040426]
 [0.07872308 0.06843007]
 [0.10905772 0.15360293]
 [0.4636012  0.67943519]
 [0.27005615 0.27948575]
 [0.17757016 0.18799267]
 [1.34942581 1.95835212]] nu :  [0.05638957 0.05467042] k : [1.77830521 1.46044372 1.03960354] theta : [6.43256312 3.4704715 ] sigma : [2.9        1.85599824] zeta : [0.01011387 0.04444895] rho : 0.02 kappa : 0.5
       1             11         9.7478e-01      1.51e-07       8.08e-04       7.03e+03    
       2             14         9.7478e-01      2.33e-08       3.08e-05       3.53e+01    
       3             16         9.7478e-01      6.19e-10       1.85e-06       1.70e-01    
       4             24         9.7478e-01      0.00e+00       0.00e+00       1.70e-01    
`xtol` termination condition is satisfied.
Function evaluations 24, initial cost 9.7478e-01, final cost 9.7478e-01, first-order optimality 1.70e-01.
  [s_all] DONE  obj=1.3963  status=successful  -> calibration_results_matched_economy/baseline_2002_variations/pre_trips_tries/s_all/

========================================================================
  label: c_base
  seed: 8.8
  fix_delta: True
  calib_parameters: ['delta', 'T', 'eta']
  delta_free_by_sector: [0, 12, 0]
  fe_free: 0
  fo_free: 0
  nu_free: 0
  moments: ['SPFLOW', 'DOMPATINUS', 'OUT', 'RD', 'RP', 'SRGDP', 'UUPCOSTS', 'RDPHARMACHEM']
  weights: {'SPFLOW': 1, 'DOMPATINUS': 1, 'OUT': 5, 'RD': 10, 'RP': 1, 'SRGDP': 1, 'UUPCOSTS': 1, 'RDPHARMACHEM': 1}
  r_hjort_recomputed_for_1992: True
  [c_base] initial solve: successful | obj=4.3825
fe :  [0.10322757 0.0360563 ] fo :  [0.05561134 0.01156073] delta :  [[0.08793932 0.08793932]
 [0.10601833 0.10601833]
 [0.11316564 0.11316564]
 [0.16194812 0.16194812]
 [0.17779985 0.17779985]
 [0.24150643 0.24150643]
 [0.07481053 0.07481053]
 [0.07801511 0.07801511]
 [0.24365702 0.24365702]
 [0.20480966 0.20480966]
 [0.18760604 0.18760604]
 [1.58447318 1.58447318]] nu :  [0.06367108 0.11917209] k : [1.2392668  1.30073864 1.04438013] theta : [5.9624753  3.42331145] sigma : [2.9        1.96935185] zeta : [0.00741939 0.04188144] rho : 0.02 kappa : 0.5
   Iteration     Total nfev        Cost      Cost reduction    Step norm     Optimality   
       0              1         9.6031e+00                                    6.67e+07    
       1              2         7.6753e+00      1.93e+00       3.42e-03       2.97e+07    
fe :  [0.10322757 0.0360563 ] fo :  [0.05561134 0.01156073] delta :  [[0.08793932 0.08793932]
 [0.10601833 0.10601833]
 [0.11316564 0.11316564]
 [0.16194812 0.16194812]
 [0.17779985 0.17779985]
 [0.24150643 0.24150643]
 [0.07481053 0.07481053]
 [0.07801511 0.07801511]
 [0.24365703 0.24365703]
 [0.20480966 0.20480966]
 [0.18760604 0.18760604]
 [1.58447318 1.58447318]] nu :  [0.06367108 0.11917209] k : [1.2392668  1.30073864 1.04438013] theta : [5.9624753  3.42331145] sigma : [2.9        1.96935185] zeta : [0.00741939 0.04188144] rho : 0.02 kappa : 0.5
       2              3         5.2345e+00      2.44e+00       9.30e-03       1.26e+07    
       3              4         3.8209e+00      1.41e+00       1.37e-02       4.86e+06    
       4              5         1.4567e+00      2.36e+00       7.68e+03       3.01e+05    
fe :  [0.10322757 0.0360563 ] fo :  [0.05561134 0.01156073] delta :  [[0.12945763 0.12945763]
 [0.1395298  0.1395298 ]
 [0.1338784  0.1338784 ]
 [0.27836401 0.27836401]
 [0.27582699 0.27582699]
 [0.51058475 0.51058475]
 [0.07247662 0.07247662]
 [0.12141899 0.12141899]
 [0.49931307 0.49931307]
 [0.32590906 0.32590906]
 [0.21721528 0.21721528]
 [1.86312012 1.86312012]] nu :  [0.06367108 0.11917209] k : [1.2392668  1.30073864 1.04438013] theta : [5.9624753  3.42331145] sigma : [2.9        1.96935185] zeta : [0.00741939 0.04188144] rho : 0.02 kappa : 0.5
       5              6         1.4430e+00      1.36e-02       1.40e+03       3.39e+05    
       6              7         1.1810e+00      2.62e-01       4.84e+03       2.48e+06    
       7              8         1.1557e+00      2.53e-02       4.51e+03       2.24e+06    
fe :  [0.10322757 0.0360563 ] fo :  [0.05561134 0.01156073] delta :  [[0.14355275 0.14355275]
 [0.14702981 0.14702981]
 [0.13326345 0.13326345]
 [0.28358929 0.28358929]
 [0.24093111 0.24093111]
 [0.58689867 0.58689867]
 [0.05364722 0.05364722]
 [0.103943   0.103943  ]
 [0.55514076 0.55514076]
 [0.28629571 0.28629571]
 [0.18147764 0.18147764]
 [1.62507145 1.62507145]] nu :  [0.06367108 0.11917209] k : [1.2392668  1.30073864 1.04438013] theta : [5.9624753  3.42331145] sigma : [2.9        1.96935185] zeta : [0.00741939 0.04188144] rho : 0.02 kappa : 0.5
       8             10         1.1397e+00      1.60e-02       1.03e+03       3.37e+06    
       9             11         1.0842e+00      5.55e-02       1.03e+02       3.21e+06    
fe :  [0.10322757 0.0360563 ] fo :  [0.05561134 0.01156073] delta :  [[0.14377066 0.14377066]
 [0.1541447  0.1541447 ]
 [0.14055991 0.14055991]
 [0.2954896  0.2954896 ]
 [0.25376971 0.25376971]
 [0.60802299 0.60802299]
 [0.05778267 0.05778267]
 [0.10936961 0.10936961]
 [0.57337296 0.57337296]
 [0.28417    0.28417   ]
 [0.18345388 0.18345388]
 [1.71095379 1.71095379]] nu :  [0.06367108 0.11917209] k : [1.2392668  1.30073864 1.04438013] theta : [5.9624753  3.42331145] sigma : [2.9        1.96935185] zeta : [0.00741939 0.04188144] rho : 0.02 kappa : 0.5
      10             12         1.0627e+00      2.15e-02       1.33e+02       6.29e+04    
      11             13         1.0477e+00      1.50e-02       1.77e+02       4.37e+05    
      12             14         1.0072e+00      4.05e-02       1.35e+03       9.06e+04    
fe :  [0.10322757 0.0360563 ] fo :  [0.05561134 0.01156073] delta :  [[0.14162883 0.14162883]
 [0.14939919 0.14939919]
 [0.13568252 0.13568252]
 [0.28856084 0.28856084]
 [0.24684634 0.24684634]
 [0.59304422 0.59304422]
 [0.05479876 0.05479876]
 [0.10539279 0.10539279]
 [0.55986578 0.55986578]
 [0.27678559 0.27678559]
 [0.17769959 0.17769959]
 [1.67468698 1.67468698]] nu :  [0.06367108 0.11917209] k : [1.2392668  1.30073864 1.04438013] theta : [5.9624753  3.42331145] sigma : [2.9        1.96935185] zeta : [0.00741939 0.04188144] rho : 0.02 kappa : 0.5
      13             15         9.8518e-01      2.21e-02       2.99e+03       1.99e+05    
      14             16         9.7861e-01      6.56e-03       3.21e+03       1.47e+05    
      15             22         9.7703e-01      1.58e-03       3.27e-01       9.27e+04    
fe :  [0.10322757 0.0360563 ] fo :  [0.05561134 0.01156073] delta :  [[0.13879035 0.13879035]
 [0.14295001 0.14295001]
 [0.12867349 0.12867349]
 [0.27822579 0.27822579]
 [0.23819141 0.23819141]
 [0.5731829  0.5731829 ]
 [0.05150835 0.05150835]
 [0.10011677 0.10011677]
 [0.5415597  0.5415597 ]
 [0.26725436 0.26725436]
 [0.17104577 0.17104577]
 [1.62185884 1.62185884]] nu :  [0.06367108 0.11917209] k : [1.2392668  1.30073864 1.04438013] theta : [5.9624753  3.42331145] sigma : [2.9        1.96935185] zeta : [0.00741939 0.04188144] rho : 0.02 kappa : 0.5
      16             23         9.7682e-01      2.15e-04       1.19e+00       4.98e+04    
      17             29         9.7681e-01      2.04e-06       2.70e-04       1.39e+03    
      18             30         9.7681e-01      3.62e-07       2.99e-04       1.42e+03    
fe :  [0.10322757 0.0360563 ] fo :  [0.05561134 0.01156073] delta :  [[0.13884919 0.13884919]
 [0.14301939 0.14301939]
 [0.1288116  0.1288116 ]
 [0.27844164 0.27844164]
 [0.23823425 0.23823425]
 [0.57336746 0.57336746]
 [0.05171737 0.05171737]
 [0.10019284 0.10019284]
 [0.54178421 0.54178421]
 [0.26744166 0.26744166]
 [0.17118839 0.17118839]
 [1.62196333 1.62196333]] nu :  [0.06367108 0.11917209] k : [1.2392668  1.30073864 1.04438013] theta : [5.9624753  3.42331145] sigma : [2.9        1.96935185] zeta : [0.00741939 0.04188144] rho : 0.02 kappa : 0.5
      19             32         9.7681e-01      1.24e-08       1.77e-05       1.26e+02    
      20             33         9.7681e-01      1.49e-08       7.01e-06       1.41e+02    
`xtol` termination condition is satisfied.
Function evaluations 33, initial cost 9.6031e+00, final cost 9.7681e-01, first-order optimality 1.41e+02.
fe :  [0.10322757 0.0360563 ] fo :  [0.05561134 0.01156073] delta :  [[0.13884914 0.13884914]
 [0.14301934 0.14301934]
 [0.12881157 0.12881157]
 [0.27844163 0.27844163]
 [0.23823408 0.23823408]
 [0.57336738 0.57336738]
 [0.05171866 0.05171866]
 [0.10019282 0.10019282]
 [0.5417842  0.5417842 ]
 [0.26744162 0.26744162]
 [0.17118834 0.17118834]
 [1.6219632  1.6219632 ]] nu :  [0.06367108 0.11917209] k : [1.2392668  1.30073864 1.04438013] theta : [5.9624753  3.42331145] sigma : [2.9        1.96935185] zeta : [0.00741939 0.04188144] rho : 0.02 kappa : 0.5
   Iteration     Total nfev        Cost      Cost reduction    Step norm     Optimality   
       0              1         9.7681e-01                                    3.74e+02    
       1              3         9.6568e-01      1.11e-02       4.56e+03       1.37e+05    
       2             14         9.6563e-01      4.32e-05       1.06e-03       2.09e+03    
fe :  [0.10322757 0.0360563 ] fo :  [0.05561134 0.01156073] delta :  [[0.13954621 0.13954621]
 [0.14476978 0.14476978]
 [0.13065401 0.13065401]
 [0.28157798 0.28157798]
 [0.24070938 0.24070938]
 [0.57920747 0.57920747]
 [0.05257199 0.05257199]
 [0.10175534 0.10175534]
 [0.54745407 0.54745407]
 [0.27044291 0.27044291]
 [0.17333246 0.17333246]
 [1.63749737 1.63749737]] nu :  [0.06367108 0.11917209] k : [1.2392668  1.30073864 1.04438013] theta : [5.9624753  3.42331145] sigma : [2.9        1.96935185] zeta : [0.00741939 0.04188144] rho : 0.02 kappa : 0.5
       3             15         9.6563e-01      5.02e-06       1.01e-03       1.49e+03    
       4             23         9.6563e-01      1.33e-08       1.59e-05       1.69e+02    
       5             24         9.6563e-01      0.00e+00       0.00e+00       1.69e+02    
`xtol` termination condition is satisfied.
Function evaluations 24, initial cost 9.7681e-01, final cost 9.6563e-01, first-order optimality 1.69e+02.
fe :  [0.10322757 0.0360563 ] fo :  [0.05561134 0.01156073] delta :  [[0.13954622 0.13954622]
 [0.14476978 0.14476978]
 [0.13065401 0.13065401]
 [0.28157798 0.28157798]
 [0.24070938 0.24070938]
 [0.57920747 0.57920747]
 [0.05257199 0.05257199]
 [0.10175534 0.10175534]
 [0.54745407 0.54745407]
 [0.27044292 0.27044292]
 [0.17333246 0.17333246]
 [1.63749737 1.63749737]] nu :  [0.06367108 0.11917209] k : [1.2392668  1.30073864 1.04438013] theta : [5.9624753  3.42331145] sigma : [2.9        1.96935185] zeta : [0.00741939 0.04188144] rho : 0.02 kappa : 0.5
   Iteration     Total nfev        Cost      Cost reduction    Step norm     Optimality   
       0              1         9.6563e-01                                    2.08e+02    
       1             19         9.6563e-01      0.00e+00       0.00e+00       2.08e+02    
`xtol` termination condition is satisfied.
Function evaluations 19, initial cost 9.6563e-01, final cost 9.6563e-01, first-order optimality 2.08e+02.
   Iteration     Total nfev        Cost      Cost reduction    Step norm     Optimality   
       0              1         9.6563e-01                                    2.69e+02    
       1             23         9.6563e-01      2.33e-13       2.13e-08       1.01e-02    
       2             26         9.6563e-01      0.00e+00       0.00e+00       1.01e-02    
`xtol` termination condition is satisfied.
Function evaluations 26, initial cost 9.6563e-01, final cost 9.6563e-01, first-order optimality 1.01e-02.
fe :  [0.10322757 0.0360563 ] fo :  [0.05561134 0.01156073] delta :  [[0.13954622 0.13954622]
 [0.14476978 0.14476978]
 [0.13065401 0.13065401]
 [0.28157798 0.28157798]
 [0.24070938 0.24070938]
 [0.57920747 0.57920747]
 [0.05257199 0.05257199]
 [0.10175534 0.10175534]
 [0.54745407 0.54745407]
 [0.27044293 0.27044293]
 [0.17333246 0.17333246]
 [1.63749737 1.63749737]] nu :  [0.06367108 0.11917209] k : [1.2392668  1.30073864 1.04438013] theta : [5.9624753  3.42331145] sigma : [2.9        1.96935185] zeta : [0.00741939 0.04188144] rho : 0.02 kappa : 0.5
   Iteration     Total nfev        Cost      Cost reduction    Step norm     Optimality   
       0              1         9.6563e-01                                    1.68e-02    
       1              7         9.6553e-01      9.74e-05       3.90e+01       2.58e+05    
fe :  [0.10322757 0.0360563 ] fo :  [0.05561134 0.01156073] delta :  [[0.13641583 0.13641583]
 [0.13635287 0.13635287]
 [0.12273022 0.12273022]
 [0.26752345 0.26752345]
 [0.22843677 0.22843677]
 [0.55220948 0.55220948]
 [0.04743901 0.04743901]
 [0.09507259 0.09507259]
 [0.52200551 0.52200551]
 [0.25788634 0.25788634]
 [0.1633768  0.1633768 ]
 [1.57332619 1.57332619]] nu :  [0.06367108 0.11917209] k : [1.2392668  1.30073864 1.04438013] theta : [5.9624753  3.42331145] sigma : [2.9        1.96935185] zeta : [0.00741939 0.04188144] rho : 0.02 kappa : 0.5
       2              9         9.6531e-01      2.21e-04       3.70e-01       3.06e+05    
       3             11         9.6503e-01      2.79e-04       1.70e-02       8.80e+04    
       4             13         9.6503e-01      3.85e-06       4.13e-03       1.03e+04    
fe :  [0.10322757 0.0360563 ] fo :  [0.05561134 0.01156073] delta :  [[0.13772741 0.13772741]
 [0.1397003  0.1397003 ]
 [0.12557714 0.12557714]
 [0.27337066 0.27337066]
 [0.23378575 0.23378575]
 [0.56328894 0.56328894]
 [0.04970752 0.04970752]
 [0.09771244 0.09771244]
 [0.5328916  0.5328916 ]
 [0.26286164 0.26286164]
 [0.16769515 0.16769515]
 [1.58277339 1.58277339]] nu :  [0.06367108 0.11917209] k : [1.2392668  1.30073864 1.04438013] theta : [5.9624753  3.42331145] sigma : [2.9        1.96935185] zeta : [0.00741939 0.04188144] rho : 0.02 kappa : 0.5
       5             14         9.6502e-01      4.82e-06       1.04e-03       3.29e+03    
       6             15         9.6502e-01      3.65e-06       1.08e-03       4.01e+03    
       7             16         9.6502e-01      5.28e-07       2.66e-04       2.85e+03    
fe :  [0.10322757 0.0360563 ] fo :  [0.05561134 0.01156073] delta :  [[0.13789881 0.13789881]
 [0.14006749 0.14006749]
 [0.12597972 0.12597972]
 [0.27380816 0.27380816]
 [0.23421055 0.23421055]
 [0.56385365 0.56385365]
 [0.04990671 0.04990671]
 [0.09804825 0.09804825]
 [0.5333723  0.5333723 ]
 [0.26328495 0.26328495]
 [0.16808469 0.16808469]
 [1.58321984 1.58321984]] nu :  [0.06367108 0.11917209] k : [1.2392668  1.30073864 1.04438013] theta : [5.9624753  3.42331145] sigma : [2.9        1.96935185] zeta : [0.00741939 0.04188144] rho : 0.02 kappa : 0.5
       8             17         9.6502e-01      3.30e-08       6.54e-05       5.27e+02    
       9             19         9.6502e-01      7.11e-10       4.02e-06       6.59e-02    
fe :  [0.10322757 0.0360563 ] fo :  [0.05561134 0.01156073] delta :  [[0.13789877 0.13789877]
 [0.14006748 0.14006748]
 [0.12597972 0.12597972]
 [0.27380871 0.27380871]
 [0.23421094 0.23421094]
 [0.56385594 0.56385594]
 [0.0499067  0.0499067 ]
 [0.09804824 0.09804824]
 [0.53337357 0.53337357]
 [0.26328535 0.26328535]
 [0.16808469 0.16808469]
 [1.58322271 1.58322271]] nu :  [0.06367108 0.11917209] k : [1.2392668  1.30073864 1.04438013] theta : [5.9624753  3.42331145] sigma : [2.9        1.96935185] zeta : [0.00741939 0.04188144] rho : 0.02 kappa : 0.5
      10             25         9.6502e-01      1.86e-11       9.81e-10       5.91e-02    
`ftol` termination condition is satisfied.
Function evaluations 25, initial cost 9.6563e-01, final cost 9.6502e-01, first-order optimality 5.91e-02.
   Iteration     Total nfev        Cost      Cost reduction    Step norm     Optimality   
       0              1         9.6502e-01                                    2.83e+02    
       1              3         9.6459e-01      4.32e-04       1.40e+03       1.20e+05    
fe :  [0.10322757 0.0360563 ] fo :  [0.05561134 0.01156073] delta :  [[0.13931482 0.13931482]
 [0.1443694  0.1443694 ]
 [0.13006434 0.13006434]
 [0.28071278 0.28071278]
 [0.23987597 0.23987597]
 [0.5779557  0.5779557 ]
 [0.05208455 0.05208455]
 [0.10153732 0.10153732]
 [0.54611558 0.54611558]
 [0.26945217 0.26945217]
 [0.17258941 0.17258941]
 [1.63444344 1.63444344]] nu :  [0.06367108 0.11917209] k : [1.2392668  1.30073864 1.04438013] theta : [5.9624753  3.42331145] sigma : [2.9        1.96935185] zeta : [0.00741939 0.04188144] rho : 0.02 kappa : 0.5
       2              4         9.6397e-01      6.17e-04       1.24e+03       1.37e+05    
       3              5         9.6291e-01      1.06e-03       2.89e+03       1.49e+05    
       4              6         9.6233e-01      5.77e-04       2.60e+02       9.39e+04    
fe :  [0.10322757 0.0360563 ] fo :  [0.05561134 0.01156073] delta :  [[0.13883138 0.13883138]
 [0.14349456 0.14349456]
 [0.12934421 0.12934421]
 [0.27930041 0.27930041]
 [0.23839659 0.23839659]
 [0.57520359 0.57520359]
 [0.05198346 0.05198346]
 [0.10084694 0.10084694]
 [0.54349493 0.54349493]
 [0.26825179 0.26825179]
 [0.17157063 0.17157063]
 [1.62604717 1.62604717]] nu :  [0.06367108 0.11917209] k : [1.2392668  1.30073864 1.04438013] theta : [5.9624753  3.42331145] sigma : [2.9        1.96935185] zeta : [0.00741939 0.04188144] rho : 0.02 kappa : 0.5
       5             12         9.6216e-01      1.71e-04       1.41e+00       6.85e+04    
       6             13         9.6212e-01      3.74e-05       1.35e+00       2.07e+05    
       7             16         9.6202e-01      1.01e-04       5.87e-03       2.74e+04    
fe :  [0.10322757 0.0360563 ] fo :  [0.05561134 0.01156073] delta :  [[0.13833727 0.13833727]
 [0.14168043 0.14168043]
 [0.12772043 0.12772043]
 [0.27653586 0.27653586]
 [0.23648475 0.23648475]
 [0.569896   0.569896  ]
 [0.05081004 0.05081004]
 [0.09952451 0.09952451]
 [0.53823174 0.53823174]
 [0.26579282 0.26579282]
 [0.16989492 0.16989492]
 [1.60617478 1.60617478]] nu :  [0.06367108 0.11917209] k : [1.2392668  1.30073864 1.04438013] theta : [5.9624753  3.42331145] sigma : [2.9        1.96935185] zeta : [0.00741939 0.04188144] rho : 0.02 kappa : 0.5
       8             18         9.6200e-01      2.10e-05       1.86e-03       1.08e+04    
       9             21         9.6200e-01      8.43e-07       1.19e-04       1.54e+03    
fe :  [0.10322757 0.0360563 ] fo :  [0.05561134 0.01156073] delta :  [[0.13837294 0.13837294]
 [0.14178977 0.14178977]
 [0.12773682 0.12773682]
 [0.27656957 0.27656957]
 [0.23648237 0.23648237]
 [0.56997497 0.56997497]
 [0.05085531 0.05085531]
 [0.09954018 0.09954018]
 [0.5383348  0.5383348 ]
 [0.26582043 0.26582043]
 [0.16991477 0.16991477]
 [1.6062872  1.6062872 ]] nu :  [0.06367108 0.11917209] k : [1.2392668  1.30073864 1.04438013] theta : [5.9624753  3.42331145] sigma : [2.9        1.96935185] zeta : [0.00741939 0.04188144] rho : 0.02 kappa : 0.5
      10             22         9.6200e-01      2.73e-07       1.18e-04       7.11e+02    
      11             23         9.6200e-01      1.78e-07       3.03e-05       2.21e+02    
      12             30         9.6200e-01      1.78e-11       1.87e-09       1.72e-02    
`ftol` termination condition is satisfied.
Function evaluations 30, initial cost 9.6502e-01, final cost 9.6200e-01, first-order optimality 1.72e-02.
  [c_base] DONE  obj=1.3871  status=successful  -> calibration_results_matched_economy/baseline_2002_variations/pre_trips_tries/c_base/

========================================================================
  label: c_fefo
  seed: 8.8
  fix_delta: True
  calib_parameters: ['delta', 'T', 'eta', 'fe', 'fo']
  delta_free_by_sector: [0, 12, 0]
  fe_free: 2
  fo_free: 2
  nu_free: 0
  moments: ['SPFLOW', 'DOMPATINUS', 'OUT', 'RD', 'RP', 'SRGDP', 'UUPCOSTS', 'RDPHARMACHEM']
  weights: {'SPFLOW': 1, 'DOMPATINUS': 1, 'OUT': 5, 'RD': 10, 'RP': 1, 'SRGDP': 1, 'UUPCOSTS': 1, 'RDPHARMACHEM': 1}
  r_hjort_recomputed_for_1992: True
  [c_fefo] initial solve: successful | obj=4.3825
fe :  [0.10322757 0.0360563 ] fo :  [0.05561134 0.01156073] delta :  [[0.08793932 0.08793932]
 [0.10601833 0.10601833]
 [0.11316564 0.11316564]
 [0.16194812 0.16194812]
 [0.17779985 0.17779985]
 [0.24150643 0.24150643]
 [0.07481053 0.07481053]
 [0.07801511 0.07801511]
 [0.24365702 0.24365702]
 [0.20480966 0.20480966]
 [0.18760604 0.18760604]
 [1.58447318 1.58447318]] nu :  [0.06367108 0.11917209] k : [1.2392668  1.30073864 1.04438013] theta : [5.9624753  3.42331145] sigma : [2.9        1.96935185] zeta : [0.00741939 0.04188144] rho : 0.02 kappa : 0.5
   Iteration     Total nfev        Cost      Cost reduction    Step norm     Optimality   
       0              1         9.6031e+00                                    6.67e+07    
       1              2         7.6753e+00      1.93e+00       3.42e-03       2.97e+07    
fe :  [0.10322757 0.0360563 ] fo :  [0.05561134 0.01156073] delta :  [[0.08793932 0.08793932]
 [0.10601833 0.10601833]
 [0.11316564 0.11316564]
 [0.16194812 0.16194812]
 [0.17779985 0.17779985]
 [0.24150643 0.24150643]
 [0.07481053 0.07481053]
 [0.07801511 0.07801511]
 [0.24365703 0.24365703]
 [0.20480966 0.20480966]
 [0.18760604 0.18760604]
 [1.58447318 1.58447318]] nu :  [0.06367108 0.11917209] k : [1.2392668  1.30073864 1.04438013] theta : [5.9624753  3.42331145] sigma : [2.9        1.96935185] zeta : [0.00741939 0.04188144] rho : 0.02 kappa : 0.5
       2              3         5.2345e+00      2.44e+00       9.30e-03       1.26e+07    
       3              4         3.8209e+00      1.41e+00       1.37e-02       4.87e+06    
       4              5         1.6885e+00      2.13e+00       8.50e+03       2.14e+05    
fe :  [0.29702979 0.15465989] fo :  [0.05260508 0.00603385] delta :  [[0.14852238 0.14852238]
 [0.17526856 0.17526856]
 [0.1498887  0.1498887 ]
 [0.31071346 0.31071346]
 [0.27753825 0.27753825]
 [0.62749862 0.62749862]
 [0.0637236  0.0637236 ]
 [0.11781034 0.11781034]
 [0.59773611 0.59773611]
 [0.30408686 0.30408686]
 [0.19926549 0.19926549]
 [1.79381709 1.79381709]] nu :  [0.06367108 0.11917209] k : [1.2392668  1.30073864 1.04438013] theta : [5.9624753  3.42331145] sigma : [2.9        1.96935185] zeta : [0.00741939 0.04188144] rho : 0.02 kappa : 0.5
       5              7         1.1062e+00      5.82e-01       9.03e+03       1.21e+06    
       6             10         1.0865e+00      1.97e-02       1.36e+04       4.56e+05    
fe :  [0.26275107 0.10044505] fo :  [0.14320111 0.01264123] delta :  [[0.12473667 0.12473667]
 [0.13893508 0.13893508]
 [0.12031341 0.12031341]
 [0.26091509 0.26091509]
 [0.22214527 0.22214527]
 [0.54455774 0.54455774]
 [0.04479883 0.04479883]
 [0.09011439 0.09011439]
 [0.51299167 0.51299167]
 [0.25062078 0.25062078]
 [0.15809898 0.15809898]
 [1.55530258 1.55530258]] nu :  [0.06367108 0.11917209] k : [1.2392668  1.30073864 1.04438013] theta : [5.9624753  3.42331145] sigma : [2.9        1.96935185] zeta : [0.00741939 0.04188144] rho : 0.02 kappa : 0.5
       7             11         1.0255e+00      6.10e-02       2.98e+03       3.83e+05    
       8             12         1.0215e+00      3.95e-03       4.01e+01       1.64e+06    
       9             13         9.9846e-01      2.31e-02       1.33e+03       5.44e+05    
fe :  [0.35233125 0.1423589 ] fo :  [0.19245431 0.02849315] delta :  [[0.11367364 0.11367364]
 [0.12185276 0.12185276]
 [0.10851607 0.10851607]
 [0.24458678 0.24458678]
 [0.20550574 0.20550574]
 [0.5163348  0.5163348 ]
 [0.03824331 0.03824331]
 [0.08186978 0.08186978]
 [0.48460381 0.48460381]
 [0.23514214 0.23514214]
 [0.1455615  0.1455615 ]
 [1.47568474 1.47568474]] nu :  [0.06367108 0.11917209] k : [1.2392668  1.30073864 1.04438013] theta : [5.9624753  3.42331145] sigma : [2.9        1.96935185] zeta : [0.00741939 0.04188144] rho : 0.02 kappa : 0.5
      10             22         9.9796e-01      5.04e-04       8.02e-02       5.70e+05    
      11             23         9.9777e-01      1.94e-04       3.25e-03       5.45e+04    
fe :  [0.35233512 0.14330609] fo :  [0.19245578 0.03155678] delta :  [[0.11367284 0.11367284]
 [0.12185096 0.12185096]
 [0.10854933 0.10854933]
 [0.2445868  0.2445868 ]
 [0.20552387 0.20552387]
 [0.51633714 0.51633714]
 [0.03824311 0.03824311]
 [0.08187794 0.08187794]
 [0.48460376 0.48460376]
 [0.23514182 0.23514182]
 [0.14556816 0.14556816]
 [1.47568449 1.47568449]] nu :  [0.06367108 0.11917209] k : [1.2392668  1.30073864 1.04438013] theta : [5.9624753  3.42331145] sigma : [2.9        1.96935185] zeta : [0.00741939 0.04188144] rho : 0.02 kappa : 0.5
      12             30         9.9777e-01      9.52e-07       9.80e-06       3.86e+03    
      13             32         9.9777e-01      0.00e+00       0.00e+00       3.86e+03    
`xtol` termination condition is satisfied.
Function evaluations 32, initial cost 9.6031e+00, final cost 9.9777e-01, first-order optimality 3.86e+03.
   Iteration     Total nfev        Cost      Cost reduction    Step norm     Optimality   
       0              1         9.9777e-01                                    3.40e+03    
       1              4         9.9653e-01      1.23e-03       2.24e+04       2.09e+06    
fe :  [0.18719909 0.0673924 ] fo :  [0.1130534  0.01716561] delta :  [[0.12060133 0.12060133]
 [0.1256309  0.1256309 ]
 [0.11175551 0.11175551]
 [0.25144875 0.25144875]
 [0.21444817 0.21444817]
 [0.5261323  0.5261323 ]
 [0.04082256 0.04082256]
 [0.08622557 0.08622557]
 [0.49701767 0.49701767]
 [0.24120925 0.24120925]
 [0.15217963 0.15217963]
 [1.49256548 1.49256548]] nu :  [0.06367108 0.11917209] k : [1.2392668  1.30073864 1.04438013] theta : [5.9624753  3.42331145] sigma : [2.9        1.96935185] zeta : [0.00741939 0.04188144] rho : 0.02 kappa : 0.5
       2              5         9.6914e-01      2.74e-02       4.52e+01       2.82e+05    
       3              6         9.6259e-01      6.56e-03       5.30e+03       2.90e+05    
fe :  [0.12650055 0.04336344] fo :  [0.06741288 0.00990783] delta :  [[0.13434792 0.13434792]
 [0.13375552 0.13375552]
 [0.12028666 0.12028666]
 [0.26458514 0.26458514]
 [0.22562721 0.22562721]
 [0.54868175 0.54868175]
 [0.04577575 0.04577575]
 [0.09236158 0.09236158]
 [0.51680862 0.51680862]
 [0.25399724 0.25399724]
 [0.16123915 0.16123915]
 [1.54363236 1.54363236]] nu :  [0.06367108 0.11917209] k : [1.2392668  1.30073864 1.04438013] theta : [5.9624753  3.42331145] sigma : [2.9        1.96935185] zeta : [0.00741939 0.04188144] rho : 0.02 kappa : 0.5
       4             11         9.6258e-01      1.13e-05       1.34e+01       3.78e+05    
       5             12         9.6233e-01      2.45e-04       1.18e+00       3.00e+05    
       6             13         9.6145e-01      8.84e-04       2.41e-01       2.57e+04    
fe :  [0.08307509 0.02716547] fo :  [0.04272866 0.0054641 ] delta :  [[0.14917054 0.14917054]
 [0.1477324  0.1477324 ]
 [0.13366785 0.13366785]
 [0.28601866 0.28601866]
 [0.24524404 0.24524404]
 [0.58424186 0.58424186]
 [0.0542909  0.0542909 ]
 [0.10494575 0.10494575]
 [0.55281161 0.55281161]
 [0.2749465  0.2749465 ]
 [0.17720975 0.17720975]
 [1.62982659 1.62982659]] nu :  [0.06367108 0.11917209] k : [1.2392668  1.30073864 1.04438013] theta : [5.9624753  3.42331145] sigma : [2.9        1.96935185] zeta : [0.00741939 0.04188144] rho : 0.02 kappa : 0.5
       7             16         9.6144e-01      7.23e-06       8.53e-03       3.66e+04    
       8             17         9.6143e-01      1.32e-05       1.78e-03       3.67e+02    
       9             18         9.6142e-01      5.91e-06       2.07e-03       3.03e+03    
fe :  [0.08300213 0.02712255] fo :  [0.04266335 0.00544003] delta :  [[0.14894301 0.14894301]
 [0.1476025  0.1476025 ]
 [0.13353485 0.13353485]
 [0.28588817 0.28588817]
 [0.24510585 0.24510585]
 [0.58415582 0.58415582]
 [0.05422679 0.05422679]
 [0.10486694 0.10486694]
 [0.55274721 0.55274721]
 [0.27481051 0.27481051]
 [0.17707545 0.17707545]
 [1.62970266 1.62970266]] nu :  [0.06367108 0.11917209] k : [1.2392668  1.30073864 1.04438013] theta : [5.9624753  3.42331145] sigma : [2.9        1.96935185] zeta : [0.00741939 0.04188144] rho : 0.02 kappa : 0.5
      10             20         9.6142e-01      1.30e-07       1.26e-04       5.31e+02    
      11             22         9.6142e-01      5.14e-09       8.82e-06       7.97e-02    
`xtol` termination condition is satisfied.
Function evaluations 22, initial cost 9.9777e-01, final cost 9.6142e-01, first-order optimality 7.97e-02.
fe :  [0.08300212 0.02712253] fo :  [0.04266333 0.00544002] delta :  [[0.14894294 0.14894294]
 [0.14760249 0.14760249]
 [0.13353483 0.13353483]
 [0.28589063 0.28589063]
 [0.24510778 0.24510778]
 [0.58416037 0.58416037]
 [0.05422677 0.05422677]
 [0.10486746 0.10486746]
 [0.55275188 0.55275188]
 [0.27481275 0.27481275]
 [0.17707586 0.17707586]
 [1.62970563 1.62970563]] nu :  [0.06367108 0.11917209] k : [1.2392668  1.30073864 1.04438013] theta : [5.9624753  3.42331145] sigma : [2.9        1.96935185] zeta : [0.00741939 0.04188144] rho : 0.02 kappa : 0.5
   Iteration     Total nfev        Cost      Cost reduction    Step norm     Optimality   
       0              1         9.6142e-01                                    7.03e-02    
       1             17         9.6142e-01      0.00e+00       0.00e+00       7.03e-02    
`xtol` termination condition is satisfied.
Function evaluations 17, initial cost 9.6142e-01, final cost 9.6142e-01, first-order optimality 7.03e-02.
   Iteration     Total nfev        Cost      Cost reduction    Step norm     Optimality   
       0              1         9.6142e-01                                    1.42e-02    
fe :  [0.07682922 0.02464928] fo :  [0.04064232 0.00473618] delta :  [[0.14979434 0.14979434]
 [0.14716685 0.14716685]
 [0.13305153 0.13305153]
 [0.2853972  0.2853972 ]
 [0.24459015 0.24459015]
 [0.58467337 0.58467337]
 [0.05403939 0.05403939]
 [0.10463608 0.10463608]
 [0.55325578 0.55325578]
 [0.27431466 0.27431466]
 [0.17654547 0.17654547]
 [1.63508787 1.63508787]] nu :  [0.06367108 0.11917209] k : [1.2392668  1.30073864 1.04438013] theta : [5.9624753  3.42331145] sigma : [2.9        1.96935185] zeta : [0.00741939 0.04188144] rho : 0.02 kappa : 0.5
       1             12         9.6139e-01      3.41e-05       2.47e-01       1.04e+05    
       2             14         9.6137e-01      1.80e-05       7.83e-03       1.21e+05    
       3             15         9.6136e-01      1.41e-05       1.78e-03       7.62e+03    
fe :  [0.07682531 0.02479083] fo :  [0.04013372 0.00451112] delta :  [[0.1508161  0.1508161 ]
 [0.14910118 0.14910118]
 [0.13494402 0.13494402]
 [0.28831003 0.28831003]
 [0.24720855 0.24720855]
 [0.5889029  0.5889029 ]
 [0.05507245 0.05507245]
 [0.10625167 0.10625167]
 [0.55702896 0.55702896]
 [0.27694273 0.27694273]
 [0.17872793 0.17872793]
 [1.6380998  1.6380998 ]] nu :  [0.06367108 0.11917209] k : [1.2392668  1.30073864 1.04438013] theta : [5.9624753  3.42331145] sigma : [2.9        1.96935185] zeta : [0.00741939 0.04188144] rho : 0.02 kappa : 0.5
       4             24         9.6136e-01      1.12e-07       3.05e-06       5.99e+03    
       5             25         9.6136e-01      1.22e-08       7.63e-07       4.68e+02    
fe :  [0.07682531 0.02479136] fo :  [0.04013372 0.00451114] delta :  [[0.1508161  0.1508161 ]
 [0.14910118 0.14910118]
 [0.13494402 0.13494402]
 [0.28831003 0.28831003]
 [0.24720855 0.24720855]
 [0.5889029  0.5889029 ]
 [0.05507245 0.05507245]
 [0.10625167 0.10625167]
 [0.55702896 0.55702896]
 [0.27694273 0.27694273]
 [0.17872793 0.17872793]
 [1.6380998  1.6380998 ]] nu :  [0.06367108 0.11917209] k : [1.2392668  1.30073864 1.04438013] theta : [5.9624753  3.42331145] sigma : [2.9        1.96935185] zeta : [0.00741939 0.04188144] rho : 0.02 kappa : 0.5
       6             26         9.6136e-01      1.35e-08       7.63e-07       5.57e+02    
       7             27         9.6136e-01      2.46e-08       1.53e-06       6.64e+02    
       8             28         9.6136e-01      4.06e-08       3.05e-06       1.42e+03    
fe :  [0.07682531 0.02479344] fo :  [0.04013372 0.00451114] delta :  [[0.1508161  0.1508161 ]
 [0.14910118 0.14910118]
 [0.13494402 0.13494402]
 [0.28831004 0.28831004]
 [0.24720856 0.24720856]
 [0.58890294 0.58890294]
 [0.05507245 0.05507245]
 [0.10625167 0.10625167]
 [0.55702898 0.55702898]
 [0.27694273 0.27694273]
 [0.17872793 0.17872793]
 [1.63809983 1.63809983]] nu :  [0.06367108 0.11917209] k : [1.2392668  1.30073864 1.04438013] theta : [5.9624753  3.42331145] sigma : [2.9        1.96935185] zeta : [0.00741939 0.04188144] rho : 0.02 kappa : 0.5
       9             29         9.6136e-01      1.75e-11       5.53e-08       3.88e+02    
      10             30         9.6136e-01      1.16e-08       1.52e-06       3.10e-02    
      11             31         9.6136e-01      1.05e-11       2.35e-08       7.80e-02    
fe :  [0.07682531 0.02479407] fo :  [0.04013372 0.00451114] delta :  [[0.1508161  0.1508161 ]
 [0.14910118 0.14910118]
 [0.13494402 0.13494402]
 [0.28831004 0.28831004]
 [0.24720856 0.24720856]
 [0.58890295 0.58890295]
 [0.05507245 0.05507245]
 [0.10625167 0.10625167]
 [0.55702899 0.55702899]
 [0.27694274 0.27694274]
 [0.17872793 0.17872793]
 [1.63809985 1.63809985]] nu :  [0.06367108 0.11917209] k : [1.2392668  1.30073864 1.04438013] theta : [5.9624753  3.42331145] sigma : [2.9        1.96935185] zeta : [0.00741939 0.04188144] rho : 0.02 kappa : 0.5
      12             32         9.6136e-01      3.69e-11       7.17e-09       5.75e-02    
`ftol` termination condition is satisfied.
Function evaluations 32, initial cost 9.6142e-01, final cost 9.6136e-01, first-order optimality 5.75e-02.
   Iteration     Total nfev        Cost      Cost reduction    Step norm     Optimality   
       0              1         9.6136e-01                                    6.86e-02    
fe :  [0.0768228  0.02479377] fo :  [0.0401305  0.00451106] delta :  [[0.15081371 0.15081371]
 [0.14910061 0.14910061]
 [0.13494246 0.13494246]
 [0.28838855 0.28838855]
 [0.24726571 0.24726571]
 [0.58911992 0.58911992]
 [0.05507126 0.05507126]
 [0.10624632 0.10624632]
 [0.55718055 0.55718055]
 [0.27697361 0.27697361]
 [0.17872703 0.17872703]
 [1.6383052  1.6383052 ]] nu :  [0.06367108 0.11917209] k : [1.2392668  1.30073864 1.04438013] theta : [5.9624753  3.42331145] sigma : [2.9        1.96935185] zeta : [0.00741939 0.04188144] rho : 0.02 kappa : 0.5
       1             11         9.6136e-01      1.18e-07       3.50e-04       9.79e+02    
       2             12         9.6136e-01      8.28e-08       8.39e-05       4.69e-02    
       3             13         9.6136e-01      3.25e-08       2.07e-05       5.58e+02    
fe :  [0.07682148 0.02479353] fo :  [0.040129   0.00451101] delta :  [[0.15081242 0.15081242]
 [0.14909986 0.14909986]
 [0.13494137 0.13494137]
 [0.28839296 0.28839296]
 [0.24726558 0.24726558]
 [0.58918312 0.58918312]
 [0.05507059 0.05507059]
 [0.10624368 0.10624368]
 [0.55721626 0.55721626]
 [0.27697315 0.27697315]
 [0.17872611 0.17872611]
 [1.6383781  1.6383781 ]] nu :  [0.06367108 0.11917209] k : [1.2392668  1.30073864 1.04438013] theta : [5.9624753  3.42331145] sigma : [2.9        1.96935185] zeta : [0.00741939 0.04188144] rho : 0.02 kappa : 0.5
       4             19         9.6136e-01      3.55e-09       5.76e-07       5.91e-02    
`ftol` termination condition is satisfied.
Function evaluations 19, initial cost 9.6136e-01, final cost 9.6136e-01, first-order optimality 5.91e-02.
   Iteration     Total nfev        Cost      Cost reduction    Step norm     Optimality   
       0              1         9.6136e-01                                    6.24e-02    
fe :  [0.07682148 0.02479353] fo :  [0.04012899 0.00451101] delta :  [[0.15081242 0.15081242]
 [0.14909986 0.14909986]
 [0.13494137 0.13494137]
 [0.28839303 0.28839303]
 [0.24726563 0.24726563]
 [0.58918333 0.58918333]
 [0.05507059 0.05507059]
 [0.10624368 0.10624368]
 [0.5572164  0.5572164 ]
 [0.27697318 0.27697318]
 [0.17872609 0.17872609]
 [1.63837829 1.63837829]] nu :  [0.06367108 0.11917209] k : [1.2392668  1.30073864 1.04438013] theta : [5.9624753  3.42331145] sigma : [2.9        1.96935185] zeta : [0.00741939 0.04188144] rho : 0.02 kappa : 0.5
       1             16         9.6136e-01      6.29e-11       3.29e-07       1.87e-02    
       2             17         9.6136e-01      4.56e-11       7.66e-08       1.48e+01    
       3             21         9.6136e-01      1.11e-10       2.90e-08       4.25e-02    
`ftol` termination condition is satisfied.
Function evaluations 21, initial cost 9.6136e-01, final cost 9.6136e-01, first-order optimality 4.25e-02.
  [c_fefo] DONE  obj=1.3866  status=successful  -> calibration_results_matched_economy/baseline_2002_variations/pre_trips_tries/c_fefo/

========================================================================
  label: c_nu
  seed: 8.8
  fix_delta: True
  calib_parameters: ['delta', 'T', 'eta', 'nu']
  delta_free_by_sector: [0, 12, 0]
  fe_free: 0
  fo_free: 0
  nu_free: 2
  moments: ['SPFLOW', 'DOMPATINUS', 'OUT', 'RD', 'RP', 'SRGDP', 'UUPCOSTS', 'RDPHARMACHEM', 'TOPATENT', 'TOPHARMACHEM']
  weights: {'SPFLOW': 1, 'DOMPATINUS': 1, 'OUT': 5, 'RD': 10, 'RP': 1, 'SRGDP': 1, 'UUPCOSTS': 1, 'RDPHARMACHEM': 1, 'TOPATENT': 5, 'TOPHARMACHEM': 5}
  r_hjort_recomputed_for_1992: True
  [c_nu] initial solve: successful | obj=5.0713
fe :  [0.10322757 0.0360563 ] fo :  [0.05561134 0.01156073] delta :  [[0.08793932 0.08793932]
 [0.10601833 0.10601833]
 [0.11316564 0.11316564]
 [0.16194812 0.16194812]
 [0.17779985 0.17779985]
 [0.24150643 0.24150643]
 [0.07481053 0.07481053]
 [0.07801511 0.07801511]
 [0.24365702 0.24365702]
 [0.20480966 0.20480966]
 [0.18760604 0.18760604]
 [1.58447318 1.58447318]] nu :  [0.06367108 0.11917209] k : [1.2392668  1.30073864 1.04438013] theta : [5.9624753  3.42331145] sigma : [2.9        1.96935185] zeta : [0.00741939 0.04188144] rho : 0.02 kappa : 0.5
   Iteration     Total nfev        Cost      Cost reduction    Step norm     Optimality   
       0              1         1.2859e+01                                    7.19e+07    
       1              2         8.6282e+00      4.23e+00       4.54e-03       3.70e+07    
fe :  [0.10322757 0.0360563 ] fo :  [0.05561134 0.01156073] delta :  [[0.08793932 0.08793932]
 [0.10601833 0.10601833]
 [0.11316564 0.11316564]
 [0.16194812 0.16194812]
 [0.17779985 0.17779985]
 [0.24150643 0.24150643]
 [0.07481053 0.07481053]
 [0.07801511 0.07801511]
 [0.24365702 0.24365702]
 [0.20480966 0.20480966]
 [0.18760604 0.18760604]
 [1.58447318 1.58447318]] nu :  [0.06367108 0.11917209] k : [1.2392668  1.30073864 1.04438013] theta : [5.9624753  3.42331145] sigma : [2.9        1.96935185] zeta : [0.00741939 0.04188144] rho : 0.02 kappa : 0.5
       2              3         5.7187e+00      2.91e+00       8.30e-03       1.34e+07    
       3              4         2.3075e+00      3.41e+00       1.40e+04       9.46e+05    
       4              6         1.2140e+00      1.09e+00       1.50e+04       5.44e+05    
fe :  [0.10322757 0.0360563 ] fo :  [0.05561134 0.01156073] delta :  [[0.11637559 0.11637559]
 [0.13012417 0.13012417]
 [0.11705992 0.11705992]
 [0.24855996 0.24855996]
 [0.21800449 0.21800449]
 [0.52029022 0.52029022]
 [0.04988467 0.04988467]
 [0.09259133 0.09259133]
 [0.4912174  0.4912174 ]
 [0.26159138 0.26159138]
 [0.15780013 0.15780013]
 [1.45936402 1.45936402]] nu :  [0.05097294 0.08600057] k : [1.2392668  1.30073864 1.04438013] theta : [5.9624753  3.42331145] sigma : [2.9        1.96935185] zeta : [0.00741939 0.04188144] rho : 0.02 kappa : 0.5
       5              7         1.0652e+00      1.49e-01       1.49e+03       3.42e+05    
       6              8         1.0299e+00      3.53e-02       4.97e+03       1.10e+05    
fe :  [0.10322757 0.0360563 ] fo :  [0.05561134 0.01156073] delta :  [[0.1138692  0.1138692 ]
 [0.121594   0.121594  ]
 [0.10814112 0.10814112]
 [0.23473674 0.23473674]
 [0.19907561 0.19907561]
 [0.48506078 0.48506078]
 [0.04406308 0.04406308]
 [0.08396441 0.08396441]
 [0.46028789 0.46028789]
 [0.22783141 0.22783141]
 [0.1429275  0.1429275 ]
 [1.36498324 1.36498324]] nu :  [0.05064418 0.08943234] k : [1.2392668  1.30073864 1.04438013] theta : [5.9624753  3.42331145] sigma : [2.9        1.96935185] zeta : [0.00741939 0.04188144] rho : 0.02 kappa : 0.5
       7             12         1.0287e+00      1.19e-03       2.36e+03       4.43e+06    
       8             13         1.0025e+00      2.62e-02       2.49e+01       1.07e+06    
       9             14         9.9838e-01      4.16e-03       1.15e+03       3.62e+06    
fe :  [0.10322757 0.0360563 ] fo :  [0.05561134 0.01156073] delta :  [[0.1148601  0.1148601 ]
 [0.12295887 0.12295887]
 [0.10968134 0.10968134]
 [0.23702958 0.23702958]
 [0.20286054 0.20286054]
 [0.48833989 0.48833989]
 [0.04477875 0.04477875]
 [0.08580585 0.08580585]
 [0.46161849 0.46161849]
 [0.22785315 0.22785315]
 [0.14533472 0.14533472]
 [1.37917781 1.37917781]] nu :  [0.05062879 0.09018323] k : [1.2392668  1.30073864 1.04438013] theta : [5.9624753  3.42331145] sigma : [2.9        1.96935185] zeta : [0.00741939 0.04188144] rho : 0.02 kappa : 0.5
      10             15         9.8438e-01      1.40e-02       7.78e+02       2.00e+05    
      11             18         9.8250e-01      1.87e-03       2.38e+01       9.81e+05    
      12             22         9.8183e-01      6.72e-04       1.88e-02       3.05e+04    
fe :  [0.10322757 0.0360563 ] fo :  [0.05561134 0.01156073] delta :  [[0.11387075 0.11387075]
 [0.1204368  0.1204368 ]
 [0.10738057 0.10738057]
 [0.23321584 0.23321584]
 [0.19964531 0.19964531]
 [0.48106823 0.48106823]
 [0.04306982 0.04306982]
 [0.08369026 0.08369026]
 [0.45464837 0.45464837]
 [0.22204979 0.22204979]
 [0.14283267 0.14283267]
 [1.34609803 1.34609803]] nu :  [0.05060729 0.09076   ] k : [1.2392668  1.30073864 1.04438013] theta : [5.9624753  3.42331145] sigma : [2.9        1.96935185] zeta : [0.00741939 0.04188144] rho : 0.02 kappa : 0.5
      13             25         9.8183e-01      4.69e-06       1.32e-03       3.43e+03    
      14             26         9.8182e-01      6.64e-06       2.86e-04       4.04e+02    
fe :  [0.10322757 0.0360563 ] fo :  [0.05561134 0.01156073] delta :  [[0.11386016 0.11386016]
 [0.12041845 0.12041845]
 [0.10736581 0.10736581]
 [0.23318827 0.23318827]
 [0.19961585 0.19961585]
 [0.48103165 0.48103165]
 [0.04306465 0.04306465]
 [0.08367741 0.08367741]
 [0.45460505 0.45460505]
 [0.22244649 0.22244649]
 [0.1428117  0.1428117 ]
 [1.34624357 1.34624357]] nu :  [0.05059351 0.09074154] k : [1.2392668  1.30073864 1.04438013] theta : [5.9624753  3.42331145] sigma : [2.9        1.96935185] zeta : [0.00741939 0.04188144] rho : 0.02 kappa : 0.5
      15             27         9.8181e-01      7.70e-06       4.97e-04       1.33e+03    
      16             28         9.8181e-01      7.26e-06       1.17e-03       3.82e+03    
      17             32         9.8181e-01      1.85e-09       2.04e-05       5.79e-02    
fe :  [0.10322757 0.0360563 ] fo :  [0.05561134 0.01156073] delta :  [[0.11386753 0.11386753]
 [0.12041146 0.12041146]
 [0.10736514 0.10736514]
 [0.23317675 0.23317675]
 [0.19959444 0.19959444]
 [0.48103769 0.48103769]
 [0.04307086 0.04307086]
 [0.08366919 0.08366919]
 [0.45459517 0.45459517]
 [0.22305875 0.22305875]
 [0.14279739 0.14279739]
 [1.34720068 1.34720068]] nu :  [0.05059037 0.09072586] k : [1.2392668  1.30073864 1.04438013] theta : [5.9624753  3.42331145] sigma : [2.9        1.96935185] zeta : [0.00741939 0.04188144] rho : 0.02 kappa : 0.5
      18             33         9.8181e-01      1.24e-08       4.03e-06       4.47e+02    
`xtol` termination condition is satisfied.
Function evaluations 33, initial cost 1.2859e+01, final cost 9.8181e-01, first-order optimality 4.47e+02.
   Iteration     Total nfev        Cost      Cost reduction    Step norm     Optimality   
       0              1         9.8181e-01                                    2.24e-02    
       1              6         9.8167e-01      1.38e-04       1.78e+00       3.46e+05    
fe :  [0.10322757 0.0360563 ] fo :  [0.05561134 0.01156073] delta :  [[0.11363868 0.11363868]
 [0.11852834 0.11852834]
 [0.10618134 0.10618134]
 [0.23087058 0.23087058]
 [0.19736001 0.19736001]
 [0.47702689 0.47702689]
 [0.04223931 0.04223931]
 [0.08244053 0.08244053]
 [0.45043195 0.45043195]
 [0.22149725 0.22149725]
 [0.14113698 0.14113698]
 [1.34411562 1.34411562]] nu :  [0.05063156 0.0910352 ] k : [1.2392668  1.30073864 1.04438013] theta : [5.9624753  3.42331145] sigma : [2.9        1.96935185] zeta : [0.00741939 0.04188144] rho : 0.02 kappa : 0.5
       2              9         9.8155e-01      1.20e-04       7.30e-03       3.88e+04    
       3             10         9.8152e-01      2.87e-05       1.35e-02       5.06e+03    
fe :  [0.10322757 0.0360563 ] fo :  [0.05561134 0.01156073] delta :  [[0.11353996 0.11353996]
 [0.11871831 0.11871831]
 [0.106038   0.106038  ]
 [0.23056226 0.23056226]
 [0.19709041 0.19709041]
 [0.47637871 0.47637871]
 [0.04216991 0.04216991]
 [0.08232762 0.08232762]
 [0.44980661 0.44980661]
 [0.22120183 0.22120183]
 [0.1409288  0.1409288 ]
 [1.34305588 1.34305588]] nu :  [0.05062224 0.09101735] k : [1.2392668  1.30073864 1.04438013] theta : [5.9624753  3.42331145] sigma : [2.9        1.96935185] zeta : [0.00741939 0.04188144] rho : 0.02 kappa : 0.5
       4             14         9.8152e-01      5.55e-07       1.45e-04       2.45e+04    
       5             16         9.8152e-01      4.00e-09       8.64e-06       7.71e+03    
       6             17         9.8152e-01      0.00e+00       0.00e+00       7.71e+03    
`xtol` termination condition is satisfied.
Function evaluations 17, initial cost 9.8181e-01, final cost 9.8152e-01, first-order optimality 7.71e+03.
   Iteration     Total nfev        Cost      Cost reduction    Step norm     Optimality   
       0              1         9.8152e-01                                    9.22e+03    
fe :  [0.10322757 0.0360563 ] fo :  [0.05561134 0.01156073] delta :  [[0.11354071 0.11354071]
 [0.11872546 0.11872546]
 [0.1060382  0.1060382 ]
 [0.23056378 0.23056378]
 [0.19709169 0.19709169]
 [0.47638055 0.47638055]
 [0.04217008 0.04217008]
 [0.08232781 0.08232781]
 [0.44980827 0.44980827]
 [0.22120327 0.22120327]
 [0.14092936 0.14092936]
 [1.34305842 1.34305842]] nu :  [0.05062586 0.0910193 ] k : [1.2392668  1.30073864 1.04438013] theta : [5.9624753  3.42331145] sigma : [2.9        1.96935185] zeta : [0.00741939 0.04188144] rho : 0.02 kappa : 0.5
       1             16         9.8152e-01      2.06e-08       1.02e-05       4.45e-01    
       2             17         9.8152e-01      6.03e-09       5.59e-07       1.39e+00    
Both `ftol` and `xtol` termination conditions are satisfied.
Function evaluations 17, initial cost 9.8152e-01, final cost 9.8152e-01, first-order optimality 1.39e+00.
fe :  [0.10322757 0.0360563 ] fo :  [0.05561134 0.01156073] delta :  [[0.11354071 0.11354071]
 [0.11872545 0.11872545]
 [0.10603819 0.10603819]
 [0.23056377 0.23056377]
 [0.19709168 0.19709168]
 [0.47638053 0.47638053]
 [0.04217007 0.04217007]
 [0.0823278  0.0823278 ]
 [0.44980825 0.44980825]
 [0.22120326 0.22120326]
 [0.14092934 0.14092934]
 [1.34305838 1.34305838]] nu :  [0.05062623 0.0910193 ] k : [1.2392668  1.30073864 1.04438013] theta : [5.9624753  3.42331145] sigma : [2.9        1.96935185] zeta : [0.00741939 0.04188144] rho : 0.02 kappa : 0.5
   Iteration     Total nfev        Cost      Cost reduction    Step norm     Optimality   
       0              1         9.8152e-01                                    6.01e-01    
       1              6         9.8148e-01      4.01e-05       1.87e+00       2.83e+05    
       2              9         9.8142e-01      6.27e-05       7.86e-03       3.59e+04    
fe :  [0.10322757 0.0360563 ] fo :  [0.05561134 0.01156073] delta :  [[0.11342864 0.11342864]
 [0.11825996 0.11825996]
 [0.10572578 0.10572578]
 [0.23004076 0.23004076]
 [0.19662875 0.19662875]
 [0.47541948 0.47541948]
 [0.04196462 0.04196462]
 [0.08205354 0.08205354]
 [0.44892406 0.44892406]
 [0.22070692 0.22070692]
 [0.14056595 0.14056595]
 [1.34109764 1.34109764]] nu :  [0.05061722 0.09102316] k : [1.2392668  1.30073864 1.04438013] theta : [5.9624753  3.42331145] sigma : [2.9        1.96935185] zeta : [0.00741939 0.04188144] rho : 0.02 kappa : 0.5
       3             10         9.8139e-01      2.37e-05       1.18e-02       6.46e+03    
       4             13         9.8139e-01      1.01e-06       5.09e-04       4.10e+03    
       5             15         9.8139e-01      5.98e-08       3.16e-05       7.95e+02    
fe :  [0.10322757 0.0360563 ] fo :  [0.05561134 0.01156073] delta :  [[0.11349684 0.11349684]
 [0.11853113 0.11853113]
 [0.10582389 0.10582389]
 [0.23020402 0.23020402]
 [0.19678183 0.19678183]
 [0.47560009 0.47560009]
 [0.04201393 0.04201393]
 [0.08214718 0.08214718]
 [0.4491017  0.4491017 ]
 [0.22086875 0.22086875]
 [0.14069386 0.14069386]
 [1.34125035 1.34125035]] nu :  [0.0506279  0.09110725] k : [1.2392668  1.30073864 1.04438013] theta : [5.9624753  3.42331145] sigma : [2.9        1.96935185] zeta : [0.00741939 0.04188144] rho : 0.02 kappa : 0.5
       6             30         9.8139e-01      0.00e+00       0.00e+00       7.95e+02    
`xtol` termination condition is satisfied.
Function evaluations 30, initial cost 9.8152e-01, final cost 9.8139e-01, first-order optimality 7.95e+02.
   Iteration     Total nfev        Cost      Cost reduction    Step norm     Optimality   
       0              1         9.8139e-01                                    2.32e+04    
       1             20         9.8139e-01      3.67e-09       4.67e-07       7.39e-02    
       2             25         9.8139e-01      0.00e+00       0.00e+00       7.39e-02    
`xtol` termination condition is satisfied.
Function evaluations 25, initial cost 9.8139e-01, final cost 9.8139e-01, first-order optimality 7.39e-02.
fe :  [0.10322757 0.0360563 ] fo :  [0.05561134 0.01156073] delta :  [[0.11349682 0.11349682]
 [0.11853084 0.11853084]
 [0.10582382 0.10582382]
 [0.23020388 0.23020388]
 [0.1967817  0.1967817 ]
 [0.47559992 0.47559992]
 [0.04201393 0.04201393]
 [0.08214713 0.08214713]
 [0.44910154 0.44910154]
 [0.22086861 0.22086861]
 [0.14069377 0.14069377]
 [1.34125019 1.34125019]] nu :  [0.0506279  0.09110725] k : [1.2392668  1.30073864 1.04438013] theta : [5.9624753  3.42331145] sigma : [2.9        1.96935185] zeta : [0.00741939 0.04188144] rho : 0.02 kappa : 0.5
   Iteration     Total nfev        Cost      Cost reduction    Step norm     Optimality   
       0              1         9.8139e-01                                    2.52e-02    
       1              6         9.8136e-01      2.91e-05       2.40e+00       2.38e+05    
fe :  [0.10322757 0.0360563 ] fo :  [0.05561134 0.01156073] delta :  [[0.11301657 0.11301657]
 [0.11688841 0.11688841]
 [0.10421832 0.10421832]
 [0.22748424 0.22748424]
 [0.19460874 0.19460874]
 [0.47049373 0.47049373]
 [0.0409021  0.0409021 ]
 [0.08073448 0.08073448]
 [0.44437315 0.44437315]
 [0.21826971 0.21826971]
 [0.13873339 0.13873339]
 [1.32876622 1.32876622]] nu :  [0.05063675 0.09146657] k : [1.2392668  1.30073864 1.04438013] theta : [5.9624753  3.42331145] sigma : [2.9        1.96935185] zeta : [0.00741939 0.04188144] rho : 0.02 kappa : 0.5
       2              7         9.8118e-01      1.87e-04       6.56e-01       2.53e+05    
       3             11         9.8115e-01      2.47e-05       2.61e-03       7.10e+03    
       4             12         9.8115e-01      1.88e-06       4.36e-03       2.17e+03    
fe :  [0.10322757 0.0360563 ] fo :  [0.05561134 0.01156073] delta :  [[0.11312572 0.11312572]
 [0.11739631 0.11739631]
 [0.10469431 0.10469431]
 [0.22825781 0.22825781]
 [0.19530692 0.19530692]
 [0.47151139 0.47151139]
 [0.04121321 0.04121321]
 [0.08127486 0.08127486]
 [0.44544962 0.44544962]
 [0.21899743 0.21899743]
 [0.13934314 0.13934314]
 [1.32891939 1.32891939]] nu :  [0.05063735 0.09135846] k : [1.2392668  1.30073864 1.04438013] theta : [5.9624753  3.42331145] sigma : [2.9        1.96935185] zeta : [0.00741939 0.04188144] rho : 0.02 kappa : 0.5
       5             15         9.8115e-01      4.46e-07       5.46e-05       3.17e+03    
       6             16         9.8115e-01      1.75e-07       1.27e-04       3.20e+02    
       7             17         9.8115e-01      6.03e-08       2.03e-05       4.12e-02    
fe :  [0.10322757 0.0360563 ] fo :  [0.05561134 0.01156073] delta :  [[0.1131612  0.1131612 ]
 [0.11741786 0.11741786]
 [0.10471768 0.10471768]
 [0.22828875 0.22828875]
 [0.19532687 0.19532687]
 [0.4715471  0.4715471 ]
 [0.04122754 0.04122754]
 [0.08128478 0.08128478]
 [0.44548364 0.44548364]
 [0.21902875 0.21902875]
 [0.13937108 0.13937108]
 [1.32894591 1.32894591]] nu :  [0.05065418 0.09145804] k : [1.2392668  1.30073864 1.04438013] theta : [5.9624753  3.42331145] sigma : [2.9        1.96935185] zeta : [0.00741939 0.04188144] rho : 0.02 kappa : 0.5
       8             28         9.8115e-01      0.00e+00       0.00e+00       4.12e-02    
`xtol` termination condition is satisfied.
Function evaluations 28, initial cost 9.8139e-01, final cost 9.8115e-01, first-order optimality 4.12e-02.
  [c_nu] DONE  obj=1.4008  status=successful  -> calibration_results_matched_economy/baseline_2002_variations/pre_trips_tries/c_nu/

========================================================================
  label: c_all
  seed: 8.8
  fix_delta: True
  calib_parameters: ['delta', 'T', 'eta', 'fe', 'fo', 'nu']
  delta_free_by_sector: [0, 12, 0]
  fe_free: 2
  fo_free: 2
  nu_free: 2
  moments: ['SPFLOW', 'DOMPATINUS', 'OUT', 'RD', 'RP', 'SRGDP', 'UUPCOSTS', 'RDPHARMACHEM', 'TOPATENT', 'TOPHARMACHEM']
  weights: {'SPFLOW': 1, 'DOMPATINUS': 1, 'OUT': 5, 'RD': 10, 'RP': 1, 'SRGDP': 1, 'UUPCOSTS': 1, 'RDPHARMACHEM': 1, 'TOPATENT': 5, 'TOPHARMACHEM': 5}
  r_hjort_recomputed_for_1992: True
  [c_all] initial solve: successful | obj=5.0713
fe :  [0.10322757 0.0360563 ] fo :  [0.05561134 0.01156073] delta :  [[0.08793932 0.08793932]
 [0.10601833 0.10601833]
 [0.11316564 0.11316564]
 [0.16194812 0.16194812]
 [0.17779985 0.17779985]
 [0.24150643 0.24150643]
 [0.07481053 0.07481053]
 [0.07801511 0.07801511]
 [0.24365702 0.24365702]
 [0.20480966 0.20480966]
 [0.18760604 0.18760604]
 [1.58447318 1.58447318]] nu :  [0.06367108 0.11917209] k : [1.2392668  1.30073864 1.04438013] theta : [5.9624753  3.42331145] sigma : [2.9        1.96935185] zeta : [0.00741939 0.04188144] rho : 0.02 kappa : 0.5
   Iteration     Total nfev        Cost      Cost reduction    Step norm     Optimality   
       0              1         1.2859e+01                                    7.19e+07    
       1              2         8.6282e+00      4.23e+00       4.54e-03       3.70e+07    
fe :  [0.10322757 0.0360563 ] fo :  [0.05561134 0.01156073] delta :  [[0.08793932 0.08793932]
 [0.10601833 0.10601833]
 [0.11316564 0.11316564]
 [0.16194812 0.16194812]
 [0.17779985 0.17779985]
 [0.24150643 0.24150643]
 [0.07481053 0.07481053]
 [0.07801511 0.07801511]
 [0.24365702 0.24365702]
 [0.20480966 0.20480966]
 [0.18760604 0.18760604]
 [1.58447318 1.58447318]] nu :  [0.06367108 0.11917209] k : [1.2392668  1.30073864 1.04438013] theta : [5.9624753  3.42331145] sigma : [2.9        1.96935185] zeta : [0.00741939 0.04188144] rho : 0.02 kappa : 0.5
       2              3         5.7187e+00      2.91e+00       8.30e-03       1.34e+07    
       3              4         2.2208e+00      3.50e+00       1.32e+04       9.80e+05    
       4              6         1.2963e+00      9.24e-01       1.82e+04       3.02e+06    
fe :  [0.12725515 0.04467115] fo :  [0.09125379 0.01379382] delta :  [[0.10429057 0.10429057]
 [0.11364307 0.11364307]
 [0.09943384 0.09943384]
 [0.21685752 0.21685752]
 [0.18726457 0.18726457]
 [0.45386318 0.45386318]
 [0.03778332 0.03778332]
 [0.07571345 0.07571345]
 [0.42953064 0.42953064]
 [0.21293188 0.21293188]
 [0.13242111 0.13242111]
 [1.29503088 1.29503088]] nu :  [0.05038523 0.08677446] k : [1.2392668  1.30073864 1.04438013] theta : [5.9624753  3.42331145] sigma : [2.9        1.96935185] zeta : [0.00741939 0.04188144] rho : 0.02 kappa : 0.5
       5              7         1.0413e+00      2.55e-01       2.51e+04       1.58e+07    
       6              8         1.0325e+00      8.80e-03       6.26e+03       9.47e+06    
fe :  [0.17194181 0.04354278] fo :  [0.0937685 0.0131648] delta :  [[0.10972257 0.10972257]
 [0.11325955 0.11325955]
 [0.10109943 0.10109943]
 [0.22170945 0.22170945]
 [0.19245701 0.19245701]
 [0.46230198 0.46230198]
 [0.03909342 0.03909342]
 [0.07939216 0.07939216]
 [0.43802726 0.43802726]
 [0.21490328 0.21490328]
 [0.13664553 0.13664553]
 [1.31176421 1.31176421]] nu :  [0.05319508 0.06469377] k : [1.2392668  1.30073864 1.04438013] theta : [5.9624753  3.42331145] sigma : [2.9        1.96935185] zeta : [0.00741939 0.04188144] rho : 0.02 kappa : 0.5
       7             10         9.9199e-01      4.05e-02       8.02e+03       2.17e+06    
       8             12         9.7890e-01      1.31e-02       1.13e+04       2.37e+07    
       9             17         9.7019e-01      8.71e-03       1.04e+02       3.32e+06    
fe :  [0.17732354 0.0316489 ] fo :  [0.07906845 0.00866738] delta :  [[0.11394903 0.11394903]
 [0.10983158 0.10983158]
 [0.09926941 0.09926941]
 [0.2187623  0.2187623 ]
 [0.18631351 0.18631351]
 [0.45314925 0.45314925]
 [0.03810062 0.03810062]
 [0.07838264 0.07838264]
 [0.42752936 0.42752936]
 [0.20808561 0.20808561]
 [0.13306937 0.13306937]
 [1.28477313 1.28477313]] nu :  [0.05450396 0.05386538] k : [1.2392668  1.30073864 1.04438013] theta : [5.9624753  3.42331145] sigma : [2.9        1.96935185] zeta : [0.00741939 0.04188144] rho : 0.02 kappa : 0.5
      10             18         9.5702e-01      1.32e-02       1.11e+00       1.04e+06    
      11             22         9.5695e-01      6.32e-05       4.20e-02       1.09e+05    
fe :  [0.17236734 0.02989861] fo :  [0.0709823  0.00720451] delta :  [[0.11859724 0.11859724]
 [0.11387881 0.11387881]
 [0.1029362  0.1029362 ]
 [0.22463875 0.22463875]
 [0.19172447 0.19172447]
 [0.46412107 0.46412107]
 [0.04027397 0.04027397]
 [0.08170716 0.08170716]
 [0.43762167 0.43762167]
 [0.21352627 0.21352627]
 [0.13690151 0.13690151]
 [1.31131926 1.31131926]] nu :  [0.05438303 0.05213027] k : [1.2392668  1.30073864 1.04438013] theta : [5.9624753  3.42331145] sigma : [2.9        1.96935185] zeta : [0.00741939 0.04188144] rho : 0.02 kappa : 0.5
      12             25         9.5693e-01      2.15e-05       1.67e-03       2.19e+03    
      13             26         9.5692e-01      8.68e-06       3.34e-04       4.78e+02    
      14             32         9.5692e-01      0.00e+00       0.00e+00       4.78e+02    
`xtol` termination condition is satisfied.
Function evaluations 32, initial cost 1.2859e+01, final cost 9.5692e-01, first-order optimality 4.78e+02.
fe :  [0.17222454 0.02986989] fo :  [0.07096422 0.00720124] delta :  [[0.11857249 0.11857249]
 [0.11387082 0.11387082]
 [0.10293602 0.10293602]
 [0.22462411 0.22462411]
 [0.19170567 0.19170567]
 [0.46408481 0.46408481]
 [0.04032284 0.04032284]
 [0.08184505 0.08184505]
 [0.43757097 0.43757097]
 [0.21350244 0.21350244]
 [0.13689252 0.13689252]
 [1.31125695 1.31125695]] nu :  [0.05436842 0.05210837] k : [1.2392668  1.30073864 1.04438013] theta : [5.9624753  3.42331145] sigma : [2.9        1.96935185] zeta : [0.00741939 0.04188144] rho : 0.02 kappa : 0.5
   Iteration     Total nfev        Cost      Cost reduction    Step norm     Optimality   
       0              1         9.5692e-01                                    6.50e+02    
       1             15         9.5692e-01      0.00e+00       0.00e+00       6.50e+02    
`xtol` termination condition is satisfied.
Function evaluations 15, initial cost 9.5692e-01, final cost 9.5692e-01, first-order optimality 6.50e+02.
   Iteration     Total nfev        Cost      Cost reduction    Step norm     Optimality   
       0              1         9.5692e-01                                    4.56e-03    
       1             11         9.5634e-01      5.84e-04       1.39e-01       9.74e+04    
fe :  [0.14783371 0.02458868] fo :  [0.06806217 0.00669   ] delta :  [[0.11828656 0.11828656]
 [0.11300486 0.11300486]
 [0.1026088  0.1026088 ]
 [0.2237842  0.2237842 ]
 [0.19095748 0.19095748]
 [0.46145345 0.46145345]
 [0.04027288 0.04027288]
 [0.081573   0.081573  ]
 [0.43473479 0.43473479]
 [0.21274852 0.21274852]
 [0.13652909 0.13652909]
 [1.30194852 1.30194852]] nu :  [0.05442586 0.05188112] k : [1.2392668  1.30073864 1.04438013] theta : [5.9624753  3.42331145] sigma : [2.9        1.96935185] zeta : [0.00741939 0.04188144] rho : 0.02 kappa : 0.5
       2             16         9.5630e-01      3.90e-05       1.70e-03       6.25e+03    
       3             24         9.5630e-01      2.88e-07       1.10e-05       9.69e+03    
fe :  [0.14783371 0.02459699] fo :  [0.06806217 0.0066928 ] delta :  [[0.11828656 0.11828656]
 [0.11300486 0.11300486]
 [0.1026088  0.1026088 ]
 [0.2237842  0.2237842 ]
 [0.19095748 0.19095748]
 [0.46145345 0.46145345]
 [0.04027288 0.04027288]
 [0.081573   0.081573  ]
 [0.43473479 0.43473479]
 [0.21274852 0.21274852]
 [0.13652909 0.13652909]
 [1.3019485  1.3019485 ]] nu :  [0.05442587 0.05188112] k : [1.2392668  1.30073864 1.04438013] theta : [5.9624753  3.42331145] sigma : [2.9        1.96935185] zeta : [0.00741939 0.04188144] rho : 0.02 kappa : 0.5
       4             26         9.5630e-01      1.61e-08       2.74e-06       1.34e+03    
`xtol` termination condition is satisfied.
Function evaluations 26, initial cost 9.5692e-01, final cost 9.5630e-01, first-order optimality 1.34e+03.
   Iteration     Total nfev        Cost      Cost reduction    Step norm     Optimality   
       0              1         9.5630e-01                                    1.27e+03    
fe :  [0.14783371 0.024597  ] fo :  [0.06806217 0.0066928 ] delta :  [[0.11828656 0.11828656]
 [0.11300486 0.11300486]
 [0.1026088  0.1026088 ]
 [0.2237842  0.2237842 ]
 [0.19095748 0.19095748]
 [0.46145345 0.46145345]
 [0.04027288 0.04027288]
 [0.081573   0.081573  ]
 [0.43473479 0.43473479]
 [0.21274852 0.21274852]
 [0.13652909 0.13652909]
 [1.3019485  1.3019485 ]] nu :  [0.05442587 0.05188112] k : [1.2392668  1.30073864 1.04438013] theta : [5.9624753  3.42331145] sigma : [2.9        1.96935185] zeta : [0.00741939 0.04188144] rho : 0.02 kappa : 0.5
       1             22         9.5630e-01      3.99e-10       1.74e-08       2.79e-02    
`ftol` termination condition is satisfied.
Function evaluations 22, initial cost 9.5630e-01, final cost 9.5630e-01, first-order optimality 2.79e-02.
   Iteration     Total nfev        Cost      Cost reduction    Step norm     Optimality   
       0              1         9.5630e-01                                    1.27e+03    
       1             22         9.5630e-01      4.00e-10       1.76e-08       2.81e-02    
`ftol` termination condition is satisfied.
Function evaluations 22, initial cost 9.5630e-01, final cost 9.5630e-01, first-order optimality 2.81e-02.
fe :  [0.14783371 0.02459701] fo :  [0.06806217 0.00669281] delta :  [[0.11828656 0.11828656]
 [0.11300486 0.11300486]
 [0.1026088  0.1026088 ]
 [0.2237842  0.2237842 ]
 [0.19095748 0.19095748]
 [0.46145345 0.46145345]
 [0.04027288 0.04027288]
 [0.081573   0.081573  ]
 [0.43473479 0.43473479]
 [0.21274852 0.21274852]
 [0.1365291  0.1365291 ]
 [1.3019485  1.3019485 ]] nu :  [0.05442587 0.05188112] k : [1.2392668  1.30073864 1.04438013] theta : [5.9624753  3.42331145] sigma : [2.9        1.96935185] zeta : [0.00741939 0.04188144] rho : 0.02 kappa : 0.5
   Iteration     Total nfev        Cost      Cost reduction    Step norm     Optimality   
       0              1         9.5630e-01                                    1.27e+03    
       1             22         9.5630e-01      3.94e-10       1.73e-08       2.77e-02    
`ftol` termination condition is satisfied.
Function evaluations 22, initial cost 9.5630e-01, final cost 9.5630e-01, first-order optimality 2.77e-02.
  [c_all] DONE  obj=1.3830  status=successful  -> calibration_results_matched_economy/baseline_2002_variations/pre_trips_tries/c_all/

========================================================================
  label: cd_base
  seed: 8.8
  fix_delta: False
  calib_parameters: ['delta', 'T', 'eta']
  delta_free_by_sector: [0, 12, 12]
  fe_free: 0
  fo_free: 0
  nu_free: 0
  moments: ['SPFLOW', 'DOMPATINUS', 'OUT', 'RD', 'RP', 'SRGDP', 'UUPCOSTS', 'RDPHARMACHEM']
  weights: {'SPFLOW': 1, 'DOMPATINUS': 1, 'OUT': 5, 'RD': 10, 'RP': 1, 'SRGDP': 1, 'UUPCOSTS': 1, 'RDPHARMACHEM': 1}
  r_hjort_recomputed_for_1992: True
  [cd_base] initial solve: successful | obj=4.3825
fe :  [0.10322757 0.0360563 ] fo :  [0.05561134 0.01156073] delta :  [[0.08793932 0.08793932]
 [0.10601833 0.10601833]
 [0.11316564 0.11316564]
 [0.16194812 0.16194812]
 [0.17779985 0.17779985]
 [0.24150643 0.24150643]
 [0.07481053 0.07481053]
 [0.07801511 0.07801511]
 [0.24365702 0.24365702]
 [0.20480966 0.20480966]
 [0.18760604 0.18760604]
 [1.58447318 1.58447318]] nu :  [0.06367108 0.11917209] k : [1.2392668  1.30073864 1.04438013] theta : [5.9624753  3.42331145] sigma : [2.9        1.96935185] zeta : [0.00741939 0.04188144] rho : 0.02 kappa : 0.5
   Iteration     Total nfev        Cost      Cost reduction    Step norm     Optimality   
       0              1         9.6031e+00                                    6.67e+07    
       1              2         7.6753e+00      1.93e+00       3.42e-03       2.97e+07    
fe :  [0.10322757 0.0360563 ] fo :  [0.05561134 0.01156073] delta :  [[0.08793932 0.08793932]
 [0.10601833 0.10601833]
 [0.11316564 0.11316564]
 [0.16194812 0.16194812]
 [0.17779985 0.17779985]
 [0.24150643 0.24150643]
 [0.07481053 0.07481053]
 [0.07801511 0.07801511]
 [0.24365702 0.24365702]
 [0.20480966 0.20480966]
 [0.18760604 0.18760604]
 [1.58447318 1.58447318]] nu :  [0.06367108 0.11917209] k : [1.2392668  1.30073864 1.04438013] theta : [5.9624753  3.42331145] sigma : [2.9        1.96935185] zeta : [0.00741939 0.04188144] rho : 0.02 kappa : 0.5
       2              3         5.2345e+00      2.44e+00       9.30e-03       1.26e+07    
       3              4         3.8209e+00      1.41e+00       1.37e-02       4.86e+06    
fe :  [0.10322757 0.0360563 ] fo :  [0.05561134 0.01156073] delta :  [[0.12201957 0.12637537]
 [0.11857225 0.19956073]
 [0.1272789  0.14750106]
 [0.25032936 0.32911769]
 [0.25501749 0.30647535]
 [0.45515257 0.59783267]
 [0.07174649 0.07241353]
 [0.10686577 0.14269604]
 [0.45250196 0.56806888]
 [0.30432782 0.33596874]
 [0.22518999 0.1948941 ]
 [1.61960696 2.23253718]] nu :  [0.06367108 0.11917209] k : [1.2392668  1.30073864 1.04438013] theta : [5.9624753  3.42331145] sigma : [2.9        1.96935185] zeta : [0.00741939 0.04188144] rho : 0.02 kappa : 0.5
       4              5         1.4743e+00      2.35e+00       1.05e+04       1.46e+06    
       5              6         1.4079e+00      6.64e-02       1.87e+04       1.01e+06    
       6              7         1.4053e+00      2.63e-03       4.81e+02       1.01e+06    
fe :  [0.10322757 0.0360563 ] fo :  [0.05561134 0.01156073] delta :  [[0.1439845  0.18167555]
 [0.14850287 0.20555152]
 [0.15018974 0.16627045]
 [0.29076382 0.3897216 ]
 [0.26514442 0.28672763]
 [0.55598895 0.8478277 ]
 [0.07375704 0.05957018]
 [0.11387572 0.15022506]
 [0.54337627 0.77755743]
 [0.31927083 0.33448176]
 [0.2156099  0.18758119]
 [1.59773817 2.36194545]] nu :  [0.06367108 0.11917209] k : [1.2392668  1.30073864 1.04438013] theta : [5.9624753  3.42331145] sigma : [2.9        1.96935185] zeta : [0.00741939 0.04188144] rho : 0.02 kappa : 0.5
       7              8         1.1469e+00      2.58e-01       1.21e+04       5.16e+06    
       8              9         9.9582e-01      1.51e-01       1.51e+04       2.55e+06    
fe :  [0.10322757 0.0360563 ] fo :  [0.05561134 0.01156073] delta :  [[0.13750547 0.14309905]
 [0.14840702 0.1639919 ]
 [0.14233536 0.13203569]
 [0.2794844  0.33719718]
 [0.24838479 0.26640831]
 [0.53394246 0.75697022]
 [0.0679315  0.03928675]
 [0.10542305 0.11396618]
 [0.51680744 0.68051273]
 [0.30230458 0.27901588]
 [0.19960046 0.14734349]
 [1.52416782 2.07910679]] nu :  [0.06367108 0.11917209] k : [1.2392668  1.30073864 1.04438013] theta : [5.9624753  3.42331145] sigma : [2.9        1.96935185] zeta : [0.00741939 0.04188144] rho : 0.02 kappa : 0.5
       9             10         9.5517e-01      4.07e-02       7.98e+03       1.66e+07    
      10             11         9.4043e-01      1.47e-02       2.61e+03       2.30e+06    
fe :  [0.10322757 0.0360563 ] fo :  [0.05561134 0.01156073] delta :  [[0.13877717 0.15201209]
 [0.14874822 0.16874437]
 [0.1424332  0.13513792]
 [0.278571   0.3430685 ]
 [0.24856719 0.26736037]
 [0.53556983 0.78278667]
 [0.06850525 0.04192525]
 [0.10572437 0.12160247]
 [0.51917825 0.69701414]
 [0.30315252 0.30064606]
 [0.20027214 0.15615248]
 [1.53382895 2.14315998]] nu :  [0.06367108 0.11917209] k : [1.2392668  1.30073864 1.04438013] theta : [5.9624753  3.42331145] sigma : [2.9        1.96935185] zeta : [0.00741939 0.04188144] rho : 0.02 kappa : 0.5
      11             12         9.3491e-01      5.53e-03       1.25e+02       1.19e+06    
      12             18         9.3287e-01      2.04e-03       9.23e-02       1.72e+05    
      13             19         9.3203e-01      8.40e-04       1.38e-02       1.72e+04    
fe :  [0.10322757 0.0360563 ] fo :  [0.05561134 0.01156073] delta :  [[0.14203712 0.16014316]
 [0.15978279 0.18404249]
 [0.15310975 0.14838348]
 [0.29635283 0.36903566]
 [0.26424556 0.28977391]
 [0.5609177  0.82204837]
 [0.07573715 0.04964268]
 [0.11440438 0.13374376]
 [0.54379934 0.73398255]
 [0.32033265 0.29447621]
 [0.21317389 0.17370056]
 [1.57430583 2.17882676]] nu :  [0.06367108 0.11917209] k : [1.2392668  1.30073864 1.04438013] theta : [5.9624753  3.42331145] sigma : [2.9        1.96935185] zeta : [0.00741939 0.04188144] rho : 0.02 kappa : 0.5
      14             20         9.3140e-01      6.28e-04       1.78e-02       3.35e+04    
      15             21         9.3105e-01      3.55e-04       2.44e-02       7.27e+03    
fe :  [0.10322757 0.0360563 ] fo :  [0.05561134 0.01156073] delta :  [[0.14181482 0.15829093]
 [0.15907938 0.18162543]
 [0.15208402 0.14634098]
 [0.293689   0.36797325]
 [0.26199203 0.28806658]
 [0.55952281 0.82910966]
 [0.07516347 0.04916409]
 [0.11326905 0.13034988]
 [0.54134667 0.73753455]
 [0.31771173 0.28423193]
 [0.21101892 0.17186286]
 [1.59054935 2.21702649]] nu :  [0.06367108 0.11917209] k : [1.2392668  1.30073864 1.04438013] theta : [5.9624753  3.42331145] sigma : [2.9        1.96935185] zeta : [0.00741939 0.04188144] rho : 0.02 kappa : 0.5
      16             22         9.3079e-01      2.59e-04       2.07e-02       1.95e+04    
      17             23         9.3043e-01      3.62e-04       1.57e-02       1.09e+04    
fe :  [0.10322757 0.0360563 ] fo :  [0.05561134 0.01156073] delta :  [[0.14138364 0.15673315]
 [0.15753376 0.17858792]
 [0.15058834 0.14369707]
 [0.29143693 0.36425329]
 [0.25951469 0.28582415]
 [0.55556468 0.82392876]
 [0.07416786 0.04807728]
 [0.11197307 0.12710284]
 [0.5370116  0.73264886]
 [0.31471832 0.27558874]
 [0.20961782 0.16857005]
 [1.5840955  2.2184846 ]] nu :  [0.06367108 0.11917209] k : [1.2392668  1.30073864 1.04438013] theta : [5.9624753  3.42331145] sigma : [2.9        1.96935185] zeta : [0.00741939 0.04188144] rho : 0.02 kappa : 0.5
      18             24         9.3016e-01      2.70e-04       9.43e-03       7.22e+04    
      19             25         9.2961e-01      5.43e-04       2.49e-02       1.06e+05    
      20             30         9.2960e-01      7.36e-06       7.09e-04       6.97e+01    
fe :  [0.10322757 0.0360563 ] fo :  [0.05561134 0.01156073] delta :  [[0.14114982 0.15509765]
 [0.15603792 0.17552347]
 [0.14919341 0.14100392]
 [0.28950414 0.35970449]
 [0.25754409 0.28276867]
 [0.55189262 0.81646159]
 [0.07319103 0.04674778]
 [0.11085239 0.12506008]
 [0.53310279 0.72502426]
 [0.31228968 0.26925738]
 [0.20808274 0.16521809]
 [1.57639802 2.20708128]] nu :  [0.06367108 0.11917209] k : [1.2392668  1.30073864 1.04438013] theta : [5.9624753  3.42331145] sigma : [2.9        1.96935185] zeta : [0.00741939 0.04188144] rho : 0.02 kappa : 0.5
      21             31         9.2960e-01      8.67e-06       4.02e-04       1.55e+03    
      22             32         9.2959e-01      1.76e-06       7.44e-04       5.45e+03    
fe :  [0.10322757 0.0360563 ] fo :  [0.05561134 0.01156073] delta :  [[0.1411387  0.15499707]
 [0.15601324 0.17548403]
 [0.14917346 0.1409648 ]
 [0.28947376 0.35963483]
 [0.2575104  0.28269978]
 [0.55183111 0.81634217]
 [0.0731752  0.0467333 ]
 [0.1108342  0.12575296]
 [0.53304775 0.7249204 ]
 [0.31225379 0.26916049]
 [0.20805752 0.16517955]
 [1.57628659 2.20703948]] nu :  [0.06367108 0.11917209] k : [1.2392668  1.30073864 1.04438013] theta : [5.9624753  3.42331145] sigma : [2.9        1.96935185] zeta : [0.00741939 0.04188144] rho : 0.02 kappa : 0.5
      23             33         9.2959e-01      2.51e-06       2.21e-04       3.96e+03    
      24             39         9.2959e-01      8.49e-08       9.17e-06       3.82e-03    
fe :  [0.10322757 0.0360563 ] fo :  [0.05561134 0.01156073] delta :  [[0.1411387  0.15499707]
 [0.15601324 0.17548403]
 [0.14917346 0.1409648 ]
 [0.28947376 0.35963482]
 [0.2575104  0.28269978]
 [0.5518311  0.81634217]
 [0.0731752  0.0467333 ]
 [0.1108342  0.12575296]
 [0.53304775 0.7249204 ]
 [0.31225379 0.26916048]
 [0.20805752 0.16517954]
 [1.57628659 2.20703947]] nu :  [0.06367108 0.11917209] k : [1.2392668  1.30073864 1.04438013] theta : [5.9624753  3.42331145] sigma : [2.9        1.96935185] zeta : [0.00741939 0.04188144] rho : 0.02 kappa : 0.5
      25             40         9.2959e-01      4.85e-10       1.95e-08       3.81e-02    
Both `ftol` and `xtol` termination conditions are satisfied.
Function evaluations 40, initial cost 9.6031e+00, final cost 9.2959e-01, first-order optimality 3.81e-02.
   Iteration     Total nfev        Cost      Cost reduction    Step norm     Optimality   
       0              1         9.2959e-01                                    3.83e-02    
       1              3         9.2242e-01      7.17e-03       4.11e+01       3.49e+05    
fe :  [0.10322757 0.0360563 ] fo :  [0.05561134 0.01156073] delta :  [[0.13934585 0.13858876]
 [0.14449968 0.15267781]
 [0.13875862 0.12020186]
 [0.27257028 0.31679435]
 [0.24267835 0.24962706]
 [0.52338422 0.72482184]
 [0.06570762 0.0370856 ]
 [0.10257992 0.10721001]
 [0.50889211 0.65127678]
 [0.29675662 0.23667488]
 [0.19604418 0.14199539]
 [1.49874145 1.98905904]] nu :  [0.06367108 0.11917209] k : [1.2392668  1.30073864 1.04438013] theta : [5.9624753  3.42331145] sigma : [2.9        1.96935185] zeta : [0.00741939 0.04188144] rho : 0.02 kappa : 0.5
       2              8         9.2168e-01      7.37e-04       1.27e+00       1.27e+06    
       3              9         9.2104e-01      6.45e-04       9.85e-01       5.14e+04    
fe :  [0.10322757 0.0360563 ] fo :  [0.05561134 0.01156073] delta :  [[0.13939085 0.13876989]
 [0.14393654 0.15271035]
 [0.13803363 0.12017316]
 [0.27227049 0.3172255 ]
 [0.24221951 0.24733042]
 [0.52129009 0.72260617]
 [0.06524601 0.03719013]
 [0.10188597 0.10777573]
 [0.50751547 0.64991611]
 [0.29588549 0.23617797]
 [0.19555765 0.14330235]
 [1.49705477 1.98916423]] nu :  [0.06367108 0.11917209] k : [1.2392668  1.30073864 1.04438013] theta : [5.9624753  3.42331145] sigma : [2.9        1.96935185] zeta : [0.00741939 0.04188144] rho : 0.02 kappa : 0.5
       4             10         9.2090e-01      1.38e-04       6.12e-01       1.67e+04    
       5             12         9.2086e-01      3.89e-05       1.66e+00       3.60e+05    
fe :  [0.10322757 0.0360563 ] fo :  [0.05561134 0.01156073] delta :  [[0.13948223 0.13849862]
 [0.14358017 0.15188497]
 [0.137975   0.11914698]
 [0.27188311 0.31538673]
 [0.24190964 0.2461072 ]
 [0.52002456 0.71785565]
 [0.06505139 0.03694499]
 [0.10193792 0.10730887]
 [0.50650197 0.64600734]
 [0.29550577 0.23520261]
 [0.19530235 0.14295684]
 [1.49450852 1.98081388]] nu :  [0.06367108 0.11917209] k : [1.2392668  1.30073864 1.04438013] theta : [5.9624753  3.42331145] sigma : [2.9        1.96935185] zeta : [0.00741939 0.04188144] rho : 0.02 kappa : 0.5
       6             17         9.2084e-01      1.43e-05       2.74e-03       1.27e+03    
       7             19         9.2084e-01      4.32e-07       1.65e-04       2.26e+03    
       8             20         9.2084e-01      1.54e-07       1.75e-05       6.09e-03    
fe :  [0.10322757 0.0360563 ] fo :  [0.05561134 0.01156073] delta :  [[0.1394792  0.13849662]
 [0.14360261 0.15191934]
 [0.13797268 0.11921099]
 [0.27191072 0.31543636]
 [0.24193361 0.24615032]
 [0.52006741 0.71789875]
 [0.06505523 0.03694999]
 [0.10193562 0.10732538]
 [0.50654143 0.64604908]
 [0.29553525 0.2352339 ]
 [0.19532984 0.14300394]
 [1.49453113 1.98082782]] nu :  [0.06367108 0.11917209] k : [1.2392668  1.30073864 1.04438013] theta : [5.9624753  3.42331145] sigma : [2.9        1.96935185] zeta : [0.00741939 0.04188144] rho : 0.02 kappa : 0.5
       9             21         9.2084e-01      1.26e-07       2.25e-05       5.66e+02    
      10             23         9.2084e-01      5.70e-09       1.09e-05       5.52e-03    
fe :  [0.10322757 0.0360563 ] fo :  [0.05561134 0.01156073] delta :  [[0.13947909 0.13849656]
 [0.14360427 0.1519217 ]
 [0.1379726  0.11921488]
 [0.27191276 0.3154395 ]
 [0.24193547 0.24615314]
 [0.52007021 0.71790158]
 [0.06505596 0.03695077]
 [0.10193554 0.1073269 ]
 [0.50654409 0.64605185]
 [0.2955374  0.23523616]
 [0.19533189 0.14300696]
 [1.49453273 1.98082887]] nu :  [0.06367108 0.11917209] k : [1.2392668  1.30073864 1.04438013] theta : [5.9624753  3.42331145] sigma : [2.9        1.96935185] zeta : [0.00741939 0.04188144] rho : 0.02 kappa : 0.5
      11             24         9.2084e-01      7.16e-09       1.35e-06       2.04e+02    
Both `ftol` and `xtol` termination conditions are satisfied.
Function evaluations 24, initial cost 9.2959e-01, final cost 9.2084e-01, first-order optimality 2.04e+02.
   Iteration     Total nfev        Cost      Cost reduction    Step norm     Optimality   
       0              1         9.2084e-01                                    2.96e-02    
fe :  [0.10322757 0.0360563 ] fo :  [0.05561134 0.01156073] delta :  [[0.13947512 0.13849464]
 [0.14360418 0.15194185]
 [0.13797038 0.11929928]
 [0.27192648 0.31551681]
 [0.24193987 0.24621027]
 [0.52013391 0.71797463]
 [0.06505561 0.03695058]
 [0.10193309 0.10732673]
 [0.50659957 0.64612099]
 [0.29555782 0.23526322]
 [0.19534357 0.14306747]
 [1.49457734 1.98085982]] nu :  [0.06367108 0.11917209] k : [1.2392668  1.30073864 1.04438013] theta : [5.9624753  3.42331145] sigma : [2.9        1.96935185] zeta : [0.00741939 0.04188144] rho : 0.02 kappa : 0.5
       1             12         9.2084e-01      2.93e-07       2.05e-04       2.29e+03    
       2             18         9.2084e-01      2.72e-08       5.48e-06       1.16e-02    
`xtol` termination condition is satisfied.
Function evaluations 18, initial cost 9.2084e-01, final cost 9.2084e-01, first-order optimality 1.16e-02.
fe :  [0.10322757 0.0360563 ] fo :  [0.05561134 0.01156073] delta :  [[0.13947512 0.13849464]
 [0.14360418 0.15194186]
 [0.13797038 0.11929928]
 [0.27192648 0.31551681]
 [0.24193987 0.24621027]
 [0.52013391 0.71797463]
 [0.06505561 0.03695058]
 [0.10193309 0.10732673]
 [0.50659957 0.64612099]
 [0.29555782 0.23526322]
 [0.19534357 0.14306747]
 [1.49457734 1.98085982]] nu :  [0.06367108 0.11917209] k : [1.2392668  1.30073864 1.04438013] theta : [5.9624753  3.42331145] sigma : [2.9        1.96935185] zeta : [0.00741939 0.04188144] rho : 0.02 kappa : 0.5
   Iteration     Total nfev        Cost      Cost reduction    Step norm     Optimality   
       0              1         9.2084e-01                                    2.39e-02    
       1             12         9.2084e-01      7.34e-08       2.07e-04       1.69e+03    
       2             15         9.2084e-01      4.71e-09       3.78e-06       3.70e+02    
fe :  [0.10322757 0.0360563 ] fo :  [0.05561134 0.01156073] delta :  [[0.13947063 0.13849306]
 [0.1436049  0.15196762]
 [0.13796814 0.11937201]
 [0.27194096 0.31559677]
 [0.24194654 0.24626912]
 [0.5202001  0.71805509]
 [0.0650558  0.03695094]
 [0.10193051 0.10732727]
 [0.5066569  0.64619686]
 [0.29557792 0.23529287]
 [0.19535465 0.14312356]
 [1.49462653 1.98089452]] nu :  [0.06367108 0.11917209] k : [1.2392668  1.30073864 1.04438013] theta : [5.9624753  3.42331145] sigma : [2.9        1.96935185] zeta : [0.00741939 0.04188144] rho : 0.02 kappa : 0.5
       3             21         9.2084e-01      7.19e-10       7.99e-08       4.71e-02    
`ftol` termination condition is satisfied.
Function evaluations 21, initial cost 9.2084e-01, final cost 9.2084e-01, first-order optimality 4.71e-02.
   Iteration     Total nfev        Cost      Cost reduction    Step norm     Optimality   
       0              1         9.2084e-01                                    1.75e-02    
fe :  [0.10322757 0.0360563 ] fo :  [0.05561134 0.01156073] delta :  [[0.13946947 0.13849261]
 [0.14360593 0.15197446]
 [0.13796757 0.11938988]
 [0.27194431 0.31561674]
 [0.24194808 0.24628367]
 [0.52021652 0.71807544]
 [0.06505573 0.03695091]
 [0.10192986 0.10732726]
 [0.50667108 0.64621605]
 [0.29558273 0.23530036]
 [0.19535718 0.14313716]
 [1.4946389  1.98090329]] nu :  [0.06367108 0.11917209] k : [1.2392668  1.30073864 1.04438013] theta : [5.9624753  3.42331145] sigma : [2.9        1.96935185] zeta : [0.00741939 0.04188144] rho : 0.02 kappa : 0.5
       1             13         9.2084e-01      2.05e-09       5.24e-05       8.50e+02    
       2             14         9.2084e-01      3.03e-11       5.08e-06       1.94e+02    
       3             28         9.2084e-01      0.00e+00       0.00e+00       1.94e+02    
`xtol` termination condition is satisfied.
Function evaluations 28, initial cost 9.2084e-01, final cost 9.2084e-01, first-order optimality 1.94e+02.
fe :  [0.10322757 0.0360563 ] fo :  [0.05561134 0.01156073] delta :  [[0.13946856 0.13849217]
 [0.14360579 0.15197437]
 [0.13796708 0.11939054]
 [0.27194408 0.31561878]
 [0.24194785 0.24628364]
 [0.52021655 0.71807813]
 [0.06505561 0.03695085]
 [0.10192935 0.10732713]
 [0.506671   0.64621782]
 [0.2955825  0.23530022]
 [0.19535699 0.14313712]
 [1.49464038 1.98090433]] nu :  [0.06367108 0.11917209] k : [1.2392668  1.30073864 1.04438013] theta : [5.9624753  3.42331145] sigma : [2.9        1.96935185] zeta : [0.00741939 0.04188144] rho : 0.02 kappa : 0.5
   Iteration     Total nfev        Cost      Cost reduction    Step norm     Optimality   
       0              1         9.2084e-01                                    1.57e+04    
       1             19         9.2084e-01      3.34e-08       1.06e-06       5.82e+02    
fe :  [0.10322757 0.0360563 ] fo :  [0.05561134 0.01156073] delta :  [[0.13946856 0.13849217]
 [0.14360579 0.15197437]
 [0.13796708 0.11939054]
 [0.27194408 0.31561878]
 [0.24194785 0.24628364]
 [0.52021655 0.71807813]
 [0.06505561 0.03695085]
 [0.10192935 0.10732713]
 [0.506671   0.64621782]
 [0.2955825  0.23530022]
 [0.19535699 0.14313712]
 [1.49464038 1.98090433]] nu :  [0.06367108 0.11917209] k : [1.2392668  1.30073864 1.04438013] theta : [5.9624753  3.42331145] sigma : [2.9        1.96935185] zeta : [0.00741939 0.04188144] rho : 0.02 kappa : 0.5
       2             24         9.2084e-01      9.31e-14       1.04e-09       4.97e+02    
       3             25         9.2084e-01      9.84e-11       2.59e-10       1.42e-02    
`ftol` termination condition is satisfied.
Function evaluations 25, initial cost 9.2084e-01, final cost 9.2084e-01, first-order optimality 1.42e-02.
  [cd_base] DONE  obj=1.3571  status=successful  -> calibration_results_matched_economy/baseline_2002_variations/pre_trips_tries/cd_base/

========================================================================
  label: cd_fefo
  seed: 8.8
  fix_delta: False
  calib_parameters: ['delta', 'T', 'eta', 'fe', 'fo']
  delta_free_by_sector: [0, 12, 12]
  fe_free: 2
  fo_free: 2
  nu_free: 0
  moments: ['SPFLOW', 'DOMPATINUS', 'OUT', 'RD', 'RP', 'SRGDP', 'UUPCOSTS', 'RDPHARMACHEM']
  weights: {'SPFLOW': 1, 'DOMPATINUS': 1, 'OUT': 5, 'RD': 10, 'RP': 1, 'SRGDP': 1, 'UUPCOSTS': 1, 'RDPHARMACHEM': 1}
  r_hjort_recomputed_for_1992: True
  [cd_fefo] initial solve: successful | obj=4.3825
fe :  [0.10322757 0.0360563 ] fo :  [0.05561134 0.01156073] delta :  [[0.08793932 0.08793932]
 [0.10601833 0.10601833]
 [0.11316564 0.11316564]
 [0.16194812 0.16194812]
 [0.17779985 0.17779985]
 [0.24150643 0.24150643]
 [0.07481053 0.07481053]
 [0.07801511 0.07801511]
 [0.24365702 0.24365702]
 [0.20480966 0.20480966]
 [0.18760604 0.18760604]
 [1.58447318 1.58447318]] nu :  [0.06367108 0.11917209] k : [1.2392668  1.30073864 1.04438013] theta : [5.9624753  3.42331145] sigma : [2.9        1.96935185] zeta : [0.00741939 0.04188144] rho : 0.02 kappa : 0.5
   Iteration     Total nfev        Cost      Cost reduction    Step norm     Optimality   
       0              1         9.6031e+00                                    6.67e+07    
       1              2         7.6753e+00      1.93e+00       3.42e-03       2.97e+07    
fe :  [0.10322757 0.0360563 ] fo :  [0.05561134 0.01156073] delta :  [[0.08793932 0.08793932]
 [0.10601833 0.10601833]
 [0.11316564 0.11316564]
 [0.16194812 0.16194812]
 [0.17779985 0.17779985]
 [0.24150643 0.24150643]
 [0.07481053 0.07481053]
 [0.07801511 0.07801511]
 [0.24365702 0.24365702]
 [0.20480966 0.20480966]
 [0.18760604 0.18760606]
 [1.58447318 1.58447318]] nu :  [0.06367108 0.11917209] k : [1.2392668  1.30073864 1.04438013] theta : [5.9624753  3.42331145] sigma : [2.9        1.96935185] zeta : [0.00741939 0.04188144] rho : 0.02 kappa : 0.5
       2              3         5.2345e+00      2.44e+00       9.30e-03       1.26e+07    
       3              4         3.8209e+00      1.41e+00       1.37e-02       4.87e+06    
fe :  [0.2916975  0.13965811] fo :  [0.08625345 0.01509174] delta :  [[0.13068086 0.11856907]
 [0.13157927 0.16072983]
 [0.13075056 0.11944612]
 [0.25885812 0.26473257]
 [0.25898904 0.2387393 ]
 [0.46347267 0.51671217]
 [0.07434685 0.05067499]
 [0.1092007  0.10224978]
 [0.46027792 0.48881434]
 [0.30810361 0.26716761]
 [0.22807856 0.15052283]
 [1.64941937 1.87929558]] nu :  [0.06367108 0.11917209] k : [1.2392668  1.30073864 1.04438013] theta : [5.9624753  3.42331145] sigma : [2.9        1.96935185] zeta : [0.00741939 0.04188144] rho : 0.02 kappa : 0.5
       4              5         1.6376e+00      2.18e+00       1.06e+04       5.37e+05    
       5              6         1.6286e+00      9.05e-03       1.80e+03       5.27e+05    
fe :  [0.29002441 0.12135855] fo :  [0.09574547 0.01238758] delta :  [[0.12901951 0.1385774 ]
 [0.1336666  0.17989415]
 [0.1303041  0.13582609]
 [0.25883325 0.29715827]
 [0.25373051 0.26356979]
 [0.4719802  0.59415485]
 [0.07210308 0.05601983]
 [0.10648663 0.1174325 ]
 [0.46711356 0.55823899]
 [0.30381303 0.28849804]
 [0.22082181 0.16869353]
 [1.62141655 2.04260047]] nu :  [0.06367108 0.11917209] k : [1.2392668  1.30073864 1.04438013] theta : [5.9624753  3.42331145] sigma : [2.9        1.96935185] zeta : [0.00741939 0.04188144] rho : 0.02 kappa : 0.5
       6              7         1.5125e+00      1.16e-01       1.30e+04       5.19e+05    
       7              8         1.1686e+00      3.44e-01       1.27e+04       1.53e+06    
fe :  [0.27427642 0.06413627] fo :  [0.10727384 0.00655061] delta :  [[0.12095749 0.24776233]
 [0.13128752 0.24891622]
 [0.12095604 0.20491963]
 [0.24519473 0.47356246]
 [0.21667893 0.35070976]
 [0.47664121 1.02241564]
 [0.05309387 0.07348086]
 [0.08624094 0.18410408]
 [0.45780245 0.90592363]
 [0.26100539 0.40593207]
 [0.17176627 0.23319384]
 [1.36292283 2.71320901]] nu :  [0.06367108 0.11917209] k : [1.2392668  1.30073864 1.04438013] theta : [5.9624753  3.42331145] sigma : [2.9        1.96935185] zeta : [0.00741939 0.04188144] rho : 0.02 kappa : 0.5
       8              9         1.0247e+00      1.44e-01       7.73e+03       9.20e+05    
       9             10         1.0043e+00      2.03e-02       8.05e+03       3.63e+06    
      10             12         1.0011e+00      3.29e-03       1.18e+02       1.73e+06    
fe :  [0.26665521 0.05567022] fo :  [0.14284041 0.01598497] delta :  [[0.11631203 0.22778548]
 [0.11802011 0.24096728]
 [0.11445171 0.20417646]
 [0.23439375 0.47174002]
 [0.20722413 0.36666353]
 [0.46072965 1.03148011]
 [0.04705386 0.07611468]
 [0.0802733  0.18804502]
 [0.44483266 0.92314156]
 [0.25417032 0.36291415]
 [0.16408311 0.23696212]
 [1.33600664 2.74102236]] nu :  [0.06367108 0.11917209] k : [1.2392668  1.30073864 1.04438013] theta : [5.9624753  3.42331145] sigma : [2.9        1.96935185] zeta : [0.00741939 0.04188144] rho : 0.02 kappa : 0.5
      11             13         9.7645e-01      2.46e-02       2.47e+01       1.04e+06    
      12             16         9.7609e-01      3.64e-04       1.41e-01       8.24e+05    
fe :  [0.2661492  0.05070848] fo :  [0.1429475  0.01241199] delta :  [[0.11668879 0.25608958]
 [0.1186738  0.26431197]
 [0.11473034 0.22739533]
 [0.23463354 0.51166968]
 [0.20794196 0.41127869]
 [0.46551777 1.09490102]
 [0.04759563 0.08745065]
 [0.08097674 0.20471646]
 [0.44816965 0.97038443]
 [0.25612928 0.39398392]
 [0.1652882  0.25388601]
 [1.34726469 2.78883622]] nu :  [0.06367108 0.11917209] k : [1.2392668  1.30073864 1.04438013] theta : [5.9624753  3.42331145] sigma : [2.9        1.96935185] zeta : [0.00741939 0.04188144] rho : 0.02 kappa : 0.5
      13             17         9.7384e-01      2.25e-03       4.48e-02       4.42e+04    
      14             18         9.7352e-01      3.19e-04       1.30e-01       8.09e+04    
fe :  [0.26126558 0.04898976] fo :  [0.14382848 0.01407852] delta :  [[0.11553572 0.25428033]
 [0.11693259 0.26216238]
 [0.11302484 0.2270159 ]
 [0.23164827 0.51015985]
 [0.20570598 0.40937231]
 [0.45955282 1.10566452]
 [0.0465777  0.08687997]
 [0.07962589 0.20258607]
 [0.44265741 0.98127621]
 [0.25276729 0.38955672]
 [0.16301583 0.25565226]
 [1.33302626 2.85175559]] nu :  [0.06367108 0.11917209] k : [1.2392668  1.30073864 1.04438013] theta : [5.9624753  3.42331145] sigma : [2.9        1.96935185] zeta : [0.00741939 0.04188144] rho : 0.02 kappa : 0.5
      15             19         9.7327e-01      2.45e-04       2.22e-01       4.88e+04    
      16             28         9.7327e-01      6.01e-06       1.06e-04       2.00e+03    
fe :  [0.26127471 0.04903481] fo :  [0.1438859  0.01407852] delta :  [[0.11553573 0.25428033]
 [0.1169326  0.26216239]
 [0.11302484 0.22701591]
 [0.23164828 0.51015986]
 [0.20570598 0.40937232]
 [0.45955283 1.10566452]
 [0.0465777  0.08687997]
 [0.0796259  0.20258608]
 [0.44265742 0.98127622]
 [0.25276729 0.38955672]
 [0.16301583 0.25565227]
 [1.33302627 2.85175559]] nu :  [0.06367108 0.11917209] k : [1.2392668  1.30073864 1.04438013] theta : [5.9624753  3.42331145] sigma : [2.9        1.96935185] zeta : [0.00741939 0.04188144] rho : 0.02 kappa : 0.5
      17             30         9.7327e-01      3.41e-08       2.66e-05       9.80e+02    
      18             31         9.7327e-01      0.00e+00       0.00e+00       9.80e+02    
`xtol` termination condition is satisfied.
Function evaluations 31, initial cost 9.6031e+00, final cost 9.7327e-01, first-order optimality 9.80e+02.
   Iteration     Total nfev        Cost      Cost reduction    Step norm     Optimality   
       0              1         9.7327e-01                                    4.11e+02    
       1              2         9.6107e-01      1.22e-02       4.76e+03       1.03e+06    
fe :  [0.25835986 0.04542221] fo :  [0.13947576 0.01435934] delta :  [[0.11561368 0.26398629]
 [0.11526534 0.27347276]
 [0.1116843  0.23908743]
 [0.22952506 0.53468025]
 [0.20388212 0.42903394]
 [0.45541322 1.14645909]
 [0.04550865 0.09405863]
 [0.07875221 0.21476144]
 [0.43782787 1.01785873]
 [0.25053241 0.40824831]
 [0.16164477 0.26621062]
 [1.32130027 2.97365351]] nu :  [0.06367108 0.11917209] k : [1.2392668  1.30073864 1.04438013] theta : [5.9624753  3.42331145] sigma : [2.9        1.96935185] zeta : [0.00741939 0.04188144] rho : 0.02 kappa : 0.5
       2              3         9.5376e-01      7.31e-03       4.12e+03       2.34e+06    
       3             10         9.5257e-01      1.19e-03       2.77e-02       3.19e+05    
fe :  [0.26387575 0.04595089] fo :  [0.14940536 0.01363122] delta :  [[0.11526293 0.27035984]
 [0.11755482 0.28178184]
 [0.11431197 0.24650719]
 [0.23366111 0.54290318]
 [0.20790694 0.43702907]
 [0.46135514 1.15488953]
 [0.04702662 0.09779688]
 [0.08067102 0.22075126]
 [0.4448485  1.02740137]
 [0.25503049 0.41549759]
 [0.16484599 0.2750302 ]
 [1.32696703 2.97698324]] nu :  [0.06367108 0.11917209] k : [1.2392668  1.30073864 1.04438013] theta : [5.9624753  3.42331145] sigma : [2.9        1.96935185] zeta : [0.00741939 0.04188144] rho : 0.02 kappa : 0.5
       4             11         9.5218e-01      3.89e-04       6.07e-03       8.48e+03    
       5             12         9.5206e-01      1.16e-04       1.68e-02       1.07e+04    
fe :  [0.2637805  0.04608987] fo :  [0.14907597 0.01358052] delta :  [[0.11479315 0.27017868]
 [0.11739216 0.28140692]
 [0.11395581 0.24614888]
 [0.23319547 0.54243646]
 [0.20744146 0.43660492]
 [0.46080343 1.15453043]
 [0.04694727 0.09752913]
 [0.08047413 0.2203628 ]
 [0.4443179  1.02709548]
 [0.2545651  0.41498691]
 [0.16443062 0.27479137]
 [1.32609484 2.977979  ]] nu :  [0.06367108 0.11917209] k : [1.2392668  1.30073864 1.04438013] theta : [5.9624753  3.42331145] sigma : [2.9        1.96935185] zeta : [0.00741939 0.04188144] rho : 0.02 kappa : 0.5
       6             19         9.5206e-01      2.05e-06       3.27e-04       1.91e+04    
       7             23         9.5206e-01      0.00e+00       0.00e+00       1.91e+04    
`xtol` termination condition is satisfied.
Function evaluations 23, initial cost 9.7327e-01, final cost 9.5206e-01, first-order optimality 1.91e+04.
   Iteration     Total nfev        Cost      Cost reduction    Step norm     Optimality   
       0              1         9.5206e-01                                    1.67e+04    
fe :  [0.25598066 0.04345957] fo :  [0.14330464 0.01259762] delta :  [[0.11521092 0.27715751]
 [0.11728743 0.28595833]
 [0.11350893 0.24994916]
 [0.23267017 0.54684019]
 [0.20721616 0.44316693]
 [0.46011348 1.17065741]
 [0.04682422 0.09951646]
 [0.0802745  0.22423872]
 [0.44339867 1.0417096 ]
 [0.25435102 0.42202539]
 [0.16426831 0.27935668]
 [1.32469755 3.02742836]] nu :  [0.06367108 0.11917209] k : [1.2392668  1.30073864 1.04438013] theta : [5.9624753  3.42331145] sigma : [2.9        1.96935185] zeta : [0.00741939 0.04188144] rho : 0.02 kappa : 0.5
       1              2         9.4349e-01      8.57e-03       8.00e+03       8.71e+05    
       2              3         9.4032e-01      3.17e-03       1.92e+02       9.13e+05    
fe :  [0.26501407 0.04341251] fo :  [0.14340408 0.01290665] delta :  [[0.11551314 0.28565664]
 [0.11747391 0.2986373 ]
 [0.11331463 0.25709465]
 [0.23252429 0.57189901]
 [0.20611252 0.46152332]
 [0.46125765 1.22049702]
 [0.04667617 0.10552759]
 [0.08012477 0.23519608]
 [0.44426518 1.08922213]
 [0.25342785 0.43827378]
 [0.16343324 0.29047715]
 [1.3314926  3.08893422]] nu :  [0.06367108 0.11917209] k : [1.2392668  1.30073864 1.04438013] theta : [5.9624753  3.42331145] sigma : [2.9        1.96935185] zeta : [0.00741939 0.04188144] rho : 0.02 kappa : 0.5
       3              9         9.3812e-01      2.20e-03       1.67e-01       6.26e+05    
       4             10         9.3698e-01      1.14e-03       2.63e-01       3.67e+05    
       5             11         9.3647e-01      5.06e-04       4.93e-01       1.09e+05    
fe :  [0.28107724 0.04361647] fo :  [0.16508478 0.01267312] delta :  [[0.11092515 0.29217241]
 [0.11272607 0.30190984]
 [0.10904603 0.26511372]
 [0.22570332 0.57747425]
 [0.20073217 0.46577943]
 [0.44923858 1.23165067]
 [0.04395862 0.10796558]
 [0.07649543 0.23980505]
 [0.43322593 1.0986367 ]
 [0.24687751 0.43991571]
 [0.15833069 0.29544169]
 [1.29946831 3.16568372]] nu :  [0.06367108 0.11917209] k : [1.2392668  1.30073864 1.04438013] theta : [5.9624753  3.42331145] sigma : [2.9        1.96935185] zeta : [0.00741939 0.04188144] rho : 0.02 kappa : 0.5
       6             14         9.3647e-01      5.58e-06       1.08e-02       3.67e+04    
       7             19         9.3647e-01      3.74e-07       7.95e-04       1.15e+04    
fe :  [0.2816981 0.0437085] fo :  [0.16544068 0.01292656] delta :  [[0.11092512 0.2921725 ]
 [0.11272609 0.30190986]
 [0.10904599 0.26511374]
 [0.22570331 0.57747423]
 [0.20073217 0.46577943]
 [0.44923855 1.2316506 ]
 [0.04395861 0.10796555]
 [0.07649543 0.23980499]
 [0.43322591 1.09863664]
 [0.24687749 0.43991574]
 [0.15833069 0.29544174]
 [1.29946823 3.16568371]] nu :  [0.06367108 0.11917209] k : [1.2392668  1.30073864 1.04438013] theta : [5.9624753  3.42331145] sigma : [2.9        1.96935185] zeta : [0.00741939 0.04188144] rho : 0.02 kappa : 0.5
       8             20         9.3646e-01      5.10e-06       5.13e-05       8.08e+03    
       9             21         9.3645e-01      1.00e-05       2.25e-04       1.30e+04    
fe :  [0.28169787 0.04372863] fo :  [0.16544052 0.01312658] delta :  [[0.11092504 0.29217303]
 [0.112726   0.30190965]
 [0.10904587 0.26511354]
 [0.2257031  0.57747383]
 [0.20073199 0.4657791 ]
 [0.44923818 1.23164995]
 [0.04395857 0.10796542]
 [0.07649535 0.23980469]
 [0.43322555 1.098636  ]
 [0.24687727 0.43991549]
 [0.15833054 0.29544158]
 [1.29946747 3.16568342]] nu :  [0.06367108 0.11917209] k : [1.2392668  1.30073864 1.04438013] theta : [5.9624753  3.42331145] sigma : [2.9        1.96935185] zeta : [0.00741939 0.04188144] rho : 0.02 kappa : 0.5
      10             22         9.3645e-01      1.24e-07       5.84e-06       8.12e+03    
`xtol` termination condition is satisfied.
Function evaluations 22, initial cost 9.5206e-01, final cost 9.3645e-01, first-order optimality 8.12e+03.
   Iteration     Total nfev        Cost      Cost reduction    Step norm     Optimality   
       0              1         9.3645e-01                                    7.92e+03    
fe :  [0.27842569 0.03624236] fo :  [0.1499802  0.00702616] delta :  [[0.1130449  0.34652818]
 [0.11099146 0.3427496 ]
 [0.10676875 0.3015566 ]
 [0.22341596 0.63960254]
 [0.1977947  0.51925819]
 [0.44332018 1.35659562]
 [0.04248673 0.12590145]
 [0.07478275 0.27355962]
 [0.42611959 1.20775399]
 [0.24305186 0.49110055]
 [0.15550735 0.32613782]
 [1.28235894 3.48450445]] nu :  [0.06367108 0.11917209] k : [1.2392668  1.30073864 1.04438013] theta : [5.9624753  3.42331145] sigma : [2.9        1.96935185] zeta : [0.00741939 0.04188144] rho : 0.02 kappa : 0.5
       1              3         9.2925e-01      7.20e-03       6.56e+03       1.91e+06    
       2              9         9.2065e-01      8.61e-03       1.90e-01       1.13e+06    
fe :  [0.28104267 0.03294813] fo :  [0.15119354 0.00596208] delta :  [[0.11367063 0.39548458]
 [0.11274386 0.38618725]
 [0.10835768 0.3426836 ]
 [0.22628833 0.71391089]
 [0.20190716 0.58357397]
 [0.45287596 1.46767387]
 [0.04352481 0.15036678]
 [0.07645237 0.3086445 ]
 [0.43484361 1.31424304]
 [0.2474909  0.55231411]
 [0.1587482  0.37761238]
 [1.30640703 3.56651436]] nu :  [0.06367108 0.11917209] k : [1.2392668  1.30073864 1.04438013] theta : [5.9624753  3.42331145] sigma : [2.9        1.96935185] zeta : [0.00741939 0.04188144] rho : 0.02 kappa : 0.5
       3             11         9.2004e-01      6.10e-04       4.81e-02       9.35e+04    
       4             12         9.1974e-01      2.96e-04       3.43e-02       1.38e+05    
       5             13         9.1967e-01      7.32e-05       9.41e-03       3.93e+04    
fe :  [0.27166192 0.03154119] fo :  [0.15037586 0.00592606] delta :  [[0.11313864 0.3923829 ]
 [0.11214465 0.38269558]
 [0.10804455 0.33950141]
 [0.22492008 0.70896467]
 [0.20048006 0.57886464]
 [0.44956877 1.46554669]
 [0.04337039 0.14899877]
 [0.07600292 0.30628206]
 [0.43148429 1.3123646 ]
 [0.24601723 0.547788  ]
 [0.15767064 0.37453507]
 [1.29848268 3.57844221]] nu :  [0.06367108 0.11917209] k : [1.2392668  1.30073864 1.04438013] theta : [5.9624753  3.42331145] sigma : [2.9        1.96935185] zeta : [0.00741939 0.04188144] rho : 0.02 kappa : 0.5
       6             14         9.1959e-01      7.91e-05       1.43e-02       1.44e+04    
       7             15         9.1951e-01      7.99e-05       1.45e-02       1.01e+04    
fe :  [0.27398627 0.03173382] fo :  [0.15393276 0.0064293 ] delta :  [[0.11233922 0.39111362]
 [0.1118184  0.38156003]
 [0.10781519 0.33857317]
 [0.2244964  0.70815451]
 [0.19998554 0.57767204]
 [0.4485883  1.47405772]
 [0.04320629 0.14880298]
 [0.07574847 0.30590038]
 [0.43063242 1.31503233]
 [0.24554335 0.54660843]
 [0.1573271  0.37379264]
 [1.2955402  3.60333947]] nu :  [0.06367108 0.11917209] k : [1.2392668  1.30073864 1.04438013] theta : [5.9624753  3.42331145] sigma : [2.9        1.96935185] zeta : [0.00741939 0.04188144] rho : 0.02 kappa : 0.5
       8             16         9.1940e-01      1.09e-04       3.34e-02       4.00e+03    
       9             17         9.1927e-01      1.25e-04       3.62e-02       5.75e+03    
fe :  [0.27410738 0.03167994] fo :  [0.15412168 0.00680529] delta :  [[0.11203081 0.38820051]
 [0.11111598 0.37903222]
 [0.10713216 0.33646848]
 [0.22315931 0.70520588]
 [0.19880012 0.57447218]
 [0.44600017 1.4736519 ]
 [0.04277107 0.14789148]
 [0.07505517 0.30494407]
 [0.42841223 1.31164155]
 [0.24398004 0.54275176]
 [0.15621844 0.37128464]
 [1.28613881 3.64800577]] nu :  [0.06367108 0.11917209] k : [1.2392668  1.30073864 1.04438013] theta : [5.9624753  3.42331145] sigma : [2.9        1.96935185] zeta : [0.00741939 0.04188144] rho : 0.02 kappa : 0.5
      10             18         9.1909e-01      1.88e-04       9.19e-02       4.42e+04    
      11             19         9.1892e-01      1.61e-04       2.31e-01       4.67e+04    
fe :  [0.30215894 0.03471344] fo :  [0.1756026  0.00922486] delta :  [[0.10790218 0.37822232]
 [0.10695819 0.37346918]
 [0.10328906 0.33212635]
 [0.21706025 0.69725225]
 [0.19330533 0.56743992]
 [0.43568088 1.46462393]
 [0.0401891  0.14536698]
 [0.07161542 0.30229659]
 [0.41858077 1.29961209]
 [0.2375566  0.53592075]
 [0.15145357 0.36639389]
 [1.25776031 3.70172395]] nu :  [0.06367108 0.11917209] k : [1.2392668  1.30073864 1.04438013] theta : [5.9624753  3.42331145] sigma : [2.9        1.96935185] zeta : [0.00741939 0.04188144] rho : 0.02 kappa : 0.5
      12             20         9.1888e-01      4.20e-05       2.86e-01       1.58e+05    
      13             21         9.1887e-01      9.91e-06       2.59e-02       5.56e+04    
      14             28         9.1887e-01      6.09e-06       1.62e-04       2.02e+04    
fe :  [0.30175733 0.03465519] fo :  [0.17539708 0.00927035] delta :  [[0.10791294 0.376815  ]
 [0.10643066 0.37251581]
 [0.10296192 0.33122831]
 [0.21645156 0.69546062]
 [0.19271764 0.56594764]
 [0.43446431 1.46198473]
 [0.04000731 0.14491753]
 [0.07114852 0.30213574]
 [0.41745217 1.29707318]
 [0.23691125 0.53457049]
 [0.15101171 0.36545833]
 [1.25481239 3.69998096]] nu :  [0.06367108 0.11917209] k : [1.2392668  1.30073864 1.04438013] theta : [5.9624753  3.42331145] sigma : [2.9        1.96935185] zeta : [0.00741939 0.04188144] rho : 0.02 kappa : 0.5
      15             31         9.1887e-01      5.19e-08       2.02e-05       1.55e+04    
      16             35         9.1887e-01      2.51e-09       3.16e-07       7.91e+03    
`ftol` termination condition is satisfied.
Function evaluations 35, initial cost 9.3645e-01, final cost 9.1887e-01, first-order optimality 7.91e+03.
fe :  [0.30175733 0.03465519] fo :  [0.17539708 0.00927035] delta :  [[0.10791294 0.376815  ]
 [0.10643066 0.37251581]
 [0.10296192 0.33122829]
 [0.21645156 0.69546062]
 [0.19271764 0.56594764]
 [0.43446431 1.46198473]
 [0.04000731 0.14491753]
 [0.07114852 0.30213574]
 [0.41745217 1.29707318]
 [0.23691125 0.53457049]
 [0.15101171 0.36545833]
 [1.25481239 3.69998096]] nu :  [0.06367108 0.11917209] k : [1.2392668  1.30073864 1.04438013] theta : [5.9624753  3.42331145] sigma : [2.9        1.96935185] zeta : [0.00741939 0.04188144] rho : 0.02 kappa : 0.5
   Iteration     Total nfev        Cost      Cost reduction    Step norm     Optimality   
       0              1         9.1887e-01                                    6.78e+03    
       1             21         9.1887e-01      2.99e-08       1.10e-05       1.31e+03    
fe :  [0.30176572 0.03466316] fo :  [0.17540494 0.00927035] delta :  [[0.10791295 0.376815  ]
 [0.10643066 0.37251581]
 [0.10296192 0.33122829]
 [0.21645156 0.69546062]
 [0.19271764 0.56594764]
 [0.43446431 1.46198473]
 [0.04000731 0.14491753]
 [0.07114853 0.30213574]
 [0.41745217 1.29707318]
 [0.23691125 0.53457049]
 [0.15101171 0.36545833]
 [1.25481239 3.69998096]] nu :  [0.06367108 0.11917209] k : [1.2392668  1.30073864 1.04438013] theta : [5.9624753  3.42331145] sigma : [2.9        1.96935185] zeta : [0.00741939 0.04188144] rho : 0.02 kappa : 0.5
       2             22         9.1887e-01      1.36e-07       1.10e-05       2.29e+03    
       3             23         9.1887e-01      1.68e-07       1.10e-05       6.97e+01    
fe :  [0.30177021 0.03466769] fo :  [0.17540931 0.00927035] delta :  [[0.10791295 0.376815  ]
 [0.10643066 0.37251581]
 [0.10296192 0.33122829]
 [0.21645156 0.69546062]
 [0.19271764 0.56594764]
 [0.43446431 1.46198473]
 [0.04000731 0.14491753]
 [0.07114853 0.30213574]
 [0.41745217 1.29707318]
 [0.23691125 0.53457049]
 [0.15101171 0.36545833]
 [1.25481239 3.69998096]] nu :  [0.06367108 0.11917209] k : [1.2392668  1.30073864 1.04438013] theta : [5.9624753  3.42331145] sigma : [2.9        1.96935185] zeta : [0.00741939 0.04188144] rho : 0.02 kappa : 0.5
       4             33         9.1887e-01      7.20e-11       3.97e-11       5.55e-02    
`ftol` termination condition is satisfied.
Function evaluations 33, initial cost 9.1887e-01, final cost 9.1887e-01, first-order optimality 5.55e-02.
   Iteration     Total nfev        Cost      Cost reduction    Step norm     Optimality   
       0              1         9.1887e-01                                    6.19e+02    
fe :  [0.30177021 0.0346677 ] fo :  [0.17540931 0.00927035] delta :  [[0.10791295 0.376815  ]
 [0.10643066 0.37251581]
 [0.10296192 0.33122829]
 [0.21645156 0.69546062]
 [0.19271764 0.56594764]
 [0.43446431 1.46198473]
 [0.04000731 0.14491753]
 [0.07114853 0.30213574]
 [0.41745217 1.29707318]
 [0.23691125 0.53457049]
 [0.15101171 0.36545833]
 [1.25481239 3.69998096]] nu :  [0.06367108 0.11917209] k : [1.2392668  1.30073864 1.04438013] theta : [5.9624753  3.42331145] sigma : [2.9        1.96935185] zeta : [0.00741939 0.04188144] rho : 0.02 kappa : 0.5
       1             26         9.1887e-01      3.20e-11       1.06e-08       1.03e-01    
`ftol` termination condition is satisfied.
Function evaluations 26, initial cost 9.1887e-01, final cost 9.1887e-01, first-order optimality 1.03e-01.
  [cd_fefo] DONE  obj=1.3556  status=successful  -> calibration_results_matched_economy/baseline_2002_variations/pre_trips_tries/cd_fefo/

========================================================================
  label: cd_nu
  seed: 8.8
  fix_delta: False
  calib_parameters: ['delta', 'T', 'eta', 'nu']
  delta_free_by_sector: [0, 12, 12]
  fe_free: 0
  fo_free: 0
  nu_free: 2
  moments: ['SPFLOW', 'DOMPATINUS', 'OUT', 'RD', 'RP', 'SRGDP', 'UUPCOSTS', 'RDPHARMACHEM', 'TOPATENT', 'TOPHARMACHEM']
  weights: {'SPFLOW': 1, 'DOMPATINUS': 1, 'OUT': 5, 'RD': 10, 'RP': 1, 'SRGDP': 1, 'UUPCOSTS': 1, 'RDPHARMACHEM': 1, 'TOPATENT': 5, 'TOPHARMACHEM': 5}
  r_hjort_recomputed_for_1992: True
  [cd_nu] initial solve: successful | obj=5.0713
fe :  [0.10322757 0.0360563 ] fo :  [0.05561134 0.01156073] delta :  [[0.08793932 0.08793932]
 [0.10601833 0.10601833]
 [0.11316564 0.11316564]
 [0.16194812 0.16194812]
 [0.17779985 0.17779985]
 [0.24150643 0.24150643]
 [0.07481053 0.07481053]
 [0.07801511 0.07801511]
 [0.24365702 0.24365702]
 [0.20480966 0.20480966]
 [0.18760604 0.18760604]
 [1.58447318 1.58447318]] nu :  [0.06367108 0.11917209] k : [1.2392668  1.30073864 1.04438013] theta : [5.9624753  3.42331145] sigma : [2.9        1.96935185] zeta : [0.00741939 0.04188144] rho : 0.02 kappa : 0.5
   Iteration     Total nfev        Cost      Cost reduction    Step norm     Optimality   
       0              1         1.2859e+01                                    7.19e+07    
       1              2         8.6282e+00      4.23e+00       4.54e-03       3.70e+07    
fe :  [0.10322757 0.0360563 ] fo :  [0.05561134 0.01156073] delta :  [[0.08793932 0.08793932]
 [0.10601833 0.10601833]
 [0.11316564 0.11316564]
 [0.16194812 0.16194812]
 [0.17779985 0.17779985]
 [0.24150643 0.24150643]
 [0.07481053 0.07481053]
 [0.07801511 0.07801511]
 [0.24365702 0.24365702]
 [0.20480966 0.20480966]
 [0.18760604 0.18760604]
 [1.58447318 1.58447318]] nu :  [0.06367108 0.11917209] k : [1.2392668  1.30073864 1.04438013] theta : [5.9624753  3.42331145] sigma : [2.9        1.96935185] zeta : [0.00741939 0.04188144] rho : 0.02 kappa : 0.5
       2              3         5.7187e+00      2.91e+00       8.30e-03       1.34e+07    
       3              4         2.2630e+00      3.46e+00       1.55e+04       2.08e+06    
fe :  [0.10322757 0.0360563 ] fo :  [0.05561134 0.01156073] delta :  [[0.11998815 0.09346462]
 [0.11308802 0.16456448]
 [0.11292443 0.1237272 ]
 [0.24256843 0.29410075]
 [0.22655113 0.24271068]
 [0.47939732 0.67412051]
 [0.05970564 0.04596857]
 [0.09456472 0.11296832]
 [0.46937192 0.61059865]
 [0.27820493 0.23661308]
 [0.18631546 0.15473057]
 [1.40066856 1.85714749]] nu :  [0.05365319 0.1046094 ] k : [1.2392668  1.30073864 1.04438013] theta : [5.9624753  3.42331145] sigma : [2.9        1.96935185] zeta : [0.00741939 0.04188144] rho : 0.02 kappa : 0.5
       4              6         1.2385e+00      1.02e+00       2.70e+03       1.05e+06    
       5              7         1.0385e+00      2.00e-01       3.76e+03       5.85e+06    
fe :  [0.10322757 0.0360563 ] fo :  [0.05561134 0.01156073] delta :  [[0.11976155 0.09690589]
 [0.12488182 0.1071629 ]
 [0.12030797 0.08133182]
 [0.23899666 0.2274409 ]
 [0.21192554 0.18185332]
 [0.45883651 0.52891379]
 [0.05750255 0.02344847]
 [0.09036111 0.07280607]
 [0.4474884  0.47585007]
 [0.26034308 0.1823083 ]
 [0.17180238 0.09976656]
 [1.32512119 1.46802488]] nu :  [0.05218131 0.08354653] k : [1.2392668  1.30073864 1.04438013] theta : [5.9624753  3.42331145] sigma : [2.9        1.96935185] zeta : [0.00741939 0.04188144] rho : 0.02 kappa : 0.5
       6              8         9.7749e-01      6.10e-02       1.10e+04       1.93e+06    
       7             15         9.7601e-01      1.48e-03       1.18e+00       1.28e+05    
       8             16         9.7572e-01      2.90e-04       1.18e-01       1.61e+05    
fe :  [0.10322757 0.0360563 ] fo :  [0.05561134 0.01156073] delta :  [[0.12036868 0.08941826]
 [0.12830071 0.10258399]
 [0.12188646 0.07708767]
 [0.24427995 0.22186141]
 [0.21557666 0.17350546]
 [0.46418372 0.51559647]
 [0.05911849 0.02405159]
 [0.09219521 0.07290359]
 [0.45468706 0.46113019]
 [0.26379878 0.16441796]
 [0.17497963 0.09975533]
 [1.33672523 1.41917653]] nu :  [0.05253054 0.07983127] k : [1.2392668  1.30073864 1.04438013] theta : [5.9624753  3.42331145] sigma : [2.9        1.96935185] zeta : [0.00741939 0.04188144] rho : 0.02 kappa : 0.5
       9             17         9.7446e-01      1.27e-03       2.40e-02       1.79e+04    
      10             21         9.7443e-01      2.26e-05       1.39e-03       1.10e+04    
fe :  [0.10322757 0.0360563 ] fo :  [0.05561134 0.01156073] delta :  [[0.12056264 0.09003225]
 [0.12875625 0.10336599]
 [0.12231004 0.07750096]
 [0.24445515 0.22202305]
 [0.21578726 0.17349676]
 [0.46432454 0.51576068]
 [0.05941639 0.0240498 ]
 [0.09228502 0.07287835]
 [0.45479678 0.46134742]
 [0.26402467 0.16467116]
 [0.17520675 0.09974271]
 [1.33690765 1.41935515]] nu :  [0.05256142 0.07988807] k : [1.2392668  1.30073864 1.04438013] theta : [5.9624753  3.42331145] sigma : [2.9        1.96935185] zeta : [0.00741939 0.04188144] rho : 0.02 kappa : 0.5
      11             22         9.7443e-01      8.00e-06       1.65e-04       1.29e+03    
      12             23         9.7442e-01      8.78e-06       2.05e-04       3.40e+02    
fe :  [0.10322757 0.0360563 ] fo :  [0.05561134 0.01156073] delta :  [[0.12053523 0.09009595]
 [0.12875326 0.10348763]
 [0.12231256 0.07750749]
 [0.24439447 0.22196623]
 [0.21574064 0.17343009]
 [0.46420103 0.51563523]
 [0.05940926 0.02403789]
 [0.09225329 0.07276879]
 [0.45466463 0.46125566]
 [0.26397226 0.16464125]
 [0.17517227 0.09967583]
 [1.33676949 1.41922936]] nu :  [0.05255243 0.07988083] k : [1.2392668  1.30073864 1.04438013] theta : [5.9624753  3.42331145] sigma : [2.9        1.96935185] zeta : [0.00741939 0.04188144] rho : 0.02 kappa : 0.5
      13             24         9.7440e-01      1.62e-05       3.71e-04       4.96e+02    
      14             25         9.7437e-01      2.83e-05       6.67e-04       3.11e+03    
fe :  [0.10322757 0.0360563 ] fo :  [0.05561134 0.01156073] delta :  [[0.12047735 0.09025876]
 [0.12883832 0.10373057]
 [0.12245795 0.07769415]
 [0.24426367 0.22181997]
 [0.21565402 0.17320428]
 [0.46388833 0.51532842]
 [0.05938753 0.02398778]
 [0.09216448 0.07228613]
 [0.45446292 0.46085973]
 [0.26376969 0.16441427]
 [0.17489313 0.09936676]
 [1.33694768 1.41972968]] nu :  [0.05255138 0.07985079] k : [1.2392668  1.30073864 1.04438013] theta : [5.9624753  3.42331145] sigma : [2.9        1.96935185] zeta : [0.00741939 0.04188144] rho : 0.02 kappa : 0.5
      15             26         9.7436e-01      1.13e-05       1.22e-03       1.32e+02    
      16             27         9.7430e-01      5.72e-05       1.83e-03       1.82e+03    
      17             28         9.7424e-01      6.16e-05       2.24e-03       1.47e+04    
fe :  [0.10322757 0.0360563 ] fo :  [0.05561134 0.01156073] delta :  [[0.12034577 0.08989463]
 [0.12837942 0.10324431]
 [0.12205492 0.0773522 ]
 [0.2434972  0.22081441]
 [0.21503323 0.17206031]
 [0.46232345 0.51329072]
 [0.05908876 0.02369054]
 [0.09173398 0.07136995]
 [0.45288762 0.45836295]
 [0.26276071 0.1631193 ]
 [0.17378852 0.0981578 ]
 [1.3349891  1.4178879 ]] nu :  [0.05256646 0.07986166] k : [1.2392668  1.30073864 1.04438013] theta : [5.9624753  3.42331145] sigma : [2.9        1.96935185] zeta : [0.00741939 0.04188144] rho : 0.02 kappa : 0.5
      18             29         9.7410e-01      1.39e-04       4.61e-03       2.49e+04    
      19             30         9.7378e-01      3.28e-04       1.09e-02       9.77e+04    
fe :  [0.10322757 0.0360563 ] fo :  [0.05561134 0.01156073] delta :  [[0.11996236 0.08854411]
 [0.12626022 0.10076767]
 [0.12022185 0.07542973]
 [0.24038549 0.21652282]
 [0.21226447 0.16821617]
 [0.45718114 0.50405172]
 [0.05774344 0.02257293]
 [0.09013664 0.06909641]
 [0.44599208 0.44956421]
 [0.25946361 0.15949286]
 [0.17128714 0.09520649]
 [1.3218371  1.40093871]] nu :  [0.05263897 0.07996872] k : [1.2392668  1.30073864 1.04438013] theta : [5.9624753  3.42331145] sigma : [2.9        1.96935185] zeta : [0.00741939 0.04188144] rho : 0.02 kappa : 0.5
      20             31         9.7313e-01      6.44e-04       4.76e-02       7.11e+04    
      21             36         9.7312e-01      1.43e-05       6.87e-04       9.28e+03    
fe :  [0.10322757 0.0360563 ] fo :  [0.05561134 0.01156073] delta :  [[0.12003879 0.08853898]
 [0.12625984 0.10076672]
 [0.12022165 0.07542888]
 [0.24043247 0.21652164]
 [0.21232935 0.16821545]
 [0.45727528 0.50405093]
 [0.0577424  0.02257217]
 [0.09017307 0.06953201]
 [0.44623339 0.4497426 ]
 [0.25970311 0.15969929]
 [0.17160934 0.09528109]
 [1.32186658 1.40093727]] nu :  [0.05266428 0.08009931] k : [1.2392668  1.30073864 1.04438013] theta : [5.9624753  3.42331145] sigma : [2.9        1.96935185] zeta : [0.00741939 0.04188144] rho : 0.02 kappa : 0.5
      22             39         9.7312e-01      1.13e-07       4.31e-05       4.51e+03    
      23             40         9.7312e-01      1.53e-08       1.01e-05       2.49e+03    
      24             41         9.7312e-01      0.00e+00       0.00e+00       2.49e+03    
`xtol` termination condition is satisfied.
Function evaluations 41, initial cost 1.2859e+01, final cost 9.7312e-01, first-order optimality 2.49e+03.
   Iteration     Total nfev        Cost      Cost reduction    Step norm     Optimality   
       0              1         9.7312e-01                                    7.42e+03    
fe :  [0.10322757 0.0360563 ] fo :  [0.05561134 0.01156073] delta :  [[0.1195943  0.08525136]
 [0.12527747 0.09763352]
 [0.11949458 0.07365608]
 [0.2384329  0.21106691]
 [0.21079929 0.16335785]
 [0.45409531 0.49147228]
 [0.05673433 0.02115699]
 [0.08885128 0.06690384]
 [0.44442938 0.44052144]
 [0.2578395  0.15542138]
 [0.1704767  0.09142687]
 [1.31163803 1.36779403]] nu :  [0.05282063 0.08005491] k : [1.2392668  1.30073864 1.04438013] theta : [5.9624753  3.42331145] sigma : [2.9        1.96935185] zeta : [0.00741939 0.04188144] rho : 0.02 kappa : 0.5
       1              3         9.6221e-01      1.09e-02       3.28e+01       8.80e+05    
       2              4         9.5765e-01      4.57e-03       7.51e+00       1.19e+06    
fe :  [0.10322757 0.0360563 ] fo :  [0.05561134 0.01156073] delta :  [[0.11910738 0.08403261]
 [0.12141244 0.09227808]
 [0.11588933 0.07043311]
 [0.23393395 0.2025696 ]
 [0.20645112 0.15508487]
 [0.44736801 0.47570792]
 [0.05447089 0.01926258]
 [0.08649806 0.06356917]
 [0.43812305 0.42848758]
 [0.25385736 0.1539223 ]
 [0.16724755 0.08624744]
 [1.28325711 1.31256539]] nu :  [0.0528816  0.07942958] k : [1.2392668  1.30073864 1.04438013] theta : [5.9624753  3.42331145] sigma : [2.9        1.96935185] zeta : [0.00741939 0.04188144] rho : 0.02 kappa : 0.5
       3              5         9.5559e-01      2.06e-03       3.33e+03       1.65e+06    
       4              7         9.5038e-01      5.21e-03       7.87e+01       6.67e+05    
fe :  [0.10322757 0.0360563 ] fo :  [0.05561134 0.01156073] delta :  [[0.11987127 0.08234033]
 [0.12204394 0.09203582]
 [0.11661136 0.06855274]
 [0.23539606 0.20132578]
 [0.20806633 0.154736  ]
 [0.44839251 0.47093936]
 [0.05464331 0.01905202]
 [0.08670603 0.06311444]
 [0.43813739 0.42147128]
 [0.25453866 0.14751841]
 [0.16797638 0.08736177]
 [1.28639963 1.29768476]] nu :  [0.05310172 0.07833624] k : [1.2392668  1.30073864 1.04438013] theta : [5.9624753  3.42331145] sigma : [2.9        1.96935185] zeta : [0.00741939 0.04188144] rho : 0.02 kappa : 0.5
       5              8         9.4881e-01      1.57e-03       7.38e+01       6.08e+04    
       6             12         9.4873e-01      7.32e-05       2.87e-01       4.90e+05    
fe :  [0.10322757 0.0360563 ] fo :  [0.05561134 0.01156073] delta :  [[0.11962179 0.08228616]
 [0.12106219 0.09133763]
 [0.11558756 0.06790385]
 [0.23395267 0.20041667]
 [0.20629847 0.15416564]
 [0.44597698 0.46899984]
 [0.05398105 0.01872025]
 [0.08597519 0.06249495]
 [0.43579629 0.4192951 ]
 [0.25296172 0.14635341]
 [0.16694415 0.08635819]
 [1.27998787 1.29161103]] nu :  [0.05305775 0.07883173] k : [1.2392668  1.30073864 1.04438013] theta : [5.9624753  3.42331145] sigma : [2.9        1.96935185] zeta : [0.00741939 0.04188144] rho : 0.02 kappa : 0.5
       7             13         9.4863e-01      1.03e-04       3.18e-02       1.53e+05    
       8             18         9.4863e-01      1.99e-06       1.98e-04       4.06e+03    
       9             20         9.4863e-01      9.19e-08       1.32e-05       4.32e+03    
      10             21         9.4863e-01      0.00e+00       0.00e+00       4.32e+03    
`xtol` termination condition is satisfied.
Function evaluations 21, initial cost 9.7312e-01, final cost 9.4863e-01, first-order optimality 4.32e+03.
fe :  [0.10322757 0.0360563 ] fo :  [0.05561134 0.01156073] delta :  [[0.11965444 0.08231433]
 [0.12108768 0.09135694]
 [0.11562934 0.06795919]
 [0.23398248 0.20044885]
 [0.20632833 0.15419255]
 [0.44600769 0.46903057]
 [0.05401767 0.01876087]
 [0.0860039  0.06250185]
 [0.43585861 0.41936072]
 [0.25302606 0.14641455]
 [0.16697773 0.08638476]
 [1.28002954 1.29165342]] nu :  [0.05307778 0.07889904] k : [1.2392668  1.30073864 1.04438013] theta : [5.9624753  3.42331145] sigma : [2.9        1.96935185] zeta : [0.00741939 0.04188144] rho : 0.02 kappa : 0.5
   Iteration     Total nfev        Cost      Cost reduction    Step norm     Optimality   
       0              1         9.4863e-01                                    4.93e+03    
       1             16         9.4863e-01      0.00e+00       0.00e+00       4.93e+03    
`xtol` termination condition is satisfied.
Function evaluations 16, initial cost 9.4863e-01, final cost 9.4863e-01, first-order optimality 4.93e+03.
   Iteration     Total nfev        Cost      Cost reduction    Step norm     Optimality   
       0              1         9.4863e-01                                    4.48e+03    
fe :  [0.10322757 0.0360563 ] fo :  [0.05561134 0.01156073] delta :  [[0.11934902 0.08226644]
 [0.12120146 0.09175125]
 [0.11568887 0.06830111]
 [0.23398428 0.20078472]
 [0.20625206 0.15462783]
 [0.44591767 0.46950337]
 [0.05418032 0.0189748 ]
 [0.08620757 0.06278432]
 [0.43612869 0.42052877]
 [0.25301282 0.14683408]
 [0.16696129 0.08671383]
 [1.28096806 1.29512356]] nu :  [0.05295745 0.07883969] k : [1.2392668  1.30073864 1.04438013] theta : [5.9624753  3.42331145] sigma : [2.9        1.96935185] zeta : [0.00741939 0.04188144] rho : 0.02 kappa : 0.5
       1              3         9.4755e-01      1.08e-03       3.24e+01       2.93e+05    
       2             10         9.4718e-01      3.64e-04       4.40e-03       4.19e+04    
fe :  [0.10322757 0.0360563 ] fo :  [0.05561134 0.01156073] delta :  [[0.12001236 0.08233169]
 [0.12190142 0.09249417]
 [0.11650235 0.06899819]
 [0.23504656 0.20182937]
 [0.20733469 0.15558235]
 [0.44708553 0.47062196]
 [0.05471261 0.01923914]
 [0.0869167  0.06337479]
 [0.43748403 0.42186766]
 [0.25434145 0.14799437]
 [0.16795513 0.08750991]
 [1.28194585 1.2960576 ]] nu :  [0.05312258 0.07892636] k : [1.2392668  1.30073864 1.04438013] theta : [5.9624753  3.42331145] sigma : [2.9        1.96935185] zeta : [0.00741939 0.04188144] rho : 0.02 kappa : 0.5
       3             13         9.4717e-01      9.05e-06       2.46e-04       2.17e+04    
       4             14         9.4717e-01      1.06e-06       2.09e-04       4.58e+03    
fe :  [0.10322757 0.0360563 ] fo :  [0.05561134 0.01156073] delta :  [[0.12001021 0.08237793]
 [0.12190048 0.09249311]
 [0.11650122 0.06899774]
 [0.23504649 0.20183556]
 [0.20734765 0.15558213]
 [0.44713126 0.47065997]
 [0.05471172 0.01923871]
 [0.08691545 0.06337404]
 [0.43758162 0.42196799]
 [0.25441876 0.14802798]
 [0.16795497 0.08750934]
 [1.28202163 1.29612547]] nu :  [0.05311506 0.07892426] k : [1.2392668  1.30073864 1.04438013] theta : [5.9624753  3.42331145] sigma : [2.9        1.96935185] zeta : [0.00741939 0.04188144] rho : 0.02 kappa : 0.5
       5             24         9.4717e-01      1.43e-10       2.93e-08       1.28e+03    
       6             25         9.4717e-01      1.21e-11       7.31e-09       1.10e+03    
fe :  [0.10322757 0.0360563 ] fo :  [0.05561134 0.01156073] delta :  [[0.12001021 0.08237793]
 [0.12190048 0.09249311]
 [0.11650122 0.06899774]
 [0.23504649 0.20183556]
 [0.20734765 0.15558213]
 [0.44713126 0.47065997]
 [0.05471172 0.01923871]
 [0.08691545 0.06337404]
 [0.43758162 0.42196799]
 [0.25441876 0.14802798]
 [0.16795497 0.08750934]
 [1.28202163 1.29612547]] nu :  [0.05311508 0.07892426] k : [1.2392668  1.30073864 1.04438013] theta : [5.9624753  3.42331145] sigma : [2.9        1.96935185] zeta : [0.00741939 0.04188144] rho : 0.02 kappa : 0.5
       7             26         9.4717e-01      1.46e-11       1.83e-09       9.68e+02    
`ftol` termination condition is satisfied.
Function evaluations 26, initial cost 9.4863e-01, final cost 9.4717e-01, first-order optimality 9.68e+02.
   Iteration     Total nfev        Cost      Cost reduction    Step norm     Optimality   
       0              1         9.4717e-01                                    1.72e-02    
       1             12         9.4714e-01      2.99e-05       8.26e-02       4.15e+05    
fe :  [0.10322757 0.0360563 ] fo :  [0.05561134 0.01156073] delta :  [[0.11960425 0.08223812]
 [0.12059071 0.09097825]
 [0.11556071 0.06812091]
 [0.23363535 0.20028979]
 [0.20606953 0.15407279]
 [0.44504268 0.46769282]
 [0.05394837 0.01875677]
 [0.08571301 0.06249194]
 [0.4355288  0.41973416]
 [0.25291474 0.14650316]
 [0.16677629 0.08641722]
 [1.27856651 1.29201493]] nu :  [0.05306678 0.07892223] k : [1.2392668  1.30073864 1.04438013] theta : [5.9624753  3.42331145] sigma : [2.9        1.96935185] zeta : [0.00741939 0.04188144] rho : 0.02 kappa : 0.5
       2             14         9.4711e-01      3.61e-05       4.93e-03       2.39e+04    
       3             16         9.4710e-01      8.14e-07       3.43e-04       1.67e+04    
fe :  [0.10322757 0.0360563 ] fo :  [0.05561134 0.01156073] delta :  [[0.11965718 0.08228235]
 [0.12070995 0.0910724 ]
 [0.11560778 0.06817823]
 [0.23368926 0.20034508]
 [0.20611976 0.15411896]
 [0.44510745 0.46775968]
 [0.0539832  0.01878556]
 [0.08579179 0.06249196]
 [0.4356337  0.41983943]
 [0.25301306 0.14659137]
 [0.1668309  0.08644636]
 [1.27864087 1.29208715]] nu :  [0.05306737 0.0789789 ] k : [1.2392668  1.30073864 1.04438013] theta : [5.9624753  3.42331145] sigma : [2.9        1.96935185] zeta : [0.00741939 0.04188144] rho : 0.02 kappa : 0.5
       4             20         9.4710e-01      5.83e-09       1.30e-06       6.49e+02    
       5             21         9.4710e-01      1.69e-08       1.83e-06       4.83e-01    
fe :  [0.10322757 0.0360563 ] fo :  [0.05561134 0.01156073] delta :  [[0.11965721 0.08228237]
 [0.12071004 0.09107247]
 [0.11560782 0.06817828]
 [0.2336893  0.20034512]
 [0.20611981 0.154119  ]
 [0.44510751 0.46775974]
 [0.05398323 0.01878558]
 [0.08579185 0.06249196]
 [0.43563379 0.41983952]
 [0.25301314 0.14659144]
 [0.16683095 0.08644638]
 [1.27864093 1.29208721]] nu :  [0.05306796 0.07897908] k : [1.2392668  1.30073864 1.04438013] theta : [5.9624753  3.42331145] sigma : [2.9        1.96935185] zeta : [0.00741939 0.04188144] rho : 0.02 kappa : 0.5
       6             30         9.4710e-01      1.55e-11       1.93e-11       3.79e-01    
`ftol` termination condition is satisfied.
Function evaluations 30, initial cost 9.4717e-01, final cost 9.4710e-01, first-order optimality 3.79e-01.
   Iteration     Total nfev        Cost      Cost reduction    Step norm     Optimality   
       0              1         9.4710e-01                                    1.74e-02    
fe :  [0.10322757 0.0360563 ] fo :  [0.05561134 0.01156073] delta :  [[0.11945422 0.08213174]
 [0.12042399 0.09078465]
 [0.11521221 0.06786219]
 [0.23296275 0.19962919]
 [0.20545673 0.15352144]
 [0.44379316 0.46627685]
 [0.05376024 0.01867695]
 [0.0855382  0.06216886]
 [0.43476355 0.4189449 ]
 [0.25245533 0.14619033]
 [0.16630261 0.08604347]
 [1.27657685 1.28992483]] nu :  [0.05304331 0.07890284] k : [1.2392668  1.30073864 1.04438013] theta : [5.9624753  3.42331145] sigma : [2.9        1.96935185] zeta : [0.00741939 0.04188144] rho : 0.02 kappa : 0.5
       1             13         9.4708e-01      2.52e-05       2.34e-02       1.25e+05    
       2             16         9.4707e-01      7.39e-06       3.97e-04       1.40e+04    
       3             18         9.4707e-01      9.76e-08       8.81e-05       2.56e+03    
fe :  [0.10322757 0.0360563 ] fo :  [0.05561134 0.01156073] delta :  [[0.11953805 0.08217967]
 [0.12054755 0.09089221]
 [0.11533834 0.06800536]
 [0.23308429 0.19973629]
 [0.20557201 0.15361368]
 [0.44392305 0.46639763]
 [0.0537988  0.01868852]
 [0.08563957 0.06226227]
 [0.43485274 0.41902798]
 [0.25253452 0.14626186]
 [0.16640657 0.08611554]
 [1.27669347 1.29003645]] nu :  [0.05307328 0.07900662] k : [1.2392668  1.30073864 1.04438013] theta : [5.9624753  3.42331145] sigma : [2.9        1.96935185] zeta : [0.00741939 0.04188144] rho : 0.02 kappa : 0.5
       4             19         9.4707e-01      1.80e-07       2.56e-05       9.82e+03    
       5             20         9.4707e-01      8.73e-09       1.32e-05       8.35e-03    
fe :  [0.10322757 0.0360563 ] fo :  [0.05561134 0.01156073] delta :  [[0.1195393  0.08218045]
 [0.12054872 0.09089334]
 [0.11533945 0.06800665]
 [0.23308548 0.19973741]
 [0.20557317 0.15361474]
 [0.44392427 0.4663988 ]
 [0.05379962 0.01868918]
 [0.08564066 0.06226335]
 [0.43485375 0.41902896]
 [0.25253551 0.14626282]
 [0.16640769 0.08611651]
 [1.27669457 1.29003749]] nu :  [0.0530801 0.0790146] k : [1.2392668  1.30073864 1.04438013] theta : [5.9624753  3.42331145] sigma : [2.9        1.96935185] zeta : [0.00741939 0.04188144] rho : 0.02 kappa : 0.5
       6             21         9.4707e-01      1.11e-08       5.13e-07       4.80e-01    
       7             26         9.4707e-01      2.98e-11       9.13e-09       1.70e-01    
fe :  [0.10322757 0.0360563 ] fo :  [0.05561134 0.01156073] delta :  [[0.11953931 0.08218045]
 [0.12054872 0.09089334]
 [0.11533945 0.06800665]
 [0.23308548 0.19973741]
 [0.20557317 0.15361474]
 [0.44392427 0.4663988 ]
 [0.05379962 0.01868918]
 [0.08564066 0.06226335]
 [0.43485376 0.41902896]
 [0.25253551 0.14626282]
 [0.16640769 0.08611651]
 [1.27669457 1.29003749]] nu :  [0.0530801 0.0790146] k : [1.2392668  1.30073864 1.04438013] theta : [5.9624753  3.42331145] sigma : [2.9        1.96935185] zeta : [0.00741939 0.04188144] rho : 0.02 kappa : 0.5
       8             27         9.4707e-01      3.53e-10       1.67e-09       2.30e-02    
`ftol` termination condition is satisfied.
Function evaluations 27, initial cost 9.4710e-01, final cost 9.4707e-01, first-order optimality 2.30e-02.
  [cd_nu] DONE  obj=1.3763  status=successful  -> calibration_results_matched_economy/baseline_2002_variations/pre_trips_tries/cd_nu/

========================================================================
  label: cd_all
  seed: 8.8
  fix_delta: False
  calib_parameters: ['delta', 'T', 'eta', 'fe', 'fo', 'nu']
  delta_free_by_sector: [0, 12, 12]
  fe_free: 2
  fo_free: 2
  nu_free: 2
  moments: ['SPFLOW', 'DOMPATINUS', 'OUT', 'RD', 'RP', 'SRGDP', 'UUPCOSTS', 'RDPHARMACHEM', 'TOPATENT', 'TOPHARMACHEM']
  weights: {'SPFLOW': 1, 'DOMPATINUS': 1, 'OUT': 5, 'RD': 10, 'RP': 1, 'SRGDP': 1, 'UUPCOSTS': 1, 'RDPHARMACHEM': 1, 'TOPATENT': 5, 'TOPHARMACHEM': 5}
  r_hjort_recomputed_for_1992: True
  [cd_all] initial solve: successful | obj=5.0713
fe :  [0.10322757 0.0360563 ] fo :  [0.05561134 0.01156073] delta :  [[0.08793932 0.08793932]
 [0.10601833 0.10601833]
 [0.11316564 0.11316564]
 [0.16194812 0.16194812]
 [0.17779985 0.17779985]
 [0.24150643 0.24150643]
 [0.07481053 0.07481053]
 [0.07801511 0.07801511]
 [0.24365702 0.24365702]
 [0.20480966 0.20480966]
 [0.18760604 0.18760604]
 [1.58447318 1.58447318]] nu :  [0.06367108 0.11917209] k : [1.2392668  1.30073864 1.04438013] theta : [5.9624753  3.42331145] sigma : [2.9        1.96935185] zeta : [0.00741939 0.04188144] rho : 0.02 kappa : 0.5
   Iteration     Total nfev        Cost      Cost reduction    Step norm     Optimality   
       0              1         1.2859e+01                                    7.19e+07    
       1              2         8.6282e+00      4.23e+00       4.54e-03       3.70e+07    
fe :  [0.10322757 0.0360563 ] fo :  [0.05561134 0.01156073] delta :  [[0.08793932 0.08793932]
 [0.10601833 0.10601833]
 [0.11316564 0.11316564]
 [0.16194812 0.16194812]
 [0.17779985 0.17779985]
 [0.24150643 0.24150643]
 [0.07481053 0.07481053]
 [0.07801511 0.07801511]
 [0.24365702 0.24365704]
 [0.20480966 0.20480966]
 [0.18760604 0.18760604]
 [1.58447318 1.58447318]] nu :  [0.06367108 0.11917209] k : [1.2392668  1.30073864 1.04438013] theta : [5.9624753  3.42331145] sigma : [2.9        1.96935185] zeta : [0.00741939 0.04188144] rho : 0.02 kappa : 0.5
       2              3         5.7187e+00      2.91e+00       8.30e-03       1.34e+07    
       3              4         2.2757e+00      3.44e+00       1.52e+04       1.25e+06    
fe :  [0.0705897  0.04368925] fo :  [0.04532369 0.01239038] delta :  [[0.11717238 0.08542   ]
 [0.11389532 0.1167588 ]
 [0.11536828 0.09994399]
 [0.2484391  0.2387615 ]
 [0.25452838 0.1969704 ]
 [0.45978404 0.50247848]
 [0.0721601  0.04314932]
 [0.10021056 0.08465821]
 [0.45138092 0.46723802]
 [0.31094852 0.18674119]
 [0.21936669 0.13579606]
 [1.55451031 1.65016605]] nu :  [0.05961031 0.114529  ] k : [1.2392668  1.30073864 1.04438013] theta : [5.9624753  3.42331145] sigma : [2.9        1.96935185] zeta : [0.00741939 0.04188144] rho : 0.02 kappa : 0.5
       4              5         2.1762e+00      9.95e-02       1.35e+04       1.51e+06    
       5              6         1.2144e+00      9.62e-01       1.57e+04       1.46e+06    
fe :  [0.08930887 0.04063422] fo :  [0.04075902 0.01830328] delta :  [[0.12415233 0.08190266]
 [0.1397165  0.11867683]
 [0.12785964 0.08509442]
 [0.24956103 0.23334329]
 [0.22700545 0.19331578]
 [0.48384595 0.55237891]
 [0.06344646 0.02650602]
 [0.09582931 0.07398309]
 [0.47444536 0.50020816]
 [0.27429436 0.21883735]
 [0.18341763 0.11070935]
 [1.3802458  1.50639036]] nu :  [0.05126494 0.08131567] k : [1.2392668  1.30073864 1.04438013] theta : [5.9624753  3.42331145] sigma : [2.9        1.96935185] zeta : [0.00741939 0.04188144] rho : 0.02 kappa : 0.5
       6              7         1.0999e+00      1.14e-01       3.79e+03       1.64e+06    
       7              8         1.0439e+00      5.60e-02       1.25e+04       3.74e+06    
fe :  [0.16621926 0.03885942] fo :  [0.06639211 0.01780572] delta :  [[0.11850458 0.10483305]
 [0.11665303 0.12540885]
 [0.11135627 0.10093971]
 [0.22426753 0.25445481]
 [0.19817405 0.20217188]
 [0.43345303 0.57203526]
 [0.05015108 0.03493389]
 [0.08124996 0.09248037]
 [0.42153189 0.51400005]
 [0.24328763 0.19396216]
 [0.15925007 0.11758409]
 [1.26599464 1.5837899 ]] nu :  [0.05229305 0.06366966] k : [1.2392668  1.30073864 1.04438013] theta : [5.9624753  3.42331145] sigma : [2.9        1.96935185] zeta : [0.00741939 0.04188144] rho : 0.02 kappa : 0.5
       8              9         9.7693e-01      6.70e-02       1.34e+04       3.54e+06    
       9             10         9.7560e-01      1.33e-03       2.17e+02       3.48e+06    
fe :  [0.16621991 0.03885638] fo :  [0.0664194  0.01780411] delta :  [[0.11849773 0.1048359 ]
 [0.11663853 0.12539135]
 [0.11134184 0.1009074 ]
 [0.22423957 0.25441604]
 [0.19814982 0.2021247 ]
 [0.43342803 0.57199445]
 [0.05014437 0.03493199]
 [0.08123617 0.09246365]
 [0.42150229 0.51393184]
 [0.24326937 0.19397099]
 [0.15922789 0.11757112]
 [1.26589821 1.58355859]] nu :  [0.05229207 0.06365461] k : [1.2392668  1.30073864 1.04438013] theta : [5.9624753  3.42331145] sigma : [2.9        1.96935185] zeta : [0.00741939 0.04188144] rho : 0.02 kappa : 0.5
      10             11         9.7548e-01      1.19e-04       5.75e-06       1.00e+06    
`xtol` termination condition is satisfied.
Function evaluations 11, initial cost 1.2859e+01, final cost 9.7548e-01, first-order optimality 1.00e+06.
   Iteration     Total nfev        Cost      Cost reduction    Step norm     Optimality   
       0              1         9.7548e-01                                    9.94e+05    
       1              2         9.7533e-01      1.45e-04       1.71e-05       6.32e+05    
fe :  [0.16717215 0.03563475] fo :  [0.07255802 0.01736676] delta :  [[0.11473098 0.10289087]
 [0.10570187 0.11229437]
 [0.1015185  0.09122472]
 [0.20937154 0.2353718 ]
 [0.18506925 0.18861599]
 [0.40767822 0.53096728]
 [0.04345114 0.02956108]
 [0.07321443 0.08350274]
 [0.39581982 0.47563669]
 [0.22791153 0.17985928]
 [0.14775071 0.10560184]
 [1.19078504 1.48395325]] nu :  [0.05333874 0.06309508] k : [1.2392668  1.30073864 1.04438013] theta : [5.9624753  3.42331145] sigma : [2.9        1.96935185] zeta : [0.00741939 0.04188144] rho : 0.02 kappa : 0.5
       2             12         9.7016e-01      5.18e-03       6.97e-01       2.24e+06    
       3             16         9.6989e-01      2.69e-04       9.43e-03       8.11e+04    
fe :  [0.16484178 0.03545116] fo :  [0.07838824 0.01661982] delta :  [[0.11418166 0.10392377]
 [0.11198111 0.1122841 ]
 [0.10192872 0.09167384]
 [0.20983926 0.23535502]
 [0.18621774 0.18853445]
 [0.40809303 0.53093522]
 [0.04419553 0.02955154]
 [0.0739482  0.08377627]
 [0.39631406 0.47562716]
 [0.22842083 0.17977103]
 [0.14838783 0.10862537]
 [1.19077056 1.48375304]] nu :  [0.05342608 0.06307442] k : [1.2392668  1.30073864 1.04438013] theta : [5.9624753  3.42331145] sigma : [2.9        1.96935185] zeta : [0.00741939 0.04188144] rho : 0.02 kappa : 0.5
       4             17         9.6968e-01      2.10e-04       1.59e-03       7.26e+03    
       5             18         9.6941e-01      2.64e-04       7.93e-03       3.30e+04    
fe :  [0.1705767  0.03682623] fo :  [0.07835083 0.01649831] delta :  [[0.11403601 0.10471999]
 [0.11178284 0.11363991]
 [0.10330623 0.09343446]
 [0.21196321 0.23724751]
 [0.18804805 0.18853283]
 [0.41101121 0.53296245]
 [0.04470242 0.02995911]
 [0.07484898 0.08531872]
 [0.39935537 0.47781208]
 [0.23077456 0.17976265]
 [0.15028484 0.11108598]
 [1.19246154 1.48411683]] nu :  [0.05332667 0.06297516] k : [1.2392668  1.30073864 1.04438013] theta : [5.9624753  3.42331145] sigma : [2.9        1.96935185] zeta : [0.00741939 0.04188144] rho : 0.02 kappa : 0.5
       6             19         9.6928e-01      1.31e-04       4.22e-03       8.43e+03    
       7             20         9.6920e-01      8.36e-05       3.97e-03       6.07e+03    
fe :  [0.1705476  0.03679884] fo :  [0.0782964  0.01647999] delta :  [[0.11388441 0.10466983]
 [0.11149604 0.11433337]
 [0.10408044 0.09378188]
 [0.21322128 0.23867429]
 [0.18904389 0.18873448]
 [0.41409919 0.53572125]
 [0.04525876 0.03022915]
 [0.07548983 0.08600007]
 [0.40242538 0.48060072]
 [0.23224806 0.17975632]
 [0.15112021 0.11178392]
 [1.19488604 1.48429918]] nu :  [0.05330908 0.06274991] k : [1.2392668  1.30073864 1.04438013] theta : [5.9624753  3.42331145] sigma : [2.9        1.96935185] zeta : [0.00741939 0.04188144] rho : 0.02 kappa : 0.5
       8             21         9.6913e-01      7.20e-05       3.39e-03       7.91e+03    
       9             22         9.6908e-01      4.95e-05       3.99e-03       1.27e+04    
fe :  [0.17095301 0.03676285] fo :  [0.07827119 0.01646233] delta :  [[0.11384699 0.10507025]
 [0.11133793 0.1155321 ]
 [0.104807   0.09490964]
 [0.21440353 0.24049538]
 [0.19009437 0.19002518]
 [0.41669468 0.53902486]
 [0.04580883 0.0309414 ]
 [0.07608019 0.08698684]
 [0.40492774 0.48380683]
 [0.2335283  0.18084359]
 [0.15198753 0.11284738]
 [1.1978381  1.485099  ]] nu :  [0.05328158 0.06255973] k : [1.2392668  1.30073864 1.04438013] theta : [5.9624753  3.42331145] sigma : [2.9        1.96935185] zeta : [0.00741939 0.04188144] rho : 0.02 kappa : 0.5
      10             23         9.6904e-01      4.02e-05       3.96e-03       2.15e+03    
      11             24         9.6901e-01      3.18e-05       3.54e-03       8.20e+02    
      12             25         9.6899e-01      1.60e-05       3.47e-03       6.87e+03    
fe :  [0.17084986 0.03665493] fo :  [0.07818528 0.01643024] delta :  [[0.11376456 0.10503041]
 [0.11110853 0.11573766]
 [0.1049019  0.09511632]
 [0.21448014 0.24091523]
 [0.19014686 0.19028883]
 [0.41732784 0.54048546]
 [0.04591938 0.03093256]
 [0.07604102 0.08713383]
 [0.4055     0.48516134]
 [0.23360897 0.1810235 ]
 [0.15200179 0.11299408]
 [1.19915161 1.48491729]] nu :  [0.05326225 0.0623132 ] k : [1.2392668  1.30073864 1.04438013] theta : [5.9624753  3.42331145] sigma : [2.9        1.96935185] zeta : [0.00741939 0.04188144] rho : 0.02 kappa : 0.5
      13             26         9.6898e-01      9.53e-06       7.82e-04       4.07e+02    
      14             27         9.6897e-01      8.41e-06       8.15e-04       2.81e+03    
fe :  [0.17147289 0.03663047] fo :  [0.07816986 0.01642349] delta :  [[0.11390791 0.10530055]
 [0.11106079 0.11594972]
 [0.10499969 0.09533567]
 [0.21462249 0.24113715]
 [0.19028699 0.19051786]
 [0.41753904 0.54079749]
 [0.04597898 0.03115005]
 [0.07617151 0.08733191]
 [0.40570216 0.48546062]
 [0.23375948 0.1812278 ]
 [0.15213438 0.11319075]
 [1.1994102  1.48496208]] nu :  [0.05329874 0.06226067] k : [1.2392668  1.30073864 1.04438013] theta : [5.9624753  3.42331145] sigma : [2.9        1.96935185] zeta : [0.00741939 0.04188144] rho : 0.02 kappa : 0.5
      15             28         9.6896e-01      8.64e-06       1.24e-03       9.15e+03    
      16             29         9.6896e-01      2.76e-06       1.95e-04       2.87e-02    
fe :  [0.17146612 0.03662488] fo :  [0.07816529 0.01642072] delta :  [[0.1139053  0.10531004]
 [0.11104489 0.11594715]
 [0.10499601 0.09533379]
 [0.21461694 0.24115633]
 [0.19028184 0.19053811]
 [0.4175646  0.54089765]
 [0.04597728 0.03115566]
 [0.0761693  0.08733003]
 [0.4057218  0.48554939]
 [0.23375377 0.18122806]
 [0.15212995 0.11318833]
 [1.19951559 1.48496414]] nu :  [0.05329509 0.06223672] k : [1.2392668  1.30073864 1.04438013] theta : [5.9624753  3.42331145] sigma : [2.9        1.96935185] zeta : [0.00741939 0.04188144] rho : 0.02 kappa : 0.5
      17             30         9.6896e-01      2.81e-06       1.59e-04       1.47e+03    
      18             31         9.6895e-01      4.49e-06       5.19e-04       1.28e+04    
fe :  [0.17155634 0.0366196 ] fo :  [0.07816329 0.01641817] delta :  [[0.11393932 0.10551711]
 [0.11103384 0.11609919]
 [0.10503862 0.09550425]
 [0.21472107 0.2413903 ]
 [0.19037424 0.19076527]
 [0.41780242 0.54131434]
 [0.04599117 0.03126618]
 [0.07622986 0.08747819]
 [0.40594532 0.4859414 ]
 [0.23387021 0.18141955]
 [0.15220149 0.11334567]
 [1.19989832 1.48511654]] nu :  [0.05329314 0.06221392] k : [1.2392668  1.30073864 1.04438013] theta : [5.9624753  3.42331145] sigma : [2.9        1.96935185] zeta : [0.00741939 0.04188144] rho : 0.02 kappa : 0.5
      19             32         9.6895e-01      3.45e-06       4.87e-04       2.53e+03    
      20             33         9.6895e-01      3.85e-06       4.04e-04       4.21e+02    
fe :  [0.17162207 0.03660927] fo :  [0.0781584  0.01641391] delta :  [[0.11393819 0.10555822]
 [0.11101531 0.11615328]
 [0.10503765 0.09556253]
 [0.21473259 0.2415321 ]
 [0.19037934 0.19089146]
 [0.41795056 0.54174758]
 [0.04600142 0.03129618]
 [0.0762282  0.08752362]
 [0.40608096 0.48634318]
 [0.23388793 0.18149147]
 [0.15220055 0.11340001]
 [1.20034236 1.48524358]] nu :  [0.05329035 0.06217905] k : [1.2392668  1.30073864 1.04438013] theta : [5.9624753  3.42331145] sigma : [2.9        1.96935185] zeta : [0.00741939 0.04188144] rho : 0.02 kappa : 0.5
      21             34         9.6894e-01      5.08e-06       4.60e-04       8.16e+02    
      22             35         9.6894e-01      3.11e-06       4.60e-04       8.66e+02    
      23             36         9.6893e-01      4.52e-06       3.35e-04       1.13e+03    
fe :  [0.17166727 0.03658981] fo :  [0.07814852 0.01640674] delta :  [[0.11393371 0.10560225]
 [0.11098435 0.11621808]
 [0.1050344  0.09563375]
 [0.21473336 0.24166486]
 [0.19037296 0.19100712]
 [0.41807834 0.54217207]
 [0.04601292 0.0313081 ]
 [0.07622278 0.08751974]
 [0.40620456 0.48672869]
 [0.23389912 0.18155997]
 [0.15220534 0.11347488]
 [1.20112477 1.48552097]] nu :  [0.05328752 0.06212472] k : [1.2392668  1.30073864 1.04438013] theta : [5.9624753  3.42331145] sigma : [2.9        1.96935185] zeta : [0.00741939 0.04188144] rho : 0.02 kappa : 0.5
      24             37         9.6893e-01      3.62e-06       4.49e-04       1.16e+03    
      25             38         9.6893e-01      1.46e-06       6.35e-04       1.90e+03    
fe :  [0.1720145  0.03658862] fo :  [0.07814767 0.01640554] delta :  [[0.1139971  0.10570989]
 [0.11097983 0.11633384]
 [0.10509261 0.09574924]
 [0.21481218 0.24180348]
 [0.19045048 0.19114109]
 [0.41819625 0.54239326]
 [0.04605729 0.03139928]
 [0.07625141 0.08761335]
 [0.40631942 0.48694061]
 [0.2339839  0.18167838]
 [0.15228254 0.11359322]
 [1.20137606 1.48565838]] nu :  [0.05329924 0.06211302] k : [1.2392668  1.30073864 1.04438013] theta : [5.9624753  3.42331145] sigma : [2.9        1.96935185] zeta : [0.00741939 0.04188144] rho : 0.02 kappa : 0.5
      26             39         9.6893e-01      8.73e-07       1.03e-04       6.40e+02    
      27             40         9.6893e-01      6.98e-07       1.28e-04       3.54e+03    
fe :  [0.17201411 0.03658801] fo :  [0.07814727 0.01640513] delta :  [[0.11400427 0.10573056]
 [0.11097825 0.11635777]
 [0.10510082 0.09577384]
 [0.21482651 0.24183393]
 [0.19046415 0.19117051]
 [0.41822258 0.54245138]
 [0.0460636  0.03141523]
 [0.07625127 0.08763119]
 [0.40634516 0.48699567]
 [0.23400019 0.18170443]
 [0.15229597 0.1136186 ]
 [1.20144727 1.48569495]] nu :  [0.05329894 0.06210914] k : [1.2392668  1.30073864 1.04438013] theta : [5.9624753  3.42331145] sigma : [2.9        1.96935185] zeta : [0.00741939 0.04188144] rho : 0.02 kappa : 0.5
      28             41         9.6893e-01      2.36e-07       2.40e-05       3.94e-02    
      29             42         9.6893e-01      2.34e-07       2.48e-05       4.29e-02    
fe :  [0.1720124  0.03658737] fo :  [0.07814638 0.01640476] delta :  [[0.11400325 0.10572971]
 [0.11097644 0.11635687]
 [0.10509987 0.0957731 ]
 [0.21482468 0.24183219]
 [0.19046252 0.19116912]
 [0.41821945 0.54244833]
 [0.04606318 0.03141496]
 [0.07625052 0.08763047]
 [0.40634211 0.48699284]
 [0.23399824 0.18170306]
 [0.15229466 0.11361774]
 [1.20144353 1.48568946]] nu :  [0.05329834 0.06210658] k : [1.2392668  1.30073864 1.04438013] theta : [5.9624753  3.42331145] sigma : [2.9        1.96935185] zeta : [0.00741939 0.04188144] rho : 0.02 kappa : 0.5
      30             43         9.6893e-01      2.09e-07       2.53e-05       3.04e+02    
      31             44         9.6893e-01      2.66e-07       2.19e-05       7.44e+02    
fe :  [0.17201196 0.03658695] fo :  [0.07814604 0.0164045 ] delta :  [[0.11400419 0.10573389]
 [0.11097539 0.11636219]
 [0.10510078 0.09577859]
 [0.21482717 0.24183935]
 [0.19046485 0.19117604]
 [0.41822539 0.54246778]
 [0.0460638  0.03141803]
 [0.07625034 0.08763402]
 [0.40634788 0.48701051]
 [0.23400129 0.18170896]
 [0.15229694 0.11362343]
 [1.20147359 1.48570208]] nu :  [0.05329813 0.06210431] k : [1.2392668  1.30073864 1.04438013] theta : [5.9624753  3.42331145] sigma : [2.9        1.96935185] zeta : [0.00741939 0.04188144] rho : 0.02 kappa : 0.5
      32             45         9.6892e-01      2.01e-07       3.12e-05       2.02e+02    
      33             46         9.6892e-01      6.34e-08       5.69e-06       1.56e+02    
`xtol` termination condition is satisfied.
Function evaluations 46, initial cost 9.7548e-01, final cost 9.6892e-01, first-order optimality 1.56e+02.
   Iteration     Total nfev        Cost      Cost reduction    Step norm     Optimality   
       0              1         9.6892e-01                                    6.34e+02    
fe :  [0.05469293 0.00864804] fo :  [0.03347983 0.00405619] delta :  [[0.12569826 0.10916759]
 [0.12255101 0.11934714]
 [0.1177896  0.09964509]
 [0.23355846 0.24598637]
 [0.20800108 0.19227864]
 [0.44922879 0.55013727]
 [0.0545217  0.03336297]
 [0.0865452  0.09134059]
 [0.43601483 0.49273117]
 [0.25345645 0.18434821]
 [0.16731301 0.11931171]
 [1.28799631 1.49729   ]] nu :  [0.05318996 0.05927795] k : [1.2392668  1.30073864 1.04438013] theta : [5.9624753  3.42331145] sigma : [2.9        1.96935185] zeta : [0.00741939 0.04188144] rho : 0.02 kappa : 0.5
       1              6         9.6846e-01      4.66e-04       1.31e-01       3.98e+05    
       2              7         9.6710e-01      1.36e-03       4.49e-02       2.44e+05    
fe :  [0.16898266 0.0267041 ] fo :  [0.0774682  0.00919695] delta :  [[0.11507043 0.13096791]
 [0.11122879 0.13612809]
 [0.10599593 0.11498253]
 [0.21560345 0.27278106]
 [0.19174172 0.21688873]
 [0.42186818 0.60188435]
 [0.04678696 0.04207487]
 [0.07703242 0.10649079]
 [0.40908259 0.54043635]
 [0.23541575 0.20635752]
 [0.15319599 0.13202537]
 [1.22499005 1.60350003]] nu :  [0.05345826 0.05479059] k : [1.2392668  1.30073864 1.04438013] theta : [5.9624753  3.42331145] sigma : [2.9        1.96935185] zeta : [0.00741939 0.04188144] rho : 0.02 kappa : 0.5
       3              8         9.6624e-01      8.60e-04       4.09e-02       1.49e+05    
       4              9         9.6567e-01      5.69e-04       8.65e-02       4.02e+05    
fe :  [0.16362023 0.02245074] fo :  [0.07621862 0.00736336] delta :  [[0.11552406 0.144369  ]
 [0.11138105 0.14856976]
 [0.10625108 0.12726387]
 [0.2166389  0.29257988]
 [0.19280292 0.23400829]
 [0.42384618 0.63651423]
 [0.04686967 0.04827599]
 [0.07708832 0.11814   ]
 [0.41085486 0.57293478]
 [0.23649082 0.22312051]
 [0.15369353 0.14658044]
 [1.22810929 1.67059693]] nu :  [0.05350259 0.05285255] k : [1.2392668  1.30073864 1.04438013] theta : [5.9624753  3.42331145] sigma : [2.9        1.96935185] zeta : [0.00741939 0.04188144] rho : 0.02 kappa : 0.5
       5             11         9.6551e-01      1.61e-04       5.24e-02       2.26e+05    
       6             12         9.6526e-01      2.52e-04       1.17e-02       2.60e+04    
fe :  [0.16193199 0.02194796] fo :  [0.07570361 0.00753089] delta :  [[0.11536577 0.14346828]
 [0.11098274 0.14750114]
 [0.10594371 0.12657769]
 [0.21546504 0.29132022]
 [0.19177695 0.23317537]
 [0.42165419 0.63437032]
 [0.04670867 0.04807685]
 [0.07680147 0.11738193]
 [0.40858892 0.57067032]
 [0.23522548 0.2218246 ]
 [0.1528038  0.14570027]
 [1.22218616 1.67210859]] nu :  [0.05351258 0.05225597] k : [1.2392668  1.30073864 1.04438013] theta : [5.9624753  3.42331145] sigma : [2.9        1.96935185] zeta : [0.00741939 0.04188144] rho : 0.02 kappa : 0.5
       7             13         9.6518e-01      8.03e-05       2.55e-02       3.56e+04    
       8             15         9.6518e-01      4.74e-07       1.68e-03       1.10e+04    
fe :  [0.1619144 0.0219424] fo :  [0.07569829 0.00746216] delta :  [[0.11554203 0.14388375]
 [0.1112006  0.14750211]
 [0.10621948 0.12677058]
 [0.21576085 0.29171791]
 [0.19205552 0.23374195]
 [0.42202618 0.63510155]
 [0.04683079 0.04820849]
 [0.07700724 0.11755852]
 [0.40892468 0.57129706]
 [0.23554917 0.22182843]
 [0.15297301 0.14585561]
 [1.22225483 1.67286293]] nu :  [0.05352399 0.05224669] k : [1.2392668  1.30073864 1.04438013] theta : [5.9624753  3.42331145] sigma : [2.9        1.96935185] zeta : [0.00741939 0.04188144] rho : 0.02 kappa : 0.5
       9             17         9.6518e-01      3.05e-07       1.02e-04       5.00e+02    
      10             21         9.6518e-01      0.00e+00       0.00e+00       5.00e+02    
`xtol` termination condition is satisfied.
Function evaluations 21, initial cost 9.6892e-01, final cost 9.6518e-01, first-order optimality 5.00e+02.
   Iteration     Total nfev        Cost      Cost reduction    Step norm     Optimality   
       0              1         9.6518e-01                                    6.69e+01    
fe :  [0.15517761 0.01848497] fo :  [0.07388243 0.0060311 ] delta :  [[0.11644827 0.15431885]
 [0.11182352 0.15995252]
 [0.1067904  0.13895768]
 [0.21727172 0.30936157]
 [0.19306809 0.25029022]
 [0.42384612 0.67192602]
 [0.04734646 0.05409188]
 [0.07767943 0.12922831]
 [0.41044854 0.60377649]
 [0.23667089 0.23673809]
 [0.15386125 0.15865184]
 [1.22610615 1.76215163]] nu :  [0.05345764 0.0510148 ] k : [1.2392668  1.30073864 1.04438013] theta : [5.9624753  3.42331145] sigma : [2.9        1.96935185] zeta : [0.00741939 0.04188144] rho : 0.02 kappa : 0.5
       1              3         9.5818e-01      7.00e-03       2.11e+03       1.23e+06    
       2             12         9.5772e-01      4.63e-04       9.95e-02       1.18e+05    
fe :  [0.15163433 0.01796191] fo :  [0.07078871 0.00630824] delta :  [[0.11691809 0.15674706]
 [0.11223531 0.16050328]
 [0.10716605 0.13905365]
 [0.21730828 0.31341742]
 [0.19330675 0.25246418]
 [0.42464295 0.67413651]
 [0.04673539 0.05537973]
 [0.07792617 0.12994305]
 [0.41131047 0.60651712]
 [0.23726864 0.23903926]
 [0.15420086 0.15928768]
 [1.21963475 1.76207594]] nu :  [0.0534708  0.05074218] k : [1.2392668  1.30073864 1.04438013] theta : [5.9624753  3.42331145] sigma : [2.9        1.96935185] zeta : [0.00741939 0.04188144] rho : 0.02 kappa : 0.5
       3             14         9.5768e-01      3.22e-05       2.44e-02       7.43e+05    
       4             16         9.5765e-01      3.79e-05       1.56e-03       1.46e+04    
       5             17         9.5764e-01      5.04e-06       1.46e-03       4.68e+03    
fe :  [0.15159372 0.01795259] fo :  [0.07096057 0.00630571] delta :  [[0.11699218 0.15710821]
 [0.112355   0.16069662]
 [0.10739983 0.13917668]
 [0.21753689 0.31394046]
 [0.19363233 0.25278852]
 [0.4250102  0.67526385]
 [0.04748948 0.05554444]
 [0.0780874  0.13006683]
 [0.41156562 0.60720384]
 [0.23747548 0.23955904]
 [0.15448384 0.15960984]
 [1.22056017 1.76347   ]] nu :  [0.05351071 0.05080431] k : [1.2392668  1.30073864 1.04438013] theta : [5.9624753  3.42331145] sigma : [2.9        1.96935185] zeta : [0.00741939 0.04188144] rho : 0.02 kappa : 0.5
       6             36         9.5764e-01      0.00e+00       0.00e+00       4.68e+03    
`xtol` termination condition is satisfied.
Function evaluations 36, initial cost 9.6518e-01, final cost 9.5764e-01, first-order optimality 4.68e+03.
   Iteration     Total nfev        Cost      Cost reduction    Step norm     Optimality   
       0              1         9.5764e-01                                    5.51e+03    
fe :  [0.15159373 0.01795259] fo :  [0.0709606  0.00630571] delta :  [[0.11699218 0.15710821]
 [0.112355   0.16069662]
 [0.10739983 0.13917668]
 [0.21753689 0.31394046]
 [0.19363233 0.25278852]
 [0.4250102  0.67526385]
 [0.04748948 0.05554444]
 [0.0780874  0.13006683]
 [0.41156562 0.60720384]
 [0.23747548 0.23955904]
 [0.15448384 0.15960984]
 [1.22056017 1.76347   ]] nu :  [0.05351071 0.05080431] k : [1.2392668  1.30073864 1.04438013] theta : [5.9624753  3.42331145] sigma : [2.9        1.96935185] zeta : [0.00741939 0.04188144] rho : 0.02 kappa : 0.5
       1             20         9.5764e-01      5.31e-10       1.69e-07       6.90e+02    
       2             21         9.5764e-01      9.62e-11       4.22e-08       4.21e-02    
       3             24         9.5764e-01      0.00e+00       0.00e+00       4.21e-02    
`xtol` termination condition is satisfied.
Function evaluations 24, initial cost 9.5764e-01, final cost 9.5764e-01, first-order optimality 4.21e-02.
   Iteration     Total nfev        Cost      Cost reduction    Step norm     Optimality   
       0              1         9.5764e-01                                    8.93e+02    
fe :  [0.15159368 0.01795256] fo :  [0.07096056 0.0063057 ] delta :  [[0.11699214 0.15711988]
 [0.11235705 0.16069661]
 [0.10740242 0.1391808 ]
 [0.2175386  0.31394528]
 [0.19363655 0.25279256]
 [0.42501468 0.67527112]
 [0.04749582 0.0555454 ]
 [0.07808855 0.13006695]
 [0.41156864 0.60720982]
 [0.23747742 0.2395645 ]
 [0.15448736 0.15961421]
 [1.22056628 1.76347704]] nu :  [0.05351267 0.0508043 ] k : [1.2392668  1.30073864 1.04438013] theta : [5.9624753  3.42331145] sigma : [2.9        1.96935185] zeta : [0.00741939 0.04188144] rho : 0.02 kappa : 0.5
       1             25         9.5764e-01      1.82e-11       1.43e-10       7.62e+02    
`ftol` termination condition is satisfied.
Function evaluations 25, initial cost 9.5764e-01, final cost 9.5764e-01, first-order optimality 7.62e+02.
  [cd_all] DONE  obj=1.3839  status=successful  -> calibration_results_matched_economy/baseline_2002_variations/pre_trips_tries/cd_all/

saved calibration_results_matched_economy/baseline_2002_variations/pre_trips_tries/pre_trips_tries_comparison.csv

=== developed-country ratio delta_1992/delta_2015 (rest-of-patenting) by config ===
config   c_all  c_base  c_fefo  c_nu  cd_all  cd_base  cd_fefo  cd_nu  s_all  s_base  s_fefo  s_nu
country                                                                                           
CAN       0.54    0.68    0.74  0.55    0.63     0.87     0.53   0.72   0.88    0.85    0.66  0.64
EUR       1.07    1.34    1.41  1.11    1.06     1.35     1.00   1.14   1.32    1.44    1.21  1.08
JAP       0.91    1.13    1.19  0.93    0.95     1.22     0.91   1.02   1.18    1.26    1.08  0.94
KOR       1.05    1.28    1.36  1.04    1.00     1.31     0.91   1.10   1.36    1.41    1.15  1.06
USA       1.35    1.57    1.71  1.29    1.33     1.59     1.23   1.36   1.44    1.67    1.34  1.25
