target,moment
0.0005808200947776519,0.0005869139109599973
