target,moment
0.0018668178862803,0.0018891884246105938
