target,moment
0.2040428289529481,0.21612018281705536
0.2255852454372509,0.23633457680635034
0.0643218875038216,0.06641564099381023
0.1031564938626009,0.16519533536445385
0.0320219615813117,0.03596286150927562
0.0530585619633796,0.056878200480155364
0.018329400868127,0.017753056197583945
0.0189912032396071,0.023286080521667033
0.0265511265560509,0.026597163743706756
0.0104250119775051,0.011068986127945482
0.0209966612555152,0.02118155152487935
0.2225196168018815,0.12320636391311661
