target,moment
0.0168692,0.019047031716902068
