target,moment
0.2165556656512729,0.19287230509093423
0.233729031160127,0.20935793928446747
0.0672049461385212,0.06269885344635731
0.1094507590702438,0.17463525029876695
0.0339758263448995,0.031828749031612064
0.0562960172915832,0.057557648267695743
0.2827877543433519,0.2710492545801662
