target,moment
0.1723413565516609,0.15413704030922415
0.2001451715125225,0.19336872861894563
0.0492233011970225,0.04836242100232686
0.168467104972989,0.20794866480878732
0.0285381933738058,0.027431499891241155
0.0677758953123543,0.06809976607163332
0.0150971440961255,0.013893789925418695
0.0183036890385174,0.020494027403209963
0.0333799623505598,0.03136781316454448
0.0211113551470954,0.020446289417025684
0.0071838887952674,0.007246076195752276
0.2184329376520792,0.20720388319189043
