target,moment
0.1723413565516609,0.15320012305861389
0.2001451715125225,0.1947536598498775
0.0492233011970225,0.04866835748244007
0.168467104972989,0.20770101602038551
0.0285381933738058,0.027375936163175716
0.0677758953123543,0.06798157440869171
0.0150971440961255,0.013864368279068704
0.0183036890385174,0.020653218225700567
0.0333799623505598,0.03131957973896344
0.0211113551470954,0.020392927717272885
0.0071838887952674,0.007229534737271072
0.2184329376520792,0.20685970431853898
