target,moment
0.00972,0.009780788298403013
