target,moment
0.09277,0.09324272956396826
