target,moment
0.0251697,0.049632035443238166
0.0170519152063842,0.01698208533030477
0.0318099,0.032129828143415085
0.0130792,0.0010179164917648743
0.0100246,1.1972718959865177e-05
0.0082411,0.0019189185212284945
0.0142723639866622,0.020760027640800247
