target,moment
0.0168692,0.017798869606998922
