target,moment
0.2165556656512729,0.2142920861110783
0.233729031160127,0.21719443279868017
0.0672049461385212,0.06283396092844797
0.1094507590702438,0.14089135731466262
0.0339758263448995,0.030340706813804307
0.0562960172915832,0.05367077204310628
0.2827877543433519,0.2807766839902204
