target,moment
90.663631358,90.99405396167124
