target,moment
0.0251697,0.04717361878571816
0.0170519152063842,0.017307193785347293
0.0318099,0.032311080262035496
0.0130792,0.012757135410952872
0.0100246,0.009538150851174546
0.0082411,0.008175142836141474
0.0142723639866622,0.014442779486735035
