target,moment
0.0168692,0.018357131020272827
