target,moment
90.663631358,91.04313685982618
