target,moment
0.22102108803481169,0.2152203697300223
0.24510549830182685,0.25445678101141267
0.07242172705486791,0.07334361698001711
0.09790185203371116,0.12066857260097777
0.034153675890665536,0.03594332880511961
0.05303046876870069,0.05332368530285111
0.27636568991541605,0.24704364556959943
