target,moment
90.663631358,87.70394715310499
