target,moment
0.6097819325904917,0.6336262040988124
