target,moment
53.09828038991699,53.14204530111474
