target,moment
0.0247983002662659,0.02468558419749301
0.0167409804276558,0.016737757946516375
0.0272177004814147,0.027032012043765114
0.0063872998952865,0.0003898322962611404
0.0104751002788543,0.00041331293580652953
0.006866899728775,0.000565383790391941
0.0159226860322164,0.004738165845118086
