target,moment
0.000729426174,0.0006661242825696259
