target,moment
1.0,1.0
1.08968319541132,1.0815071967945489
1.17541345258769,1.167757921956648
0.346940370796428,0.35750265780263857
0.43593184990191,0.4306956083239346
0.242070633833219,0.24125953252770116
0.611167762289279,0.6112876363924344
