target,moment
0.0087725,0.009585809132069469
