target,moment
0.0251697,0.050429415797189514
0.0170519152063842,0.01731512996937318
0.0318099,0.03272146932077861
0.0130792,0.0001975367704513666
0.0100246,3.5758985441275015e-06
0.0082411,0.0006189882317925367
0.0142723639866622,0.009312410431361174
