target,moment
0.0251697,0.047342659474876966
0.0170519152063842,0.017445048733189965
0.0318099,0.032428899445418415
0.0130792,0.01266566320520785
0.0100246,0.009406021326977838
0.0082411,0.00815272370647769
0.0142723639866622,0.014513375857737862
