target,moment
90.663631358,90.77177170373344
