target,moment
1.0,1.0
0.8725795027488233,0.8689587348963463
0.854808293224731,0.8600869384015204
0.621549138483011,0.7807148424165066
0.597797984767889,0.574878253641376
0.293805456329383,0.2964308427144011
0.97595829268538,0.8956923370325571
0.7580583490804771,0.8613874759733623
0.386667563757739,0.35259208224153255
0.525456673586441,0.5084214157463276
0.456857731012344,0.4597494700421829
0.5726777336793948,0.5529823427747835
