target,moment
0.0274257397651672,0.039706601752008096
0.0184508500142547,0.01999172106171159
0.032182059764862,0.0304932425742035
0.0159569399356841,0.002295440045096782
0.0112573199272155,0.0005591751702471126
0.008080960035324,0.0018821734351534994
0.0141589698037297,0.0047365759539373985
