target,moment
90.663631358,91.1343821079018
