target,moment
0.026287899017334,0.027264080796045163
0.0171401743936322,0.018543383757598623
0.028584098815918,0.028241058850391458
0.0089315998554229,0.0007193060800061364
0.0104751002788543,0.0006160255748640784
0.0075699001550674,0.0017529185485486184
0.0146352755943532,0.0048827101429185765
