target,moment
1.0,1.0
0.8466675288648592,0.8421562090003831
1.43544441402861,1.4254665310608226
0.328862778413275,0.4049093407061358
0.414332171021701,0.4128128303657446
0.211781109531145,0.209813803019564
0.5472724278242918,0.46186266609633364
