target,moment
0.228724126779355,0.2338573355848328
0.2499345638660701,0.2584619113232148
0.07722795665387282,0.07759002238100043
0.08218673875280405,0.10276894710100105
0.035296989000715435,0.035355163327952716
0.04934838233887417,0.04925367603840079
0.27728124260830833,0.24271294424359735
