target,moment
0.000729426174,0.0007317654912862415
