target,moment
1.0,1.0
1.08968319541132,1.1555131311871918
1.17541345258769,1.1676847437491955
0.346940370796428,0.35725540059855815
0.43593184990191,0.47270495920672445
0.242070633833219,0.2629252549405078
0.611167762289279,0.6115188371591782
