target,moment
0.2165556656512729,0.21915026296402315
0.233729031160127,0.20838977870186903
0.0672049461385212,0.06439953508266762
0.1094507590702438,0.14413698696811947
0.0339758263448995,0.02827154680322583
0.0562960172915832,0.050411765514458244
0.2827877543433519,0.28524012396563664
