target,moment
0.015629,0.015473327579736724
