target,moment
1.0,1.0
1.08968319541132,1.074275593898966
1.17541345258769,1.1656486440053542
0.346940370796428,0.364817886165077
0.43593184990191,0.43265033996466523
0.242070633833219,0.2425362510030562
0.611167762289279,0.6067341397784871
