target,moment
0.0168692,0.0179417312434743
