target,moment
90.663631358,91.14817644525603
