target,moment
0.5729977868385535,0.7197426820221007
