target,moment
0.0251697,0.054998256974731374
0.0170519152063842,0.017711548950701973
0.0318099,0.03258213959573972
0.0130792,0.0124627845633555
0.0100246,0.008651431077559234
0.0082411,0.00806593744601353
0.0142723639866622,0.014784666684266345
