target,moment
0.2165556656512729,0.21439626329043457
0.233729031160127,0.21595428410524753
0.0672049461385212,0.06231471378242824
0.1094507590702438,0.14285621284371994
0.0339758263448995,0.03058128726513834
0.0562960172915832,0.054118178924051186
0.2827877543433519,0.2797790597889802
