target,moment
1.0,1.0
1.08968319541132,1.080996716688855
1.17541345258769,1.166818531745247
0.346940370796428,0.3574959033465199
0.43593184990191,0.4306728169617382
0.242070633833219,0.2409391464014227
0.611167762289279,0.6112558049743091
