target,moment
0.8500000000000005,0.8273861694186476
