target,moment
0.2165556656512729,0.2194843159686133
0.233729031160127,0.21432905455512336
0.0672049461385212,0.06214437200222446
0.1094507590702438,0.1419621055435685
0.0339758263448995,0.03040251455078008
0.0562960172915832,0.053778381633886756
0.2827877543433519,0.27789925574580354
