target,moment
1.0,1.0
1.08968319541132,1.0741952843161184
1.17541345258769,1.1657028808873375
0.346940370796428,0.36482291429910757
0.43593184990191,0.4326591948486036
0.242070633833219,0.24253851733519835
0.611167762289279,0.6068027090787766
