target,moment
0.015629,0.015700527917858163
