target,moment
0.2165556656512729,0.1928360317448393
0.233729031160127,0.2093376186942508
0.0672049461385212,0.06264206775405669
0.1094507590702438,0.1746477208317367
0.0339758263448995,0.03183118052237096
0.0562960172915832,0.057565887886391345
0.2827877543433519,0.2711394925663542
