target,moment
0.21655566565127296,0.2132786094537059
0.233729031160127,0.21619525146422194
0.06720494613852128,0.062498964160697154
0.10945075907024387,0.14309614120032052
0.03397582634489956,0.030635608479310916
0.056296017291583275,0.05417175190278796
0.2827877543433519,0.2801236733389555
