target,moment
1.0,1.0
1.08968319541132,1.0742695774466462
1.17541345258769,1.1656359268464889
0.346940370796428,0.36481746330364756
0.43593184990191,0.4326529385367022
0.242070633833219,0.24254326732738574
0.611167762289279,0.6067324875043933
