target,moment
0.0032232954335454,0.00305294523840735
