target,moment
0.0251697,0.038813189316858045
0.0170519152063842,0.01693492278134822
0.0318099,0.033456228196148755
0.0130792,0.0009916260885575142
0.0100246,0.0008749060772646664
0.0082411,0.0027435811366434324
0.0142723639866622,0.004903420195999722
