target,moment
0.0168692,0.01748484467964729
