target,moment
133.80077245805202,134.04808569769617
