target,moment
0.1723413565516609,0.16175372194761536
0.2001451715125225,0.2047383039129619
0.0492233011970225,0.05151009660817944
0.168467104972989,0.22129123353350247
0.0285381933738058,0.028273136888594362
0.0677758953123543,0.0698963916915906
0.0150971440961255,0.014226916679645001
0.0183036890385174,0.021820258228157866
0.0333799623505598,0.03195944826200388
0.0211113551470954,0.021053391689399896
0.0071838887952674,0.007338264404302739
0.2184329376520792,0.16613883615404643
