target,moment
90.663631358,90.13124071752453
