target,moment
1.0,1.0
1.08968319541132,1.097886119663789
1.17541345258769,1.1788827395660213
0.346940370796428,0.35744941266845354
0.43593184990191,0.43082047125499484
0.242070633833219,0.2412573424489936
0.611167762289279,0.6127146485407422
