target,moment
52.059453405937994,52.08761071433039
