target,moment
0.0168692,0.019093842471350986
