target,moment
0.5152253259851384,0.5430833734856271
