target,moment
0.004665929436887,0.004594515092714835
