target,moment
0.1200626194103338,0.21866123679855037
0.1211887588058545,0.22293035167202727
0.0035804162844133,0.03135607989440579
0.0004965786572176,0.030395810887761915
0.002462693476303,0.007579239291936168
0.0600304680464258,0.09361620771900865
0.1343304183885601,0.04718587240512436
0.0637303998720678,0.03875826740139
0.0018651157701598,0.007645268297861874
0.0004460791327548,0.00724168089655583
0.0016008349254711,0.002361320456234851
0.0392297139201939,0.019767625840954785
0.0400814725661333,0.015872322788583117
0.0389368166783096,0.02140580033662732
0.0006682770403912,0.005838663984641437
9.931573144352892e-05,0.0024829469500131703
0.0002592308922424,0.0005751984019972662
0.0194675666804137,0.011254791547950574
0.0304225968538796,0.009510149001505123
0.03434640990464,0.022646604340338647
0.0521424423253347,0.045306809522323924
0.0001026823664077,0.002310818909337195
0.0003332968614545,0.0006672900283483731
0.01717320495232,0.013766866460581652
0.0103574524673225,0.00547007319857137
0.0083223216314713,0.006608343958518901
0.0012540715241598,0.0025013603769663746
0.0003282469090082,0.0005985430679985379
0.0001245654936749,0.0002454433930832533
0.0041611608157356,0.0019747215560794113
0.0135473390958901,0.003985658581544296
0.0109735466657688,0.006050131264916827
0.0026175586846557,0.0030958045216310666
0.0003770631159889,0.0006321905407658488
9.258246151515408e-05,0.0009151049783398235
0.0054859316741434,0.00242077252410874
0.0671694174879853,0.032109380571941966
0.0583101175797261,0.022419374853406407
0.0318651999360339,0.025522997385123196
0.0009325578850799,0.002639290475333474
0.0002238812251184,0.0028392770031847306
0.0007995758039945,0.0008343079144262978
