target,moment
90.663631358,90.73558365393345
