target,moment
0.09277,0.09347418050870643
