target,moment
90.663631358,91.7090177489037
