target,moment
0.2165556656512729,0.18622959503440753
0.233729031160127,0.21093647365526327
0.0672049461385212,0.06289552546680305
0.1094507590702438,0.17609335068320406
0.0339758263448995,0.032099577632151474
0.0562960172915832,0.05808612085768803
0.2827877543433519,0.27365935667048286
