target,moment
0.003549953,0.0029549530547203287
