target,moment
0.09277,0.0960410258796051
