target,moment
0.1667548524703855,0.1616632059643995
0.1936573972494302,0.20420029232445555
0.04762771103495604,0.0511899249284807
0.19560742329978836,0.22589190993628905
0.02761311806428654,0.02805277969594383
0.06557891645974166,0.069115830539771
0.014607765001077496,0.014191621120533536
0.0177103686912599,0.02160019886936375
0.03229793944186626,0.03172771797645038
0.020427023341600105,0.020796686569331167
0.2181174849456079,0.1715698320749816
