target,moment
0.0168692,0.017072706540320885
