target,moment
0.015629,0.015227845447437131
