target,moment
0.0013160960819471,0.00131976560099137
