target,moment
1.0,1.0
1.08968319541132,1.0826664932937684
1.17541345258769,1.1664474554707092
0.346940370796428,0.35722197451437354
0.43593184990191,0.43050815256449576
0.242070633833219,0.24139411783583373
0.611167762289279,0.6113032481251901
