target,moment
0.2165556656512729,0.214282751252669
0.233729031160127,0.21717268382848606
0.0672049461385212,0.06284514373858618
0.1094507590702438,0.14091651116978077
0.0339758263448995,0.03034628507875847
0.0562960172915832,0.05368056479400326
0.2827877543433519,0.2807560601377164
