target,moment
0.1200626194103338,0.21921942334072544
0.1211887588058545,0.23212926811203632
0.0035804162844133,0.031222964683258032
0.0004965786572176,0.03264494707269185
0.002462693476303,0.00785430370780846
0.0600304680464258,0.0898945112833363
0.1343304183885601,0.04620473676635776
0.0637303998720678,0.0394136001181488
0.0018651157701598,0.007379319917397244
0.0004460791327548,0.007541978016209763
0.0016008349254711,0.002359915882488368
0.0392297139201939,0.01846387427986061
0.0400814725661333,0.015225778286302036
0.0389368166783096,0.020349690611564133
0.0006682770403912,0.005430124307904556
9.931573144352892e-05,0.0025329553869473443
0.0002592308922424,0.0005674410612209432
0.0194675666804137,0.010193118516159175
0.0304225968538796,0.009429493358194442
0.03434640990464,0.021994152207871404
0.0521424423253347,0.045054697629987574
0.0001026823664077,0.002416828159088191
0.0003332968614545,0.0006717378063744554
0.01717320495232,0.012699981627469341
0.0103574524673225,0.005453882772265634
0.0083223216314713,0.0065259600200063056
0.0012540715241598,0.0026206078827373308
0.0003282469090082,0.00059272732716819
0.0001245654936749,0.0002501685827713203
0.0041611608157356,0.0018827877138398064
0.0135473390958901,0.003976774664475374
0.0109735466657688,0.00594760752101296
0.0026175586846557,0.0032099970526098852
0.0003770631159889,0.0006215934194863038
9.258246151515408e-05,0.0009625265615952636
0.0054859316741434,0.0022826521414171463
0.0671694174879853,0.031214105599619204
0.0583101175797261,0.02165235263615244
0.0318651999360339,0.025587609711225263
0.0009325578850799,0.0025443497186660087
0.0002238812251184,0.0029470762540834503
0.0007995758039945,0.0008323782814654397
