target,moment
0.2165556656512729,0.21234584586175265
0.233729031160127,0.21648040390349113
0.0672049461385212,0.06255250972553678
0.1094507590702438,0.1432714361379469
0.0339758263448995,0.03068528176912101
0.0562960172915832,0.054242718571099545
0.2827877543433519,0.280421804031052
