target,moment
1.0,1.0
1.08968319541132,1.0827906108249306
1.17541345258769,1.1728611921782823
0.346940370796428,0.35756050779498155
0.43593184990191,0.4307435415236239
0.242070633833219,0.24105418369702644
0.611167762289279,0.6113535323296725
