target,moment
90.663631358,90.92598264373802
