target,moment
0.0251697,0.035651770853708055
0.0170519152063842,0.016375071194787334
0.0318099,0.027556210300458527
0.0130792,0.011720205571086672
0.0100246,0.008562807240772987
0.0082411,0.00802491905655608
0.0142723639866622,0.011821274798022578
