target,moment
0.2165556656512729,0.21183456685799532
0.233729031160127,0.21789172187019734
0.0672049461385212,0.0627747019940018
0.1094507590702438,0.14446454976341933
0.0339758263448995,0.030967529971972163
0.0562960172915832,0.054669308558350345
0.2827877543433519,0.27739762098406373
