target,moment
0.0168692,0.01944913083007946
