target,moment
1.0,1.0
1.08968319541132,1.0742496589906383
1.17541345258769,1.16576835692392
0.346940370796428,0.36481261837756224
0.43593184990191,0.4326521543172079
0.242070633833219,0.24253335240685173
0.611167762289279,0.6066702350039255
