target,moment
0.1723413565516609,0.15207889425731153
0.2001451715125225,0.19576557911757814
0.0492233011970225,0.04900512657194472
0.168467104972989,0.2076108702012711
0.0285381933738058,0.027354884738615182
0.0677758953123543,0.06789205295887155
0.0150971440961255,0.013839794745451451
0.0183036890385174,0.02077645287995184
0.0333799623505598,0.031384703888819754
0.0211113551470954,0.02039072562955845
0.0071838887952674,0.007222648160662519
0.2184329376520792,0.20667826684996385
