target,moment
0.0168692,0.016832725456329318
