target,moment
1.0,1.0
0.8725795027488233,0.875035530493175
0.854808293224731,0.8886046249807631
0.621549138483011,0.8009234737186754
0.597797984767889,0.5885176020796865
0.293805456329383,0.2992979356493348
0.97595829268538,0.9145409071004054
0.7580583490804771,0.8913779571604993
0.386667563757739,0.36818851301350497
0.525456673586441,0.5189829954470525
0.569474829535268,0.429418892652375
