target,moment
0.1723744735734453,0.1624486523223242
0.2001836313003392,0.20548082329713524
0.0492327599199353,0.0512855842634499
0.1684994775206873,0.22204526512654563
0.0285436772575964,0.0281923994234793
0.0677889190917095,0.06944012576797948
0.0151000451551628,0.01428600736835044
0.0183072062654951,0.021757906170302745
0.0333863766260561,0.0318786942936015
0.0211154118936726,0.02089581003553533
0.2254680213959001,0.1722887319312964
