target,moment
1.0,1.0
1.067414829963087,1.1160998606183155
1.07007403311972,1.1180631807996182
0.359286148834362,0.37197232601242747
0.505066680632501,0.5090737731727686
0.248941333843596,0.25029103435183025
0.6202428131713247,0.6087160219246761
