target,moment
90.663631358,90.6878043691602
