target,moment
0.0251697,0.05197699319134586
0.0170519152063842,0.017702136027469062
0.0318099,0.03373607287871228
0.0130792,0.0011510106392368415
0.0100246,0.000873619394503523
0.0082411,0.002732385483555162
0.0142723639866622,0.0062419864797550765
