target,moment
1.0,1.0
1.08968319541132,1.0869789382682409
1.17541345258769,1.1714744476162369
0.346940370796428,0.3642203587044721
0.43593184990191,0.4318965925221302
0.242070633833219,0.24194531440250724
0.611167762289279,0.6051870811643856
