target,moment
0.000729426174,0.0007171315480798882
