target,moment
0.2165556656512729,0.21327945230155565
0.233729031160127,0.21618018311262802
0.0672049461385212,0.06250184669281124
0.1094507590702438,0.14309859829180657
0.0339758263448995,0.030637555273715245
0.0562960172915832,0.054178306260648526
0.2827877543433519,0.28012405806683477
