target,moment
1.0,1.0
1.0901923526701716,1.0691203472335964
1.17541345258769,1.172604865955915
0.346771653959122,0.42589172765281413
0.435719747133782,0.4481370296527734
0.241952910075955,0.2430381699128458
0.6107967519438201,0.5115561363295552
