target,moment
0.5418056800884126,0.5851046192426497
