target,moment
0.0087725,0.008775134413918468
