target,moment
0.0168692,0.01792425403684006
