target,moment
0.0251697,0.049956657365516105
0.0170519152063842,0.017142713797221952
0.0318099,0.0323832611370295
0.0130792,0.00013209504116405439
0.0100246,0.0044942820435491864
0.0082411,0.000456781366868875
0.0142723639866622,0.009998546472633988
