target,moment
1.0,1.0
1.08968319541132,1.0850771255403089
1.17541345258769,1.1705624592028294
0.346940370796428,0.3579481678747087
0.43593184990191,0.4362417879699572
0.242070633833219,0.2420766675934088
0.611167762289279,0.6146893390678846
