target,moment
1.0,1.0
1.11043237851765,1.053475160241061
1.4972143972134937,1.548501129930594
0.284826148650757,0.41143868009739026
0.3207191387708363,0.410094626569349
0.2370063656795177,0.2378534042539587
1.0124883458685825,0.872194178888703
0.803144451153576,0.9656329414433125
0.450763503237386,0.33003098620229
0.5907308071628941,0.4997901834784363
0.532313262392555,0.5265580457088048
0.5025108501809825,0.48565000946154663
