target,moment
0.5626991226768987,0.6735279238977603
