target,moment
0.0168692,0.016966642268701034
