target,moment
0.2165556656512729,0.2115280208215005
0.233729031160127,0.21673892659995395
0.0672049461385212,0.06256855236203375
0.1094507590702438,0.14335154819328494
0.0339758263448995,0.03069905760035196
0.0562960172915832,0.05426760602741318
0.2827877543433519,0.2808462883954618
