target,moment
0.0087725,0.00867976507083049
