target,moment
0.0251697,0.0500152289447466
0.0170519152063842,0.01742826164539637
0.0318099,0.03259034484597923
0.0130792,5.964815199596064e-05
0.0100246,1.398899137338231e-06
0.0082411,0.0003930197051139828
0.0142723639866622,0.010446598591323292
