target,moment
1.0,1.0
1.08968319541132,1.082626016331887
1.17541345258769,1.1669552620714698
0.346940370796428,0.3573494979709347
0.43593184990191,0.43065465715514467
0.242070633833219,0.24145382152138598
0.611167762289279,0.6114862634605829
