target,moment
1.0,1.0
1.08968319541132,0.6121532666803825
1.17541345258769,0.8267340927298809
0.346940370796428,0.053836551274796314
0.43593184990191,0.10755887561938139
0.242070633833219,0.01790337522284673
0.611167762289279,0.09212023437596728
