target,moment
0.0168692,0.016739634240534842
