target,moment
0.0168692,0.017579084990488682
