target,moment
0.0168692,0.021696680535546478
