target,moment
0.2165556656512729,0.21332706704124668
0.233729031160127,0.21617472626269238
0.0672049461385212,0.06244741286146299
0.1094507590702438,0.1431076184094644
0.0339758263448995,0.030637304880160195
0.0562960172915832,0.05416863582416305
0.2827877543433519,0.28013723472081037
