target,moment
0.5319924347316454,0.5398551598608783
