target,moment
0.0251697,0.05922000524999204
0.0170519152063842,0.017985504878326338
0.0318099,0.03405285556804483
0.0130792,0.012300884123011257
0.0100246,0.00880486166371921
0.0082411,0.00799398084130656
0.0142723639866622,0.014793032729452885
