target,moment
0.1200626194103338,0.19589762853806247
0.1211887588058545,0.2023210228738484
0.0035804162844133,0.02344628375705941
0.0004965786572176,0.017220558365414123
0.002462693476303,0.005852861275487521
0.0600304680464258,0.06198777310199177
0.1343304183885601,0.05488248576445304
0.0637303998720678,0.057469330578225175
0.0018651157701598,0.009445567493114992
0.0004460791327548,0.006905027195063487
0.0016008349254711,0.0024973154915962485
0.0392297139201939,0.02413715549248615
0.0400814725661333,0.01724169528060224
0.0389368166783096,0.03549323007654352
0.0006682770403912,0.005297188028915111
9.931573144352892e-05,0.003174950950445985
0.0002592308922424,0.0010463796546454655
0.0194675666804137,0.012641618046062163
0.0304225968538796,0.009615489357448569
0.03434640990464,0.029404663454215437
0.0521424423253347,0.037934400731079704
0.0001026823664077,0.0024497003382019434
0.0003332968614545,0.0008618661069104399
0.01717320495232,0.010333712741144932
0.0103574524673225,0.005117454954267228
0.0083223216314713,0.006659631611942688
0.0012540715241598,0.0028318451795894093
0.0003282469090082,0.0007140578692136573
0.0001245654936749,0.0002023121627156356
0.0041611608157356,0.0019370394922524233
0.0135473390958901,0.00464724007920648
0.0109735466657688,0.006467776389665844
0.0026175586846557,0.004590061397979254
0.0003770631159889,0.0007139809193054585
9.258246151515408e-05,0.0005743406088559717
0.0054859316741434,0.001998473536650184
0.0671694174879853,0.06983355119878319
0.0583101175797261,0.028385432671052813
0.0318651999360339,0.03131345617118964
0.0009325578850799,0.003203140674015458
0.0002238812251184,0.002403614258698425
0.0007995758039945,0.0008486861315979667
