target,moment
1.0,1.0
1.08968319541132,1.0821732716686727
1.17541345258769,1.1668308394615152
0.346940370796428,0.3577560984480305
0.43593184990191,0.43127659873293733
0.242070633833219,0.2411788499250736
0.611167762289279,0.611475678423757
