target,moment
0.09277,0.09389655393109302
