target,moment
0.09277,0.09273503920327332
