target,moment
0.23010308842169286,0.24614013055166886
0.25591829429544194,0.25991104930145686
0.08186815492696169,0.08226583555246084
0.07720670411183356,0.09570637020459775
0.03692871469115061,0.03533924933036816
0.04790678029505776,0.04687961665990143
0.2700682632578616,0.23375774839954608
