target,moment
0.000729426174,0.0006797240934974814
