target,moment
132.5435038167617,132.56267853897089
