target,moment
0.000729426174,0.0006493950515144832
