target,moment
1.0,1.0
1.08968319541132,1.0816650533249725
1.17541345258769,1.1664375415111747
0.346940370796428,0.35774331523749736
0.43593184990191,0.43109728282428267
0.242070633833219,0.24114427279778894
0.611167762289279,0.6115401998504484
