target,moment
1.0,1.0
0.8386289903624251,0.8869635552757159
0.943267859353054,1.0481185214534872
0.639237911047753,0.7889339650796158
0.609337424421194,0.5971393460744994
0.29960601084973,0.3070664050330196
0.5964118283763082,0.5091819857575751
