target,moment
0.0168692,0.016842875816403494
