target,moment
90.663631358,82.92246758852507
