target,moment
0.0168692,0.017973151217051387
