target,moment
0.0168692,0.01831522981809837
