target,moment
0.027820599079132,0.02750952625061525
0.0201410956216747,0.020374896171957417
0.0324071002006531,0.03248896999752109
0.0205700993537903,0.0035688166321844505
0.0137092995643615,0.0007973327858455753
0.0069309997558593,0.0020673529316921
0.0169324004650116,0.01666698489717525
0.0397819995880127,0.0388399921108492
0.0110084998607635,0.0012451818244418155
0.0042943000793457,0.0007528315088755509
0.0133872343614895,0.0059254350739946044
