target,moment
0.017496806,0.01750549114545332
