target,moment
0.2165556656512729,0.21224233611936447
0.233729031160127,0.2165275807067743
0.0672049461385212,0.06255557349845324
0.1094507590702438,0.1432707624049382
0.0339758263448995,0.03068351898792294
0.0562960172915832,0.0542427520269467
0.2827877543433519,0.2804774762556001
