target,moment
90.663631358,91.05319424362867
