target,moment
1.0,1.0
1.08968319541132,1.081750001066369
1.17541345258769,1.1666423899144949
0.346940370796428,0.3577442095396715
0.43593184990191,0.4310976689410305
0.242070633833219,0.2411454010904715
0.611167762289279,0.611496219822749
