target,moment
0.2165556656512729,0.21251974162565562
0.233729031160127,0.21643810836177005
0.0672049461385212,0.06252953689048586
0.1094507590702438,0.14323163031316147
0.0339758263448995,0.03067848736543634
0.0562960172915832,0.054228690493126105
0.2827877543433519,0.2803738049503646
