target,moment
0.0010941392609999,0.0010455700250920589
