target,moment
0.0251697,0.02934644868478782
