target,moment
0.3499061550503732,0.6084081804921795
0.1200626194103338,0.06346155238915312
0.1211887588058545,0.06539234298367927
0.0035804162844133,0.010478078026542308
0.0004965786572176,0.008747194738081911
0.002462693476303,0.00270289489228202
0.0600304680464258,0.03127952235278497
