target,moment
0.015629,0.015925280076920244
