target,moment
0.0168692,0.019054334015415644
