target,moment
1.0,1.0
1.08968319541132,1.080122234314826
1.17541345258769,1.169292493077809
0.346940370796428,0.3578400350412409
0.43593184990191,0.4338731465865407
0.242070633833219,0.2423410402559356
0.611167762289279,0.6084146125984525
