target,moment
132.114006826969,131.7559816439513
