target,moment
0.0268165993690491,0.04938644364805091
0.0197838037321423,0.019854114251464976
0.0317371010780333,0.03075244967233987
0.0191214001178741,0.0026207054717147958
0.0112683999538422,0.000522618207606612
0.0074399000406265,0.0017076279201489917
0.0148557988274181,0.0059561060261127865
