target,moment
1.0,1.0
1.1653886874577344,1.0109537599482947
1.46582448028563,1.512585659170555
0.290375033726921,0.406728462236849
0.30970427614909,0.3978850080982834
0.243933976608377,0.23075772086673263
0.6319552448743309,0.49413457320700493
