target,moment
0.014603,0.018341127724562704
