target,moment
1.0,1.0
1.1653886874577344,1.013563772244911
1.46582448028563,1.5087401403148777
0.290375033726921,0.4086828862114313
0.30970427614909,0.39996726824780754
0.243933976608377,0.2319566221073526
0.6319552448743309,0.49541051389182633
