target,moment
0.22917583058361105,0.21203528154883639
0.27075076637761153,0.273092759933067
0.09372640688271189,0.10195983219078952
0.0516752163552025,0.07578318337336246
0.037245591969565665,0.04940068959493481
0.04152731211420391,0.04036287004062166
0.2758988757170934,0.247365383318388
