target,moment
0.0168692,0.018926950484412865
