target,moment
0.083493,0.08368110556866251
