target,moment
90.663631358,91.95455456558247
