target,moment
0.1200626194103338,0.11136771476845836
0.1211887588058545,0.12302208211061516
0.0035804162844133,0.0008885295349017855
0.0004965786572176,0.00022437063843899714
0.002462693476303,0.0005676700461499362
0.0600304680464258,0.014377538982020144
0.1343304183885601,0.1758447518074076
0.0637303998720678,0.0511221592539432
0.0018651157701598,0.0008885295349017855
0.0004460791327548,0.00022437063843899714
0.0016008349254711,0.0005676700461499362
0.0392297139201939,0.014377538982020144
0.0400814725661333,0.1610820617512705
0.0389368166783096,0.11136771476845836
0.0006682770403912,0.0008885295349017855
9.931573144352892e-05,0.00022437063843899714
0.0002592308922424,0.0005676700461499362
0.0194675666804137,0.014377538982020144
0.0304225968538796,0.00663431897523313
0.03434640990464,0.030464878648641756
0.0521424423253347,0.01993970778299668
0.0001026823664077,0.00016775072631341104
0.0003332968614545,0.0005676700461499362
0.01717320495232,0.014377538982020144
0.0103574524673225,0.005250725446307109
0.0083223216314713,0.012639434469257976
0.0012540715241598,0.0007054931291413224
0.0003282469090082,0.0008885295349017855
0.0001245654936749,0.0005676700461499362
0.0041611608157356,0.014377538982020144
0.0135473390958901,0.005056161172175139
0.0109735466657688,0.015424066112474691
0.0026175586846557,0.0014310756863029793
0.0003770631159889,0.0008885295349017855
9.258246151515408e-05,0.00011642240085662345
0.0054859316741434,0.014377538982020144
0.0671694174879853,0.02146525801181967
0.0583101175797261,0.03402341790991258
0.0318651999360339,0.016988241649023027
0.0009325578850799,0.0008885295349017855
0.0002238812251184,0.00021102012564268026
0.0007995758039945,0.0005676700461499362
