target,moment
0.0032483599077012,0.0019519146643249387
0.0008911894812772,0.00020781734912713725
0.0005769283323049,0.00024771074018066687
