target,moment
90.663631358,90.73634802062584
