target,moment
0.0251697,0.04673914413034323
0.0170519152063842,0.016956167252779514
0.0318099,0.034177074427143836
0.0130792,0.001004199965892662
0.0100246,0.0008320877768411468
0.0082411,0.0026042403487145766
0.0142723639866622,0.005269460626021539
