target,moment
0.6287736153001804,0.7129095671424257
