target,moment
1.0,1.0
0.9724524967792046,0.9671401731946412
1.42252912029835,1.4094966847600146
0.329520068384278,0.4055748642177829
0.404652382391121,0.38784126384683487
0.220300729818378,0.2159267080695444
0.5468334670827375,0.4631763703953226
