target,moment
90.663631358,90.632583173077
