target,moment
0.2165556656512729,0.193887829396441
0.233729031160127,0.20920263027515182
0.0672049461385212,0.06254836592662122
0.1094507590702438,0.17432253900824785
0.0339758263448995,0.031773173131421
0.0562960172915832,0.05743424177567282
0.2827877543433519,0.27083122048644426
