target,moment
0.2165556656512729,0.19358869740501328
0.233729031160127,0.20972876733861998
0.0672049461385212,0.06187355427591252
0.1094507590702438,0.17479048308889164
0.0339758263448995,0.03192020993781211
0.0562960172915832,0.05767458960166495
0.2827877543433519,0.2704236983520855
