target,moment
0.5818702095245367,0.674699854102674
