target,moment
0.014603,0.014871368823988495
