target,moment
90.663631358,90.87381893958711
