,beta,alpha
0,0.6272007455087207,0.7172270636833121
1,0.37279925449127943,0.28277293631668793
