target,moment
90.663631358,91.03935770879136
