target,moment
133.80077245805202,134.02376550111802
