target,moment
90.663631358,91.37939025298171
