target,moment
82.198645766003,82.20241814346592
