target,moment
0.0251696991920471,0.05227446270418011
0.0169424664104217,0.017933359200393077
0.0313091993331909,0.03299244523949953
0.0130791997909546,0.0018048832774324927
0.0100246000289917,0.000965250822063142
0.0082410997152328,0.003228170224552946
0.0197126996517181,0.019302699462607584
0.0252290010452271,0.024830911099596925
0.0106797003746033,0.001303492490736477
0.0184949994087218,0.018419021546351062
0.0039844000339508,0.0005269630356870363
0.0127844897880634,0.00634482292813973
