target,moment
0.0168692,0.01783027948074769
