target,moment
0.0168692,0.016711734949029024
