target,moment
0.2040428289529481,0.20364472773918132
0.2255852454372509,0.24003974895517508
0.0643218875038216,0.06628550240372964
0.1031564938626009,0.13443973557588348
0.0320219615813117,0.03416540004533073
0.0530585619633796,0.055428672175108246
0.018329400868127,0.01817918842697069
0.0189912032396071,0.021301475651476443
0.0265511265560509,0.02665660239325974
0.0104250119775051,0.010800917891511939
0.0209966612555152,0.021141991574616624
0.2225196168018815,0.16791603716775588
