target,moment
1.0,1.0
1.0930777059511088,1.0921358508293533
1.17541345258769,1.1824564152614343
0.346771653959122,0.3523654142513281
0.435719747133782,0.4374913025788093
0.241952910075955,0.24239383035202028
1.00152170325136,1.0094028668969615
0.770342027427148,0.7805269742813874
0.450288180056851,0.4501236575877671
1.04371974139227,1.065723051832426
0.653966544013067,0.6539792345736336
0.4017735881616045,0.391564853645521
