target,moment
0.09277,0.09369155816517777
