target,moment
90.663631358,91.96316093922576
