target,moment
0.0245001006126403,0.02477755089743079
0.0167215689711362,0.017061566990542194
0.026430299282074,0.026280978959230473
0.0056323999166487,0.00047182021001856446
0.0104751002788543,0.000496864650697152
0.0063905000686645,0.00024245867124291645
0.0161208999156951,0.01605350388156114
0.0221616005897522,0.02124185602738344
0.0096591997146606,0.0019410827211423461
0.0025066998600959,0.00038926054236998345
0.0169932518584857,0.005697103065760308
