target,moment
1.0,1.0
0.8725795027488233,0.8763528361909562
0.854808293224731,0.8862184855185736
0.621549138483011,0.8017322126008842
0.597797984767889,0.5886384745056972
0.293805456329383,0.2992813775233305
0.97595829268538,0.916196165463539
0.7580583490804771,0.893592347660237
0.386667563757739,0.368182685678875
0.525456673586441,0.5189702407941894
0.569474829535268,0.4292358692196605
