target,moment
0.18099319725211757,0.16250594830570042
0.2001836313003392,0.20524930977034966
0.0492327599199353,0.05144364871399746
0.1684994775206873,0.22192389027209028
0.0285436772575964,0.028195944990050275
0.0677889190917095,0.0694677306426375
0.0151000451551628,0.014264918291732391
0.0183072062654951,0.021711840164394765
0.0333863766260561,0.03188961613963501
0.0211154118936726,0.02090320945825773
0.2254680213959001,0.1724439432511545
