target,moment
52.059453405938,52.025134758015305
