target,moment
0.0245001006126403,0.02486684114444225
0.0168625054877724,0.017206734755586053
0.026430299282074,0.02618917998850925
0.0056323999166487,0.0004979696864786127
0.0104751002788543,0.0004631000357033961
0.0063905000686645,0.00022525788397005295
0.0161208999156951,0.016022634416276212
0.0221616005897522,0.021345533510769836
0.0096591997146606,0.001924437420907495
0.0025066998600959,0.0003688512361948613
0.0160474421466896,0.0061300794552514234
