target,moment
0.3499061550503732,0.5739198932937165
0.1200626194103338,0.053970950651921236
0.1211887588058545,0.05901528394070727
0.0035804162844133,0.009668512566868395
0.0004965786572176,0.008040281544754798
0.002462693476303,0.002533522978566168
0.0600304680464258,0.02660756503059049
