target,moment
1.0,1.0
1.08968319541132,1.0819139213138855
1.17541345258769,1.1667913248426054
0.346940370796428,0.35783864377972296
0.43593184990191,0.43124781035377835
0.242070633833219,0.24122489353092347
0.611167762289279,0.611600808858861
