target,moment
0.0251696991920471,0.05056519535483648
0.0169424664104217,0.01644866363811732
0.0313091993331909,0.02478584353416951
0.0130791997909546,0.0017547113044891467
0.0100246000289917,0.0008779887900655569
0.0082410997152328,0.003031995949148141
0.0197126996517181,0.009001137419681532
0.0252290010452271,0.018079791702552358
0.0106797003746033,0.0011880380942818922
0.0184949994087218,0.00675868002910031
0.0039844000339508,0.00047781009063836824
0.0127844897880634,0.00628666013701898
