target,moment
0.2040428289529481,0.21596324272360526
0.2255852454372509,0.23641580310066518
0.0643218875038216,0.06649463014753144
0.1031564938626009,0.16511960596879469
0.0320219615813117,0.035949965392272194
0.0530585619633796,0.0568577965823101
0.018329400868127,0.01781339647326775
0.0189912032396071,0.023330843533737038
0.0265511265560509,0.026586921581924966
0.0104250119775051,0.011127761375964943
0.0209966612555152,0.021173874071690572
0.2225196168018815,0.123166159048236
