target,moment
90.663631358,90.73822488791481
