target,moment
0.010704715887999998,0.010039855611909745
