target,moment
90.663631358,90.10380743861322
