target,moment
0.0251697,0.0491748764322476
0.0170519152063842,0.01739593694230506
0.0318099,0.03253498436337948
0.0130792,0.00012446429531497467
0.0100246,1.3045507558015225e-06
0.0082411,0.00045794896236885026
0.0142723639866622,0.01302449918318333
