target,moment
0.0168692,0.017091751088455075
