target,moment
0.0168692,0.020186788635444142
