target,moment
0.400749027516048,0.4152612135481221
0.1099457351100976,0.049182798670519855
0.0711754468984532,0.09937395900267611
