target,moment
0.027820599079132,0.025069564586590605
0.0201410956216747,0.01713880798607448
0.0324071002006531,0.02987007642324236
0.0205700993537903,0.0028262823722099654
0.0137092995643615,0.000762242786473588
0.0069309997558593,0.001240073176248962
0.0169324004650116,0.01092910250031796
0.0397819995880127,0.022484750396549708
0.0110084998607635,0.0010724533599863254
0.0042943000793457,0.0005806063927840556
0.0073146998882293,0.002218325772361626
0.0135465587074145,0.0032589601577324577
