target,moment
0.07421839,0.09687760962551402
