target,moment
0.0047164777212821,0.004589121232301312
