target,moment
0.0168692,0.01783587356468454
