target,moment
82.198645766003,82.2324248961717
