target,moment
0.071287577,0.07135348773361108
