target,moment
0.5850000000000001,0.2743664314360578
