target,moment
0.0168692,0.017622126964599628
