target,moment
0.09277,0.09319550334135107
