target,moment
0.09277,0.09309361577717988
