target,moment
130.5088409653432,130.7065787548744
