target,moment
0.000729426174,0.0006599574020476834
