target,moment
1.0,1.0
1.08968319541132,1.0813563232303898
1.17541345258769,1.1663552997529356
0.346940370796428,0.3575434930534503
0.43593184990191,0.4307626138506787
0.242070633833219,0.24097662841558695
0.611167762289279,0.6113673168334175
