target,moment
0.09277,0.0949122233175119
