target,moment
0.1723744735734453,0.17356398131551448
0.2001836313003392,0.20351093713891946
0.0492327599199353,0.05371337525538521
0.1684994775206873,0.1947590497621518
0.0285436772575964,0.02920286746500551
0.0677889190917095,0.07224664584037346
0.0151000451551628,0.014726664956346513
0.0183072062654951,0.022502883545546384
0.0333863766260561,0.033091500082029573
0.0211154118936726,0.021639725057026528
0.2254680213959001,0.18104236958170097
