target,moment
90.663631358,90.85774432718131
