target,moment
0.0251697,0.05904700694888505
0.0170519152063842,0.017842294857570697
0.0318099,0.03390834104800017
0.0130792,0.012380268349936911
0.0100246,0.008895539917135212
0.0082411,0.008020557178063893
0.0142723639866622,0.014727058279641743
