target,moment
0.0251697,0.04972705263180784
0.0170519152063842,0.017409408408717127
0.0318099,0.03294985956122433
0.0130792,0.012714434479399605
0.0100246,0.009197124980268001
0.0082411,0.008205362049684866
0.0142723639866622,0.014620241040785346
