target,moment
0.2165556656512729,0.21322603380192853
0.233729031160127,0.21621615391582094
0.0672049461385212,0.06255266331551977
0.1094507590702438,0.1430839573882627
0.0339758263448995,0.030631451750187083
0.0562960172915832,0.05416935300883759
0.2827877543433519,0.28012038681944346
