target,moment
0.0251696991920471,0.049653757238304154
0.0169424664104217,0.019982689905231762
0.0313091993331909,0.02926251067761998
0.0130791997909546,0.0020479285047074465
0.0100246000289917,0.0010225559020143908
0.0082410997152328,0.0035130348726078154
0.0197126996517181,0.014574539317041306
0.0252290010452271,0.022767297380467233
0.0106797003746033,0.001378220588390717
0.0184949994087218,0.010317344702943612
0.0039844000339508,0.0005561019629544479
0.0127844897880634,0.007372429339877166
