target,moment
0.2040428289529481,0.21520612548061463
0.2255852454372509,0.23680585716058514
0.0643218875038216,0.06633041566514286
0.1031564938626009,0.16273954123610163
0.0320219615813117,0.0358310859824808
0.0530585619633796,0.05681930760362161
0.018329400868127,0.01781145943691045
0.0189912032396071,0.023126962086707604
0.0265511265560509,0.02661342841655055
0.0104250119775051,0.011011280371056744
0.0209966612555152,0.02118400550068686
0.2225196168018815,0.12652053105954109
