target,moment
0.0016173010305541107,0.0016083019511885443
