target,moment
90.663631358,91.08936160634914
