target,moment
0.6464672105053918,0.7924801188945376
