target,moment
0.0245001006126403,0.05166040690186293
0.0168852385953396,0.017413235390469368
0.026430299282074,0.026064564529068666
0.0056323999166488,0.0004463840178785486
0.0104751002788543,0.0003485486134405547
0.0063905000686645,0.0002384274554977081
0.0143356109433176,0.004631543312801774
