target,moment
1.0,1.0
1.0412979387817287,1.021513858523032
1.63949501698775,1.6480528476485121
0.259465122770667,0.27646555136438233
0.323570916834986,0.3379468534220718
0.220444350514476,0.2195774585938913
0.6059485655754263,0.5754343126189655
