target,moment
0.0247795001665751,0.041503007376341064
0.016630534308598,0.015573384590718433
0.0273075000445047,0.02623694605581481
0.0061628665526707,0.00044381504561836474
0.0104751002788543,0.0004071541995828241
0.0067650999625523,0.000767682668815478
0.0163257038027801,0.003419275688973684
