target,moment
0.0087725,0.00831579341879141
-0.0128385999999999,-0.012202929016557843
