target,moment
0.188316744348129,0.1684571137390869
0.1208054369835447,0.1214958326660343
0.1661803577326286,0.14315031608890577
0.0499610115268362,0.06013341062265141
0.0790051321704316,0.07974633084795676
