target,moment
1.0,1.0
0.8725795027488233,0.8938343448342249
0.854808293224731,0.7407446687874527
0.621549138483011,0.7296013762051202
0.597797984767889,0.6252506261568199
0.293805456329383,0.29801758716294974
0.97595829268538,0.9740571660314487
0.7580583490804771,0.8068298073548177
0.386667563757739,0.3886669241826348
0.525456673586441,0.532296242228159
0.456857731012344,0.47664214413712663
0.5726777336793948,0.5794077569165672
