target,moment
0.0251697,0.029381615573183865
