target,moment
1.0,1.0
1.08968319541132,1.0821881062349044
1.17541345258769,1.1665655299125854
0.346940370796428,0.35723612159039625
0.43593184990191,0.43053178133198095
0.242070633833219,0.241403757400554
0.611167762289279,0.6113060963701223
