target,moment
0.000729426174,0.0006487021723646042
