target,moment
0.0251697,0.06869303654139043
0.0170519152063842,0.016913360229312176
0.0318099,0.03424081092929406
0.0130792,0.012415031758791634
0.0100246,0.008889654864894169
0.0082411,0.008083325509131925
0.0142723639866622,0.014484720296111232
