target,moment
1.0,1.0
1.08968319541132,1.101262241657662
1.17541345258769,1.2026721036659083
0.346940370796428,0.36103010433079596
0.43593184990191,0.43388428060308154
0.242070633833219,0.2428214346807758
0.611167762289279,0.6190760779231792
