target,moment
1.0,1.0
1.0,1.0
1.0,1.0
1.0,1.0
1.0,1.0
1.0,1.0
0.3839041310068457,0.3385391393221747
0.5258771564297025,1.7166898302773346
0.5209214856605547,2.4473316087640318
0.8983050847457628,2.3852826461557046
0.6500341763499659,3.0025936687041046
0.6534967191969042,2.165583634791867
0.1145492069448253,0.04015554262141789
0.324304241149667,0.301201220666281
0.1866478608368594,0.5180494602007071
0.2,0.2575629883785563
0.1052631578947368,0.24154149320442325
0.324294767539678,0.35908595112250136
0.0869450177276816,0.034582838387403274
0.2860708026638626,0.3887174528257151
0.4302580770619774,0.7016356735812367
0.2067796610169491,0.29853886635749616
0.1353383458646616,0.33750491235183766
0.2860748135270035,0.5167742693170068
0.0296006581131204,0.01105950259147898
0.06931650893796,0.08157785809148553
0.0103480845626024,0.03510634479237125
0.0916784203102961,0.055331309604476
0.050580997949419,0.08627976584097408
0.0693174807918793,0.06017629531320855
0.0387170642766769,0.014293633067367069
0.0913985278654048,0.12709695776360228
0.0215990221407339,0.071729031726266
0.1053126469205453,0.09725759571014524
0.1864406779661017,0.13628630507653408
0.0913857887947955,0.11953106449137094
0.1919640924244829,0.11451342153649585
0.485664213109008,0.6675041254742261
0.2629385782148512,0.7636796946846479
0.2604607428302773,0.5650458596893334
0.4508474576271186,0.618840050051312
0.3246753246753247,0.7093777818915001
