target,moment
0.0251697,0.047756502590723414
0.0170519152063842,0.01723263123471623
0.0318099,0.03288922263141121
0.0130792,0.01275385283106095
0.0100246,0.009328784174531195
0.0082411,0.00821447868865017
0.0142723639866622,0.014476789182673925
