target,moment
0.25000000000000006,0.25004122968830567
