target,moment
0.0251697,0.04673734600443858
0.0170519152063842,0.01695679415500632
0.0318099,0.03417531582703832
0.0130792,0.0010043973310612476
0.0100246,0.0008320457935329404
0.0082411,0.002604063789819888
0.0142723639866622,0.00526752135121441
