target,moment
0.0251697,0.04673889220845204
0.0170519152063842,0.016952701217295276
0.0318099,0.03417756900688077
0.0130792,0.0010037333718831377
0.0100246,0.0008321428334841845
0.0082411,0.0026045034882600944
0.0142723639866622,0.005266179686252761
