target,moment
0.0251697,0.05196347236749165
0.0170519152063842,0.0168100823582319
0.0318099,0.03235888671209149
0.0130792,0.0013606961436084216
0.0100246,0.001165694304751679
0.0082411,0.003963153508858019
0.0142723639866622,0.005125942423276864
