target,moment
0.2165556656512729,0.216034168759085
0.233729031160127,0.21730876467556715
0.0672049461385212,0.06286145837436115
0.1094507590702438,0.14152041799295284
0.0339758263448995,0.030461919624861604
0.0562960172915832,0.05421903139419667
0.2827877543433519,0.27759423917897563
