target,moment
0.2165556656512729,0.19285393299312398
0.233729031160127,0.20934575496519514
0.0672049461385212,0.06267213424338319
0.1094507590702438,0.1746359317938425
0.0339758263448995,0.03182893892121585
0.0562960172915832,0.057561821984924766
0.2827877543433519,0.2711014850983146
