target,moment
0.09277,0.09445478503315664
