target,moment
0.0251697,0.06227153603234204
0.0170519152063842,0.018246912538106928
0.0318099,0.032979688771420816
0.0130792,0.012355072195177605
0.0100246,0.008860276582389144
0.0082411,0.00803985950010077
0.0142723639866622,0.014726027774443961
