target,moment
0.3499061550503732,0.5898864334621786
0.1200626194103338,0.06322008434787009
0.1211887588058545,0.06510099518108597
0.0035804162844133,0.010602998641452475
0.0004965786572176,0.008566060465660665
0.002462693476303,0.0027442128003040025
0.0600304680464258,0.03182561000320525
