target,moment
0.4750989714792567,0.35343965908584385
