target,moment
0.0251697,0.03839883206831474
0.0170519152063842,0.02014736600858155
0.0318099,0.032199203711960146
0.0130792,0.000743240970758921
0.0100246,0.0006473282606610799
0.0082411,0.0021548258416027137
0.0142723639866622,0.008472520093492381
