target,moment
0.2165556656512729,0.21042092933901085
0.233729031160127,0.219794738213991
0.0672049461385212,0.06302632471801134
0.1094507590702438,0.14073299771642453
0.0339758263448995,0.030502230468764362
0.0562960172915832,0.05424226617460321
0.2827877543433519,0.2812805133691946
