target,moment
90.663631358,92.30738211230732
