target,moment
0.5418056800884126,0.5711387901889414
