target,moment
0.4750989714792567,0.4569416248457315
