target,moment
0.01463,0.016029841316411456
