target,moment
1.0,1.0
1.08968319541132,1.083276122088048
1.17541345258769,1.1746989471260514
0.346940370796428,0.35757168806476747
0.43593184990191,0.4307805669449736
0.242070633833219,0.24099305808970686
0.611167762289279,0.6113950635563861
