target,moment
0.400749027516048,0.28048790244151456
0.1099457351100976,0.1064103435039422
0.0711754468984532,0.07637140989788396
