target,moment
0.0087725,0.008762588183973175
-0.0158656,-0.015889284602343727
-0.0098115999999999,-0.009796237787693535
