target,moment
0.0268926689027311,0.02696445243408983
0.041115980022573,0.04112767044982493
0.0596663170296645,0.059560341196322156
0.0221120641897875,0.022077043109808257
0.0525740584495689,0.05252071956044673
