target,moment
0.0168692,0.016831301226921235
