target,moment
0.027820599079132,0.027498808662040772
0.0201410956216747,0.020375606247856032
0.0324071002006531,0.03241272800550693
0.0205700993537903,0.003564202128329601
0.0137092995643615,0.0007937073161883537
0.0069309997558593,0.002061084266487967
0.0169324004650116,0.01666884483118987
0.0397819995880127,0.03879720642774774
0.0110084998607635,0.0012418146747556202
0.0042943000793457,0.0007496763613194645
0.0133872343614895,0.00590665644825209
