target,moment
0.000729426174,0.0007047690166433995
