target,moment
0.0251697,0.024728270032377212
