target,moment
0.3499061550503732,0.5550647884918735
0.1200626194103338,0.06368178518555304
0.1211887588058545,0.06765499777700516
0.0035804162844133,0.010427432564522547
0.0004965786572176,0.008385922071247299
0.002462693476303,0.002705448027055489
0.0600304680464258,0.031456204886497835
