target,moment
0.0251697,0.06355583348208396
0.0170519152063842,0.01693279835877256
0.0318099,0.0365421954979329
0.0130792,0.012382271923960691
0.0100246,0.00921761819830331
0.0082411,0.008295605060717906
0.0142723639866622,0.0143776410100098
