target,moment
0.400749027516048,0.2455543359350342
0.1099457351100976,0.38168531762305147
0.0711754468984532,0.12548317742739695
