target,moment
0.027820599079132,0.025342557328427863
0.0201410956216747,0.019442778030909436
0.0324071002006531,0.030815986059972874
0.0205700993537903,0.0023476051569491416
0.0137092995643615,0.0009037383241598843
0.0069309997558593,0.001470592865370206
0.0169324004650116,0.017002210579696943
0.0397819995880127,0.03819037143498768
0.0110084998607635,0.0009717040864222929
0.0042943000793457,0.0006268313177619205
0.0073146998882293,0.0027423020453734397
0.0135465587074145,0.0034809176119274484
