target,moment
90.663631358,90.20642699021568
