target,moment
0.000729426174,0.000665741533157359
