target,moment
0.0087725,0.00863569584355918
