target,moment
1.0,1.0
1.0930777059511088,1.0928412869881632
1.17541345258769,1.1798048197243638
0.346771653959122,0.3523785861122377
0.435719747133782,0.4374791543871002
0.241952910075955,0.24238651348020054
1.00152170325136,1.013636425844869
0.770342027427148,0.7806236852434791
0.450288180056851,0.45010755660385793
1.04371974139227,1.0816530916992513
0.653966544013067,0.6539604170392184
0.4017735881616045,0.39155196740022324
