target,moment
0.0251697,0.04675163327726867
0.0170519152063842,0.017432308015747217
0.0318099,0.03229335159626618
0.0130792,0.012658188585000183
0.0100246,0.009396499588170099
0.0082411,0.008148780916855456
0.0142723639866622,0.014533160063445127
