target,moment
0.0251697,0.04675163757381921
0.0170519152063842,0.017432311075645957
0.0318099,0.032293355592475946
0.0130792,0.012658190994039331
0.0100246,0.009396501193953119
0.0082411,0.00814878236263673
0.0142723639866622,0.014533162704347319
