target,moment
1.0,1.0
0.8725795027488233,0.8677888016114271
0.854808293224731,0.8593082492934615
0.621549138483011,0.7797537860638639
0.597797984767889,0.574422712067315
0.293805456329383,0.2961785719211996
0.97595829268538,0.8947334132320837
0.7580583490804771,0.8603579144126686
0.386667563757739,0.36435816652781083
0.525456673586441,0.5079927289612401
0.456857731012344,0.45937743735967296
0.5726777336793948,0.5524010317941423
