target,moment
0.1723413565516609,0.15256202173222952
0.2001451715125225,0.19578849062991197
0.0492233011970225,0.048846338861649075
0.168467104972989,0.20741386078702514
0.0285381933738058,0.02732800898753685
0.0677758953123543,0.06787086292660471
0.0150971440961255,0.013843467213330544
0.0183036890385174,0.02079519005208551
0.0333799623505598,0.031373095785439106
0.0211113551470954,0.020383107897522863
0.0071838887952674,0.007220466069953023
0.2184329376520792,0.20657508905671168
