target,moment
0.0251696991920471,0.04971961224229228
0.0169424664104217,0.02015880313501702
0.0313091993331909,0.029673444863540864
0.0130791997909546,0.002054057298282196
0.0100246000289917,0.0010259246694508792
0.0082410997152328,0.0035237719045613826
0.0197126996517181,0.014642208565639938
0.0252290010452271,0.02283726837093354
0.0106797003746033,0.0013825765283316872
0.0184949994087218,0.010337895586959188
0.0039844000339508,0.0005578675099231584
0.0127844897880634,0.007396269752161633
