target,moment
90.663631358,90.73485605699113
