target,moment
1.0,1.0
1.08968319541132,1.074272531847431
1.17541345258769,1.1656286010686763
0.346940370796428,0.36481932850641396
0.43593184990191,0.4326553387365277
0.242070633833219,0.2425361108517366
0.611167762289279,0.606734979992685
