target,moment
0.003549953,0.003505495858615174
