target,moment
0.1723413565516609,0.15088975771694108
0.2001451715125225,0.1958747934484171
0.0492233011970225,0.04918328421486065
0.168467104972989,0.2088476933418586
0.0285381933738058,0.027336512688340097
0.0677758953123543,0.06778234051976573
0.0150971440961255,0.013813842745058934
0.0183036890385174,0.02079246111847607
0.0333799623505598,0.03138709274685238
0.0211113551470954,0.02039899922513124
0.0071838887952674,0.007219557341446361
0.2184329376520792,0.2064736648928518
