target,moment
0.1200626194103338,0.20567447834924446
0.1211887588058545,0.21919170286393908
0.0035804162844133,0.024304104638927473
0.0004965786572176,0.019492289095347542
0.002462693476303,0.006232476969143565
0.0600304680464258,0.06206216471385222
0.1343304183885601,0.051151389135658275
0.0637303998720678,0.05592302803781568
0.0018651157701598,0.008672788099510227
0.0004460791327548,0.006923860607098777
0.0016008349254711,0.002354152453018683
0.0392297139201939,0.021417101617949245
0.0400814725661333,0.015492528681306225
0.0389368166783096,0.031736509822215306
0.0006682770403912,0.004647941540267857
9.931573144352892e-05,0.003049306168941308
0.0002592308922424,0.0009462589406029872
0.0194675666804137,0.010728339748943687
0.0304225968538796,0.009322908954208139
0.03434640990464,0.028210708678658526
0.0521424423253347,0.03746263645757952
0.0001026823664077,0.0025315006248334657
0.0003332968614545,0.0008377727791714873
0.01717320495232,0.009428443661509573
0.0103574524673225,0.005093768087477719
0.0083223216314713,0.006628105266522428
0.0012540715241598,0.0029701904203197306
0.0003282469090082,0.0007020810465426546
0.0001245654936749,0.00020405718583053222
0.0041611608157356,0.0018392248516963497
0.0135473390958901,0.004586967209343067
0.0109735466657688,0.0063748745508794506
0.0026175586846557,0.004728841516330374
0.0003770631159889,0.0006951847438992258
9.258246151515408e-05,0.0006100460480071614
0.0054859316741434,0.0018780523259062621
0.0671694174879853,0.06366104744311644
0.0583101175797261,0.026239382970880572
0.0318651999360339,0.02987658735732291
0.0009325578850799,0.0029250733203384158
0.0002238812251184,0.002396503375252552
0.0007995758039945,0.0007956196405908604
