target,moment
0.0168692,0.017779234214863313
