target,moment
90.663631358,90.65078890214144
