target,moment
1.0,1.0
1.08968319541132,1.082730880382581
1.17541345258769,1.1666402361401913
0.346940370796428,0.35726836077072527
0.43593184990191,0.4305626037482572
0.242070633833219,0.24142290455332283
0.611167762289279,0.6113655551336662
