target,moment
160.56092694966242,154.77235654307856
