target,moment
54.587308955053004,54.773839436534615
