target,moment
1.0,1.0
1.0930777059511088,1.088503495155042
1.17541345258769,1.173359002710763
0.346771653959122,0.3506039817388685
0.435719747133782,0.4365215713096221
0.241952910075955,0.24189177458152125
1.00152170325136,0.9996966998878168
0.770342027427148,0.77587741193986
0.450288180056851,0.4454295144388732
1.04371974139227,1.0459759412141747
0.653966544013067,0.6533095592873498
0.4017735881616045,0.39066477883929784
