target,moment
0.5787819164750729,0.5898143416490902
