target,moment
0.0284584999084473,0.02860979189181416
0.0198960712188659,0.01952635009356401
0.0310665988922119,0.030375997636310506
0.0210033011436462,0.003491792199437281
0.0128637003898621,0.000546448832294264
0.0066983997821807,0.001359828219783197
0.0161647070313868,0.005910292030140969
