target,moment
0.6230663965401193,0.6547999521098358
