target,moment
0.0168692,0.034541452397847255
