target,moment
0.0251697,0.0636815057984552
0.0170519152063842,0.01688000928483557
0.0318099,0.036293446973741095
0.0130792,0.012373624443648258
0.0100246,0.009249726092803931
0.0082411,0.008293833793167853
0.0142723639866622,0.014354469073308259
