target,moment
0.0168692,0.021398904293034603
