target,moment
90.663631358,90.95413331772616
