target,moment
0.0251697,0.04676892506427697
0.0170519152063842,0.016202760586253206
0.0318099,0.030091927258146803
0.0130792,0.012057571942903193
0.0100246,0.008884981897952742
0.0082411,0.00801958450363916
0.0142723639866622,0.01283465501765845
