target,moment
0.5976704089259137,0.5314560549115346
