target,moment
0.227376970881536,0.20999083247676537
0.26208456644126604,0.27668263848712293
0.09006742321036136,0.09218420730581796
0.0568240636359868,0.08240746993434789
0.037734696268940354,0.04763070736483702
0.04200290962366248,0.041851950037748616
0.2839093699382469,0.24925219439336016
