target,moment
90.663631358,91.08165347230442
