target,moment
0.5041542523556912,0.49291797156512046
