target,moment
90.663631358,90.6333785195944
