target,moment
0.017496806,0.017699750194587353
