target,moment
133.80077245805202,131.07518894248625
