target,moment
0.000729426174,0.0006747474008362139
