target,moment
90.663631358,91.1062836604964
