target,moment
0.0251697,0.05868675403750552
0.0170519152063842,0.018022672572130027
0.0318099,0.03420596761222891
0.0130792,0.012401155631365386
0.0100246,0.008878459681498972
0.0082411,0.008032864494580119
0.0142723639866622,0.014855548775356706
