target,moment
0.2165556656512729,0.21596909123208669
0.233729031160127,0.21557274334139773
0.0672049461385212,0.062428066849426034
0.1094507590702438,0.14246095774210946
0.0339758263448995,0.030501605054895405
0.0562960172915832,0.053952450345321507
0.2827877543433519,0.27911508543476327
