target,moment
0.027820599079132,0.027490867286062894
0.0201410956216747,0.020374680754419595
0.0324071002006531,0.03237276679474102
0.0205700993537903,0.003544851456209664
0.0137092995643615,0.0007918350221664661
0.0069309997558593,0.002021816401293773
0.0169324004650116,0.01666372885002893
0.0397819995880127,0.038783038403700794
0.0110084998607635,0.0012167165898410055
0.0042943000793457,0.0007338273144249702
0.0133872343614895,0.005783349693102712
