target,moment
0.0087725,0.008772458969118541
