target,moment
0.018556120000000002,0.020157774623504786
