target,moment
1.0,1.0
1.08968319541132,1.081353874548069
1.17541345258769,1.1662786815895532
0.346940370796428,0.35754843611297166
0.43593184990191,0.43077434436718587
0.242070633833219,0.24098451869813725
0.611167762289279,0.6113313087403808
