target,moment
0.2165556656512729,0.21666526264735078
0.233729031160127,0.21538137751694258
0.0672049461385212,0.06241877450796144
0.1094507590702438,0.1423302557794157
0.0339758263448995,0.03047043225979277
0.0562960172915832,0.053892282251318084
0.2827877543433519,0.27884161503721877
