target,moment
0.000729426174,0.000725196373381349
