target,moment
0.09277,0.09458982240876618
