target,moment
0.0251697,0.06928805118534567
0.0170519152063842,0.016862171298447186
0.0318099,0.033047568703760806
0.0130792,0.012475697252186137
0.0100246,0.008969020827651192
0.0082411,0.008080219842718759
0.0142723639866622,0.01440392431675846
