target,moment
90.663631358,90.7574788840454
