target,moment
0.2165556656512729,0.21328499172632415
0.233729031160127,0.21622216984407427
0.0672049461385212,0.06255997784750326
0.1094507590702438,0.1430501758788444
0.0339758263448995,0.030634351886730568
0.0562960172915832,0.05411871838339456
0.2827877543433519,0.28012961443312884
