target,moment
1.0,1.0
1.08968319541132,1.083339444683118
1.17541345258769,1.1687517851450198
0.346940370796428,0.3574937937129403
0.43593184990191,0.43109433658203705
0.242070633833219,0.24129384998505946
0.611167762289279,0.6113850329506713
