target,moment
0.003549953,0.0021525395680597223
