target,moment
0.0168692,0.017632957469972965
