target,moment
0.538229054668349,0.5164503985497317
