target,moment
90.663631358,90.92087276319535
