target,moment
0.0251697,0.06627409943167568
0.0170519152063842,0.017469919065151124
0.0318099,0.03404529333514274
0.0130792,0.012654210208844592
0.0100246,0.00918741163213228
0.0082411,0.008257458830423144
0.0142723639866622,0.014658324276612894
