target,moment
1.0,1.0
1.08968319541132,1.083564687792841
1.17541345258769,1.1756151167725166
0.346940370796428,0.3575666448549744
0.43593184990191,0.4307663083315579
0.242070633833219,0.2410199099274171
0.611167762289279,0.6113763954056052
