target,moment
0.1723413565516609,0.15337878425200993
0.2001451715125225,0.195483810237199
0.0492233011970225,0.049226702774277875
0.168467104972989,0.20741703054157407
0.0285381933738058,0.02733015215403456
0.0677758953123543,0.06775592929929532
0.0150971440961255,0.013864788248554822
0.0183036890385174,0.02084035808463192
0.0333799623505598,0.03134156963254458
0.0211113551470954,0.02037214849520425
0.0071838887952674,0.007215640737183956
0.2184329376520792,0.20577308554348975
