target,moment
90.663631358,90.84149464552637
