target,moment
0.0251697,0.029430329475049196
