target,moment
1.0,1.0
1.0793023145213338,1.049650008433532
0.3103356632873494,0.30565198511726527
0.5054162805719256,0.6943056125896385
0.1568918838614548,0.14892465666504448
0.2599609533293794,0.2633459980812695
1.3058432504773845,1.3562610513616309
