target,moment
0.0252798326810201,0.026437301889788496
0.0172650220750561,0.01691237965855854
0.0303512334823608,0.03250932089937229
0.0121442333857218,0.0014840398200333172
0.0098842666546503,0.0010324948571708167
0.0076676666736602,0.0030278897449743545
0.0197880665461222,0.01930427808283229
0.024140867392222,0.024045953128859494
0.0116844336191813,0.0012074408674000474
0.003932466606299,0.0005933328953104054
0.0138674998971998,0.006339120550231574
