target,moment
1.0,1.0
1.08968319541132,1.081590108598877
1.17541345258769,1.1670697861766648
0.346940370796428,0.35775534058074665
0.43593184990191,0.4310288009335987
0.242070633833219,0.24111891487408393
0.611167762289279,0.6114644121487707
