target,moment
0.2165556656512729,0.21318088921058412
0.233729031160127,0.2162188483035383
0.0672049461385212,0.06252406174730693
0.1094507590702438,0.14310878617279119
0.0339758263448995,0.030642447303089074
0.0562960172915832,0.054178504434298606
0.2827877543433519,0.28014646282839173
