target,moment
0.5689614785257613,0.7415099399526509
