target,moment
1.0,1.0
1.067414829963087,1.0514071023326643
1.07007403311972,1.07633890240585
0.359286148834362,0.4421718004761914
0.505066680632501,0.5136551162918016
0.248941333843596,0.2517192983121085
0.6202428131713247,0.5166800884017574
