target,moment
0.027820599079132,0.027664105363582842
0.0201410956216747,0.020387210855678663
0.0324071002006531,0.03258173451137917
0.0205700993537903,0.0036792563686301114
0.0137092995643615,0.0009108867808548042
0.0069309997558593,0.0022853517696909387
0.0169324004650116,0.016668796519771694
0.0397819995880127,0.03886683855666759
0.0110084998607635,0.0013753638571249891
0.0042943000793457,0.0008093480409077451
0.0073146998882293,0.002607796349834811
0.0135465587074145,0.003864855905873735
