target,moment
0.071287577,0.07150689708349199
