target,moment
0.0251697,0.04463525217966771
0.0170519152063842,0.01782536385564048
0.0318099,0.032348839031045636
0.0130792,0.012410543683821823
0.0100246,0.008940925910089425
0.0082411,0.008052230923876212
0.0142723639866622,0.014781577703979856
