target,moment
0.5823549874673715,0.6860068356014125
