target,moment
0.0047203001064472,0.004896328719059204
