target,moment
0.5418056800884126,0.5906514531336513
