target,moment
0.0168692,0.017609589353025732
