target,moment
0.0087725,0.008723917167544126
