target,moment
0.0168692,0.017888067632016294
