target,moment
0.5090457884874178,0.5367034604056462
