target,moment
0.22137241763618884,0.21405544267858426
0.2636085913128428,0.2694857702708355
0.09041775951974637,0.09788981479605571
0.049927083319377875,0.07545752565643976
0.03671088276898511,0.04849015115232057
0.04004488352920303,0.041442924040908526
0.01991900346112428,0.0176030829030837
0.01522049003266172,0.018940405172603293
0.03552731225240794,0.02643439175289052
0.022576966231319443,0.019636490812826597
0.009139396410045653,0.009296090425966243
0.19553521352609696,0.16126791033748544
