target,moment
1.0,1.0
1.0680543794288877,1.0897680141639725
1.2834676648532166,1.3102044451098465
0.4995128076461577,0.6321992292473556
0.7726672871931991,0.7723704956808431
0.3088662366814056,0.3244571120614432
0.6682489775100803,0.554940799375919
