target,moment
0.000729426174,0.0007357010248850779
