target,moment
1.0,1.0
1.08968319541132,1.0821193274711345
1.17541345258769,1.1698431452050808
0.346940370796428,0.3577229670493225
0.43593184990191,0.4310324964098073
0.242070633833219,0.2411171356178832
0.611167762289279,0.6114938091830645
