target,moment
90.663631358,92.46525133310233
