target,moment
0.003549953,0.0025911205384289296
