target,moment
0.027820599079132,0.027505091447413196
0.0201410956216747,0.020374190894704932
0.0324071002006531,0.032398774233196474
0.0205700993537903,0.003496341446833669
0.0137092995643615,0.0007937236899877643
0.0069309997558593,0.002046795908821227
0.0169324004650116,0.016678021970756376
0.0397819995880127,0.03886110103542465
0.0110084998607635,0.0012368155162219337
0.0042943000793457,0.0007478615826762635
0.0133872343614895,0.00583754386732749
