target,moment
0.017496806,0.017579961084927914
