target,moment
0.0251696991920471,0.04983645310999273
0.0169424664104217,0.01782738328437868
0.0313091993331909,0.030567131843864354
0.0130791997909546,0.0019069397266396283
0.0100246000289917,0.0009983184198712335
0.0082410997152328,0.003351520330055608
0.0197126996517181,0.01902048553601913
0.0252290010452271,0.024487978665072366
0.0106797003746033,0.0013454983420066857
0.0184949994087218,0.01711866334105211
0.0039844000339508,0.0005431465278166401
0.0127844897880634,0.006807154296055639
