target,moment
0.017496806,0.01754604116519749
