target,moment
1.0,1.0
1.08968319541132,1.074238794273065
1.17541345258769,1.1682448693099432
0.346940370796428,0.3645585551800935
0.43593184990191,0.43238983692706073
0.242070633833219,0.24236274765511598
0.611167762289279,0.6062281273029296
