target,moment
0.0018668178862803,0.0018369830341789669
