target,moment
0.5332440948838924,0.5096183946166786
