target,moment
0.0251697,0.050045718568116876
0.0170519152063842,0.017430690169558852
0.0318099,0.032600202479102926
0.0130792,5.875689260130535e-05
0.0100246,1.3969947346078364e-06
0.0082411,0.00038923216721722725
0.0142723639866622,0.010360297184118735
