,beta,alpha
0,0.6168674868774365,0.6304801802765804
1,0.3831325131225634,0.4117449649471563
