target,moment
0.5418056800884126,0.5809696187695291
