target,moment
0.000729426174,0.0007252365093175186
