target,moment
0.09277,0.09274394933688457
