target,moment
0.01463,0.015001473886020614
