target,moment
0.0251697,0.04673319906536839
0.0170519152063842,0.01695465094689941
0.0318099,0.03417501760246943
0.0130792,0.0010019938164858482
0.0100246,0.0008297632034762462
0.0082411,0.002597442806071663
0.0142723639866622,0.0052638972631199816
