target,moment
0.014603,0.015538386002825815
