target,moment
0.0251696991920471,0.04976813228747213
0.0169424664104217,0.019992338308351662
0.0313091993331909,0.029333371958795578
0.0130791997909546,0.0020485441555252444
0.0100246000289917,0.0010227725351953678
0.0082410997152328,0.0035138833919612883
0.0197126996517181,0.014579674712902922
0.0252290010452271,0.022773960375185053
0.0106797003746033,0.0013785114783409847
0.0184949994087218,0.01031870312332244
0.0039844000339508,0.0005560854340327321
0.0127844897880634,0.007374967149027134
