target,moment
0.2040428289529481,0.21488808549487848
0.2255852454372509,0.2372464091099058
0.0643218875038216,0.06678897717993447
0.1031564938626009,0.1650095081410361
0.0320219615813117,0.035876434531660055
0.0530585619633796,0.05682565767665982
0.018329400868127,0.01789948810803495
0.0189912032396071,0.023446795874948727
0.0265511265560509,0.026548642410240793
0.0104250119775051,0.01111846715406012
0.0209966612555152,0.021135794185148608
0.2225196168018815,0.12321574013349226
