target,moment
0.015629,0.015467818925350723
