target,moment
0.015629,0.015191928909822749
