target,moment
0.0087725,0.008775480679317209
