,beta,alpha
0,0.6175811929403415,0.6255591380624841
1,0.38241880705965864,0.41366667935028856
