target,moment
0.5818702095245367,0.670493213968521
