target,moment
0.2165556656512729,0.2122044140826266
0.233729031160127,0.2164926149522375
0.0672049461385212,0.06255939430293687
0.1094507590702438,0.1432869532716381
0.0339758263448995,0.030689384444716056
0.0562960172915832,0.05425041104341974
0.2827877543433519,0.2805168279024251
