target,moment
144.80523727796603,144.5938583768446
