target,moment
0.1723413565516609,0.15326460610620088
0.2001451715125225,0.1965354029255175
0.0492233011970225,0.04927794065776382
0.168467104972989,0.20843820500712207
0.0285381933738058,0.02748883333412771
0.0677758953123543,0.06825660561193371
0.0150971440961255,0.013886784311535923
0.0183036890385174,0.02083986227308712
0.0333799623505598,0.03154602316005481
0.0211113551470954,0.02049217115727393
0.0071838887952674,0.007259010339756297
0.2184329376520792,0.20271455511562625
