target,moment
0.071287577,0.07145113172569487
