target,moment
0.0168692,0.019190444006450716
