target,moment
0.09277,0.0929353486169171
