target,moment
0.0251697,0.04673705982426249
0.0170519152063842,0.016977058426391307
0.0318099,0.03406816715388183
0.0130792,0.0010180687336670661
0.0100246,0.0008445256035273512
0.0082411,0.0026408007993674806
0.0142723639866622,0.0053005637128777094
