target,moment
133.80077245805202,133.8251316995996
