target,moment
0.027820599079132,0.02706534286928769
0.0201410956216747,0.019864557937783658
0.0324071002006531,0.03140960283514081
0.0205700993537903,0.0031810021428593234
0.0137092995643615,0.0008236135896182193
0.0069309997558593,0.0020517322267690854
0.0169324004650116,0.016432717275558787
0.0397819995880127,0.03803430234971557
0.0110084998607635,0.0012419389392151568
0.0042943000793457,0.0007378754516068058
0.0073146998882293,0.0022276874488685247
0.0135465587074145,0.0033442213204741616
