target,moment
0.4000000000000001,0.3967879731233736
