target,moment
0.002982877234681,0.0029269358919805947
