target,moment
133.80077245805202,133.30359054771662
