target,moment
0.5418056800884126,0.5789588880314495
