target,moment
0.09277,0.0930286059239454
