target,moment
0.22808762395631618,0.23191982541270137
0.2685205467212008,0.2589582794942057
0.0924792936968351,0.11972750954574175
0.04261354076593496,0.0907377771807687
0.038148844364823034,0.050531576231174755
0.04009452981621397,0.03229083536411107
0.29005562067867585,0.2158341967712968
