target,moment
1.0,1.0
0.8725795027488233,0.8850602332276567
0.854808293224731,0.8895180989207336
0.621549138483011,0.8137896221644918
0.597797984767889,0.5981318450017965
0.293805456329383,0.3063648045590512
0.97595829268538,0.9910393111055941
0.7580583490804771,0.8933573700815922
0.386667563757739,0.3455237380877432
0.525456673586441,0.5275194344291775
0.456857731012344,0.47261424773300137
0.5726777336793948,0.43778592049608495
