target,moment
0.017496806,0.017707834675985527
