target,moment
0.000729426174,0.0007043184596194765
