target,moment
0.3499061550503732,0.5856619587874251
0.1200626194103338,0.06368361294790957
0.1211887588058545,0.06580788514925036
0.0035804162844133,0.010599990340265781
0.0004965786572176,0.008546366357015271
0.002462693476303,0.002744115549013268
0.0600304680464258,0.03186556112084583
