target,moment
0.0251697,0.031939809029601175
0.0170519152063842,0.01541854022846027
0.0318099,0.031793931115511626
0.0130792,0.0006491075191062777
0.0100246,0.0005478428991245138
0.0082411,0.0017173642374756254
0.0142723639866622,0.003717231241967446
