target,moment
1.0,1.0
1.08968319541132,1.0817082584043194
1.17541345258769,1.1665321975906597
0.346940370796428,0.35775804830879704
0.43593184990191,0.4311929038486646
0.242070633833219,0.2411539548691676
0.611167762289279,0.6115246840571001
