target,moment
0.2165556656512729,0.21187456083553227
0.233729031160127,0.2166206883342979
0.0672049461385212,0.06254770167034647
0.1094507590702438,0.14334335357777309
0.0339758263448995,0.03069400611999328
0.0562960172915832,0.05427074053146889
0.2827877543433519,0.28064894893058806
