target,moment
0.0168692,0.017797080875547985
