target,moment
0.003549953,0.0034870786481783415
