target,moment
137.14087851479232,137.2454147768182
