target,moment
0.4750989714792567,0.48842563240326403
