target,moment
0.2165556656512729,0.21561690525144214
0.233729031160127,0.2174885366733643
0.0672049461385212,0.06287094769852099
0.1094507590702438,0.14153437335255842
0.0339758263448995,0.0304606000760499
0.0562960172915832,0.05419760530568496
0.2827877543433519,0.2778310316423793
