target,moment
0.003549953,0.003316266129955539
