target,moment
90.663631358,91.06164163919624
