target,moment
0.5041542523556912,0.509612331587309
