target,moment
0.0251697,0.04673853082277625
0.0170519152063842,0.01695732875470006
0.0318099,0.03417923867435366
0.0130792,0.0010042674606265505
0.0100246,0.0008320926242942146
0.0082411,0.002604172210535463
0.0142723639866622,0.00526834418876922
