target,moment
0.0168692,0.016838466852946304
