target,moment
0.1723744735734453,0.16257690572168915
0.2001836313003392,0.20543130396095868
0.0492327599199353,0.05145752581165766
0.1684994775206873,0.22186729110885364
0.0285436772575964,0.02818147643585139
0.0677889190917095,0.0694202852215243
0.0151000451551628,0.01427135570881361
0.0183072062654951,0.021730962868072745
0.0333863766260561,0.03187087622306131
0.0211154118936726,0.02089439904260952
0.2254680213959001,0.172297617896908
