target,moment
0.027820599079132,0.027561580083982667
0.0201410956216747,0.020386183769225255
0.0324071002006531,0.032379009345701266
0.0205700993537903,0.0035737720351365406
0.0137092995643615,0.0007931369521521999
0.0069309997558593,0.002060269048110505
0.0169324004650116,0.016668507792984878
0.0397819995880127,0.03885496586909679
0.0110084998607635,0.0012379554342016794
0.0042943000793457,0.0007483844186649807
0.0133872343614895,0.0059274377397816646
