target,moment
1.0,1.0
1.08968319541132,1.0819108409048552
1.17541345258769,1.1664945881103845
0.346940370796428,0.3577810453707877
0.43593184990191,0.43113925615760806
0.242070633833219,0.24117541749876467
0.611167762289279,0.6116680958335929
