target,moment
0.0251697,0.029292081034470965
