target,moment
90.663631358,90.85727032076846
