target,moment
0.015629,0.015455444250367788
