target,moment
82.198645766003,82.24312782930635
