target,moment
1.0,1.0
1.0930777059511088,1.0903189971563383
1.17541345258769,1.1756923120197302
0.346771653959122,0.3522827000441251
0.435719747133782,0.4375138529569795
0.241952910075955,0.24239670585645343
1.00152170325136,1.0002710752913087
0.770342027427148,0.7765455827945899
0.450288180056851,0.45016043505474806
1.04371974139227,1.0464785489154869
0.653966544013067,0.6540356200200557
0.4017735881616045,0.39150221862828527
