target,moment
0.45500000000000007,0.27349953254306897
