target,moment
0.2165556656512729,0.20963376484211788
0.233729031160127,0.22745473659127893
0.0672049461385212,0.06372584481959252
0.1094507590702438,0.13965857055413874
0.0339758263448995,0.03004318425368443
0.0562960172915832,0.053478726469654694
0.2827877543433519,0.27600517246953293
