target,moment
0.0251697,0.052103932891817854
0.0170519152063842,0.017699824340954358
0.0318099,0.03360750093075257
0.0130792,0.0011511490691642587
0.0100246,0.0008746351964535285
0.0082411,0.002727936147197266
0.0142723639866622,0.006235417075769883
