target,moment
0.2165556656512729,0.19371535054973105
0.233729031160127,0.20892771246756245
0.0672049461385212,0.061915434562555126
0.1094507590702438,0.17454966520506354
0.0339758263448995,0.031828666802057724
0.0562960172915832,0.057588100060178726
0.2827877543433519,0.2714750703528513
