target,moment
1.0,1.0
1.08968319541132,1.0810916826363368
1.17541345258769,1.163903353215422
0.346940370796428,0.35670580865463164
0.43593184990191,0.42989675806482236
0.242070633833219,0.24103183587707422
0.611167762289279,0.6105297811805578
