target,moment
1.0,1.0
1.08968319541132,1.0813282102877864
1.17541345258769,1.1662538841694938
0.346940370796428,0.3575525196613372
0.43593184990191,0.4307723726701636
0.242070633833219,0.24098260307469888
0.611167762289279,0.6113372435313746
