target,moment
0.09277,0.09614958084413502
