target,moment
1.0,1.0
0.8725795027488233,0.8738225939004745
0.854808293224731,0.8847631853517668
0.621549138483011,0.8004446454237861
0.597797984767889,0.5883247189775686
0.293805456329383,0.2994282206925027
0.97595829268538,0.9125804791767462
0.7580583490804771,0.8891052406053056
0.386667563757739,0.36804010694305545
0.525456673586441,0.5188434973027505
0.569474829535268,0.4294821597946276
