target,moment
0.0168692,0.019013729400205893
