target,moment
0.09277,0.09318686063803777
