target,moment
1.0,1.0
1.0930777059511088,1.0911431392984903
1.17541345258769,1.1772402298836395
0.346771653959122,0.3522522758043633
0.435719747133782,0.4374177622918263
0.241952910075955,0.24235284729910922
1.00152170325136,1.0018550610918724
0.770342027427148,0.7772071088778131
0.450288180056851,0.450056545184452
1.04371974139227,1.0483261819341194
0.653966544013067,0.6538841126213605
0.4017735881616045,0.391472545417064
