target,moment
1.0,1.0
0.8725795027488233,0.8763301213171376
0.854808293224731,0.8861298069836336
0.621549138483011,0.8016999473210632
0.597797984767889,0.588615123228906
0.293805456329383,0.29926845298609905
0.97595829268538,0.9161777635003284
0.7580583490804771,0.8935687331307861
0.46400107650928674,0.3681680699613577
0.525456673586441,0.51895210540999
0.569474829535268,0.4292156935353312
