target,moment
0.1689535601455536,0.16305126621232965
0.1973908323340822,0.20396616820879118
0.0482556952420234,0.05077813630003811
0.1651554665816334,0.21890162716415315
0.0279772044685131,0.027984871105755718
0.0664435921487136,0.06887904603691597
0.0148003723198397,0.014115134317528954
0.0179438846759203,0.019713598252984316
0.0327237964786536,0.03094549637789656
0.0102222385003256,0.010110136104239775
0.0206963591500438,0.020746397001325047
0.2294369979546971,0.17080812291804162
