target,moment
133.80077245805202,134.45765122181496
