target,moment
133.80077245805202,133.05835664121045
