target,moment
0.0087725,0.008711987439045504
