target,moment
0.2165556656512729,0.21456602451693393
0.233729031160127,0.21744513614472588
0.0672049461385212,0.0628810106033408
0.1094507590702438,0.14094691977169316
0.0339758263448995,0.03035736788771706
0.0562960172915832,0.05369392468023494
0.2827877543433519,0.2801096163953542
