target,moment
0.09277,0.09279489304712941
