target,moment
0.0251696991920471,0.047151140331720715
0.0170474822517444,0.01713557513658825
0.0313091993331909,0.03243351643097098
0.0130791997909546,0.0015407123525631857
0.0100246000289917,0.0006909858314435956
0.0082410997152328,0.0022384945560781832
0.0141547485772109,0.006265567795148193
