target,moment
0.0251696991920471,0.047764205579022806
0.0169424664104217,0.016631169280023374
0.0313091993331909,0.024680613243905632
0.0130791997909546,0.001768131354682325
0.0100246000289917,0.0008773855220687456
0.0082410997152328,0.0030230162428110793
0.0197126996517181,0.00920826151024373
0.0252290010452271,0.018246023637947386
0.0106797003746033,0.0011828814873762496
0.0184949994087218,0.006838347196907889
0.0039844000339508,0.00048525333635781616
0.0127844897880634,0.0062886826824304605
