target,moment
90.663631358,90.92480931064924
