target,moment
0.017496806,0.017594280200755142
