target,moment
0.0168692,0.017587932785764267
