target,moment
133.80077245805202,133.9110223840603
