target,moment
0.1723744735734453,0.16329169585135853
0.2001836313003392,0.2047788526886247
0.0492327599199353,0.05176348628807058
0.1684994775206873,0.2215482886853369
0.0285436772575964,0.02822894648584532
0.0677889190917095,0.06957186794123868
0.0151000451551628,0.014031417715609309
0.0183072062654951,0.021408711730937603
0.0333863766260561,0.031942588796843384
0.0211154118936726,0.020922182815358282
0.2254680213959001,0.17251196100077668
