target,moment
0.027820599079132,0.027531556125052228
0.0201410956216747,0.020391166390114845
0.0324071002006531,0.032609302196913575
0.0205700993537903,0.0036014077646652283
0.0137092995643615,0.0008111726523774247
0.0069309997558593,0.002098593950635628
0.0169324004650116,0.01666612960657566
0.0397819995880127,0.03887338604539853
0.0110084998607635,0.0012671618224776788
0.0042943000793457,0.0007666883698228248
0.0133872343614895,0.0060075644140897885
