target,moment
1.0,1.0
0.8725795027488233,0.8719788971627249
0.854808293224731,0.9194033170518506
0.621549138483011,0.7989699214319561
0.597797984767889,0.5868724209208531
0.293805456329383,0.29887941583142263
0.97595829268538,0.9166374654877978
0.7580583490804771,0.8586453516422026
0.386667563757739,0.36674224048190235
0.525456673586441,0.5174047472193029
0.569474829535268,0.42797889193055155
