target,moment
0.027820599079132,0.02688668659417655
0.0201067607047929,0.02249824652327037
0.0324071002006531,0.03340992152563605
0.0205700993537903,0.0037358861782807186
0.0137092995643615,0.0009029880113524589
0.0069309997558593,0.002184122916147127
0.0169324004650116,0.01338807285275974
0.0397819995880127,0.029947637427792318
0.0110084998607635,0.0013787896417949824
0.019208300113678,0.012921076955846333
0.0042943000793457,0.0007659244660582265
0.0127500267224018,0.006077860819137472
