target,moment
1.0,1.0
0.8708918904661864,0.8880869454181838
0.854808293224731,0.8993709219739505
0.621549138483011,0.8080048083597461
0.597797984767889,0.5939400366718984
0.293805456329383,0.3018253783228935
0.97595829268538,0.926369673779786
0.7580583490804771,0.9024332521878098
0.386667563757739,0.37176902686322544
1.22613445378151,1.2115246727732383
0.525456673586441,0.5234782656626035
0.4908529160875781,0.35972920406827086
