target,moment
144.80523727796603,144.89781421887434
