target,moment
1.0,1.0
0.8725795027488233,0.8802817469493451
0.854808293224731,0.8997304120613471
0.621549138483011,0.798685834188161
0.597797984767889,0.5657576573716451
0.293805456329383,0.29100942243658906
0.97595829268538,0.8993573002379731
0.7580583490804771,0.9453220665124414
0.386667563757739,0.3598517951000393
0.525456673586441,0.4893800544788914
0.456857731012344,0.46922933564146896
0.5726777336793948,0.5536095988077487
