target,moment
0.1723413565516609,0.15446973123936608
0.2001451715125225,0.1958061111955921
0.0492233011970225,0.05146327630009523
0.168467104972989,0.21000382956232813
0.0285381933738058,0.02684831947229533
0.0677758953123543,0.06610567104968683
0.0150971440961255,0.01384791071419788
0.0183036890385174,0.0209937738536439
0.0333799623505598,0.030821106032226327
0.0211113551470954,0.019551671408831812
0.0071838887952674,0.006934211080119971
0.2184329376520792,0.20315438809161637
