target,moment
1.0,1.0
1.08968319541132,1.0832805864337405
1.17541345258769,1.1749091138978036
0.346940370796428,0.35755880360942943
0.43593184990191,0.4307573632912569
0.242070633833219,0.2410484640095149
0.611167762289279,0.611377382158885
