,beta,alpha
0,0.6154122143072419,0.6633811096643886
1,0.38458778569275787,0.43161859935839264
