target,moment
0.000729426174,0.00070265300982244
