target,moment
1.0,1.0
0.9724524967792046,0.9711265178829015
1.42252912029835,1.4236695094864584
0.329520068384278,0.34328760412437076
0.404652382391121,0.40156003934564755
0.220300729818378,0.21953936655048514
0.5468334670827375,0.5291577172802431
