target,moment
0.003549953,0.0034974187430573873
