target,moment
0.0087725,0.008772430775607342
