target,moment
0.5679426726969605,0.872826540367474
