target,moment
90.663631358,91.32760881790549
