target,moment
0.0251697,0.0466593589558837
0.0170519152063842,0.017136236656001613
0.0318099,0.034290661331534064
0.0130792,0.000998769270573112
0.0100246,0.0007930125292923229
0.0082411,0.0024800661500005688
0.0142723639866622,0.005199615843891022
