target,moment
0.2165556656512729,0.19281605334085183
0.233729031160127,0.20943638361064762
0.0672049461385212,0.06269927431094856
0.1094507590702438,0.17460554244978765
0.0339758263448995,0.031821269151998524
0.0562960172915832,0.057543250034235036
0.2827877543433519,0.2710782271015309
