target,moment
52.059453405938,52.082527052148116
