target,moment
0.2214072451001777,0.21613815226835623
0.2636500635920867,0.26979096426745297
0.09043198451352495,0.09837836673832391
0.04993493810867341,0.07524907482159258
0.03671665831664045,0.04845992310690486
0.04005118359925667,0.04011362524478988
0.019922137222697395,0.01757479904954776
0.015222884599582773,0.01895276798846481
0.03553290159457308,0.026461594081027478
0.022580518157466315,0.019470702956782354
0.20454948519532062,0.16941002947675704
