target,moment
0.0263160991668701,0.04716849040762449
0.0172894690332003,0.0168886564101
0.0329257011413574,0.03321487697199061
0.0137369000911713,0.0016621327408108486
0.0108138000965118,0.0006979944726532465
0.0080506998300552,0.0018591993065353001
0.0139047936829933,0.0052540648172337
