target,moment
0.000729426174,0.0006831316798637999
