target,moment
0.0245001006126403,0.024995437831564802
0.0166621484278283,0.01702292790881402
0.026430299282074,0.02626795865184779
0.0056323999166488,0.0003480319804733641
0.0104751002788543,0.000430248010489509
0.0063905000686645,0.00023639325854468308
0.0161208999156951,0.01606910184749152
0.0221616005897522,0.02110556231121881
0.0096591997146606,0.001904999288434027
0.0025066998600959,0.0006065410423628663
0.0183203919550882,0.004245474677632912
