target,moment
0.0009840601140605,0.0009975766662523233
