target,moment
0.0168692,0.017715610217517403
