target,moment
0.060000000000000005,0.058559716571829304
