target,moment
0.0251697,0.04673669561733797
0.0170519152063842,0.016956299308441888
0.0318099,0.03417299333993079
0.0130792,0.0010044486887649498
0.0100246,0.0008320221645073873
0.0082411,0.002604035224152758
0.0142723639866622,0.005267244430767466
