target,moment
1.0,1.0
1.08968319541132,1.04452755775083
1.17541345258769,1.1478307427471464
0.346940370796428,0.4058552894785885
0.43593184990191,0.4267882485937611
0.242070633833219,0.24399505556387643
0.611167762289279,0.5984739858888245
