target,moment
0.0251697,0.03371275687336337
0.0170519152063842,0.0262361653779583
0.0318099,0.03065124050653551
0.0130792,0.0021914922788639135
0.0100246,0.0022321936516348363
0.0082411,0.007408426344359161
0.0142723639866622,0.005746273794603836
