target,moment
0.2165556656512729,0.2106548913356221
0.233729031160127,0.22235552940387643
0.0672049461385212,0.06326476785768252
0.1094507590702438,0.14123641854077726
0.0339758263448995,0.030409507679828852
0.0562960172915832,0.05442187418954555
0.2827877543433519,0.27765701099266726
