target,moment
1.0,1.0
1.11043237851765,1.050207861373581
1.4972143972134937,1.572801720932229
0.284826148650757,0.42385917451136246
0.3207191387708363,0.41813194326939046
0.2370063656795177,0.2437148371331437
1.0124883458685825,0.8905474426339138
0.803144451153576,1.0058708949865742
0.450763503237386,0.33353688950586047
0.5907308071628941,0.5107528101864277
0.5042291460730525,0.40096056604735697
