target,moment
1.0,1.0
0.8725795027488233,0.8766249707972615
0.854808293224731,0.8840324870488626
0.621549138483011,0.8002626901460588
0.597797984767889,0.5913383482256743
0.293805456329383,0.304088637778198
0.97595829268538,0.9219411926053729
0.7580583490804771,0.9195280599329106
0.386667563757739,0.37150720625070127
0.525456673586441,0.5270280964327615
0.569474829535268,0.4299092572402491
