target,moment
90.663631358,90.64173297848468
