target,moment
0.09277,0.0967813756846176
