target,moment
0.014603,0.014707129456781792
