target,moment
0.027820599079132,0.02744499272675522
0.0201410956216747,0.020392523398719845
0.0324071002006531,0.03239387317597779
0.0205700993537903,0.0035252541676944367
0.0137092995643615,0.0007560571628271991
0.0069309997558593,0.0019782904913548923
0.0169324004650116,0.016658145127450813
0.0397819995880127,0.038800258821168346
0.0110084998607635,0.0011791976801235364
0.0042943000793457,0.0007126981956985783
0.0133872343614895,0.005800580011111
