target,moment
0.188316744348129,0.16287961765909892
0.1208054369835447,0.11340098059698606
0.1661803577326286,0.14378329501767384
0.0499610115268362,0.06304395231700337
0.0790051321704316,0.08310222145627315
