target,moment
0.071287577,0.07257882510521013
