target,moment
0.000729426174,0.0007348497542476324
