target,moment
0.0087725,0.008935332790538132
-0.0158656,-0.016208640697499818
-0.0098115999999999,-0.009814034569958364
