target,moment
0.1405057387354504,
0.048211461248327,
0.04866366549053,
0.0014377255951656,
0.0001994024685349,
0.0009889010558191,
0.0241053926538778,
0.0539407335307079,
0.0984784577739925,
0.0255911100296061,
0.0007489421530059,
0.0001791242513958,
0.000642819483311,
0.0157527950142623,
0.0160948209433426,
0.0156351813548552,
0.248719092617377,
0.000268348406808,
3.988049370699328e-05,
0.0001040948479809,
0.0078172527071419,
0.0122162739451947,
0.0137918914169066,
0.0209379351367427,
0.0631903043084452,
4.123237484960322e-05,
0.0001338362331183,
0.0068959457084533,
0.0041590623352394,
0.0033418501845317,
0.0005035757256222,
0.0001318084114044,
0.0027402630760703,
5.001960227656784e-05,
0.0016709250922658,
0.0054399697178624,
0.0044064565843371,
0.0010510875883792,
0.0001514106879723,
3.71767314217734e-05,
0.0031911154371307,
0.0022028903218829,
0.0269720566167822,
0.0234145813900041,
0.012795555014803,
0.0003744710765029,
8.990009598356112e-05,
0.0003210717713698,
0.0416223925592461,
