target,moment
0.5377376773961742,0.5158227198482652
