target,moment
0.025024299621582,0.04723830010880913
0.0173823287591547,0.017488819626361844
0.0298125004768371,0.03069528577327194
0.0121498000621796,0.001260255181616763
0.0096342998743057,0.0008178267351676143
0.0075690001249313,0.002138501371381953
0.0144594650202218,0.006755196340812303
