target,moment
0.5664988011444211,0.47409074757701897
