target,moment
0.0278313994407653,0.027355393872333884
0.019919159232007,0.020044750038907953
0.0323841667175293,0.03175038098560009
0.0205992333094279,0.003475866180391228
0.0130900331338246,0.0007602100762038985
0.0068817665179569,0.0019426244013535888
0.0171204666296641,0.016852523740520667
0.040143666267395,0.038864997010308516
0.0109188000361124,0.0012652450426214588
0.0041750333706537,0.0007075171179543701
0.0142862065141112,0.005527038152281053
