target,moment
0.4000000000000001,0.40278212472270625
