target,moment
0.01463,0.014775843722407728
