target,moment
1.0,1.0
1.08968319541132,1.0825572171618996
1.17541345258769,1.1668911234042132
0.346940370796428,0.35733270579621446
0.43593184990191,0.4306290286346598
0.242070633833219,0.2414373891435433
0.611167762289279,0.6114649899062884
