target,moment
0.2165556656512729,0.214687939572558
0.233729031160127,0.21753924262300264
0.0672049461385212,0.062915694075012
0.1094507590702438,0.14101904608409335
0.0339758263448995,0.030373715387733636
0.0562960172915832,0.05372490420176659
0.2827877543433519,0.2797394580558337
