target,moment
0.0168692,0.019018650681736318
