target,moment
0.0251697,0.05055552092399112
0.0170519152063842,0.017167714231277872
0.0318099,0.03222887944696083
0.0130792,0.0001539453079927661
0.0100246,2.215573252564634e-06
0.0082411,0.0005135466770207468
0.0142723639866622,0.011596337947956661
