target,moment
1.0,1.0
1.08968319541132,1.0880023143641584
1.17541345258769,1.172994084722761
0.346940370796428,0.35745856881994686
0.43593184990191,0.43069912949402983
0.242070633833219,0.2421110820753024
0.611167762289279,0.6146345139910282
