target,moment
0.0251697,0.0677453091310706
0.0170519152063842,0.0173157846461769
0.0318099,0.03368834466555342
0.0130792,0.012590456596886767
0.0100246,0.009072738792198037
0.0082411,0.008171741228183631
0.0142723639866622,0.014644426758932742
