target,moment
0.6646583112233456,0.6608503893568889
