target,moment
90.663631358,90.70826379165578
