target,moment
0.003549953,0.003521986829369579
