target,moment
0.0168692,0.017369980133862012
