target,moment
0.0168692,0.01687400305080182
