target,moment
0.09277,0.1245455239666033
