target,moment
0.0168692,0.016192475670244035
