target,moment
0.1768123821908934,0.1721182500307973
