target,moment
0.027820599079132,0.02151707165452952
0.0201410956216747,0.01738136827453707
0.0324071002006531,0.032683496889281974
0.0205700993537903,0.0026604185995856267
0.0137092995643615,0.0009159662744536733
0.0069309997558593,0.0015785359752344742
0.0169324004650116,0.011322457426169613
0.0397819995880127,0.026600439269833725
0.0110084998607635,0.0014511342319431003
0.0042943000793457,0.0006942854271642786
0.0073146998882293,0.002991741362563083
0.0135465587074145,0.0030942780943373095
