target,moment
1.0,1.0
0.8725795027488233,0.8716337888810061
0.854808293224731,0.7589408901714839
0.621549138483011,0.680877660097802
0.597797984767889,0.5741837807321233
0.293805456329383,0.28928983113459367
0.97595829268538,1.0788819153242286
0.7580583490804771,0.7815691900799108
0.386667563757739,0.3763019161740782
0.525456673586441,0.5166800888324163
0.456857731012344,0.45223064060394974
0.5726777336793948,0.5618199877546781
