target,moment
1.0,1.0
0.8725795027488233,0.8735202055251617
0.854808293224731,0.7598668131181647
0.621549138483011,0.6840736512766227
0.597797984767889,0.576409527325987
0.293805456329383,0.2908431105892068
0.97595829268538,1.0781519213725113
0.7580583490804771,0.7823399048462865
0.386667563757739,0.37766125372613774
0.525456673586441,0.5182988589778255
0.456857731012344,0.4541222870366216
0.5726777336793948,0.5642836560513942
