target,moment
0.0333847188949584,0.03284782535631647
0.0201410956216747,0.020406489601245043
0.0324071002006531,0.032581152592949456
0.0205700993537903,0.0038066147089902487
0.0137092995643615,0.0008913440552171935
0.0069309997558593,0.002268478834095511
0.0169324004650116,0.016639592808543786
0.0397819995880127,0.03878819831341103
0.0110084998607635,0.0013471347875324855
0.0042943000793457,0.000793010832264112
0.0073146998882293,0.0024819141046760196
0.0135465587074145,0.003940100564341632
