target,moment
0.0047203001064472,0.004810153938627811
