target,moment
0.0251697,0.0437578692309048
0.0170519152063842,0.018022677750380543
0.0318099,0.03224437599925581
0.0130792,0.012762808010743889
0.0100246,0.009395176054911926
0.0082411,0.008150875938789284
0.0142723639866622,0.01540847194717004
