target,moment
1.0,1.0
1.08968319541132,1.0818423493638523
1.17541345258769,1.1665280423680326
0.346940370796428,0.35777007222568064
0.43593184990191,0.4311262671134343
0.242070633833219,0.24115940480675666
0.611167762289279,0.6116229850105327
