target,moment
0.0168692,0.016769554119492932
