target,moment
0.0273539996147155,0.025531009688838396
0.0186242322849993,0.02085933612312741
0.0310494995117188,0.029039901246848663
0.017137199640274,0.0025635528102168014
0.011599199771881,0.0007801355725322555
0.0078848999738693,0.0033876711463772845
0.0182527995109558,0.016029078024955738
0.033157799243927,0.02530737048287101
0.0113020002841949,0.0014122888825838457
0.0237285995483398,0.024285955398842363
0.0049485000967979,0.0008991490268592505
0.0132425499534265,0.005593339090954181
