target,moment
0.015629,0.01582835720211261
