target,moment
0.09277,0.09497371041202131
