target,moment
0.1723744735734453,0.16255639810192118
0.2001836313003392,0.20514730655956737
0.0492327599199353,0.05145029797234454
0.1684994775206873,0.22198241557782047
0.0285436772575964,0.028196352002589534
0.0677889190917095,0.0694610713623173
0.0151000451551628,0.01427335111238059
0.0183072062654951,0.021730029163211196
0.0333863766260561,0.031887630658588816
0.0211154118936726,0.02090697736808478
0.2254680213959001,0.1724081701211743
