target,moment
1.0,1.0
1.0930777059511088,1.089919048540006
1.17541345258769,1.1750504133471502
0.346771653959122,0.35210982646217337
0.435719747133782,0.43690065337248035
0.241952910075955,0.2422571974510508
1.00152170325136,0.9996729580762806
0.770342027427148,0.7761152947082696
0.450288180056851,0.4496850686138351
1.04371974139227,1.0457646330778283
0.653966544013067,0.6533196141816666
0.4017735881616045,0.3914700001033266
