target,moment
133.80077245805202,133.8561460093829
