target,moment
0.027820599079132,0.027597720057730993
0.0201410956216747,0.02039103531156305
0.0324071002006531,0.03235265604505594
0.0205700993537903,0.0035701290586441408
0.0137092995643615,0.0007900095166407566
0.0069309997558593,0.002055180160168144
0.0169324004650116,0.016665614675163046
0.0397819995880127,0.03885155191117157
0.0110084998607635,0.001234895278019781
0.0042943000793457,0.0007459755188529807
0.0133872343614895,0.005927591745738187
