target,moment
0.09277,0.09273511099369623
