target,moment
1.0,1.0
1.0901923526701716,1.0871539027882238
1.17541345258769,1.1963387077622574
0.346771653959122,0.35490492921857714
0.435719747133782,0.43751208865861196
0.241952910075955,0.24177986292248818
0.6107967519438201,0.5974263775946832
