target,moment
0.0251697,0.028972659579327657
