target,moment
0.0087725,0.008685388131549844
