target,moment
0.000729426174,0.0007304571139590522
