target,moment
1.0,1.0
1.08968319541132,1.0826521058435878
1.17541345258769,1.166984026904975
0.346940370796428,0.3573587280544747
0.43593184990191,0.4306649746851594
0.242070633833219,0.241458710949843
0.611167762289279,0.6115006474184542
