target,moment
0.027820599079132,0.028155964478833218
0.0201410956216747,0.02200325943960069
0.0324071002006531,0.0339902199870099
0.0205700993537903,0.004224759838800896
0.0137092995643615,0.0008569167404316436
0.0069309997558593,0.0013859549425883184
0.0169324004650116,0.011633572870605203
0.0397819995880127,0.02520386821811868
0.0110084998607635,0.0013486172897581952
0.0042943000793457,0.0006533342075722774
0.0073146998882293,0.002399699942124757
0.0135465587074145,0.003924075296206089
