target,moment
0.6476262586832874,0.6966134589063916
