target,moment
0.0168692,0.015884425918105873
