target,moment
0.09277,0.09582652058307968
