target,moment
0.4750989714792567,0.42392173288189244
