target,moment
0.0168692,0.017820482675694676
