target,moment
0.2165556656512729,0.21183773049043322
0.233729031160127,0.21882413016216876
0.0672049461385212,0.06311948004967848
0.1094507590702438,0.14188427872864656
0.0339758263448995,0.03051762272914569
0.0562960172915832,0.05425904634010557
0.2827877543433519,0.2795577114998218
