target,moment
1.0,1.0
1.0930777059511088,1.0939850379173037
1.17541345258769,1.1813454013906994
0.346771653959122,0.35229659218964116
0.435719747133782,0.43744838331557273
0.241952910075955,0.24236789149135426
1.00152170325136,1.0067623516838164
0.770342027427148,0.7800078777882372
0.450288180056851,0.4500839866776471
1.04371974139227,1.0531575806493716
0.653966544013067,0.6539261083019587
0.4017735881616045,0.39150401280326635
