target,moment
0.2040428289529481,0.21493981258863093
0.2255852454372509,0.2370286812081033
0.0643218875038216,0.06676905740936581
0.1031564938626009,0.16506234531840067
0.0320219615813117,0.03592334538821685
0.0530585619633796,0.056844773292401556
0.018329400868127,0.017880299375556623
0.0189912032396071,0.023439216222174583
0.0265511265560509,0.026568680801686943
0.0104250119775051,0.011129596079369943
0.0209966612555152,0.021155824520717688
0.2225196168018815,0.12325836779537502
