target,moment
0.0251697,0.03468426668275425
0.0170519152063842,0.017050019056921877
0.0318099,0.03340806980249848
0.0130792,0.001029270445078777
0.0100246,0.0008952330073642334
0.0082411,0.002853543075664771
0.0142723639866622,0.006037690344218972
