target,moment
0.2165556656512729,0.1884118574223065
0.233729031160127,0.2102812897551542
0.0672049461385212,0.06274209066342254
0.1094507590702438,0.17568529007219752
0.0339758263448995,0.03201984148527791
0.0562960172915832,0.05791355867514319
0.2827877543433519,0.27294607192649833
