target,moment
0.09277,0.09277623312905374
