target,moment
90.663631358,90.68085581479093
