target,moment
0.0251697,0.025554599977080983
0.0170519152063842,0.016834369790055086
0.0318099,0.03174425431847627
0.0130792,0.0009014345089206763
0.0100246,0.0007579060787780077
0.0082411,0.002460415245484405
0.0142723639866622,0.0053315704926243665
