target,moment
90.663631358,90.80672379582248
