target,moment
0.0251697,0.04335615720545112
0.0170519152063842,0.018493715994205524
0.0318099,0.03623320668384519
0.0130792,0.0010604149582908525
0.0100246,0.0008973894250697546
0.0082411,0.002819264341871969
0.0142723639866622,0.006050986548731078
