target,moment
1.0,1.0
1.08968319541132,1.0732705851922564
1.17541345258769,1.1679785709370096
0.346940370796428,0.364008923024851
0.43593184990191,0.43188220666901594
0.242070633833219,0.24213260292185157
0.611167762289279,0.6063925876400988
