target,moment
1.0,1.0
1.1586051611001529,1.1486747844094591
1.0217911314738,1.051328419538742
0.395072638556141,0.49549785253787043
0.58478932385616,0.6046550964820773
0.291344262565686,0.29682739388611723
1.12847872637557,1.0897251959508794
0.828710762885586,0.938962017610266
0.546679658181136,0.5441651774675668
1.11998115725838,1.1625482467836792
0.6744443732728171,0.6735839041432373
0.4422023868093758,0.3112583021452707
