target,moment
0.015629,0.015894404668839877
