target,moment
0.0010211966436,0.0009457271543716949
