target,moment
1.0,1.0
1.08968319541132,1.0816681543407252
1.17541345258769,1.1664658982089864
0.346940370796428,0.35775489894055273
0.43593184990191,0.4311198254617236
0.242070633833219,0.24115171332577187
0.611167762289279,0.6114930091345683
