target,moment
90.663631358,90.7059989958157
