target,moment
0.09277,0.09301800687739388
