target,moment
0.0251697,0.045077798359225055
0.0170519152063842,0.017426919120912515
0.0318099,0.03494244393227375
0.0130792,0.0009982399406816534
0.0100246,0.0008289074565779623
0.0082411,0.0025999278517467063
0.0142723639866622,0.005540980987524077
