target,moment
0.2214072451001777,0.2139152037954445
0.2636500635920867,0.26918730601800434
0.09043198451352495,0.0978145861809779
0.04993493810867341,0.0754871191106122
0.03671665831664045,0.04850287174273404
0.04005118359925667,0.04145452252658123
0.019922137222697395,0.017600324135171055
0.015222884599582773,0.018934802946362652
0.03553290159457308,0.02644522613313243
0.022580518157466315,0.01960905192407937
0.20454948519532062,0.17104898548690026
