target,moment
0.1689535601455536,0.15878946098177205
0.1973908323340822,0.200725457763995
0.0482556952420234,0.049166755032253484
0.1651554665816334,0.22046891686395637
0.0279772044685131,0.02754946446960959
0.0664435921487136,0.0685572214281999
0.0148003723198397,0.01390731899634483
0.0179438846759203,0.021288287681448366
0.0327237964786536,0.0311010708541873
0.0102222385003256,0.009962679113674221
0.0206963591500438,0.020416069005254035
0.2294369979546971,0.1780672978093049
