target,moment
0.0251697,0.061050951799776876
0.0170519152063842,0.01739908945796873
0.0318099,0.033392524547038005
0.0130792,0.012315668933515439
0.0100246,0.008879303172257848
0.0082411,0.008005867110627288
0.0142723639866622,0.014389991894193124
