target,moment
0.2165556656512729,0.2174757895962513
0.233729031160127,0.2151067961196165
0.0672049461385212,0.06234183940782499
0.1094507590702438,0.14223655866975113
0.0339758263448995,0.03045240019823888
0.0562960172915832,0.05385965872547924
0.2827877543433519,0.27852695728283794
