target,moment
0.0254964995384216,0.052340106203764815
0.0172458404949436,0.01818785141189483
0.0284671998023986,0.028543350532283098
0.0074962997436523,0.000725787387059849
0.0104751002788543,0.0008024961771761732
0.0072412997484207,0.001479640679212151
0.0164625533968843,0.004996784133462846
