target,moment
0.0168692,0.01969507266471145
