target,moment
0.0251697,0.05260949561394658
0.0170519152063842,0.016563230270755572
0.0318099,0.03446119536017569
0.0130792,0.000904438059325822
0.0100246,0.0007461250347583822
0.0082411,0.0023224865507355803
0.0142723639866622,0.004449160175402205
