target,moment
0.8450000000000002,0.40646519762958294
