target,moment
144.80523727796603,144.27237614435896
