target,moment
1.0,1.0
0.8725795027488233,0.8730526859957785
0.854808293224731,0.884513016364089
0.621549138483011,0.8013031867165643
0.597797984767889,0.5883220072438271
0.293805456329383,0.2990555147249355
0.97595829268538,0.9137638471490624
0.7580583490804771,0.8906392392499335
0.386667563757739,0.36764909342324953
0.525456673586441,0.518677804319806
0.569474829535268,0.428798107205408
