target,moment
0.017496806,0.01756795462745419
