target,moment
0.0168692,0.016721790968534125
