target,moment
0.09277,0.092969239102559
