target,moment
0.5418056800884126,0.5290379954400478
