target,moment
0.0168692,0.017654131796135383
