target,moment
1.0,1.0
1.08968319541132,1.0834336866140406
1.17541345258769,1.1897270091547019
0.346940370796428,0.3775999286682816
0.43593184990191,0.4340716709619194
0.242070633833219,0.2914796899111921
0.611167762289279,0.6742643383358028
