target,moment
0.1200626194103338,0.08279061256463996
0.1211887588058545,0.11449421040015453
0.0035804162844133,0.0017044631102027304
0.0004965786572176,0.0004190614368855767
0.002462693476303,0.00022216274705088418
0.0600304680464258,0.01148050654329653
0.1343304183885601,0.17786108851278487
0.0637303998720678,0.1099726908042906
0.0018651157701598,0.002091134279336875
0.0004460791327548,0.0005563625092309249
0.0016008349254711,0.0003519955259291188
0.0392297139201939,0.011846950387439898
0.0400814725661333,0.04615722594844832
0.0389368166783096,0.03416536103640996
0.0006682770403912,0.0012467293006207373
9.931573144352892e-05,0.00017179775376964082
0.0002592308922424,4.467753922777706e-05
0.0194675666804137,0.0050997064684283715
0.0304225968538796,0.030548374614040957
0.03434640990464,0.03222942194297892
0.0521424423253347,0.07847578822006673
0.0001026823664077,0.00012978873593447773
0.0003332968614545,5.9392639369766525e-05
0.01717320495232,0.006331801794949597
0.0103574524673225,0.017544375364495626
0.0083223216314713,0.01105997009523974
0.0012540715241598,0.006524262617798011
0.0003282469090082,0.00013231390318297937
0.0001245654936749,3.0737012311228846e-05
0.0041611608157356,0.0010194796851479063
0.0135473390958901,0.01707225134679856
0.0109735466657688,0.012199034397345165
0.0026175586846557,0.009633511651728734
0.0003770631159889,0.00018754043183125935
9.258246151515408e-05,6.356364217502477e-05
0.0054859316741434,0.0016661825463701765
0.0671694174879853,0.09214605486132128
0.0583101175797261,0.03246573082575989
0.0318651999360339,0.04893038191673526
0.0009325578850799,0.0006086662150181715
0.0002238812251184,0.00014557587565049355
0.0007995758039945,0.00011906279560285305
