target,moment
0.2165556656512729,0.21443607343904403
0.233729031160127,0.21705991003829556
0.0672049461385212,0.0622920430357153
0.1094507590702438,0.14141148205555962
0.0339758263448995,0.02823721094685001
0.0562960172915832,0.04589979449117358
0.2827877543433519,0.2906634859933617
