target,moment
1.0,1.0
1.08968319541132,1.074273211582742
1.17541345258769,1.1656320557581454
0.346940370796428,0.36481673423949423
0.43593184990191,0.43264956143295324
0.242070633833219,0.24253705802051903
0.611167762289279,0.6067315335344043
