target,moment
1.0,1.0
0.8725795027488233,0.8830088805685509
0.854808293224731,0.887160397078345
0.621549138483011,0.8019088233212337
0.597797984767889,0.5892171343101207
0.293805456329383,0.29952980970882953
0.97595829268538,0.9166715141738202
0.7580583490804771,0.8935866772842918
0.386667563757739,0.36866523866635864
0.525456673586441,0.5195223871904485
0.569474829535268,0.4297349478664487
