target,moment
0.09277,0.09607648229008522
