target,moment
0.000729426174,0.0006661846697860949
