target,moment
0.2165556656512729,0.2165866531911204
0.233729031160127,0.2153954784039244
0.0672049461385212,0.06239388351127424
0.1094507590702438,0.14235430480391956
0.0339758263448995,0.030478165316500737
0.0562960172915832,0.05390758698074629
0.2827877543433519,0.2788839277925143
