target,moment
1.0,1.0
1.08968319541132,1.0814665754646893
1.17541345258769,1.1675847443160352
0.346940370796428,0.35751893847568456
0.43593184990191,0.43072002055715947
0.242070633833219,0.2409501742057654
0.611167762289279,0.6112637108448925
