target,moment
0.0047525828961943,0.004161232088791255
