target,moment
0.0168692,0.016823877518547876
