target,moment
0.09277,0.08920604815838833
