target,moment
0.015629,0.01573715726950848
