target,moment
1.0,1.0
1.0930777059511088,1.0954115822060075
1.17541345258769,1.1781862146896889
0.346771653959122,0.3522224957374251
0.435719747133782,0.4371802830856702
0.241952910075955,0.24233344977255997
1.00152170325136,1.000433574440155
0.770342027427148,0.7765526492434972
0.450288180056851,0.4497217955497392
1.04371974139227,1.0468877294270662
0.653966544013067,0.6531563436248382
0.4017735881616045,0.39142534646202826
