target,moment
0.2040428289529481,0.2164473220011827
0.2255852454372509,0.2348718221805858
0.0643218875038216,0.06668392427330416
0.1031564938626009,0.1654280063010245
0.0320219615813117,0.03602962245272453
0.0530585619633796,0.05694322296879033
0.018329400868127,0.017847811358341945
0.0189912032396071,0.023386592254743876
0.0265511265560509,0.026651431616578222
0.0104250119775051,0.011149160480616092
0.0209966612555152,0.021233214761721988
0.2225196168018815,0.12332786935038596
