target,moment
90.663631358,90.77602618675587
