target,moment
1.0,1.0
1.08968319541132,1.0815523248827843
1.17541345258769,1.166641691952774
0.346940370796428,0.3577072256715136
0.43593184990191,0.4310219453266416
0.242070633833219,0.241121091555208
0.611167762289279,0.6114514814386904
