target,moment
0.0251697,0.050154914040377495
0.0170519152063842,0.01739619056637726
0.0318099,0.03295151254483897
0.0130792,0.012742469490343432
0.0100246,0.009211250907892014
0.0082411,0.008198860548559308
0.0142723639866622,0.014626694214353395
