target,moment
0.0251697,0.0466886209467087
0.0170519152063842,0.016500590557951295
0.0318099,0.03406286891596735
0.0130792,0.0009684678706018153
0.0100246,0.0008087080685630783
0.0082411,0.002537011830559066
0.0142723639866622,0.005278901819866473
