target,moment
0.56896147852576,0.6598204866673776
