target,moment
0.0255764007568359,0.02469768476544724
0.0171211841561541,0.019807318600878338
0.032276599407196,0.03164574981644722
0.0136854004859924,0.001932454791707812
0.0098807001113891,0.001066698938968576
0.0080472999811172,0.003232567042673036
0.0194304001331328,0.01693436247127149
0.0271934008598327,0.023809293000531237
0.0107293999195099,0.0013489123789442177
0.0218112993240356,0.01718466132638915
0.0036921998858451,0.0006382791377064594
0.0133487606011384,0.007339800710504112
