target,moment
0.015629,0.015806121311995554
