target,moment
0.0033849352535075,0.003204233752681017
