target,moment
0.0251697,0.04975635752411634
0.0170519152063842,0.017131625115504156
0.0318099,0.03219874128032627
0.0130792,0.00020311209260328689
0.0100246,4.577480103918172e-06
0.0082411,0.0005898129242932564
0.0142723639866622,0.009816816032865775
