target,moment
0.2165556656512729,0.21523486645217085
0.233729031160127,0.21647592784127653
0.0672049461385212,0.06257023946279631
0.1094507590702438,0.14136424587294824
0.0339758263448995,0.030350260903991417
0.0562960172915832,0.05387738248441413
0.2827877543433519,0.2801270769824024
