target,moment
0.0168692,0.018964109076772217
