target,moment
0.003549953,0.0034828955213406314
