target,moment
1.0,1.0
0.8708918904661864,0.8881204789664988
0.854808293224731,0.9097249101942082
0.621549138483011,0.8100726327562092
0.597797984767889,0.5946592473918316
0.293805456329383,0.3021106335869429
0.97595829268538,0.9314102779362422
0.7580583490804771,0.9024627635136218
0.386667563757739,0.3723177173998483
1.22613445378151,1.226456658923712
0.525456673586441,0.5242594619973223
0.4908529160875781,0.3605163089556932
