target,moment
0.5236831885720831,0.6786983668567531
