target,moment
0.1723744735734453,0.1647868076436123
0.2001836313003392,0.2049837050560532
0.0492327599199353,0.05007458618829907
0.1684994775206873,0.22147191150887902
0.0285436772575964,0.028229261972205204
0.0677889190917095,0.06953446982475017
0.0151000451551628,0.014091192708624226
0.0183072062654951,0.021551624973985023
0.0333863766260561,0.03193368144165899
0.0211154118936726,0.020934041425447726
0.2254680213959001,0.17240871725648516
