target,moment
0.2165556656512729,0.2208527443787588
0.233729031160127,0.21534326403523224
0.0672049461385212,0.0620460324301647
0.1094507590702438,0.1399211708390559
0.0339758263448995,0.030137151863011653
0.0562960172915832,0.05332612360402081
0.2827877543433519,0.2783735128497558
