country,RD ratio pharma,RD ratio chemicals
1,0.06669465200235077,0.062438082444798926
2,0.06232423114075927,0.11145050560434194
3,0.0672980021844144,0.09734162222389954
7,,
12,0.022097263447146295,0.030634037051056957
