target,moment
0.09277,0.09305445094017993
