target,moment
1.0,1.0
1.0930777059511088,1.1144841001759969
1.17541345258769,1.2676337315379598
0.346771653959122,0.44279246207975637
0.435719747133782,0.47878662633527413
0.241952910075955,0.25275055457096157
1.00152170325136,1.0103530219620103
0.770342027427148,0.9423306334277145
0.450288180056851,0.4636767117005231
1.04371974139227,1.2027123574188965
0.653966544013067,0.6643407015008852
0.4017735881616045,0.29437331305480957
