target,moment
0.188316744348129,0.16481369237722188
0.1208054369835447,0.11820748005330693
0.1661803577326286,0.140184381373134
0.0499610115268362,0.06080591550645712
0.0790051321704316,0.08178132888927303
