target,moment
0.1723413565516609,0.14629099327469963
0.2001451715125225,0.19244512037430803
0.0492233011970225,0.048452670255514446
0.168467104972989,0.2287478818171268
0.0285381933738058,0.025749543316161274
0.0677758953123543,0.06195985794180108
0.0150971440961255,0.012617201000408345
0.0183036890385174,0.021675437053386384
0.0333799623505598,0.029828005880152737
0.0211113551470954,0.01976952484286483
0.0071838887952674,0.007179901793254403
0.2184329376520792,0.20528386245032207
