target,moment
0.09277,0.09333170628697478
