target,moment
52.059453405938,50.47790797957566
