target,moment
0.21978506618742463,0.21811613315443762
0.2644703159172962,0.27200714511861707
0.0908242822601117,0.10421996407664397
0.042939203866598025,0.0664578249985862
0.03690322182723374,0.04595851037562074
0.038772364067689885,0.03665473061598232
0.02036663173407904,0.017314432879938977
0.013941553596912152,0.017989081257648212
0.042677524136678587,0.02947756154809083
0.020612479927178275,0.020258618187518514
0.20870735647879765,0.17154599778691562
