target,moment
0.057017382846867484,0.055055439519280255
