target,moment
0.0251697,0.05572693017838749
0.0170519152063842,0.017526098310461802
0.0318099,0.033036822043416604
0.0130792,0.012390706400096863
0.0100246,0.008727791047203507
0.0082411,0.008268565340950858
0.0142723639866622,0.015675875249157742
