target,moment
0.2165556656512729,0.21350139706423715
0.233729031160127,0.2158812829550539
0.0672049461385212,0.06263847332864692
0.1094507590702438,0.14293549863919303
0.0339758263448995,0.030618055769322337
0.0562960172915832,0.05430338819954172
0.2827877543433519,0.2801219040440049
