target,moment
0.0047203001064472,0.0047939637901103106
