target,moment
0.2040428289529481,0.21454530412010117
0.2255852454372509,0.23728997101977534
0.0643218875038216,0.0669219066081809
0.1031564938626009,0.16498405536686808
0.0320219615813117,0.03590140333696916
0.0530585619633796,0.0568125404776834
0.018329400868127,0.017968850852484022
0.0189912032396071,0.02350727735932031
0.0265511265560509,0.026553066758398882
0.0104250119775051,0.011184711883388442
0.0209966612555152,0.02114287901795317
0.2225196168018815,0.12318803319887704
