target,moment
0.0032232954335454,0.0029807324480455527
