target,moment
1.0,1.0
1.08968319541132,1.0943284397813289
1.17541345258769,1.1769999770197523
0.346940370796428,0.3611142286745479
0.43593184990191,0.4338526305162983
0.242070633833219,0.24285373464415833
0.611167762289279,0.6194714165861874
