target,moment
1.0,1.0
1.0,1.0
1.0,1.0
1.0,1.0
1.0,1.0
1.0,1.0
0.3839041310068457,0.31909107225054933
0.5258771564297025,1.6997287612201084
0.5209214856605547,2.4477450100015563
0.8983050847457628,2.391250890070425
0.6500341763499659,3.0233667613047226
0.6534967191969042,2.1527887746109013
0.1145492069448253,0.04450884567065084
0.324304241149667,0.3561502521409817
0.1866478608368594,0.6287803278352836
0.2,0.3072171957969882
0.1052631578947368,0.28491108019970846
0.324294767539678,0.4295185937277975
0.0869450177276816,0.032564866328051015
0.2860708026638626,0.39470188939167
0.4302580770619774,0.7281600767756605
0.2067796610169491,0.3027874297588767
0.1353383458646616,0.34149874408704045
0.2860748135270035,0.5311010115283934
0.0296006581131204,0.010591497742147057
0.06931650893796,0.08341049883400471
0.0103480845626024,0.03467446573106805
0.0916784203102961,0.05588078521330435
0.050580997949419,0.08837911319105388
0.0693174807918793,0.06082404104927073
0.0387170642766769,0.013581111812591662
0.0913985278654048,0.12992390207701393
0.0215990221407339,0.07155437155429635
0.1053126469205453,0.09840591116958596
0.1864406779661017,0.139136228207457
0.0913857887947955,0.12189403558769091
0.1919640924244829,0.10790411200187498
0.485664213109008,0.6704377022393622
0.2629385782148512,0.7690231387535693
0.2604607428302773,0.5625576611680138
0.4508474576271186,0.615847392647185
0.3246753246753247,0.7122999930277017
