target,moment
0.000729426174,0.0007020586630750436
