target,moment
0.0251697,0.02890312586887536
