target,moment
0.030000000000000002,0.02912087703383157
