target,moment
0.4750989714792567,0.4890225707003962
