target,moment
0.01180844,0.012242515366899373
