target,moment
0.6500000000000001,0.3317317297166734
