target,moment
0.2165556656512729,0.19287230635277897
0.233729031160127,0.2093597128829813
0.0672049461385212,0.06269860821526223
0.1094507590702438,0.1746348014983951
0.0339758263448995,0.0318284403119007
0.0562960172915832,0.05755752489119344
0.2827877543433519,0.27104860584748813
