target,moment
0.6208189884108464,0.6431737126336885
