target,moment
0.09277,0.0905923159618278
