target,moment
0.0260891326268514,0.02583731984352891
0.0172799924832217,0.017556686973973765
0.0287620329856872,0.028762612631730952
0.0086103999614714,0.0009016086533550216
0.0105233335494994,0.0010028415306901517
0.0073900999625523,0.002600033175235364
0.0187649997075398,0.01863669003969703
0.0213983670870463,0.021100299690802325
0.0107433331012725,0.0030331032182564065
0.0032480333248773,0.000335207486956209
0.0160801090750468,0.006619665018898918
