target,moment
0.5418056800884126,0.5605281996890898
