target,moment
0.0168692,0.01781978148980997
