target,moment
0.2165556656512729,0.21528409736966797
0.233729031160127,0.21753490719918603
0.0672049461385212,0.06287293597704773
0.1094507590702438,0.14155517433439188
0.0339758263448995,0.03045567568912836
0.0562960172915832,0.054182920459728584
0.2827877543433519,0.27811428897084944
