target,moment
1.0,1.0
1.0609324699244491,1.1026186430106224
1.74967104271885,1.7862885508728672
0.285176720921881,0.3917960353929614
0.426932142074112,0.48648735018421824
0.23712330215305,0.23497839522973787
0.883566930287053,0.8546948133230057
0.852147279855623,0.9927611357912424
0.464233294376571,0.4028118586486099
0.8988066413005881,0.9308373510524657
0.649232022754881,0.515618702956492
0.4374855260109141,0.3459144785900478
