target,moment
0.015629,0.015797873550385404
