target,moment
0.5511448413796269,0.5050399246338484
