target,moment
0.0008146278747993645,0.0008352738522178092
