target,moment
0.09277,0.09294854293395108
