target,moment
0.0251697,0.04012104796054086
0.0170519152063842,0.017296931869975052
0.0318099,0.032856954074309594
0.0130792,0.012771976452616485
0.0100246,0.009330660206943965
0.0082411,0.008214390607843052
0.0142723639866622,0.014555492232255503
