target,moment
0.42499999999999993,0.24700724177934547
