target,moment
1.0,1.0
1.08968319541132,1.0823275277255704
1.17541345258769,1.167155699091347
0.346940370796428,0.3572784873724904
0.43593184990191,0.4307478342954782
0.242070633833219,0.24112483593595918
0.611167762289279,0.6109260519568274
