target,moment
0.0251697,0.038537158456372844
0.0170519152063842,0.016987093852015567
0.0318099,0.032178057600151036
0.0130792,0.00017507886004787957
0.0100246,2.343805134104273e-06
0.0082411,0.000582058040165341
0.0142723639866622,0.014893738343218615
