target,moment
0.2040428289529481,0.20354702424245655
0.2255852454372509,0.24008835211402824
0.0643218875038216,0.06627251248984216
0.1031564938626009,0.13443190916534722
0.0320219615813117,0.03415303901751901
0.0530585619633796,0.05541774095561848
0.018329400868127,0.018210092656652504
0.0189912032396071,0.021303864777935125
0.0265511265560509,0.026647698568062702
0.0104250119775051,0.010847088237221424
0.0209966612555152,0.02113482773360922
0.2225196168018815,0.16794585004170734
