target,moment
0.01180844,0.012369882085248439
