target,moment
0.0251697,0.046738200395660276
0.0170519152063842,0.016957709581772434
0.0318099,0.03417989271044056
0.0130792,0.0010042927785131298
0.0100246,0.000832091134713558
0.0082411,0.002604119842382266
0.0142723639866622,0.00526791651882279
