target,moment
0.0087725,0.008875755203522252
