target,moment
0.2165556656512729,0.21466047356402904
0.233729031160127,0.2160092169230275
0.0672049461385212,0.0625393639338663
0.1094507590702438,0.14260774711830243
0.0339758263448995,0.03052877606282223
0.0562960172915832,0.053998632676592925
0.2827877543433519,0.2796557897213596
