target,moment
0.5823549874673715,0.7205178758694707
