target,moment
0.027820599079132,0.02786224840099955
0.0201410956216747,0.020296399507254686
0.0324071002006531,0.03218549443448445
0.0205700993537903,0.003277964217090739
0.0137092995643615,0.0008688996204504664
0.0069309997558593,0.0020629506226705744
0.0169324004650116,0.01675435970280104
0.0397819995880127,0.0388793417216718
0.0110084998607635,0.0013219876696454506
0.0042943000793457,0.0008034960332668755
0.0073146998882293,0.0027002421330084812
0.0135465587074145,0.0033308711524245357
