target,moment
0.0251697,0.04673796174878094
0.0170519152063842,0.016961504487181922
0.0318099,0.03418188653761023
0.0130792,0.001004715568504339
0.0100246,0.0008320577620185265
0.0082411,0.0026038793662813055
0.0142723639866622,0.005269318964436664
