target,moment
1.0,1.0
1.08968319541132,1.074273615316656
1.17541345258769,1.1656393566904601
0.346940370796428,0.3648183947255953
0.43593184990191,0.43265004421494624
0.242070633833219,0.2425359364832343
0.611167762289279,0.6067362476427057
