target,moment
0.2165556656512729,0.19285318735488396
0.233729031160127,0.20934746246008618
0.0672049461385212,0.06267221952074971
0.1094507590702438,0.17463538941830326
0.0339758263448995,0.031829001068324696
0.0562960172915832,0.05756171720971047
0.2827877543433519,0.27110102296794164
