target,moment
0.0168692,0.01764715311350081
