target,moment
0.6646583112233456,0.6498827565089762
