target,moment
52.059453405938,52.1036051697385
