target,moment
0.09277,0.09778772912614284
