target,moment
0.0039635498503633,0.0037697998038091524
