target,moment
56.0716644445672,55.9290933843441
