target,moment
0.4000000000000001,0.40481622703629877
