target,moment
1.0,1.0
1.08968319541132,1.0789206376156661
1.17541345258769,1.1665969577346513
0.346940370796428,0.3653036895960287
0.43593184990191,0.4331660172014645
0.242070633833219,0.24288295444785502
0.611167762289279,0.6073855745743789
