target,moment
0.2165556656512729,0.1929896532312332
0.233729031160127,0.20914680948295244
0.0672049461385212,0.06328856750303978
0.1094507590702438,0.17418829140882336
0.0339758263448995,0.03175113081967219
0.0562960172915832,0.057411115598853105
0.2827877543433519,0.27122443195542595
