target,moment
0.09277,0.09483408803142114
