target,moment
1.0,1.0
1.08968319541132,1.0743089856786536
1.17541345258769,1.1691426692614046
0.346940370796428,0.3644362808053881
0.43593184990191,0.43225588141505683
0.242070633833219,0.24230956645123689
0.611167762289279,0.6059527276024546
