target,moment
0.2165556656512729,0.1953400824260477
0.233729031160127,0.2097683535360206
0.0672049461385212,0.06441599383648529
0.1094507590702438,0.17324389446373553
0.0339758263448995,0.031577351291816054
0.0562960172915832,0.05710381418786357
0.2827877543433519,0.2685505102580311
