target,moment
0.0087725,0.008703325553013994
