target,moment
0.015629,0.015924885422439874
