target,moment
1.0,1.0
1.08968319541132,1.0937743835162526
1.17541345258769,1.1776022587829482
0.346940370796428,0.3610357022544799
0.43593184990191,0.4337994996287419
0.242070633833219,0.24281789453480357
0.611167762289279,0.6190594677410683
