target,moment
1.0,1.0
1.08968319541132,1.0937743856876834
1.17541345258769,1.1776022603463128
0.346940370796428,0.3610357034021844
0.43593184990191,0.4337995009983391
0.242070633833219,0.2428178952276462
0.611167762289279,0.6190594686832754
