target,moment
0.2165556656512729,0.21641987082149472
0.233729031160127,0.21544721328159036
0.0672049461385212,0.0624347409892391
0.1094507590702438,0.1423743505568078
0.0339758263448995,0.03048077269100474
0.0562960172915832,0.05391102987384724
0.2827877543433519,0.27893202178601595
