target,moment
90.663631358,90.73319126800311
