target,moment
1.0,1.0
1.08968319541132,1.0826520923239156
1.17541345258769,1.1669839692379107
0.346940370796428,0.3573588551386783
0.43593184990191,0.43066507461502723
0.242070633833219,0.2414587786428921
0.611167762289279,0.6115010292656979
