target,moment
0.0168692,0.017989218232075246
