target,moment
0.0251697,0.049699371292305394
0.0170519152063842,0.017110305115888496
0.0318099,0.032595008870746636
0.0130792,3.514268702151979e-05
0.0100246,4.4219721003096874e-08
0.0082411,0.00014891603599268872
0.0142723639866622,0.010919248834199754
