target,moment
0.1723413565516609,0.16454057720738555
0.2001451715125225,0.20150671132443987
0.0492233011970225,0.04944074367622475
0.168467104972989,0.17278220028721242
0.0285381933738058,0.028619968399453865
0.0677758953123543,0.06828278729212954
0.0150971440961255,0.015054448789043206
0.0183036890385174,0.018541587229702186
0.0333799623505598,0.03340249763916942
0.0211113551470954,0.021165322564536106
0.0071838887952674,0.007223166887412521
0.2184329376520792,0.21943998870329046
