target,moment
0.08029173,0.08041982950542274
