target,moment
0.000729426174,0.0006676841417066649
