target,moment
90.663631358,91.05031781109956
