target,moment
1.0,1.0
1.08968319541132,1.0823274145506736
1.17541345258769,1.1671544958824167
0.346940370796428,0.35727839586922255
0.43593184990191,0.4307477442662005
0.242070633833219,0.2411247871610103
0.611167762289279,0.6109260575685393
