target,moment
0.4750989714792567,0.40434002935734653
