target,moment
0.027820599079132,0.027158201514764432
0.0201410956216747,0.02048777415134477
0.0324071002006531,0.0320639937416155
0.0205700993537903,0.0038636108204418308
0.0137092995643615,0.0008863519122587429
0.0069309997558593,0.0022518469359338543
0.0169324004650116,0.016658847984999177
0.0397819995880127,0.03866888921077654
0.0110084998607635,0.0013778518383997657
0.0042943000793457,0.0041232645038117655
0.0073146998882293,0.0024882839669610446
0.0135465587074145,0.006395507661853652
