target,moment
0.09277,0.09361019521964746
