target,moment
0.09277,0.0929092029290027
