target,moment
1.0,1.0
1.08968319541132,1.0742927287199626
1.17541345258769,1.1653214978710094
0.346940370796428,0.364840840654381
0.43593184990191,0.432672933106145
0.242070633833219,0.2425448926563234
0.611167762289279,0.606807508358694
