target,moment
0.2165556656512729,0.19281465018356964
0.233729031160127,0.20927658497162602
0.0672049461385212,0.06251593720404411
0.1094507590702438,0.17468949114663962
0.0339758263448995,0.031837494398377054
0.0562960172915832,0.05757562466017452
0.2827877543433519,0.2712902174355689
