target,moment
0.09277,0.0909563689243403
