target,moment
0.4000000000000001,0.39951818863672
