target,moment
0.5319924347316454,0.7584440761938565
