target,moment
1.0,1.0
1.08968319541132,1.0728611690683676
1.17541345258769,1.167728620270408
0.346940370796428,0.3638518555396028
0.43593184990191,0.4315377013954673
0.242070633833219,0.2419971209581783
0.611167762289279,0.6054982211689074
