target,moment
0.5332440948838922,0.6586124707005644
