target,moment
0.0251696991920471,0.04988788120538804
0.0169424664104217,0.019979196709870597
0.0313091993331909,0.029448900304124642
0.0130791997909546,0.0020475173022050873
0.0100246000289917,0.0010233043585554443
0.0082410997152328,0.0035162357642274204
0.0197126996517181,0.014588282895804671
0.0252290010452271,0.022776490849793513
0.0106797003746033,0.0013793675448033381
0.0184949994087218,0.010319791413109222
0.0039844000339508,0.0005562304292285578
0.0127844897880634,0.0073731231044074285
