target,moment
0.2040428289529481,0.21485926851112408
0.2255852454372509,0.23742092768297204
0.0643218875038216,0.06679035034755752
0.1031564938626009,0.16490539070005328
0.0320219615813117,0.03589758734223376
0.0530585619633796,0.05680303984050085
0.018329400868127,0.017903877835898103
0.0189912032396071,0.023466600018132715
0.0265511265560509,0.02654916218346649
0.0104250119775051,0.011096535509790215
0.0209966612555152,0.021140781818913344
0.2225196168018815,0.12316647820935761
