target,moment
90.663631358,91.00326842037916
