target,moment
0.0251697,0.04524257878311182
0.0170519152063842,0.01759044737099491
0.0318099,0.032274729094096
0.0130792,0.012469644901464958
0.0100246,0.009239478879641992
0.0082411,0.008123550459289705
0.0142723639866622,0.014572027791741583
