target,moment
1.0,1.0
1.08968319541132,1.0833879666280297
1.17541345258769,1.1771087126396553
0.346940370796428,0.35780133816814574
0.43593184990191,0.4311480429218423
0.242070633833219,0.24118670886595805
0.611167762289279,0.6116499620076407
