target,moment
0.1200626194103338,0.20962866255379392
0.1211887588058545,0.1850118970843662
0.0035804162844133,0.030527940811803368
0.0004965786572176,0.022599159456587442
0.002462693476303,0.0062825874338789745
0.0600304680464258,0.10421343074095071
0.1343304183885601,0.05027142179414307
0.0637303998720678,0.037409846886068444
0.0018651157701598,0.009001504514289991
0.0004460791327548,0.006492111067209098
0.0016008349254711,0.0024249571322599453
0.0392297139201939,0.026213083923499428
0.0400814725661333,0.018261701956773697
0.0389368166783096,0.027199416996507797
0.0006682770403912,0.008080929623973018
9.931573144352892e-05,0.0024131080985449085
0.0002592308922424,0.0006174667302781919
0.0194675666804137,0.0170215885482824
0.0304225968538796,0.009503868807687966
0.03434640990464,0.02644471896285406
0.0521424423253347,0.04886377081110944
0.0001026823664077,0.0020328884299703346
0.0003332968614545,0.0006633983446421657
0.01717320495232,0.019395886668873975
0.0103574524673225,0.00536677069527067
0.0083223216314713,0.007098734872953059
0.0012540715241598,0.0020974343673139237
0.0003282469090082,0.0006241662934006603
0.0001245654936749,0.00022973264693898875
0.0041611608157356,0.002377115536202686
0.0135473390958901,0.003857725648094575
0.0109735466657688,0.006567517094175796
0.0026175586846557,0.002700941260770381
0.0003770631159889,0.0006754205103523765
9.258246151515408e-05,0.0007768485062021602
0.0054859316741434,0.0030342434107917663
0.0671694174879853,0.035666276308356865
0.0583101175797261,0.026087286858484257
0.0318651999360339,0.025827374508319602
0.0009325578850799,0.003056915040152452
0.0002238812251184,0.0025348528550456595
0.0007995758039945,0.000845296208825665
