target,moment
0.2165556656512729,0.21208640737088222
0.233729031160127,0.21655792671865604
0.0672049461385212,0.06208487178400855
0.1094507590702438,0.14340890308641965
0.0339758263448995,0.030716935259043367
0.0562960172915832,0.054309180681504275
0.2827877543433519,0.28083577509948593
