target,moment
1.0,1.0
1.08968319541132,1.0977103296845283
1.17541345258769,1.1818317494095552
0.346940370796428,0.3640479840926309
0.43593184990191,0.43954786684383673
0.242070633833219,0.24169038189475547
0.611167762289279,0.6201344473530882
