target,moment
0.09277,0.09308026017702126
