target,moment
1.0,1.0
1.0866263290936558,1.064446796328866
1.16257478007247,1.1447190554855031
0.3489452110444253,0.4214670682550549
0.4296377486002513,0.44609556202463174
0.2412304225836,0.24576877440742786
1.003850571853838,1.0556895372052573
0.757666687804995,0.8387960979578235
0.4384964542974286,0.43045438621095194
0.643163007287373,0.6303070839493856
0.4720957040101166,0.3510570091851132
