target,moment
0.20634016508685485,0.2010407393155736
0.23048532626058535,0.24240291587126403
0.06507735194546457,0.06773639805471642
0.10584059238685664,0.13882445450070643
0.0328014914263157,0.03477799451414234
0.05406874773196093,0.05628296905339385
0.01851298341184022,0.01699576674718415
0.019385941997118787,0.0216605431217037
0.028241549304684473,0.02817486824439324
0.021636900936954633,0.021853319605732044
0.21760894951136384,0.17025003097119024
