,beta,alpha,UUPCOSTS
0,0.620951476564565,0.591127873537073,0.0
1,0.34578007404606664,0.3600481173937463,0.003639836428019233
2,0.03326844938936836,0.31906068531027326,0.001235505102402269
