target,moment
0.09277,0.09704200076502935
