target,moment
0.000729426174,0.0006835458763200452
