target,moment
1.0,1.0
1.08968319541132,1.082750251492683
1.17541345258769,1.1672793689137524
0.346940370796428,0.35746754943805653
0.43593184990191,0.4306805189437995
0.242070633833219,0.2409401588138182
0.611167762289279,0.611214794597071
