target,moment
0.0168692,0.01618411700461606
