target,moment
0.09277,0.11995017813136397
