target,moment
0.0087725,0.008598891786530142
-0.0128385999999999,-0.012498634170961968
