target,moment
0.027820599079132,0.024826103485598255
0.0201410956216747,0.019300662450664856
0.0324071002006531,0.036709224134425164
0.0205700993537903,0.0029673316063805397
0.0137092995643615,0.0009830370647148541
0.0069309997558593,0.001735648385301945
0.0169324004650116,0.011817378866550262
0.0397819995880127,0.02868781769874678
0.0110084998607635,0.0015965429005006752
0.0042943000793457,0.0007533288320752138
0.0073146998882293,0.0031358537362759635
0.0135465587074145,0.003478189865816204
