target,moment
0.188316744348129,0.17000878925822252
0.1208054369835447,0.12307859505928744
0.1661803577326286,0.1424199410193364
0.0499610115268362,0.061640177119225564
0.0790051321704316,0.08090438345119162
