target,moment
0.027820599079132,0.02755129888781237
0.0201410956216747,0.02037699068342814
0.0324071002006531,0.03235345519816575
0.0205700993537903,0.0035547421890811614
0.0137092995643615,0.000788440279520563
0.0069309997558593,0.002048411451564119
0.0169324004650116,0.01666570794465199
0.0397819995880127,0.038917097782739475
0.0110084998607635,0.0012316664977633336
0.0042943000793457,0.0007444565988249733
0.0133872343614895,0.005894725778139066
