target,moment
0.1723744735734453,0.16250110287100725
0.2001836313003392,0.205252065753378
0.0492327599199353,0.051442391603227944
0.1684994775206873,0.2219295389728298
0.0285436772575964,0.028196422949602458
0.0677889190917095,0.06946810077151054
0.0151000451551628,0.014265070396917538
0.0183072062654951,0.021714785740613137
0.0333863766260561,0.031889991078931576
0.0211154118936726,0.020903373001665372
0.2254680213959001,0.1724371568603162
