target,moment
0.6552063296244464,0.6164593070213962
