target,moment
0.22229385118866596,0.21743179821332398
0.26540854425118116,0.26695673248823865
0.09091187273534361,0.10044729716086331
0.05012344811995622,0.07498448852235313
0.03612713460067847,0.04908643237408934
0.0402802778804035,0.04002888268994827
0.019883484121561504,0.017589393399312005
0.015190454856803903,0.019052104555630542
0.034751314712792754,0.02621363731429195
0.02133889131791143,0.019141259426940897
0.20369072621470147,0.16906797385500794
