target,moment
0.2165556656512729,0.18614523761433682
0.233729031160127,0.210273585083339
0.0672049461385212,0.062325210984811565
0.1094507590702438,0.17633843044116476
0.0339758263448995,0.03219045065745087
0.0562960172915832,0.0582027881152397
0.2827877543433519,0.2745242971036572
