target,moment
0.1723744735734453,0.16259384993311754
0.2001836313003392,0.20519073016368652
0.04923275991993533,0.051450587892603865
0.1684994775206873,0.22191303775362392
0.028543677257596444,0.028193117726805734
0.06778891909170957,0.06945651783998744
0.015100045155162806,0.014269376830254296
0.018307206265495115,0.02172243672265937
0.03338637662605613,0.031885119960052485
0.02111541189367264,0.020902149516318913
0.22546802139590016,0.17242307566089
