target,moment
0.0168692,0.016861613839373263
