target,moment
52.059453405938,51.9979146906102
