target,moment
1.0,1.0
1.1263139563950455,1.0485787667771982
1.341030611104335,1.4866390067104305
0.314270668928071,0.4798962913512556
0.3603196874360089,0.4437337298604936
0.276424886167712,0.27187348377393133
1.072136745588405,0.9090029751754614
0.7985801347091195,1.0487182303561036
0.4396404028576365,0.3006212348624691
0.5052791456303775,0.4949616507921341
0.5025550981080098,0.3945462560884144
