target,moment
0.21978506618742463,0.21381912262000127
0.2644703159172962,0.2707460590757013
0.0908242822601117,0.10371489848464523
0.042939203866598025,0.06711237856599499
0.03690322182723374,0.04618871688228055
0.038772364067689885,0.038654543564622806
0.02036663173407904,0.017353021533568533
0.013941553596912152,0.01841706504351174
0.042677524136678587,0.02948522710540503
0.020612479927178275,0.020335802700426904
0.20870735647879765,0.1741731644238416
