target,moment
0.0168692,0.01700207816701678
