target,moment
1.0,1.0
1.0024317210801914,0.9957017482924688
1.30684768566661,1.3305441130464937
0.564131603727752,0.6388995908431053
0.822131189783134,0.8036678893669484
0.297024491603671,0.30406453251616705
0.733746584540227,0.6355903835362651
