target,moment
0.0043593142535695,0.004242803377558395
