target,moment
0.4750989714792567,0.46115892920661944
