target,moment
0.0251697,0.042863196609664145
0.0170519152063842,0.017063685710655627
0.0318099,0.033994021403266635
0.0130792,0.0009481782579646179
0.0100246,0.0007838367729284222
0.0082411,0.00246420800963486
0.0142723639866622,0.004577771663036888
