target,moment
0.2231897516706326,0.23037073057347923
0.24774464697125806,0.2605448199623015
0.07513399661402677,0.07641126849066303
0.08119286579202363,0.10232382944036654
0.03437835685322622,0.03468407701468456
0.04875320295204554,0.049125760376515865
0.019668746210207942,0.019932524307806003
0.0189321130903941,0.02116238247923997
0.021760119445821794,0.021490386350983832
0.02373323599530444,0.02397185309958435
0.2055129644050589,0.15998236790437526
