target,moment
0.09277,0.0940817938156114
