target,moment
0.0028160058082241,0.002761968653163281
