,beta,alpha
0,0.6306109416250183,0.731375573354385
1,0.3693890583749816,0.26862442664561503
