target,moment
0.6332353738000159,0.6313547708266346
