target,moment
0.22669029529918805,0.2208216619057925
0.2590700628998738,0.26774614249123574
0.08974389801946317,0.09291832113831675
0.0627355399390516,0.08376095770507802
0.03897265534066195,0.04238179483907019
0.043666790134786394,0.04282020054801865
0.2791207583669752,0.24955092137248844
