target,moment
1.0,1.0
0.8725795027488233,0.87673051075523
0.854808293224731,0.8843545212510358
0.621549138483011,0.8007773431354762
0.597797984767889,0.5915833625968321
0.293805456329383,0.30408470699341084
0.97595829268538,0.9223689148259633
0.7580583490804771,0.9198859325591551
0.46400107650928674,0.37156522089369093
0.525456673586441,0.5272104630006709
0.569474829535268,0.4300729688048131
