target,moment
0.1723744735734453,0.16243340699456582
0.2001836313003392,0.204668729623712
0.0492327599199353,0.05141641384150529
0.1684994775206873,0.22140122008693006
0.0285436772575964,0.028407940701375346
0.0677889190917095,0.06949811045118168
0.0151000451551628,0.0142672484455174
0.0183072062654951,0.021277927188360284
0.0333863766260561,0.031931241930027124
0.0211154118936726,0.020887200989371666
0.2254680213959001,0.17381055974745352
