target,moment
0.017496806,0.017596768405611116
