target,moment
1.0,1.0
0.7271495856240194,0.8854322882002155
0.7123402443539425,0.889106557464083
0.5179576154025092,0.8116588902671977
0.4981649873065742,0.594505177611318
0.24483788027448583,0.27967894542502414
0.8132985772378167,0.9914039008447431
0.6317152909003976,0.893833926531867
0.3222229697981158,0.34510729370750415
0.4378805613220342,0.526299121114234
0.38071477584362,0.46914374472666875
0.477231444732829,0.3999126693532135
