target,moment
0.0251696991920471,0.04932519756858237
0.0169424664104217,0.01679879083187073
0.0313091993331909,0.025083051979523412
0.0130791997909546,0.0017712224276575366
0.0100246000289917,0.000887779825539419
0.0082410997152328,0.0030628563215767853
0.0197126996517181,0.009155279864756082
0.0252290010452271,0.01830228962197101
0.0106797003746033,0.0012008108256639513
0.0184949994087218,0.006833338961371683
0.0039844000339508,0.0004845074527530923
0.0127844897880634,0.006348232099392337
