target,moment
1.0,1.0
1.0930777059511088,1.0904383916917098
1.17541345258769,1.1756558982669838
0.346771653959122,0.35229578234061015
0.435719747133782,0.43745508784388937
0.241952910075955,0.24237130915575839
1.00152170325136,1.00011714549168
0.770342027427148,0.7764521741099518
0.450288180056851,0.4500959438604869
1.04371974139227,1.0462899274301518
0.653966544013067,0.6539363201662461
0.4017735881616045,0.39149558997680994
