target,moment
0.0245001006126403,0.024681843427832452
0.0166728529938655,0.01692054502471337
0.026430299282074,0.026278529888131532
0.0056323999166488,0.0004068364112404258
0.0104751002788543,0.0005236386473054989
0.0063905000686645,0.0001916656149098277
0.0161208999156951,0.01607586701539198
0.0221616005897522,0.021252808546425105
0.0096591997146606,0.0020399656645608373
0.0025066998600959,0.0004113009854750224
0.0175709563918923,0.005954260755912037
