target,moment
0.22229385118866596,0.21841625962512035
0.26540854425118116,0.2653636058414322
0.09091187273534361,0.10039073326774225
0.05012344811995622,0.07521927380678471
0.03612713460067847,0.049153891870392576
0.0402802778804035,0.0401622993912953
0.019883484121561504,0.017222730517979876
0.015190454856803903,0.019019257005850942
0.034751314712792754,0.02630226619725089
0.02133889131791143,0.019201914134138718
0.20369072621470147,0.16954776834201213
