target,moment
0.015492304,0.015517759428545186
