target,moment
0.1723744735734453,0.16248181648016932
0.2001836313003392,0.205242129924124
0.0492327599199353,0.051461001081274875
0.1684994775206873,0.2219301912391799
0.0285436772575964,0.0281969551576434
0.0677889190917095,0.0694708888978741
0.0151000451551628,0.014264575142727127
0.0183072062654951,0.02171094375552729
0.0333863766260561,0.03189070734705038
0.0211154118936726,0.020903429636012116
0.2254680213959001,0.17244736133841757
