target,moment
0.0168692,0.018198734918063408
