target,moment
1.0,1.0
1.08968319541132,1.0811073013019197
1.17541345258769,1.1655743125587563
0.346940370796428,0.3575095796336565
0.43593184990191,0.4307464022050649
0.242070633833219,0.2410580194193162
0.611167762289279,0.6112653833764254
