target,moment
0.0087725,-0.0016256115479409772
