target,moment
1.0,1.0
1.08968319541132,1.080268770611128
1.17541345258769,1.1981572095578834
0.346940370796428,0.3560479862701389
0.43593184990191,0.4293312301894215
0.242070633833219,0.2402901387734848
0.611167762289279,0.6085620063503161
