target,moment
0.2165556656512729,0.21063188383155151
0.233729031160127,0.2208610657333992
0.0672049461385212,0.06305761061870642
0.1094507590702438,0.14227007844335196
0.0339758263448995,0.03063246594889644
0.0562960172915832,0.05440142050078594
0.2827877543433519,0.27814547492330843
