target,moment
90.663631358,90.94462701938342
