target,moment
1.0,1.0
1.08968319541132,1.0742638600668897
1.17541345258769,1.1656965849867642
0.346940370796428,0.3648008488796973
0.43593184990191,0.43264472945358484
0.242070633833219,0.2425501204815431
0.611167762289279,0.6066327381725236
