target,moment
0.2165556656512729,0.19311868523918438
0.233729031160127,0.2093857842007506
0.0672049461385212,0.06271009879870315
0.1094507590702438,0.17458827769264823
0.0339758263448995,0.03182645512456195
0.0562960172915832,0.05759356828804183
0.2827877543433519,0.27077713065610987
