target,moment
0.003549953,0.0033781927147185867
