target,moment
1.0,1.0
0.8725795027488233,0.7764503216046839
0.854808293224731,0.9248486320023821
0.621549138483011,0.7979720329727289
0.597797984767889,0.5975567654091468
0.293805456329383,0.2969544993125357
0.97595829268538,0.985719119540689
0.7580583490804771,0.8936164269696765
0.386667563757739,0.4243849082999547
0.525456673586441,0.5234032779240703
0.569474829535268,0.4258896479244436
