target,moment
0.0047164777212821,0.003957547358114621
