target,moment
0.0251697,0.05003874932979668
0.0170519152063842,0.01732330018303753
0.0318099,0.03258569928690245
0.0130792,5.9242527447189196e-05
0.0100246,1.4007089091998303e-06
0.0082411,0.00039044740458505067
0.0142723639866622,0.010515033397522591
