target,moment
0.1803412264681666,0.18372110957878812
0.21180013049985022,0.20473051046663254
0.054230736016422934,0.0571689184137884
0.14835931994948848,0.17970919518511028
0.03354127927691279,0.0341180808940934
0.06267327194194668,0.06684479060988602
0.30905403584721225,0.27370739485170115
