target,moment
1.0,1.0
1.08968319541132,1.061785245339739
1.17541345258769,1.1586358164584578
0.346940370796428,0.3808998332738046
0.43593184990191,0.4301025987256527
0.242070633833219,0.2430481912590636
0.611167762289279,0.6031614180165791
