target,moment
0.003549953,0.0035049267500851878
