target,moment
0.0168692,0.018239175770389575
