target,moment
0.0251697,0.06661045380125348
0.0170519152063842,0.01744797898617736
0.0318099,0.03398172395089649
0.0130792,0.012641922755102277
0.0100246,0.009166394742730448
0.0082411,0.008255419355895362
0.0142723639866622,0.014666776463739437
