target,moment
1.0,1.0
1.08968319541132,1.0742725045106225
1.17541345258769,1.165639910629227
0.346940370796428,0.36481803931051826
0.43593184990191,0.4326504451301443
0.242070633833219,0.24253626951292503
0.611167762289279,0.6067355411223693
