target,moment
0.003549953,0.0035023733877241323
