target,moment
82.198645766003,82.0985628431842
