target,moment
0.0251696991920471,0.04935232290465747
0.0169424664104217,0.01993340112790534
0.0313091993331909,0.029049222564648203
0.0130791997909546,0.0020423153646477676
0.0100246000289917,0.0010198121162166346
0.0082410997152328,0.0035039361780406265
0.0197126996517181,0.014550165656814718
0.0252290010452271,0.02272392185931424
0.0106797003746033,0.0013745899404552825
0.0184949994087218,0.010299158741176847
0.0039844000339508,0.0005547155798497841
0.0127844897880634,0.007353070989850235
