target,moment
0.015629,0.015745571317468142
