target,moment
0.1723413565516609,0.1522143314713298
0.2001451715125225,0.1954714756912627
0.0492233011970225,0.049019055896519705
0.168467104972989,0.2072848001686077
0.0285381933738058,0.027345406144298357
0.0677758953123543,0.06793324420040571
0.0150971440961255,0.013846078417228777
0.0183036890385174,0.02074600659123505
0.0333799623505598,0.03135929703423958
0.0211113551470954,0.020378565614173446
0.0071838887952674,0.007221502791698074
0.2184329376520792,0.20718023597900098
