,nu,theta,zeta,fe,fo
Patent,0.0576010526835014,6.3728300502820465,0.0100481844346937,0.0857580177828791,0.0338490281609531
Pharmaceuticals,8.1366991373704,3.2118590283474338,0.0927091117359591,0.0108510913065313,0.0005130153459715
Chemicals,0.036804330598589,3.32637602968383,0.0422613941150117,0.0049505692285861,0.0089364007408995
