target,moment
0.21532792716443333,0.22059931153321874
0.23255847063400767,0.23652429955749854
0.06787937012329721,0.0687980553638387
0.10886182136842755,0.1610046157314535
0.03379301613502426,0.035937135087104465
0.0559930982359334,0.0571525326128344
0.2855862963388765,0.21998405011405164
