target,moment
0.188316744348129,0.1686607969245798
0.1208054369835447,0.11956268828550123
0.1661803577326286,0.1434705828937138
0.0499610115268362,0.06050806117326204
0.0790051321704316,0.08003088119557052
