target,moment
1.0,1.0
1.08968319541132,1.081148920222534
1.17541345258769,1.1661777712812664
0.346940370796428,0.35749224369061255
0.43593184990191,0.4306789230630295
0.242070633833219,0.24093565389501126
0.611167762289279,0.6112464213183508
